node_id,node_type,name,symbol,valid_from,valid_to,source_news_id,split,prediction_time_safe,attributes_json,dataset_version,graph_version,kg_layer,layered_release_version
company:01d797188a8604d0,Company,Công ty Cổ phần Bán lẻ Kỹ thuật số FPT,,,,,,True,"{""reference_symbol"": ""FRT""}",FINNEXUS_RESEARCH_DATASET_V17_1,FINNEXUS_TEMPORAL_KG_V1_0,CORE,FINNEXUS_LAYERED_KG_V3_0
company:033a72c89cd5623e,Company,Ngân hàng TMCP Quân Đội,,,,,,True,"{""reference_symbol"": ""MBB""}",FINNEXUS_RESEARCH_DATASET_V17_1,FINNEXUS_TEMPORAL_KG_V1_0,CORE,FINNEXUS_LAYERED_KG_V3_0
company:039db3cec800bdac,Company,Công ty Cổ phần Nam Việt,,,,,,True,"{""reference_symbol"": ""ANV""}",FINNEXUS_RESEARCH_DATASET_V17_1,FINNEXUS_TEMPORAL_KG_V1_0,CORE,FINNEXUS_LAYERED_KG_V3_0
company:04877da84144ccd2,Company,Tổng Công ty Cổ phần Dịch vụ Kỹ thuật Dầu khí Việt Nam,,,,,,True,"{""reference_symbol"": ""PVS""}",FINNEXUS_RESEARCH_DATASET_V17_1,FINNEXUS_TEMPORAL_KG_V1_0,CORE,FINNEXUS_LAYERED_KG_V3_0
company:0efde313f93b008a,Company,Công ty Cổ phần Tập đoàn GELEX,,,,,,True,"{""reference_symbol"": ""GEX""}",FINNEXUS_RESEARCH_DATASET_V17_1,FINNEXUS_TEMPORAL_KG_V1_0,CORE,FINNEXUS_LAYERED_KG_V3_0
company:1f3483b61a2d9d6d,Company,Tổng Công ty Hàng không Việt Nam,,,,,,True,"{""reference_symbol"": ""HVN""}",FINNEXUS_RESEARCH_DATASET_V17_1,FINNEXUS_TEMPORAL_KG_V1_0,CORE,FINNEXUS_LAYERED_KG_V3_0
company:2a7ee601a0158263,Company,Ngân hàng TMCP Á Châu,,,,,,True,"{""reference_symbol"": ""ACB""}",FINNEXUS_RESEARCH_DATASET_V17_1,FINNEXUS_TEMPORAL_KG_V1_0,CORE,FINNEXUS_LAYERED_KG_V3_0
company:2c4944dfa87a1b6e,Company,Công ty Cổ phần Phân bón Dầu khí Cà Mau,,,,,,True,"{""reference_symbol"": ""DCM""}",FINNEXUS_RESEARCH_DATASET_V17_1,FINNEXUS_TEMPORAL_KG_V1_0,CORE,FINNEXUS_LAYERED_KG_V3_0
company:300ad99272ef2f90,Company,Công ty Cổ phần Đầu tư Thế Giới Di Động,,,,,,True,"{""reference_symbol"": ""MWG""}",FINNEXUS_RESEARCH_DATASET_V17_1,FINNEXUS_TEMPORAL_KG_V1_0,CORE,FINNEXUS_LAYERED_KG_V3_0
company:321841bdf3010a9f,Company,Công ty Cổ phần Sữa Việt Nam,,,,,,True,"{""reference_symbol"": ""VNM""}",FINNEXUS_RESEARCH_DATASET_V17_1,FINNEXUS_TEMPORAL_KG_V1_0,CORE,FINNEXUS_LAYERED_KG_V3_0
company:37cc9a8eb8ff22fb,Company,Ngân hàng TMCP Kỹ Thương Việt Nam,,,,,,True,"{""reference_symbol"": ""TCB""}",FINNEXUS_RESEARCH_DATASET_V17_1,FINNEXUS_TEMPORAL_KG_V1_0,CORE,FINNEXUS_LAYERED_KG_V3_0
company:3b7e1a9db9a0df21,Company,Công ty Cổ phần Tập đoàn Đầu tư Địa ốc No Va,,,,,,True,"{""reference_symbol"": ""NVL""}",FINNEXUS_RESEARCH_DATASET_V17_1,FINNEXUS_TEMPORAL_KG_V1_0,CORE,FINNEXUS_LAYERED_KG_V3_0
company:3bc2c86106abb132,Company,Công ty Cổ phần Gemadept,,,,,,True,"{""reference_symbol"": ""GMD""}",FINNEXUS_RESEARCH_DATASET_V17_1,FINNEXUS_TEMPORAL_KG_V1_0,CORE,FINNEXUS_LAYERED_KG_V3_0
company:407cc27d65a96a8b,Company,Tổng Công ty Cổ phần Công trình Viettel,,,,,,True,"{""reference_symbol"": ""CTR""}",FINNEXUS_RESEARCH_DATASET_V17_1,FINNEXUS_TEMPORAL_KG_V1_0,CORE,FINNEXUS_LAYERED_KG_V3_0
company:4390e381525db395,Company,Công ty Cổ phần Thế Giới Số,,,,,,True,"{""reference_symbol"": ""DGW""}",FINNEXUS_RESEARCH_DATASET_V17_1,FINNEXUS_TEMPORAL_KG_V1_0,CORE,FINNEXUS_LAYERED_KG_V3_0
company:45724ef84a19e5da,Company,Ngân hàng TMCP Đầu tư và Phát triển Việt Nam,,,,,,True,"{""reference_symbol"": ""BID""}",FINNEXUS_RESEARCH_DATASET_V17_1,FINNEXUS_TEMPORAL_KG_V1_0,CORE,FINNEXUS_LAYERED_KG_V3_0
company:4635abf4e03bf9dd,Company,Công ty Cổ phần Vinhomes,,,,,,True,"{""reference_symbol"": ""VHM""}",FINNEXUS_RESEARCH_DATASET_V17_1,FINNEXUS_TEMPORAL_KG_V1_0,CORE,FINNEXUS_LAYERED_KG_V3_0
company:468d9b74ece8cc9f,Company,Ngân hàng TMCP Sài Gòn Thương Tín,,,,,,True,"{""reference_symbol"": ""STB""}",FINNEXUS_RESEARCH_DATASET_V17_1,FINNEXUS_TEMPORAL_KG_V1_0,CORE,FINNEXUS_LAYERED_KG_V3_0
company:4a780096e0582f41,Company,Công ty Cổ phần Tập đoàn Hoa Sen,,,,,,True,"{""reference_symbol"": ""HSG""}",FINNEXUS_RESEARCH_DATASET_V17_1,FINNEXUS_TEMPORAL_KG_V1_0,CORE,FINNEXUS_LAYERED_KG_V3_0
company:4da1ca26f3e3f1c2,Company,Công ty Cổ phần Chứng khoán Thành phố Hồ Chí Minh,,,,,,True,"{""reference_symbol"": ""HCM""}",FINNEXUS_RESEARCH_DATASET_V17_1,FINNEXUS_TEMPORAL_KG_V1_0,CORE,FINNEXUS_LAYERED_KG_V3_0
company:502700c3a5c85fe2,Company,Công ty Cổ phần Tập đoàn PC1,,,,,,True,"{""reference_symbol"": ""PC1""}",FINNEXUS_RESEARCH_DATASET_V17_1,FINNEXUS_TEMPORAL_KG_V1_0,CORE,FINNEXUS_LAYERED_KG_V3_0
company:52895d33f12d85a5,Company,Công ty Cổ phần Dược Hậu Giang,,,,,,True,"{""reference_symbol"": ""DHG""}",FINNEXUS_RESEARCH_DATASET_V17_1,FINNEXUS_TEMPORAL_KG_V1_0,CORE,FINNEXUS_LAYERED_KG_V3_0
company:52e0089d204eab35,Company,Ngân hàng TMCP Việt Nam Thịnh Vượng,,,,,,True,"{""reference_symbol"": ""VPB""}",FINNEXUS_RESEARCH_DATASET_V17_1,FINNEXUS_TEMPORAL_KG_V1_0,CORE,FINNEXUS_LAYERED_KG_V3_0
company:5b9de1fbaec194d7,Company,Công ty Cổ phần Thép Nam Kim,,,,,,True,"{""reference_symbol"": ""NKG""}",FINNEXUS_RESEARCH_DATASET_V17_1,FINNEXUS_TEMPORAL_KG_V1_0,CORE,FINNEXUS_LAYERED_KG_V3_0
company:6113b486cbc59254,Company,Công ty Cổ phần Chứng khoán Sài Gòn - Hà Nội,,,,,,True,"{""reference_symbol"": ""SHS""}",FINNEXUS_RESEARCH_DATASET_V17_1,FINNEXUS_TEMPORAL_KG_V1_0,CORE,FINNEXUS_LAYERED_KG_V3_0
company:633d609bf794c48b,Company,Công ty Cổ phần Vận tải và Xếp dỡ Hải An,,,,,,True,"{""reference_symbol"": ""HAH""}",FINNEXUS_RESEARCH_DATASET_V17_1,FINNEXUS_TEMPORAL_KG_V1_0,CORE,FINNEXUS_LAYERED_KG_V3_0
company:6604b888005fd7a3,Company,Công ty Cổ phần Tập đoàn Sao Mai,,,,,,True,"{""reference_symbol"": ""ASM""}",FINNEXUS_RESEARCH_DATASET_V17_1,FINNEXUS_TEMPORAL_KG_V1_0,CORE,FINNEXUS_LAYERED_KG_V3_0
company:6f63d05c8200eeda,Company,Công ty Cổ phần Vĩnh Hoàn,,,,,,True,"{""reference_symbol"": ""VHC""}",FINNEXUS_RESEARCH_DATASET_V17_1,FINNEXUS_TEMPORAL_KG_V1_0,CORE,FINNEXUS_LAYERED_KG_V3_0
company:70a97899761f1e66,Company,Công ty Cổ phần Tập đoàn Hòa Phát,,,,,,True,"{""reference_symbol"": ""HPG""}",FINNEXUS_RESEARCH_DATASET_V17_1,FINNEXUS_TEMPORAL_KG_V1_0,CORE,FINNEXUS_LAYERED_KG_V3_0
company:71169c45f45f0e13,Company,Tập đoàn Vingroup,,,,,,True,"{""reference_symbol"": ""VIC""}",FINNEXUS_RESEARCH_DATASET_V17_1,FINNEXUS_TEMPORAL_KG_V1_0,CORE,FINNEXUS_LAYERED_KG_V3_0
company:7442956f6fc3580f,Company,Công ty Cổ phần Vincom Retail,,,,,,True,"{""reference_symbol"": ""VRE""}",FINNEXUS_RESEARCH_DATASET_V17_1,FINNEXUS_TEMPORAL_KG_V1_0,CORE,FINNEXUS_LAYERED_KG_V3_0
company:7ac9c43114e3b86f,Company,Công ty Cổ phần Thép Pomina,,,,,,True,"{""reference_symbol"": ""POM""}",FINNEXUS_RESEARCH_DATASET_V17_1,FINNEXUS_TEMPORAL_KG_V1_0,CORE,FINNEXUS_LAYERED_KG_V3_0
company:7b2ecef2f888c16c,Company,Tổng Công ty Cổ phần Khoan và Dịch vụ Khoan Dầu khí,,,,,,True,"{""reference_symbol"": ""PVD""}",FINNEXUS_RESEARCH_DATASET_V17_1,FINNEXUS_TEMPORAL_KG_V1_0,CORE,FINNEXUS_LAYERED_KG_V3_0
company:84a64b938a46bd36,Company,Tập đoàn Xăng dầu Việt Nam,,,,,,True,"{""reference_symbol"": ""PLX""}",FINNEXUS_RESEARCH_DATASET_V17_1,FINNEXUS_TEMPORAL_KG_V1_0,CORE,FINNEXUS_LAYERED_KG_V3_0
company:9e47c3a394c62dff,Company,Công ty Cổ phần Chứng khoán Vietcap,,,,,,True,"{""reference_symbol"": ""VCI""}",FINNEXUS_RESEARCH_DATASET_V17_1,FINNEXUS_TEMPORAL_KG_V1_0,CORE,FINNEXUS_LAYERED_KG_V3_0
company:a06df17ee1c237ad,Company,Tổng Công ty Điện lực Dầu khí Việt Nam,,,,,,True,"{""reference_symbol"": ""POW""}",FINNEXUS_RESEARCH_DATASET_V17_1,FINNEXUS_TEMPORAL_KG_V1_0,CORE,FINNEXUS_LAYERED_KG_V3_0
company:a18a29d1990e598a,Company,Công ty Cổ phần FPT,,,,,,True,"{""reference_symbol"": ""FPT""}",FINNEXUS_RESEARCH_DATASET_V17_1,FINNEXUS_TEMPORAL_KG_V1_0,CORE,FINNEXUS_LAYERED_KG_V3_0
company:a205a00f05d5802f,Company,Công ty Cổ phần Container Việt Nam,,,,,,True,"{""reference_symbol"": ""VSC""}",FINNEXUS_RESEARCH_DATASET_V17_1,FINNEXUS_TEMPORAL_KG_V1_0,CORE,FINNEXUS_LAYERED_KG_V3_0
company:a83c88b43aa76d07,Company,Công ty Cổ phần Chứng khoán VIX,,,,,,True,"{""reference_symbol"": ""VIX""}",FINNEXUS_RESEARCH_DATASET_V17_1,FINNEXUS_TEMPORAL_KG_V1_0,CORE,FINNEXUS_LAYERED_KG_V3_0
company:b0c7e6a3d977ed2b,Company,Công ty Cổ phần Chứng khoán VNDIRECT,,,,,,True,"{""reference_symbol"": ""VND""}",FINNEXUS_RESEARCH_DATASET_V17_1,FINNEXUS_TEMPORAL_KG_V1_0,CORE,FINNEXUS_LAYERED_KG_V3_0
company:b42ad1f109bad014,Company,Công ty Cổ phần Hàng không Vietjet,,,,,,True,"{""reference_symbol"": ""VJC""}",FINNEXUS_RESEARCH_DATASET_V17_1,FINNEXUS_TEMPORAL_KG_V1_0,CORE,FINNEXUS_LAYERED_KG_V3_0
company:b562cb48e7a68dac,Company,Công ty Cổ phần Tập đoàn Công nghệ CMC,,,,,,True,"{""reference_symbol"": ""CMG""}",FINNEXUS_RESEARCH_DATASET_V17_1,FINNEXUS_TEMPORAL_KG_V1_0,CORE,FINNEXUS_LAYERED_KG_V3_0
company:b935b90b97ed4560,Company,Công ty Cổ phần Đầu tư và Kinh doanh Nhà Khang Điền,,,,,,True,"{""reference_symbol"": ""KDH""}",FINNEXUS_RESEARCH_DATASET_V17_1,FINNEXUS_TEMPORAL_KG_V1_0,CORE,FINNEXUS_LAYERED_KG_V3_0
company:cd33090b4c4de62f,Company,Công ty Cổ phần Phát triển Bất động sản Phát Đạt,,,,,,True,"{""reference_symbol"": ""PDR""}",FINNEXUS_RESEARCH_DATASET_V17_1,FINNEXUS_TEMPORAL_KG_V1_0,CORE,FINNEXUS_LAYERED_KG_V3_0
company:ce0fdc37d5b2feaa,Company,Tổng Công ty Khí Việt Nam,,,,,,True,"{""reference_symbol"": ""GAS""}",FINNEXUS_RESEARCH_DATASET_V17_1,FINNEXUS_TEMPORAL_KG_V1_0,CORE,FINNEXUS_LAYERED_KG_V3_0
company:da4105f0fc84e326,Company,Tổng Công ty Phân bón và Hóa chất Dầu khí,,,,,,True,"{""reference_symbol"": ""DPM""}",FINNEXUS_RESEARCH_DATASET_V17_1,FINNEXUS_TEMPORAL_KG_V1_0,CORE,FINNEXUS_LAYERED_KG_V3_0
company:e0a49e5e35aa0161,Company,Công ty Cổ phần Dược phẩm Imexpharm,,,,,,True,"{""reference_symbol"": ""IMP""}",FINNEXUS_RESEARCH_DATASET_V17_1,FINNEXUS_TEMPORAL_KG_V1_0,CORE,FINNEXUS_LAYERED_KG_V3_0
company:e2facd65252af511,Company,Công ty Cổ phần Cơ Điện Lạnh,,,,,,True,"{""reference_symbol"": ""REE""}",FINNEXUS_RESEARCH_DATASET_V17_1,FINNEXUS_TEMPORAL_KG_V1_0,CORE,FINNEXUS_LAYERED_KG_V3_0
company:e320a586d8ae58c0,Company,Ngân hàng TMCP Công Thương Việt Nam,,,,,,True,"{""reference_symbol"": ""CTG""}",FINNEXUS_RESEARCH_DATASET_V17_1,FINNEXUS_TEMPORAL_KG_V1_0,CORE,FINNEXUS_LAYERED_KG_V3_0
company:e55c974e470b483b,Company,Công ty Cổ phần Vàng bạc Đá quý Phú Nhuận,,,,,,True,"{""reference_symbol"": ""PNJ""}",FINNEXUS_RESEARCH_DATASET_V17_1,FINNEXUS_TEMPORAL_KG_V1_0,CORE,FINNEXUS_LAYERED_KG_V3_0
company:e62c7e71f225d760,Company,Công ty Cổ phần Chứng khoán SSI,,,,,,True,"{""reference_symbol"": ""SSI""}",FINNEXUS_RESEARCH_DATASET_V17_1,FINNEXUS_TEMPORAL_KG_V1_0,CORE,FINNEXUS_LAYERED_KG_V3_0
company:e90d707fc93502d9,Company,Công ty Cổ phần Tập đoàn Hóa chất Đức Giang,,,,,,True,"{""reference_symbol"": ""DGC""}",FINNEXUS_RESEARCH_DATASET_V17_1,FINNEXUS_TEMPORAL_KG_V1_0,CORE,FINNEXUS_LAYERED_KG_V3_0
company:e997ce1d03c73492,Company,Công ty Cổ phần Tập đoàn Masan,,,,,,True,"{""reference_symbol"": ""MSN""}",FINNEXUS_RESEARCH_DATASET_V17_1,FINNEXUS_TEMPORAL_KG_V1_0,CORE,FINNEXUS_LAYERED_KG_V3_0
company:fae7cc807b5b077a,Company,Ngân hàng TMCP Ngoại thương Việt Nam,,,,,,True,"{""reference_symbol"": ""VCB""}",FINNEXUS_RESEARCH_DATASET_V17_1,FINNEXUS_TEMPORAL_KG_V1_0,CORE,FINNEXUS_LAYERED_KG_V3_0
exchange:HNX,Exchange,HNX,,,,,,True,{},FINNEXUS_RESEARCH_DATASET_V17_1,FINNEXUS_TEMPORAL_KG_V1_0,CORE,FINNEXUS_LAYERED_KG_V3_0
exchange:HOSE,Exchange,HOSE,,,,,,True,{},FINNEXUS_RESEARCH_DATASET_V17_1,FINNEXUS_TEMPORAL_KG_V1_0,CORE,FINNEXUS_LAYERED_KG_V3_0
index:HNXINDEX,MarketIndex,HNXINDEX,HNXINDEX,,,,,True,{},FINNEXUS_RESEARCH_DATASET_V17_1,FINNEXUS_TEMPORAL_KG_V1_0,CORE,FINNEXUS_LAYERED_KG_V3_0
index:VNINDEX,MarketIndex,VNINDEX,VNINDEX,,,,,True,{},FINNEXUS_RESEARCH_DATASET_V17_1,FINNEXUS_TEMPORAL_KG_V1_0,CORE,FINNEXUS_LAYERED_KG_V3_0
industry:11a88d17b01a57ef,Industry,Bất động sản,,,,,,True,{},FINNEXUS_RESEARCH_DATASET_V17_1,FINNEXUS_TEMPORAL_KG_V1_0,CORE,FINNEXUS_LAYERED_KG_V3_0
industry:167fdde35bfa247b,Industry,Chứng khoán,,,,,,True,{},FINNEXUS_RESEARCH_DATASET_V17_1,FINNEXUS_TEMPORAL_KG_V1_0,CORE,FINNEXUS_LAYERED_KG_V3_0
industry:17b68cac5bbf1e12,Industry,Thủy sản,,,,,,True,{},FINNEXUS_RESEARCH_DATASET_V17_1,FINNEXUS_TEMPORAL_KG_V1_0,CORE,FINNEXUS_LAYERED_KG_V3_0
industry:1c1aa61cec218a74,Industry,Tiêu dùng,,,,,,True,{},FINNEXUS_RESEARCH_DATASET_V17_1,FINNEXUS_TEMPORAL_KG_V1_0,CORE,FINNEXUS_LAYERED_KG_V3_0
industry:1d38b55a0d4d378f,Industry,Thực phẩm,,,,,,True,{},FINNEXUS_RESEARCH_DATASET_V17_1,FINNEXUS_TEMPORAL_KG_V1_0,CORE,FINNEXUS_LAYERED_KG_V3_0
industry:222238c99f130a02,Industry,Bán lẻ,,,,,,True,{},FINNEXUS_RESEARCH_DATASET_V17_1,FINNEXUS_TEMPORAL_KG_V1_0,CORE,FINNEXUS_LAYERED_KG_V3_0
industry:2d2ccb23be0959cd,Industry,Thép,,,,,,True,{},FINNEXUS_RESEARCH_DATASET_V17_1,FINNEXUS_TEMPORAL_KG_V1_0,CORE,FINNEXUS_LAYERED_KG_V3_0
industry:36c46778f7afc51c,Industry,Công nghiệp,,,,,,True,{},FINNEXUS_RESEARCH_DATASET_V17_1,FINNEXUS_TEMPORAL_KG_V1_0,CORE,FINNEXUS_LAYERED_KG_V3_0
industry:4a20497fac845786,Industry,Hóa chất,,,,,,True,{},FINNEXUS_RESEARCH_DATASET_V17_1,FINNEXUS_TEMPORAL_KG_V1_0,CORE,FINNEXUS_LAYERED_KG_V3_0
industry:6bbc912f18427c69,Industry,Ngân hàng,,,,,,True,{},FINNEXUS_RESEARCH_DATASET_V17_1,FINNEXUS_TEMPORAL_KG_V1_0,CORE,FINNEXUS_LAYERED_KG_V3_0
industry:93a6c72fa290cce8,Industry,Viễn thông,,,,,,True,{},FINNEXUS_RESEARCH_DATASET_V17_1,FINNEXUS_TEMPORAL_KG_V1_0,CORE,FINNEXUS_LAYERED_KG_V3_0
industry:950ae489453873b9,Industry,Công nghệ,,,,,,True,{},FINNEXUS_RESEARCH_DATASET_V17_1,FINNEXUS_TEMPORAL_KG_V1_0,CORE,FINNEXUS_LAYERED_KG_V3_0
industry:9d37f820d54eacd4,Industry,Dược phẩm,,,,,,True,{},FINNEXUS_RESEARCH_DATASET_V17_1,FINNEXUS_TEMPORAL_KG_V1_0,CORE,FINNEXUS_LAYERED_KG_V3_0
industry:ae6e98909c98e7c9,Industry,Logistics,,,,,,True,{},FINNEXUS_RESEARCH_DATASET_V17_1,FINNEXUS_TEMPORAL_KG_V1_0,CORE,FINNEXUS_LAYERED_KG_V3_0
industry:be3df86f6c23c065,Industry,Hàng không,,,,,,True,{},FINNEXUS_RESEARCH_DATASET_V17_1,FINNEXUS_TEMPORAL_KG_V1_0,CORE,FINNEXUS_LAYERED_KG_V3_0
industry:c2d1e127a3f8c690,Industry,Dầu khí,,,,,,True,{},FINNEXUS_RESEARCH_DATASET_V17_1,FINNEXUS_TEMPORAL_KG_V1_0,CORE,FINNEXUS_LAYERED_KG_V3_0
industry:f2e847d56ee8ca8c,Industry,Điện,,,,,,True,{},FINNEXUS_RESEARCH_DATASET_V17_1,FINNEXUS_TEMPORAL_KG_V1_0,CORE,FINNEXUS_LAYERED_KG_V3_0
news:0005a62b9c8a6c7c6c49e27d7aeb3c44,News,Hơn 5 triệu cổ phiếu VPB sắp được tự do chuyển nhượng,,2021-09-16,,0005a62b9c8a6c7c6c49e27d7aeb3c44,train,True,"{""category"": ""co_tuc_phat_hanh"", ""content_length"": ""1002"", ""publication_time_resolution"": ""DATE_ONLY"", ""url"": ""https://vietnambiz.vn/hon-5-trieu-co-phieu-vpb-sap-duoc-tu-do-chuyen-nhuong-20210916142650575.htm""}",FINNEXUS_RESEARCH_DATASET_V17_1,FINNEXUS_TEMPORAL_KG_V1_0,CORE,FINNEXUS_LAYERED_KG_V3_0
news:005894f0e0eb33024a057f3488ad09a4,News,"Cổ phiếu ngân hàng tuần qua: Đồng loạt tăng giá với thanh khoản bùng nổ, BIDV lên kế hoạch phát hành hơn 1 tỷ cổ phiếu trả cổ tức",,2021-11-27,,005894f0e0eb33024a057f3488ad09a4,train,True,"{""category"": ""co_tuc_phat_hanh"", ""content_length"": ""4389"", ""publication_time_resolution"": ""DATE_ONLY"", ""url"": ""https://vietnambiz.vn/co-phieu-ngan-hang-tuan-qua-dong-loat-tang-gia-voi-thanh-khoan-bung-no-bidv-len-ke-hoach-phat-hanh-hon-1-ty-co-phieu-tra-co-tuc-2021112713150882.htm""}",FINNEXUS_RESEARCH_DATASET_V17_1,FINNEXUS_TEMPORAL_KG_V1_0,CORE,FINNEXUS_LAYERED_KG_V3_0
news:0087a4ecab16dfb6e007e8b08ae3b290,News,"VNM, PPC, DGC, FCN, TVB, NLG, HBC, KBC, IBC, AGG, HDC, NHA, SPI: Thông tin giao dịch lượng lớn cổ phiếu",,2021-01-29,,0087a4ecab16dfb6e007e8b08ae3b290,train,True,"{""category"": ""ngan_hang"", ""content_length"": ""2923"", ""publication_time_resolution"": ""DATE_ONLY"", ""url"": ""https://cafef.vn/vnm-ppc-dgc-fcn-tvb-nlg-hbc-kbc-ibc-agg-hdc-nha-spi-thong-tin-giao-dich-luong-lon-co-phieu-20210128180916531.chn""}",FINNEXUS_RESEARCH_DATASET_V17_1,FINNEXUS_TEMPORAL_KG_V1_0,CORE,FINNEXUS_LAYERED_KG_V3_0
news:008efba7552c56f52c779fb4b29580c0,News,"Dòng tiền thông minh 2/6: NĐT cá nhân và tự doanh giảm mua ròng phiên HOSE đóng cửa sớm, tâm điểm hút vốn tiếp tục là HPG",,2021-06-02,,008efba7552c56f52c779fb4b29580c0,train,True,"{""category"": ""ngan_hang"", ""content_length"": ""3595"", ""publication_time_resolution"": ""DATE_ONLY"", ""url"": ""https://vietnambiz.vn/dong-tien-thong-minh-2-6-ndt-ca-nhan-va-tu-doanh-giam-mua-rong-phien-hose-dong-cua-som-tam-diem-hut-von-tiep-tuc-la-hpg-20210602082440387.htm""}",FINNEXUS_RESEARCH_DATASET_V17_1,FINNEXUS_TEMPORAL_KG_V1_0,CORE,FINNEXUS_LAYERED_KG_V3_0
news:00990bfb0df936114b9deff45bfa55cd,News,"Lợi nhuận cao kỷ lục, Đạm Phú Mỹ (DPM) muốn nâng tỷ lệ cổ tức lên 70%",,2022-12-07,,00990bfb0df936114b9deff45bfa55cd,test,True,"{""category"": ""co_tuc_phat_hanh"", ""content_length"": ""1975"", ""publication_time_resolution"": ""DATE_ONLY"", ""url"": ""https://cafef.vn/loi-nhuan-cao-ky-luc-dam-phu-my-dpm-muon-nang-ty-le-co-tuc-len-70-20221207142745472.chn""}",FINNEXUS_RESEARCH_DATASET_V17_1,FINNEXUS_TEMPORAL_KG_V1_0,CORE,FINNEXUS_LAYERED_KG_V3_0
news:00c3be1e41b193368a40ef61e7476ee6,News,"Giao dịch lớn cổ phiếu HTP, XHC, VNM, HD2, VIC, PHR, FIR, SSB, VID, LSS",,2022-10-10,,00c3be1e41b193368a40ef61e7476ee6,test,True,"{""category"": ""ngan_hang"", ""content_length"": ""2063"", ""publication_time_resolution"": ""DATE_ONLY"", ""url"": ""https://vietnambiz.vn/giao-dich-lon-co-phieu-htp-xhc-vnm-hd2-vic-phr-fir-ssb-vid-lss-2022101192831550.htm""}",FINNEXUS_RESEARCH_DATASET_V17_1,FINNEXUS_TEMPORAL_KG_V1_0,CORE,FINNEXUS_LAYERED_KG_V3_0
news:00e4c396d8c0d773f5f22c8f8faa103e,News,"Thế giới Di động (MWG) vay 120 triệu USD tại HSBC, dự rót thêm vốn cho chuỗi điện thoại và Bách Hoá Xanh",,2020-11-18,,00e4c396d8c0d773f5f22c8f8faa103e,train,True,"{""category"": ""ket_qua_kinh_doanh"", ""content_length"": ""2089"", ""publication_time_resolution"": ""DATE_ONLY"", ""url"": ""https://cafef.vn/the-gioi-di-dong-mwg-vay-120-trieu-usd-tai-hsbc-du-rot-them-von-cho-chuoi-dien-thoai-va-bach-hoa-xanh-20201117230540518.chn""}",FINNEXUS_RESEARCH_DATASET_V17_1,FINNEXUS_TEMPORAL_KG_V1_0,CORE,FINNEXUS_LAYERED_KG_V3_0
news:010813b546849d3170e3ba38cfad8eae,News,"Doanh nghiệp tuần qua: PV Gas, Vinamilk, Đạm Cà Mau chốt quyền chia cổ tức tiền mặt",,2022-06-19,,010813b546849d3170e3ba38cfad8eae,test,True,"{""category"": ""co_tuc_phat_hanh"", ""content_length"": ""7576"", ""publication_time_resolution"": ""DATE_ONLY"", ""url"": ""https://cafef.vn/doanh-nghiep-tuan-qua-pv-gas-vinamilk-dam-ca-mau-chot-quyen-chia-co-tuc-tien-mat-20220619093441781.chn""}",FINNEXUS_RESEARCH_DATASET_V17_1,FINNEXUS_TEMPORAL_KG_V1_0,CORE,FINNEXUS_LAYERED_KG_V3_0
news:0116960911fecf74fe06cb7f109efbd1,News,"Dư nợ cho vay tại các CTCK lập kỷ lục hơn 90.000 tỷ đồng vào cuối năm 2020, SSI “phả hơi nóng” vào Mirae Asset",,2021-01-21,,0116960911fecf74fe06cb7f109efbd1,train,True,"{""category"": ""co_tuc_phat_hanh"", ""content_length"": ""3828"", ""publication_time_resolution"": ""DATE_ONLY"", ""url"": ""https://cafef.vn/du-no-cho-vay-tai-cac-ctck-lap-ky-luc-hon-90000-ty-dong-vao-cuoi-nam-2020-ssi-pha-hoi-nong-vao-mirae-asset-20210121140339903.chn""}",FINNEXUS_RESEARCH_DATASET_V17_1,FINNEXUS_TEMPORAL_KG_V1_0,CORE,FINNEXUS_LAYERED_KG_V3_0
news:0129e3715d2275ad59296f8d16e1003d,News,"Chứng khoán Bản Việt chốt quyền tạm ứng cổ tức đợt 1/2020, cổ phiếu VCI tăng gấp rưỡi từ đầu năm",,2020-12-10,,0129e3715d2275ad59296f8d16e1003d,train,True,"{""category"": ""co_tuc_phat_hanh"", ""content_length"": ""1535"", ""publication_time_resolution"": ""DATE_ONLY"", ""url"": ""https://cafef.vn/chung-khoan-ban-viet-chot-quyen-tam-ung-co-tuc-dot-1-2020-co-phieu-vci-tang-gap-ruoi-tu-dau-nam-20201210090438295.chn""}",FINNEXUS_RESEARCH_DATASET_V17_1,FINNEXUS_TEMPORAL_KG_V1_0,CORE,FINNEXUS_LAYERED_KG_V3_0
news:0150b6da3d4ad2dff3655a3a45830acf,News,"Phiên 1/3: Khối ngoại tiếp tục bán ròng gần 230 tỷ đồng, tập trung bán HPG, CTG",,2021-03-01,,0150b6da3d4ad2dff3655a3a45830acf,train,True,"{""category"": ""chung_khoan"", ""content_length"": ""948"", ""publication_time_resolution"": ""DATE_ONLY"", ""url"": ""https://cafef.vn/phien-1-3-khoi-ngoai-tiep-tuc-ban-rong-gan-230-ty-dong-tap-trung-ban-hpg-ctg-20210301152825355.chn""}",FINNEXUS_RESEARCH_DATASET_V17_1,FINNEXUS_TEMPORAL_KG_V1_0,CORE,FINNEXUS_LAYERED_KG_V3_0
news:0153096164cdebaaa7fb8e8eedb3e1de,News,"SSI Resarch: Nhóm thủy điện phía Nam ""sáng cửa"" trong nửa cuối năm 2021, cổ phiếu kỳ vọng sinh lời hai chữ số",,2021-10-15,,0153096164cdebaaa7fb8e8eedb3e1de,train,True,"{""category"": ""ket_qua_kinh_doanh"", ""content_length"": ""4688"", ""publication_time_resolution"": ""DATE_ONLY"", ""url"": ""https://cafef.vn/ssi-resarch-nhom-thuy-dien-phia-nam-sang-cua-trong-nua-cuoi-nam-2021-co-phieu-ky-vong-sinh-loi-hai-chu-so-20211015103104647.chn""}",FINNEXUS_RESEARCH_DATASET_V17_1,FINNEXUS_TEMPORAL_KG_V1_0,CORE,FINNEXUS_LAYERED_KG_V3_0
news:0159c91b8d937cbd6878006d22f342f2,News,Lãnh đạo Nam Việt đăng ký bán 5 triệu cp ANV khi giá vượt đỉnh,,2021-06-12,,0159c91b8d937cbd6878006d22f342f2,train,True,"{""category"": ""chung_khoan"", ""content_length"": ""1260"", ""publication_time_resolution"": ""DATE_ONLY"", ""url"": ""https://vietnambiz.vn/lanh-dao-nam-viet-dang-ky-ban-5-trieu-cp-anv-khi-gia-vuot-dinh-20210611112545992.htm""}",FINNEXUS_RESEARCH_DATASET_V17_1,FINNEXUS_TEMPORAL_KG_V1_0,CORE,FINNEXUS_LAYERED_KG_V3_0
news:0192b2af70a1ff4647099b23b57f55c1,News,"Vietnam Airlines ĐHCĐ bất thường, trình cổ đông kế hoạch phát hành cổ phiếu tăng vốn điều lệ",,2020-12-25,,0192b2af70a1ff4647099b23b57f55c1,train,True,"{""category"": ""co_tuc_phat_hanh"", ""content_length"": ""4273"", ""publication_time_resolution"": ""DATE_ONLY"", ""url"": ""https://cafef.vn/vietnam-airlines-dhcd-bat-thuong-trinh-co-dong-ke-hoach-phat-hanh-co-phieu-tang-von-dieu-le-20201224164851607.chn""}",FINNEXUS_RESEARCH_DATASET_V17_1,FINNEXUS_TEMPORAL_KG_V1_0,CORE,FINNEXUS_LAYERED_KG_V3_0
news:01ddc382eb4f0f2b708112ea864744e0,News,Chứng khoán Yuanta dự báo BID sẽ thay thế DHG trong rổ VN30,,2019-06-14,,01ddc382eb4f0f2b708112ea864744e0,train,True,"{""category"": ""chung_khoan"", ""content_length"": ""1035"", ""publication_time_resolution"": ""DATE_ONLY"", ""url"": ""https://cafef.vn/chung-khoan-yuanta-du-bao-bid-se-thay-the-dhg-trong-ro-vn30-20190614172400812.chn""}",FINNEXUS_RESEARCH_DATASET_V17_1,FINNEXUS_TEMPORAL_KG_V1_0,CORE,FINNEXUS_LAYERED_KG_V3_0
news:0220782b00f4368d36c5c23d27906151,News,"Tuần 7 – 11/11: Khối tự doanh giảm quy mô mua ròng cổ phiếu, tâm điểm giao dịch KDH, EIB và KBC",,2022-11-12,,0220782b00f4368d36c5c23d27906151,test,True,"{""category"": ""ngan_hang"", ""content_length"": ""4005"", ""publication_time_resolution"": ""DATE_ONLY"", ""url"": ""https://vietnambiz.vn/tuan-7-1111-khoi-tu-doanh-giam-quy-mo-mua-rong-co-phieu-tam-diem-giao-dich-kdh-eib-va-kbc-2022111275926243.htm""}",FINNEXUS_RESEARCH_DATASET_V17_1,FINNEXUS_TEMPORAL_KG_V1_0,CORE,FINNEXUS_LAYERED_KG_V3_0
news:02893f2933a43487ae5c10905f8e4b6b,News,"DCVFMVN Diamond ETF gia tăng tỷ trọng TCB, ước tính mua vào gần 6,1 triệu cổ phiếu trong kỳ review quý 2",,2022-04-20,,02893f2933a43487ae5c10905f8e4b6b,validation,True,"{""category"": ""ngan_hang"", ""content_length"": ""2096"", ""publication_time_resolution"": ""DATE_ONLY"", ""url"": ""https://cafef.vn/vfmvn-diamond-etf-co-the-mua-vao-hon-6-trieu-tcb-trong-ky-co-cau-quy-2-2022-20220420133909219.chn""}",FINNEXUS_RESEARCH_DATASET_V17_1,FINNEXUS_TEMPORAL_KG_V1_0,CORE,FINNEXUS_LAYERED_KG_V3_0
news:02d0265f1e6b1b4d0e907b8de0126574,News,"Chủ tịch VNDirect: ""Không có nỗi đau thì không có bài học, không có bài học thì không thể đón nhận cơ hội lớn hơn trên thị trường""",,2022-11-16,,02d0265f1e6b1b4d0e907b8de0126574,test,True,"{""category"": ""ket_qua_kinh_doanh"", ""content_length"": ""5017"", ""publication_time_resolution"": ""DATE_ONLY"", ""url"": ""https://cafef.vn/chu-tich-vndirect-khong-co-noi-dau-thi-khong-co-bai-hoc-khong-co-bai-hoc-thi-khong-the-don-nhan-co-hoi-lon-hon-tren-thi-truong-20221116073326426.chn""}",FINNEXUS_RESEARCH_DATASET_V17_1,FINNEXUS_TEMPORAL_KG_V1_0,CORE,FINNEXUS_LAYERED_KG_V3_0
news:030f953c2f6b2814c6e7dd92ccd47a3a,News,Masan Resources (MSR) chốt danh sách cổ đông phát hành gần 90 triệu cổ phiếu trả cổ tức,,2019-11-07,,030f953c2f6b2814c6e7dd92ccd47a3a,train,True,"{""category"": ""co_tuc_phat_hanh"", ""content_length"": ""1290"", ""publication_time_resolution"": ""DATE_ONLY"", ""url"": ""https://cafef.vn/masan-resources-msr-chot-danh-sach-co-dong-phat-hanh-gan-90-trieu-co-phieu-tra-co-tuc-20191107092042407.chn""}",FINNEXUS_RESEARCH_DATASET_V17_1,FINNEXUS_TEMPORAL_KG_V1_0,CORE,FINNEXUS_LAYERED_KG_V3_0
news:033aac2f9b9224791119d19b94182132,News,"SSI tiếp tục phát hành 5 chứng quyền có bảo đảm cho 3 mã HPG, FPT, MWG",,2019-06-28,,033aac2f9b9224791119d19b94182132,train,True,"{""category"": ""co_tuc_phat_hanh"", ""content_length"": ""2807"", ""publication_time_resolution"": ""DATE_ONLY"", ""url"": ""https://cafef.vn/ssi-tiep-tuc-phat-hanh-5-chung-quyen-co-bao-dam-cho-3-ma-hpg-fpt-mwg-20190627220305031.chn""}",FINNEXUS_RESEARCH_DATASET_V17_1,FINNEXUS_TEMPORAL_KG_V1_0,CORE,FINNEXUS_LAYERED_KG_V3_0
news:03aff677c4d4916fe1eb64e1153a3196,News,"Thị giá 41.000 đồng/cp, Chứng khoán SHS chốt danh sách cổ đông chào bán 325 triệu cổ phiếu giá 12.000 đồng",,2022-03-30,,03aff677c4d4916fe1eb64e1153a3196,validation,True,"{""category"": ""co_tuc_phat_hanh"", ""content_length"": ""1137"", ""publication_time_resolution"": ""DATE_ONLY"", ""url"": ""https://cafef.vn/thi-gia-41000-dong-cp-chung-khoan-shs-chot-danh-sach-co-dong-chao-ban-325-trieu-co-phieu-gia-12000-dong-20220330184225961.chn""}",FINNEXUS_RESEARCH_DATASET_V17_1,FINNEXUS_TEMPORAL_KG_V1_0,CORE,FINNEXUS_LAYERED_KG_V3_0
news:03e1df49c90647ee411e3f19bf46ae40,News,Pyn Elite Fund tăng mạnh tỷ trọng VHM và VFMVN Diamond ETF trong tháng cuối năm 2020,,2021-01-08,,03e1df49c90647ee411e3f19bf46ae40,train,True,"{""category"": ""ngan_hang"", ""content_length"": ""2295"", ""publication_time_resolution"": ""DATE_ONLY"", ""url"": ""https://cafef.vn/pyn-elite-fund-tang-manh-ty-trong-vhm-va-vfmvn-diamond-etf-trong-thang-cuoi-nam-2020-20210107222940366.chn""}",FINNEXUS_RESEARCH_DATASET_V17_1,FINNEXUS_TEMPORAL_KG_V1_0,CORE,FINNEXUS_LAYERED_KG_V3_0
news:041953ef30a51bd3ea9941ec6e742e79,News,"Sau nhiều nỗ lực, Cơ điện lạnh Nam Thịnh đã bán hết 16,3 triệu cổ phần tại Tổng công ty xây dựng số 1",,2021-06-22,,041953ef30a51bd3ea9941ec6e742e79,train,True,"{""category"": ""chung_khoan"", ""content_length"": ""1511"", ""publication_time_resolution"": ""DATE_ONLY"", ""url"": ""https://cafef.vn/sau-nhieu-no-luc-co-dien-lanh-nam-thinh-da-ban-het-163-trieu-co-phan-tai-tong-cong-ty-xay-dung-so-1-20210622173231742.chn""}",FINNEXUS_RESEARCH_DATASET_V17_1,FINNEXUS_TEMPORAL_KG_V1_0,CORE,FINNEXUS_LAYERED_KG_V3_0
news:0460fde538f4d2c28a4eb6ea515b65ea,News,"Cổ phiếu tâm điểm 7/9: DIG, HAH, HAX",,2021-09-06,,0460fde538f4d2c28a4eb6ea515b65ea,train,True,"{""category"": ""ngan_hang"", ""content_length"": ""2077"", ""publication_time_resolution"": ""DATE_ONLY"", ""url"": ""https://vietnambiz.vn/co-phieu-tam-diem-7-9-dig-hah-hax-20210906184646863.htm""}",FINNEXUS_RESEARCH_DATASET_V17_1,FINNEXUS_TEMPORAL_KG_V1_0,CORE,FINNEXUS_LAYERED_KG_V3_0
news:052cc9b2051b1fd0b584f2a704dc8676,News,"Chứng khoán SHS thông qua kế hoạch tăng vốn lên hơn 6.500 tỷ đồng, dự kiến trả cổ tức 50% năm 2021",,2022-01-28,,052cc9b2051b1fd0b584f2a704dc8676,validation,True,"{""category"": ""co_tuc_phat_hanh"", ""content_length"": ""4875"", ""publication_time_resolution"": ""DATE_ONLY"", ""url"": ""https://vietnambiz.vn/chung-khoan-shs-thong-qua-ke-hoach-tang-von-len-hon-6500-ty-dong-du-kien-tra-co-tuc-50-nam-2021-20220128133829729.htm""}",FINNEXUS_RESEARCH_DATASET_V17_1,FINNEXUS_TEMPORAL_KG_V1_0,CORE,FINNEXUS_LAYERED_KG_V3_0
news:052e672d0fc8407df0b48553a7af8a97,News,"Nhóm chứng khoán thăng hoa với ""game"" tăng vốn, SSI và VND sẽ có quy mô vốn như các ngân hàng tầm trung tại Việt Nam",,2021-11-18,,052e672d0fc8407df0b48553a7af8a97,train,True,"{""category"": ""co_tuc_phat_hanh"", ""content_length"": ""5408"", ""publication_time_resolution"": ""DATE_ONLY"", ""url"": ""https://cafef.vn/nhom-chung-khoan-thang-hoa-voi-game-tang-von-ssi-va-vnd-se-co-quy-mo-von-nhu-cac-ngan-hang-tam-trung-tai-viet-nam-20211118162721812.chn""}",FINNEXUS_RESEARCH_DATASET_V17_1,FINNEXUS_TEMPORAL_KG_V1_0,CORE,FINNEXUS_LAYERED_KG_V3_0
news:0559c23e5b25203dc23e826c912b2e97,News,"Sau kiểm toán, lợi nhuận ròng Xây lắp điện 1 (PC1) tăng 94%, đạt 406 tỷ đồng",,2021-08-31,,0559c23e5b25203dc23e826c912b2e97,train,True,"{""category"": ""ket_qua_kinh_doanh"", ""content_length"": ""1129"", ""publication_time_resolution"": ""DATE_ONLY"", ""url"": ""https://cafef.vn/sau-kiem-toan-loi-nhuan-rong-xay-lap-dien-1-pc1-tang-94-dat-406-ty-dong-20210831163514079.chn""}",FINNEXUS_RESEARCH_DATASET_V17_1,FINNEXUS_TEMPORAL_KG_V1_0,CORE,FINNEXUS_LAYERED_KG_V3_0
news:0560af641b7a8cb6a279a52b63ea0454,News,"Thoái vốn từ PVM giúp PV Power bổ sung nguồn vốn xây dựng NT3, NT4",,2021-04-02,,0560af641b7a8cb6a279a52b63ea0454,train,True,"{""category"": ""co_tuc_phat_hanh"", ""content_length"": ""3591"", ""publication_time_resolution"": ""DATE_ONLY"", ""url"": ""https://cafef.vn/thoai-von-tu-pvm-giup-pv-power-bo-sung-nguon-von-xay-dung-nt3-nt4-20210402153325791.chn""}",FINNEXUS_RESEARCH_DATASET_V17_1,FINNEXUS_TEMPORAL_KG_V1_0,CORE,FINNEXUS_LAYERED_KG_V3_0
news:056285a877a80426691dca72453e1b01,News,"Chứng khoán VIX: Tổng giám đốc Gelex (GEX) và người liên quan muốn nâng sở hữu lên 25,12% vốn mà không phải chào mua công khai",,2022-06-09,,056285a877a80426691dca72453e1b01,test,True,"{""category"": ""co_tuc_phat_hanh"", ""content_length"": ""1822"", ""publication_time_resolution"": ""DATE_ONLY"", ""url"": ""https://www.tinnhanhchungkhoan.vn/chung-khoan-vix-tong-giam-doc-gelex-gex-va-nguoi-lien-quan-muon-nang-so-huu-len-2512-von-ma-khong-phai-chao-mua-cong-khai-post299372.html""}",FINNEXUS_RESEARCH_DATASET_V17_1,FINNEXUS_TEMPORAL_KG_V1_0,CORE,FINNEXUS_LAYERED_KG_V3_0
news:05c516f53b38ab6447029d85fe781c16,News,"Dự báo VN-Index chạm mốc 1.800 điểm, Giám đốc Tư vấn Chứng khoán HSC chỉ tên 2 cổ phiếu tiềm năng đáng ""xuống tiền"" trong năm 2022",,2022-01-20,,05c516f53b38ab6447029d85fe781c16,validation,True,"{""category"": ""ngan_hang"", ""content_length"": ""3791"", ""publication_time_resolution"": ""DATE_ONLY"", ""url"": ""https://cafef.vn/du-bao-vn-index-cham-moc-1800-diem-giam-doc-tu-van-chung-khoan-hsc-chi-ten-2-co-phieu-tiem-nang-dang-xuong-tien-trong-nam-2022-20220119210357768.chn""}",FINNEXUS_RESEARCH_DATASET_V17_1,FINNEXUS_TEMPORAL_KG_V1_0,CORE,FINNEXUS_LAYERED_KG_V3_0
news:05ea228d26289ddc8fe8274852685573,News,"Thép Pomina (POM): Năm 2020 ""hồi sinh"" với lãi ròng 16 tỷ đồng, kỳ vọng lớn vào dự án lò cao",,2021-01-29,,05ea228d26289ddc8fe8274852685573,train,True,"{""category"": ""ket_qua_kinh_doanh"", ""content_length"": ""2492"", ""publication_time_resolution"": ""DATE_ONLY"", ""url"": ""https://cafef.vn/thep-pomina-pom-nam-2020-hoi-sinh-voi-lai-rong-16-ty-dong-ky-vong-lon-vao-du-an-lo-cao-20210129130457897.chn""}",FINNEXUS_RESEARCH_DATASET_V17_1,FINNEXUS_TEMPORAL_KG_V1_0,CORE,FINNEXUS_LAYERED_KG_V3_0
news:06697b1d06f5491189c118fcc2e16054,News,"Cổ phiếu ngân hàng hạ nhiệt, dòng tiền ngoại vẫn tìm đến CTG",,2022-07-15,,06697b1d06f5491189c118fcc2e16054,test,True,"{""category"": ""ngan_hang"", ""content_length"": ""1818"", ""publication_time_resolution"": ""DATE_ONLY"", ""url"": ""https://vietnambiz.vn/co-phieu-ngan-hang-ha-nhiet-dong-tien-ngoai-van-tim-den-ctg-202271516922612.htm""}",FINNEXUS_RESEARCH_DATASET_V17_1,FINNEXUS_TEMPORAL_KG_V1_0,CORE,FINNEXUS_LAYERED_KG_V3_0
news:0675f605b5cb128345595bbfa84c0f87,News,Nhóm cổ đông ngoại vừa bán ra hơn 9 triệu cổ phiếu của Thép Nam Kim,,2020-04-10,,0675f605b5cb128345595bbfa84c0f87,train,True,"{""category"": ""chung_khoan"", ""content_length"": ""1527"", ""publication_time_resolution"": ""DATE_ONLY"", ""url"": ""https://cafef.vn/nhom-co-dong-ngoai-vua-ban-ra-hon-9-trieu-co-phieu-cua-thep-nam-kim-20200410113833161.chn""}",FINNEXUS_RESEARCH_DATASET_V17_1,FINNEXUS_TEMPORAL_KG_V1_0,CORE,FINNEXUS_LAYERED_KG_V3_0
news:06993d0746e7394b3b29a2fc82355be6,News,"Chứng khoán Bản Việt đăng ký bán toàn bộ 29,42 triệu cổ phiếu DIG",,2020-11-24,,06993d0746e7394b3b29a2fc82355be6,train,True,"{""category"": ""ket_qua_kinh_doanh"", ""content_length"": ""1620"", ""publication_time_resolution"": ""DATE_ONLY"", ""url"": ""https://cafef.vn/chung-khoan-ban-viet-dang-ky-ban-toan-bo-2942-trieu-co-phieu-dig-20201124155008909.chn""}",FINNEXUS_RESEARCH_DATASET_V17_1,FINNEXUS_TEMPORAL_KG_V1_0,CORE,FINNEXUS_LAYERED_KG_V3_0
news:06fef6b992271572838fd4a9ad49fdea,News,"Phiên 21/6: Khối ngoại đảo chiều mua ròng hơn 410 tỷ đồng, tâm điểm VNM, REE, GAS",,2022-06-21,,06fef6b992271572838fd4a9ad49fdea,test,True,"{""category"": ""ngan_hang"", ""content_length"": ""3226"", ""publication_time_resolution"": ""DATE_ONLY"", ""url"": ""https://vietnambiz.vn/phien-216-khoi-ngoai-dao-chieu-mua-rong-hon-410-ty-dong-tam-diem-vnm-ree-gas-2022621163933885.htm""}",FINNEXUS_RESEARCH_DATASET_V17_1,FINNEXUS_TEMPORAL_KG_V1_0,CORE,FINNEXUS_LAYERED_KG_V3_0
news:076fce6b29e80e1701e912f98a91aa5f,News,"Tin kinh tế trước giờ giao dịch (1/4): Chứng khoán Mỹ phân hoá, Vingroup thoái hết vốn tại The CrownX",,2021-04-01,,076fce6b29e80e1701e912f98a91aa5f,train,True,"{""category"": ""co_tuc_phat_hanh"", ""content_length"": ""4599"", ""publication_time_resolution"": ""DATE_ONLY"", ""url"": ""https://vietnambiz.vn/tin-kinh-te-truoc-gio-giao-dich-1-4-chung-khoan-my-phan-hoa-vingroup-thoai-het-von-tai-the-crownx-20210401075908797.htm""}",FINNEXUS_RESEARCH_DATASET_V17_1,FINNEXUS_TEMPORAL_KG_V1_0,CORE,FINNEXUS_LAYERED_KG_V3_0
news:07de4b7abac3256039b02dc3dee5eaba,News,Hai doanh nghiệp của Chủ tịch HĐQT Masan đăng ký mua 3 triệu cổ phiếu MSN,,2021-08-24,,07de4b7abac3256039b02dc3dee5eaba,train,True,"{""category"": ""chung_khoan"", ""content_length"": ""2279"", ""publication_time_resolution"": ""DATE_ONLY"", ""url"": ""https://vietnambiz.vn/hai-doanh-nghiep-cua-chu-tich-hdqt-masan-dang-ky-mua-3-trieu-co-phieu-msn-20210824084409668.htm""}",FINNEXUS_RESEARCH_DATASET_V17_1,FINNEXUS_TEMPORAL_KG_V1_0,CORE,FINNEXUS_LAYERED_KG_V3_0
news:082a28b9ca5c33a1c657a709e13c6933,News,"Cơ cấu danh mục ETF quý I/2021: Dự báo nhiều bluechip bị bán ròng hàng triệu đơn vị, tâm điểm 'họ Vingroup'",,2021-03-02,,082a28b9ca5c33a1c657a709e13c6933,train,True,"{""category"": ""chung_khoan"", ""content_length"": ""3140"", ""publication_time_resolution"": ""DATE_ONLY"", ""url"": ""https://vietnambiz.vn/co-cau-danh-muc-etf-quy-i-2021-du-bao-nhieu-bluechip-bi-ban-rong-hang-trieu-don-vi-tam-diem-ho-vingroup-20210302070233984.htm""}",FINNEXUS_RESEARCH_DATASET_V17_1,FINNEXUS_TEMPORAL_KG_V1_0,CORE,FINNEXUS_LAYERED_KG_V3_0
news:084db5710093410d29814a89c3cd061b,News,"“Anh cả” ngành thép HPG lập công, VN-Index giành lại mốc 1.500 điểm",,2022-02-08,,084db5710093410d29814a89c3cd061b,validation,True,"{""category"": ""ngan_hang"", ""content_length"": ""5904"", ""publication_time_resolution"": ""DATE_ONLY"", ""url"": ""https://cafef.vn/co-phieu-ngan-hang-hang-khong-but-pha-vn-index-rung-lac-manh-truoc-nguong-can-1500-diem-2022020810030869.chn""}",FINNEXUS_RESEARCH_DATASET_V17_1,FINNEXUS_TEMPORAL_KG_V1_0,CORE,FINNEXUS_LAYERED_KG_V3_0
news:08909ce17528f4535c59ba2b646d9dc1,News,Chứng khoán VNDirect lên tiếng về sự cố đăng nhập tài khoản ngày 15/11,,2021-11-15,,08909ce17528f4535c59ba2b646d9dc1,train,True,"{""category"": ""chung_khoan"", ""content_length"": ""2465"", ""publication_time_resolution"": ""DATE_ONLY"", ""url"": ""https://vietnambiz.vn/chung-khoan-vndirect-len-tieng-ve-su-co-dang-nhap-tai-khoan-ngay-15-11-20211115181116761.htm""}",FINNEXUS_RESEARCH_DATASET_V17_1,FINNEXUS_TEMPORAL_KG_V1_0,CORE,FINNEXUS_LAYERED_KG_V3_0
news:08ea7e348bb9b477f77184fb2fdf4104,News,"Cổ phiếu tâm điểm ngày 24/3: REE, GMD, PWA",,2021-03-23,,08ea7e348bb9b477f77184fb2fdf4104,train,True,"{""category"": ""ket_qua_kinh_doanh"", ""content_length"": ""2323"", ""publication_time_resolution"": ""DATE_ONLY"", ""url"": ""https://vietnambiz.vn/co-phieu-tam-diem-ngay-24-3-ree-gmd-pwa-20210323163224238.htm""}",FINNEXUS_RESEARCH_DATASET_V17_1,FINNEXUS_TEMPORAL_KG_V1_0,CORE,FINNEXUS_LAYERED_KG_V3_0
news:09fed668bc9a7aca37da19fae0842146,News,Hòa Phát dự kiến chốt danh sách trả cổ tức 35% từ tháng 6 đến tháng 8,,2022-05-27,,09fed668bc9a7aca37da19fae0842146,test,True,"{""category"": ""co_tuc_phat_hanh"", ""content_length"": ""3222"", ""publication_time_resolution"": ""DATE_ONLY"", ""url"": ""https://cafef.vn/hoa-phat-du-kien-chot-danh-sach-tra-co-tuc-35-tu-thang-6-den-thang-8-20220527172852771.chn""}",FINNEXUS_RESEARCH_DATASET_V17_1,FINNEXUS_TEMPORAL_KG_V1_0,CORE,FINNEXUS_LAYERED_KG_V3_0
news:0a15e71a84ea0afd12d29c2b8e28b44a,News,"Nhịp đập Thị trường 06/03: MSN trần, VN-Index về gần tham chiếu!",,2020-03-06,,0a15e71a84ea0afd12d29c2b8e28b44a,train,True,"{""category"": ""ngan_hang"", ""content_length"": ""9108"", ""publication_time_resolution"": ""DATE_ONLY"", ""url"": ""https://vietstock.vn/2020/03/nhip-dap-thi-truong-0603-msn-tran-vn-index-ve-gan-tham-chieu-1636-735473.htm""}",FINNEXUS_RESEARCH_DATASET_V17_1,FINNEXUS_TEMPORAL_KG_V1_0,CORE,FINNEXUS_LAYERED_KG_V3_0
news:0aae820912a902c219a1cd22ad256ba6,News,"VCP, TPB, PVP, ACC, PAN, VPG, BCG, GEX, HVG, TMS, PME, VSC, ELC, OPC, CNT, BPW, ABS, HSL, VC7: Thông tin giao dịch lượng lớn cổ phiếu",,2020-12-16,,0aae820912a902c219a1cd22ad256ba6,train,True,"{""category"": ""ngan_hang"", ""content_length"": ""5250"", ""publication_time_resolution"": ""DATE_ONLY"", ""url"": ""https://cafef.vn/vcp-tpb-pvp-acc-pan-vpg-bcg-gex-hvg-tms-pme-vsc-elc-opc-cnt-bpw-abs-hsl-vc7-thong-tin-giao-dich-luong-lon-co-phieu-20201216082228107.chn""}",FINNEXUS_RESEARCH_DATASET_V17_1,FINNEXUS_TEMPORAL_KG_V1_0,CORE,FINNEXUS_LAYERED_KG_V3_0
news:0aaed31ee625e217af45d8bc0905fa15,News,"Chứng khoán Bản Việt (VCI): Mục tiêu lãi 1.250 tỷ đồng, chia cổ phiếu thưởng 1:1, tăng cổ tức tiền mặt thêm 20%",,2021-03-19,,0aaed31ee625e217af45d8bc0905fa15,train,True,"{""category"": ""co_tuc_phat_hanh"", ""content_length"": ""4263"", ""publication_time_resolution"": ""DATE_ONLY"", ""url"": ""https://www.tinnhanhchungkhoan.vn/chung-khoan-ban-viet-vci-muc-tieu-lai-1250-ty-dong-chia-co-phieu-thuong-11-tang-co-tuc-tien-mat-them-20-post264606.html""}",FINNEXUS_RESEARCH_DATASET_V17_1,FINNEXUS_TEMPORAL_KG_V1_0,CORE,FINNEXUS_LAYERED_KG_V3_0
news:0b2f9cf7d6fe7c7d9a1aacf82fa4f7fd,News,"HBC, VNT, FCN, NLG, GEX, DFC : Thông tin giao dịch lượng lớn cổ phiếu",,2019-05-31,,0b2f9cf7d6fe7c7d9a1aacf82fa4f7fd,train,True,"{""category"": ""chung_khoan"", ""content_length"": ""1837"", ""publication_time_resolution"": ""DATE_ONLY"", ""url"": ""https://cafef.vn/hbc-vnt-fcn-nlg-gex-dfc-thong-tin-giao-dich-luong-lon-co-phieu-2019053017111844.chn""}",FINNEXUS_RESEARCH_DATASET_V17_1,FINNEXUS_TEMPORAL_KG_V1_0,CORE,FINNEXUS_LAYERED_KG_V3_0
news:0bb70c1944d6cee4f889c8d99a98362c,News,Viconship (VSC) dự kiến phát hành 11 triệu cổ phiếu trả cổ tức năm 2021,,2022-05-09,,0bb70c1944d6cee4f889c8d99a98362c,validation,True,"{""category"": ""co_tuc_phat_hanh"", ""content_length"": ""1563"", ""publication_time_resolution"": ""DATE_ONLY"", ""url"": ""https://cafef.vn/viconship-vsc-du-kien-phat-hanh-11-trieu-co-phieu-tra-co-tuc-nam-2021-20220509190821704.chn""}",FINNEXUS_RESEARCH_DATASET_V17_1,FINNEXUS_TEMPORAL_KG_V1_0,CORE,FINNEXUS_LAYERED_KG_V3_0
news:0bc5b92dbcbeea9401e0dd6e9559e62d,News,"Chứng khoán SSI khắc phục xong sự cố giao dịch, HOSE cho phép kết nối trở lại",,2020-08-18,,0bc5b92dbcbeea9401e0dd6e9559e62d,train,True,"{""category"": ""chung_khoan"", ""content_length"": ""1616"", ""publication_time_resolution"": ""DATE_ONLY"", ""url"": ""https://vietnambiz.vn/chung-khoan-ssi-khac-phuc-xong-su-co-giao-dich-hose-cho-phep-ket-noi-tro-lai-20200818201834583.htm""}",FINNEXUS_RESEARCH_DATASET_V17_1,FINNEXUS_TEMPORAL_KG_V1_0,CORE,FINNEXUS_LAYERED_KG_V3_0
news:0bcc9d7a7b46f6cc6897d348c67c3d25,News,"Lập kỷ lục doanh thu và lãi vào quý 2, triển vọng kinh doanh của Hoá chất Đức Giang sẽ ra sao khi giá phốt pho đã giảm 15%?",,2022-09-14,,0bcc9d7a7b46f6cc6897d348c67c3d25,test,True,"{""category"": ""ket_qua_kinh_doanh"", ""content_length"": ""3462"", ""publication_time_resolution"": ""DATE_ONLY"", ""url"": ""https://cafef.vn/lap-ky-luc-doanh-thu-va-lai-vao-quy-2-trien-vong-kinh-doanh-cua-hoa-chat-duc-giang-se-ra-sao-khi-gia-phot-pho-da-giam-15-20220914131343962.chn""}",FINNEXUS_RESEARCH_DATASET_V17_1,FINNEXUS_TEMPORAL_KG_V1_0,CORE,FINNEXUS_LAYERED_KG_V3_0
news:0c7620d4eda1d2467dd76da01c47617c,News,ĐHĐCĐ Chứng khoán FPT (FPTS): Đặt mục tiêu lãi 260 tỷ đồng năm 2021 trên cơ sở VN-Index dao động quanh 1.250-1.300 điểm,,2021-04-13,,0c7620d4eda1d2467dd76da01c47617c,train,True,"{""category"": ""co_tuc_phat_hanh"", ""content_length"": ""4779"", ""publication_time_resolution"": ""DATE_ONLY"", ""url"": ""https://cafef.vn/dhdcd-chung-khoan-fpt-fpts-dat-muc-tieu-lai-260-ty-dong-nam-2021-tren-co-so-vn-index-dao-dong-quanh-1250-1300-diem-20210413164949381.chn""}",FINNEXUS_RESEARCH_DATASET_V17_1,FINNEXUS_TEMPORAL_KG_V1_0,CORE,FINNEXUS_LAYERED_KG_V3_0
news:0ce5b2324a8a8164abd1705291cbde61,News,Sếp Hòa Phát muốn bán 900.000 cổ phiếu HPG,,2020-10-06,,0ce5b2324a8a8164abd1705291cbde61,train,True,"{""category"": ""ket_qua_kinh_doanh"", ""content_length"": ""2518"", ""publication_time_resolution"": ""DATE_ONLY"", ""url"": ""https://vietnambiz.vn/sep-hoa-phat-muon-ban-900000-co-phieu-hpg-2020100618021219.htm""}",FINNEXUS_RESEARCH_DATASET_V17_1,FINNEXUS_TEMPORAL_KG_V1_0,CORE,FINNEXUS_LAYERED_KG_V3_0
news:0d3dd1ccb74e4f14b02228ab7adf1c5c,News,"Gelex giảm nắm giữ 4.100 tỷ đồng trái phiếu, lỗ ròng kinh doanh chứng khoán 114 tỷ đồng",,2022-07-31,,0d3dd1ccb74e4f14b02228ab7adf1c5c,test,True,"{""category"": ""co_tuc_phat_hanh"", ""content_length"": ""2985"", ""publication_time_resolution"": ""DATE_ONLY"", ""url"": ""https://cafef.vn/gelex-giam-nam-giu-4100-ty-dong-trai-phieu-lo-rong-kinh-doanh-chung-khoan-114-ty-dong-20220731120712366.chn""}",FINNEXUS_RESEARCH_DATASET_V17_1,FINNEXUS_TEMPORAL_KG_V1_0,CORE,FINNEXUS_LAYERED_KG_V3_0
news:0d4423f2343b9cc93e0f1136ac8ec3ad,News,"TRỰC TIẾP ĐHĐCĐ Chứng khoán SSI: Dự báo VN-Index quanh 1.400 điểm, năm 2021 sẽ có nhiều thương vụ huy động vốn khủng",,2021-05-22,,0d4423f2343b9cc93e0f1136ac8ec3ad,train,True,"{""category"": ""co_tuc_phat_hanh"", ""content_length"": ""1786"", ""publication_time_resolution"": ""DATE_ONLY"", ""url"": ""https://vietnambiz.vn/dhdcd-chung-khoan-ssi-du-bao-vn-index-quanh-1400-diem-nam-2021-se-co-nhieu-thuong-vu-huy-dong-von-khung-20210522133604752.htm""}",FINNEXUS_RESEARCH_DATASET_V17_1,FINNEXUS_TEMPORAL_KG_V1_0,CORE,FINNEXUS_LAYERED_KG_V3_0
news:0db120f9d828fdc7ba725aaf5474512f,News,"Sau hơn 1 thập kỷ đầu tư, Chứng khoán FPT đăng ký bán bớt cổ phiếu May Sông Hồng (MSH) khi thị giá đã tăng gấp 42 lần giá vốn",,2022-04-05,,0db120f9d828fdc7ba725aaf5474512f,validation,True,"{""category"": ""ket_qua_kinh_doanh"", ""content_length"": ""1743"", ""publication_time_resolution"": ""DATE_ONLY"", ""url"": ""https://cafef.vn/sau-hon-1-thap-ky-dau-tu-chung-khoan-fpt-dang-ky-ban-bot-co-phieu-may-song-hong-msh-khi-thi-gia-da-tang-gap-42-lan-gia-von-20220405172209584.chn""}",FINNEXUS_RESEARCH_DATASET_V17_1,FINNEXUS_TEMPORAL_KG_V1_0,CORE,FINNEXUS_LAYERED_KG_V3_0
news:0dee095c738a93e81700c04dfbb9f16c,News,PYN Elite dồn tiền mua cổ phiếu VietinBank,,2020-02-05,,0dee095c738a93e81700c04dfbb9f16c,train,True,"{""category"": ""co_tuc_phat_hanh"", ""content_length"": ""4091"", ""publication_time_resolution"": ""DATE_ONLY"", ""url"": ""https://cafef.vn/pyn-elite-don-tien-mua-co-phieu-vietinbank-20200205135718668.chn""}",FINNEXUS_RESEARCH_DATASET_V17_1,FINNEXUS_TEMPORAL_KG_V1_0,CORE,FINNEXUS_LAYERED_KG_V3_0
news:0e27b0b3e97450f0a9fe3e6e48f7cef4,News,"Tìm động lực tăng trưởng, Thế giới Di động (MWG) mở bán cả trang sức",,2021-11-22,,0e27b0b3e97450f0a9fe3e6e48f7cef4,train,True,"{""category"": ""ket_qua_kinh_doanh"", ""content_length"": ""3461"", ""publication_time_resolution"": ""DATE_ONLY"", ""url"": ""https://cafef.vn/tim-dong-luc-tang-truong-the-gioi-di-dong-mwg-mo-ban-ca-trang-suc-20211121182800118.chn""}",FINNEXUS_RESEARCH_DATASET_V17_1,FINNEXUS_TEMPORAL_KG_V1_0,CORE,FINNEXUS_LAYERED_KG_V3_0
news:0e3c918ed8b7f289200d27abb1866554,News,"Tuần 13-17/5: Khối ngoại bán ròng hơn 1.050 tỷ đồng, VHM và HPG là tâm điểm",,2019-05-19,,0e3c918ed8b7f289200d27abb1866554,train,True,"{""category"": ""chung_khoan"", ""content_length"": ""2257"", ""publication_time_resolution"": ""DATE_ONLY"", ""url"": ""https://cafef.vn/tuan-13-17-5-khoi-ngoai-ban-rong-hon-1050-ty-dong-vhm-va-hpg-la-tam-diem-20190519091931828.chn""}",FINNEXUS_RESEARCH_DATASET_V17_1,FINNEXUS_TEMPORAL_KG_V1_0,CORE,FINNEXUS_LAYERED_KG_V3_0
news:0e56e3b1e87a76711adb4762fdcece1e,News,"Công ty riêng của Chủ tịch VNDIRECT báo lãi 9 tháng giảm 77% so với cùng kỳ, dư nợ trái phiếu gần 4.500 tỷ đồng",,2022-11-02,,0e56e3b1e87a76711adb4762fdcece1e,test,True,"{""category"": ""ket_qua_kinh_doanh"", ""content_length"": ""2736"", ""publication_time_resolution"": ""DATE_ONLY"", ""url"": ""https://cafef.vn/cong-ty-rieng-cua-chu-tich-vndirect-bao-lai-9-thang-giam-77-so-voi-cung-ky-du-no-trai-phieu-gan-4500-ty-dong-20221102140337078.chn""}",FINNEXUS_RESEARCH_DATASET_V17_1,FINNEXUS_TEMPORAL_KG_V1_0,CORE,FINNEXUS_LAYERED_KG_V3_0
news:0e759a89febbf245d80271c93a99fb88,News,"Tuần 21 - 25/2: Tổ chức trong nước mua ròng đột biến nhóm ngân hàng, tâm điểm VPB, MBB, CTG",,2022-02-27,,0e759a89febbf245d80271c93a99fb88,validation,True,"{""category"": ""ngan_hang"", ""content_length"": ""5109"", ""publication_time_resolution"": ""DATE_ONLY"", ""url"": ""https://vietnambiz.vn/tuan-21-25-2-to-chuc-trong-nuoc-mua-rong-dot-bien-nhom-ngan-hang-tam-diem-vpb-mbb-ctg-20220227164516236.htm""}",FINNEXUS_RESEARCH_DATASET_V17_1,FINNEXUS_TEMPORAL_KG_V1_0,CORE,FINNEXUS_LAYERED_KG_V3_0
news:0e9060af57fa8581419ddd83c8f053b8,News,"VHM bứt phá đẩy VnIndex tiến gần hơn ngưỡng điểm 1.000, thanh khoản thị trường chứng khoán bùng nổ",,2020-11-24,,0e9060af57fa8581419ddd83c8f053b8,train,True,"{""category"": ""chung_khoan"", ""content_length"": ""3079"", ""publication_time_resolution"": ""DATE_ONLY"", ""url"": ""https://cafef.vn/nha-dau-tu-khap-khoi-don-vnindex-1000-thi-truong-ruc-ro-sac-xanh-20201124090957627.chn""}",FINNEXUS_RESEARCH_DATASET_V17_1,FINNEXUS_TEMPORAL_KG_V1_0,CORE,FINNEXUS_LAYERED_KG_V3_0
news:0ebe0a65e1b1e20443b6ac483ea84752,News,"Khang Điền (KDH) dự kiến phát hành hơn 130 triệu cổ phiếu trả cổ tức, cổ phiếu ESOP và chia cổ phiếu thưởng",,2019-05-17,,0ebe0a65e1b1e20443b6ac483ea84752,train,True,"{""category"": ""co_tuc_phat_hanh"", ""content_length"": ""1937"", ""publication_time_resolution"": ""DATE_ONLY"", ""url"": ""https://cafef.vn/khang-dien-kdh-du-kien-phat-hanh-hon-130-trieu-co-phieu-tra-co-tuc-co-phieu-esop-va-chia-co-phieu-thuong-2019051710393264.chn""}",FINNEXUS_RESEARCH_DATASET_V17_1,FINNEXUS_TEMPORAL_KG_V1_0,CORE,FINNEXUS_LAYERED_KG_V3_0
news:0ef1cdc20d27345331ff5baacbcc3e5c,News,"Vĩnh Hoàn (VHC) lãi ròng 307 tỷ đồng trong quý 1/2019, gấp 3 lần cùng kỳ năm trước",,2019-04-22,,0ef1cdc20d27345331ff5baacbcc3e5c,train,True,"{""category"": ""ket_qua_kinh_doanh"", ""content_length"": ""1226"", ""publication_time_resolution"": ""DATE_ONLY"", ""url"": ""https://cafef.vn/vinh-hoan-vhc-lai-rong-307-ty-dong-trong-quy-1-2019-gap-3-lan-cung-ky-nam-truoc-2019042215473429.chn""}",FINNEXUS_RESEARCH_DATASET_V17_1,FINNEXUS_TEMPORAL_KG_V1_0,CORE,FINNEXUS_LAYERED_KG_V3_0
news:0f083ced50c02c13cc1fd200416fb48d,News,"Nhóm quỹ gồm KKR, Temasek vừa rót 650 triệu USD mua cổ phần VinHomes",,2020-06-16,,0f083ced50c02c13cc1fd200416fb48d,train,True,"{""category"": ""bat_dong_san"", ""content_length"": ""1283"", ""publication_time_resolution"": ""DATE_ONLY"", ""url"": ""https://cafef.vn/nhom-quy-gom-kkr-temasek-vua-rot-650-trieu-usd-mua-co-phan-vinhomes-20200616093303328.chn""}",FINNEXUS_RESEARCH_DATASET_V17_1,FINNEXUS_TEMPORAL_KG_V1_0,CORE,FINNEXUS_LAYERED_KG_V3_0
news:0f22764baf2ba38a45c1eed35b56beb1,News,VinHomes lãi ròng 2.540 tỷ đồng trong quý 1,,2019-04-23,,0f22764baf2ba38a45c1eed35b56beb1,train,True,"{""category"": ""ket_qua_kinh_doanh"", ""content_length"": ""2641"", ""publication_time_resolution"": ""DATE_ONLY"", ""url"": ""https://cafef.vn/vinhomes-lai-rong-2540-ty-dong-trong-quy-1-20190423085329088.chn""}",FINNEXUS_RESEARCH_DATASET_V17_1,FINNEXUS_TEMPORAL_KG_V1_0,CORE,FINNEXUS_LAYERED_KG_V3_0
news:0f284588184f764e138572fb87e14f99,News,"VJC, TCB, HTN, EVG, PGT, LCG, FDC, TDM, SDA, DS3, UNI: Thông tin giao dịch lượng lớn cổ phiếu",,2022-02-19,,0f284588184f764e138572fb87e14f99,validation,True,"{""category"": ""ngan_hang"", ""content_length"": ""2606"", ""publication_time_resolution"": ""DATE_ONLY"", ""url"": ""https://cafef.vn/vjc-tcb-htn-evg-pgt-lcg-fdc-tdm-sda-ds3-uni-thong-tin-giao-dich-luong-lon-co-phieu-20220218222011232.chn""}",FINNEXUS_RESEARCH_DATASET_V17_1,FINNEXUS_TEMPORAL_KG_V1_0,CORE,FINNEXUS_LAYERED_KG_V3_0
news:0f74c1e219b0169a63a866ace835498b,News,REE sắp đầu tư dự án điện gió 2.120 tỷ đồng tại Trà Vinh,,2020-01-15,,0f74c1e219b0169a63a866ace835498b,train,True,"{""category"": ""bat_dong_san"", ""content_length"": ""6520"", ""publication_time_resolution"": ""DATE_ONLY"", ""url"": ""https://cafef.vn/ree-sap-dau-tu-du-an-dien-gio-2120-ty-dong-tai-tra-vinh-20200115115926588.chn""}",FINNEXUS_RESEARCH_DATASET_V17_1,FINNEXUS_TEMPORAL_KG_V1_0,CORE,FINNEXUS_LAYERED_KG_V3_0
news:0ff02dba813afe46abada4244bec3f81,News,Doanh thu tháng 8 của PV Power tăng 3% so với cùng kỳ,,2022-09-14,,0ff02dba813afe46abada4244bec3f81,test,True,"{""category"": ""ket_qua_kinh_doanh"", ""content_length"": ""3718"", ""publication_time_resolution"": ""DATE_ONLY"", ""url"": ""https://cafef.vn/doanh-thu-thang-8-cua-pv-power-tang-3-so-voi-cung-ky-20220914141352421.chn""}",FINNEXUS_RESEARCH_DATASET_V17_1,FINNEXUS_TEMPORAL_KG_V1_0,CORE,FINNEXUS_LAYERED_KG_V3_0
news:105c1ad66fb0319e7f696b9dd31c04e2,News,"Cổ phiếu tâm điểm 5/7: VNM, REE, PVT",,2022-07-04,,105c1ad66fb0319e7f696b9dd31c04e2,test,True,"{""category"": ""ket_qua_kinh_doanh"", ""content_length"": ""3633"", ""publication_time_resolution"": ""DATE_ONLY"", ""url"": ""https://vietnambiz.vn/co-bao-nhieu-tien-duoc-xem-la-nguoi-giau-o-trung-quoc-20200607075743478.htm""}",FINNEXUS_RESEARCH_DATASET_V17_1,FINNEXUS_TEMPORAL_KG_V1_0,CORE,FINNEXUS_LAYERED_KG_V3_0
news:10d60533bbb38e69fcdffc58ebbfb93a,News,PVGas (GAS) chốt danh sách cổ đông chi hơn 5.700 tỷ đồng trả cổ tức năm 2020 tỷ lệ 30%,,2021-06-16,,10d60533bbb38e69fcdffc58ebbfb93a,train,True,"{""category"": ""co_tuc_phat_hanh"", ""content_length"": ""1108"", ""publication_time_resolution"": ""DATE_ONLY"", ""url"": ""https://cafef.vn/pvgas-gas-chot-danh-sach-co-dong-chi-hon-5700-ty-dong-tra-co-tuc-nam-2020-ty-le-30-20210616100925702.chn""}",FINNEXUS_RESEARCH_DATASET_V17_1,FINNEXUS_TEMPORAL_KG_V1_0,CORE,FINNEXUS_LAYERED_KG_V3_0
news:10f38c4b3a77bfc592653aebb7bc47bb,News,"PVD lỗ 93 tỷ đồng trong quý 1, vẫn còn gần 280 tỷ đồng nợ xấu từ nhóm PVEP",,2019-04-27,,10f38c4b3a77bfc592653aebb7bc47bb,train,True,"{""category"": ""ket_qua_kinh_doanh"", ""content_length"": ""1269"", ""publication_time_resolution"": ""DATE_ONLY"", ""url"": ""https://cafef.vn/pvd-lo-93-ty-dong-trong-quy-1-van-con-gan-280-ty-dong-no-xau-tu-nhom-pvep-20190427160943575.chn""}",FINNEXUS_RESEARCH_DATASET_V17_1,FINNEXUS_TEMPORAL_KG_V1_0,CORE,FINNEXUS_LAYERED_KG_V3_0
news:111c9f82cd8ae5951ab9713e1de40f42,News,"Tách mảng cám đóng góp 80% doanh thu của Masan MEATLife đồng thời huy động vốn hơn 7.000 tỷ đồng, tỷ phú Quang đang có tham vọng gì với mảng thịt chế biến?",,2021-09-13,,111c9f82cd8ae5951ab9713e1de40f42,train,True,"{""category"": ""co_tuc_phat_hanh"", ""content_length"": ""4669"", ""publication_time_resolution"": ""DATE_ONLY"", ""url"": ""https://cafef.vn/tach-mang-cam-dong-gop-80-doanh-thu-cua-masan-meatlife-dong-thoi-huy-dong-von-hon-7000-ty-dong-ty-phu-quang-dang-co-tham-vong-gi-voi-mang-thit-che-bien-2021091300233063.chn""}",FINNEXUS_RESEARCH_DATASET_V17_1,FINNEXUS_TEMPORAL_KG_V1_0,CORE,FINNEXUS_LAYERED_KG_V3_0
news:117693d95e0150b9fb932f3ea51e73fc,News,Viettel Construction (CTR) được chấp thuận niêm yết trên HOSE,,2021-12-29,,117693d95e0150b9fb932f3ea51e73fc,validation,True,"{""category"": ""ket_qua_kinh_doanh"", ""content_length"": ""2078"", ""publication_time_resolution"": ""DATE_ONLY"", ""url"": ""https://cafef.vn/viettel-construction-ctr-duoc-chap-thuan-niem-yet-tren-hose-20211229092932651.chn""}",FINNEXUS_RESEARCH_DATASET_V17_1,FINNEXUS_TEMPORAL_KG_V1_0,CORE,FINNEXUS_LAYERED_KG_V3_0
news:117e961329832e2e97d932da175117a8,News,"Nhiều yếu tố bất lợi, Công ty chứng khoán hạ dự báo lợi nhuận Hòa Phát",,2022-12-22,,117e961329832e2e97d932da175117a8,test,True,"{""category"": ""co_tuc_phat_hanh"", ""content_length"": ""6465"", ""publication_time_resolution"": ""DATE_ONLY"", ""url"": ""https://cafef.vn/nhieu-yeu-to-bat-loi-cong-ty-chung-khoan-ha-du-bao-loi-nhuan-hoa-phat-20221222113159166.chn""}",FINNEXUS_RESEARCH_DATASET_V17_1,FINNEXUS_TEMPORAL_KG_V1_0,CORE,FINNEXUS_LAYERED_KG_V3_0
news:1181959bac9c005db52268b6eff9368e,News,Novaland tiếp tục rót thêm 2.319 tỷ vào Nova Hospitality,,2019-11-13,,1181959bac9c005db52268b6eff9368e,train,True,"{""category"": ""bat_dong_san"", ""content_length"": ""2019"", ""publication_time_resolution"": ""DATE_ONLY"", ""url"": ""https://cafef.vn/novaland-tiep-tuc-rot-them-2319-ty-vao-nova-hospitality-20191112183108484.chn""}",FINNEXUS_RESEARCH_DATASET_V17_1,FINNEXUS_TEMPORAL_KG_V1_0,CORE,FINNEXUS_LAYERED_KG_V3_0
news:11b4c7a89c4402f363614e38d99c43a8,News,Lợi nhuận quý 3 của Đạm Phú Mỹ giảm 61% xuống 60 tỷ đồng,,2019-10-22,,11b4c7a89c4402f363614e38d99c43a8,train,True,"{""category"": ""ket_qua_kinh_doanh"", ""content_length"": ""1794"", ""publication_time_resolution"": ""DATE_ONLY"", ""url"": ""https://cafef.vn/loi-nhuan-quy-3-cua-dam-phu-my-giam-61-xuong-60-ty-dong-2019102208570103.chn""}",FINNEXUS_RESEARCH_DATASET_V17_1,FINNEXUS_TEMPORAL_KG_V1_0,CORE,FINNEXUS_LAYERED_KG_V3_0
news:11d360e0e32c28a4ffba8e8a65065dd4,News,"Chứng khoán VNDirect (VND) chốt ngày chào bán cổ phiếu, tăng vốn gấp 3 lần lên 12.178 tỷ đồng",,2022-02-28,,11d360e0e32c28a4ffba8e8a65065dd4,validation,True,"{""category"": ""co_tuc_phat_hanh"", ""content_length"": ""925"", ""publication_time_resolution"": ""DATE_ONLY"", ""url"": ""https://cafef.vn/chung-khoan-vndirect-vnd-chot-ngay-chao-ban-co-phieu-tang-von-gap-3-lan-len-12178-ty-dong-2022022814315276.chn""}",FINNEXUS_RESEARCH_DATASET_V17_1,FINNEXUS_TEMPORAL_KG_V1_0,CORE,FINNEXUS_LAYERED_KG_V3_0
news:11da0320d11940ad88dc1314c50118f0,News,"Tuần 21 - 25/12: Tự doanh gom 885 tỷ đồng khi thị trường rung lắc mạnh, tập trung HPG bất chấp đà bán ròng từ khối ngoại",,2020-12-26,,11da0320d11940ad88dc1314c50118f0,train,True,"{""category"": ""co_tuc_phat_hanh"", ""content_length"": ""3603"", ""publication_time_resolution"": ""DATE_ONLY"", ""url"": ""https://vietnambiz.vn/tuan-21-25-12-tu-doanh-gom-885-ty-dong-khi-thi-truong-rung-lac-manh-tap-trung-hpg-bat-chap-da-ban-rong-tu-khoi-ngoai-20201226092301427.htm""}",FINNEXUS_RESEARCH_DATASET_V17_1,FINNEXUS_TEMPORAL_KG_V1_0,CORE,FINNEXUS_LAYERED_KG_V3_0
news:11e66a9f092e005431101af4c132419c,News,"Hóa chất Đức Giang (DGC) đặt kế hoạch lợi nhuận quý 4 đạt 1.100 tỷ đồng, giảm 21% so với cùng kỳ",,2022-10-25,,11e66a9f092e005431101af4c132419c,test,True,"{""category"": ""ket_qua_kinh_doanh"", ""content_length"": ""1524"", ""publication_time_resolution"": ""DATE_ONLY"", ""url"": ""https://cafef.vn/hoa-chat-duc-giang-dgc-du-kien-loi-nhuan-quy-4-dat-1100-ty-dong-giam-21-so-voi-cung-ky-20221025101332103.chn""}",FINNEXUS_RESEARCH_DATASET_V17_1,FINNEXUS_TEMPORAL_KG_V1_0,CORE,FINNEXUS_LAYERED_KG_V3_0
news:11ec8f7a3b5e5e2732dc5fc2f1ae80c8,News,FPT Retail (FRT) dự kiến phát hành hơn 10 triệu cổ phiếu trả cổ tức,,2019-07-11,,11ec8f7a3b5e5e2732dc5fc2f1ae80c8,train,True,"{""category"": ""co_tuc_phat_hanh"", ""content_length"": ""1210"", ""publication_time_resolution"": ""DATE_ONLY"", ""url"": ""https://cafef.vn/fpt-retail-frt-du-kien-phat-hanh-hon-10-trieu-co-phieu-tra-co-tuc-20190711090519921.chn""}",FINNEXUS_RESEARCH_DATASET_V17_1,FINNEXUS_TEMPORAL_KG_V1_0,CORE,FINNEXUS_LAYERED_KG_V3_0
news:12667b23d1301408393bb711d4681ca6,News,"Nắm giữ hơn 12.000 tỷ đồng tiền mặt và tiền gửi, FPT Telecom (FOX) báo lãi quý 1/2022 tăng 22%",,2022-04-26,,12667b23d1301408393bb711d4681ca6,validation,True,"{""category"": ""co_tuc_phat_hanh"", ""content_length"": ""2416"", ""publication_time_resolution"": ""DATE_ONLY"", ""url"": ""https://cafef.vn/nam-giu-hon-12000-ty-dong-tien-mat-va-tien-gui-fpt-telecom-fox-bao-lai-quy-1-2022-tang-22-20220426005605573.chn""}",FINNEXUS_RESEARCH_DATASET_V17_1,FINNEXUS_TEMPORAL_KG_V1_0,CORE,FINNEXUS_LAYERED_KG_V3_0
news:129a36a7a28afe959b4bd632e29df414,News,"Thỏa thuận khủng TCB, ROS, VJC, VNM phiên VN-Index còn 960 điểm",,2019-12-10,,129a36a7a28afe959b4bd632e29df414,train,True,"{""category"": ""ngan_hang"", ""content_length"": ""2116"", ""publication_time_resolution"": ""DATE_ONLY"", ""url"": ""https://vietnambiz.vn/thoa-thuan-khung-tcb-ros-vjc-vnm-phien-vn-index-con-960-diem-20191210162715801.htm""}",FINNEXUS_RESEARCH_DATASET_V17_1,FINNEXUS_TEMPORAL_KG_V1_0,CORE,FINNEXUS_LAYERED_KG_V3_0
news:12e1dc4ba9be795b28c1788e1c78ff42,News,"Chủ tịch Vĩnh Hoàn (VHC): ""Nếu một ngày cá tra được bày lên bàn Sushi, thì tôi có thể vỗ ngực xưng tên đã đạt đến đỉnh cao của ngành!",,2022-04-20,,12e1dc4ba9be795b28c1788e1c78ff42,validation,True,"{""category"": ""co_tuc_phat_hanh"", ""content_length"": ""8259"", ""publication_time_resolution"": ""DATE_ONLY"", ""url"": ""https://cafef.vn/chu-tich-vinh-hoan-vhc-neu-mot-ngay-ca-tra-duoc-bay-len-ban-sushi-thi-toi-co-the-vo-nguc-xung-ten-da-dat-den-dinh-cao-cua-nganh-20220420114417602.chn""}",FINNEXUS_RESEARCH_DATASET_V17_1,FINNEXUS_TEMPORAL_KG_V1_0,CORE,FINNEXUS_LAYERED_KG_V3_0
news:12f7f381c11b7148af2c4afbb9bcd367,News,"Dragon Capital gom 19 triệu cổ phiếu Nhà Khang Điền (KDH), trở lại làm cổ đông lớn",,2022-11-15,,12f7f381c11b7148af2c4afbb9bcd367,test,True,"{""category"": ""ket_qua_kinh_doanh"", ""content_length"": ""2305"", ""publication_time_resolution"": ""DATE_ONLY"", ""url"": ""https://cafef.vn/dragon-capital-gom-19-trieu-co-phieu-nha-khang-dien-kdh-tro-lai-lam-co-dong-lon-20221115142324895.chn""}",FINNEXUS_RESEARCH_DATASET_V17_1,FINNEXUS_TEMPORAL_KG_V1_0,CORE,FINNEXUS_LAYERED_KG_V3_0
news:131366d2add335a35b687c1c57f2c689,News,Vingroup (VIC) lãi sau thuế 512 tỷ đồng trong quý 1/2022,,2022-04-29,,131366d2add335a35b687c1c57f2c689,validation,True,"{""category"": ""ket_qua_kinh_doanh"", ""content_length"": ""2374"", ""publication_time_resolution"": ""DATE_ONLY"", ""url"": ""https://cafef.vn/vingroup-vic-lai-sau-thue-512-ty-dong-trong-quy-1-2022-20220429120929455.chn""}",FINNEXUS_RESEARCH_DATASET_V17_1,FINNEXUS_TEMPORAL_KG_V1_0,CORE,FINNEXUS_LAYERED_KG_V3_0
news:13267631aee7ab21a7cc45f9b5758773,News,Doanh thu 4 tỷ USD của Masan đến từ những đâu?,,2022-02-19,,13267631aee7ab21a7cc45f9b5758773,validation,True,"{""category"": ""ket_qua_kinh_doanh"", ""content_length"": ""3678"", ""publication_time_resolution"": ""DATE_ONLY"", ""url"": ""https://cafef.vn/doanh-thu-4-ty-usd-cua-masan-den-tu-nhung-dau-20220212160049492.chn""}",FINNEXUS_RESEARCH_DATASET_V17_1,FINNEXUS_TEMPORAL_KG_V1_0,CORE,FINNEXUS_LAYERED_KG_V3_0
news:1349bc314bd71c2340f228c926a606c8,News,"Phát Đạt (PDR) báo lãi quý 1 đạt 279 tỷ đồng, tăng 11% so với cùng kỳ nhờ chi phí giá vốn giảm sâu",,2022-04-20,,1349bc314bd71c2340f228c926a606c8,validation,True,"{""category"": ""ket_qua_kinh_doanh"", ""content_length"": ""1605"", ""publication_time_resolution"": ""DATE_ONLY"", ""url"": ""https://cafef.vn/phat-dat-pdr-bao-lai-quy-1-dat-279-ty-dong-tang-11-so-voi-cung-ky-nho-chi-phi-gia-von-giam-sau-20220420124334387.chn""}",FINNEXUS_RESEARCH_DATASET_V17_1,FINNEXUS_TEMPORAL_KG_V1_0,CORE,FINNEXUS_LAYERED_KG_V3_0
news:134d4361ab94c786a8613bfd3a5ed803,News,"VNDIRECT lãi 482 tỷ đồng trong quý 1, tăng trưởng 724% so với cùng kỳ 2020",,2021-04-20,,134d4361ab94c786a8613bfd3a5ed803,train,True,"{""category"": ""co_tuc_phat_hanh"", ""content_length"": ""3092"", ""publication_time_resolution"": ""DATE_ONLY"", ""url"": ""https://cafef.vn/vndirect-lai-482-ty-dong-trong-quy-1-tang-truong-724-so-voi-cung-ky-2020-20210420182336769.chn""}",FINNEXUS_RESEARCH_DATASET_V17_1,FINNEXUS_TEMPORAL_KG_V1_0,CORE,FINNEXUS_LAYERED_KG_V3_0
news:140edd6085182d467ef0969cbe63bc72,News,"BVSC dự báo VN-Index tăng trưởng 10% năm 2020, động lực từ cổ phiếu họ Vingroup và nhóm ngân hàng",,2020-01-07,,140edd6085182d467ef0969cbe63bc72,train,True,"{""category"": ""ket_qua_kinh_doanh"", ""content_length"": ""2619"", ""publication_time_resolution"": ""DATE_ONLY"", ""url"": ""https://vietnambiz.vn/bvsc-du-bao-vn-index-tang-truong-10-nam-2020-dong-luc-tu-co-phieu-ho-vingroup-va-nhom-ngan-hang-20200107182721309.htm""}",FINNEXUS_RESEARCH_DATASET_V17_1,FINNEXUS_TEMPORAL_KG_V1_0,CORE,FINNEXUS_LAYERED_KG_V3_0
news:142c0041102a7940140d700f1381c3f7,News,"Quỹ ngoại tiếp tục thoái toàn bộ 3,3 triệu cổ phiếu VNDIRECT (VND), ước lãi gần 4 lần so với giá mua vào",,2021-08-23,,142c0041102a7940140d700f1381c3f7,train,True,"{""category"": ""co_tuc_phat_hanh"", ""content_length"": ""1784"", ""publication_time_resolution"": ""DATE_ONLY"", ""url"": ""https://cafef.vn/quy-ngoai-tiep-tuc-thoai-toan-bo-33-trieu-co-phieu-vndirect-vnd-uoc-lai-gan-4-lan-so-voi-gia-mua-vao-20210823171259291.chn""}",FINNEXUS_RESEARCH_DATASET_V17_1,FINNEXUS_TEMPORAL_KG_V1_0,CORE,FINNEXUS_LAYERED_KG_V3_0
news:142fbcedcc9bdcdcddf24b828391dcbf,News,"PCC1 (PC1) đặt kế hoạch lãi sau thuế 469 tỷ đồng năm 2020, tăng 25% so với cùng kỳ",,2020-04-18,,142fbcedcc9bdcdcddf24b828391dcbf,train,True,"{""category"": ""ket_qua_kinh_doanh"", ""content_length"": ""1766"", ""publication_time_resolution"": ""DATE_ONLY"", ""url"": ""https://cafef.vn/pcc1-pc1-dat-ke-hoach-lai-sau-thue-469-ty-dong-nam-2020-tang-25-so-voi-cung-ky-20200417162858549.chn""}",FINNEXUS_RESEARCH_DATASET_V17_1,FINNEXUS_TEMPORAL_KG_V1_0,CORE,FINNEXUS_LAYERED_KG_V3_0
news:14993d4cc680090c5c417bd41dd328b1,News,Khép lại năm Kỷ Hợi: VN-Index vượt 990 điểm nhờ nhóm Ngân hàng và họ Vingroup,,2020-01-22,,14993d4cc680090c5c417bd41dd328b1,train,True,"{""category"": ""ngan_hang"", ""content_length"": ""4861"", ""publication_time_resolution"": ""DATE_ONLY"", ""url"": ""https://vietnambiz.vn/vn-index-tang-diem-phien-cuoi-nam-ky-hoi-nhom-det-may-day-song-sau-evfta-co-phieu-vrc-duoc-giai-cuu-20200122094754987.htm""}",FINNEXUS_RESEARCH_DATASET_V17_1,FINNEXUS_TEMPORAL_KG_V1_0,CORE,FINNEXUS_LAYERED_KG_V3_0
news:14a6bdd17b8f0d53aab8484fd94adc29,News,"Dòng tiền thông minh 22/8: NĐT cá nhân chỉ còn bán ròng nhẹ phiên VN-Index quay đầu điều chỉnh, tâm điểm VPB, VNM",,2022-08-22,,14a6bdd17b8f0d53aab8484fd94adc29,test,True,"{""category"": ""ngan_hang"", ""content_length"": ""3633"", ""publication_time_resolution"": ""DATE_ONLY"", ""url"": ""https://vietnambiz.vn/dong-tien-thong-minh-228-ndt-ca-nhan-chi-con-ban-rong-nhe-phien-vn-index-quay-dau-dieu-chinh-tam-diem-vpb-vnm-2022821221717433.htm""}",FINNEXUS_RESEARCH_DATASET_V17_1,FINNEXUS_TEMPORAL_KG_V1_0,CORE,FINNEXUS_LAYERED_KG_V3_0
news:14aff753c1891534b520a3d70387cac7,News,"HSG vượt mệnh giá, em gái Phó Tổng nhanh chóng bán ra hơn 7 triệu cổ phiếu",,2020-05-29,,14aff753c1891534b520a3d70387cac7,train,True,"{""category"": ""chung_khoan"", ""content_length"": ""978"", ""publication_time_resolution"": ""DATE_ONLY"", ""url"": ""https://cafef.vn/hsg-vuot-menh-gia-em-gai-pho-tong-nhanh-chong-ban-ra-hon-7-trieu-co-phieu-20200529100811293.chn""}",FINNEXUS_RESEARCH_DATASET_V17_1,FINNEXUS_TEMPORAL_KG_V1_0,CORE,FINNEXUS_LAYERED_KG_V3_0
news:14bb5a979a079c0d391ba1cf15103ca5,News,"GMD, HBC, NBB, SZE, PVP, APG, TPC, SPV, SUM: Thông tin giao dịch lượng lớn cổ phiếu",,2019-12-19,,14bb5a979a079c0d391ba1cf15103ca5,train,True,"{""category"": ""ngan_hang"", ""content_length"": ""2110"", ""publication_time_resolution"": ""DATE_ONLY"", ""url"": ""https://cafef.vn/gmd-hbc-nbb-sze-pvp-apg-tpc-spv-sum-thong-tin-giao-dich-luong-lon-co-phieu-20191218174130623.chn""}",FINNEXUS_RESEARCH_DATASET_V17_1,FINNEXUS_TEMPORAL_KG_V1_0,CORE,FINNEXUS_LAYERED_KG_V3_0
news:14de459b49d2086dd9cfb66190e8384e,News,"PNJ, GMD, CTF, FTM, KPF, NAF, LMH, NT2, VNT, SFI, NBB, DHC, DP3, TTZ: Thông tin giao dịch lượng lớn cổ phiếu",,2019-09-26,,14de459b49d2086dd9cfb66190e8384e,train,True,"{""category"": ""chung_khoan"", ""content_length"": ""2947"", ""publication_time_resolution"": ""DATE_ONLY"", ""url"": ""https://cafef.vn/pnj-gmd-ctf-ftm-kpf-naf-lmh-nt2-vnt-sfi-nbb-dhc-dp3-ttz-thong-tin-giao-dich-luong-lon-co-phieu-2019092608410716.chn""}",FINNEXUS_RESEARCH_DATASET_V17_1,FINNEXUS_TEMPORAL_KG_V1_0,CORE,FINNEXUS_LAYERED_KG_V3_0
news:14f1657a7057c408affa953474d96e5e,News,Vĩnh Hoàn: Lãi ròng quý 3 giảm 58% xuống 254 tỷ đồng,,2019-10-21,,14f1657a7057c408affa953474d96e5e,train,True,"{""category"": ""ket_qua_kinh_doanh"", ""content_length"": ""1521"", ""publication_time_resolution"": ""DATE_ONLY"", ""url"": ""https://cafef.vn/vinh-hoan-lai-rong-quy-3-giam-58-xuong-254-ty-dong-20191021153251764.chn""}",FINNEXUS_RESEARCH_DATASET_V17_1,FINNEXUS_TEMPORAL_KG_V1_0,CORE,FINNEXUS_LAYERED_KG_V3_0
news:157e2f2c0a20cb55726716033f0451b8,News,"IFC bán 57 triệu cổ phiếu VietinBank, thu về hơn 1.200 tỷ đồng",,2019-11-19,,157e2f2c0a20cb55726716033f0451b8,train,True,"{""category"": ""ngan_hang"", ""content_length"": ""1251"", ""publication_time_resolution"": ""DATE_ONLY"", ""url"": ""https://cafef.vn/ifc-ban-57-trieu-co-phieu-vietinbank-thu-ve-hon-1200-ty-dong-20191119211520174.chn""}",FINNEXUS_RESEARCH_DATASET_V17_1,FINNEXUS_TEMPORAL_KG_V1_0,CORE,FINNEXUS_LAYERED_KG_V3_0
news:15c4083e32363493dc27739ab6c2e4c0,News,SSI ra mắt gói phí giao dịch mới hấp dẫn,,2021-09-06,,15c4083e32363493dc27739ab6c2e4c0,train,True,"{""category"": ""chung_khoan"", ""content_length"": ""2933"", ""publication_time_resolution"": ""DATE_ONLY"", ""url"": ""https://cafef.vn/ssi-ra-mat-goi-phi-giao-dich-moi-hap-dan-20210906084312297.chn""}",FINNEXUS_RESEARCH_DATASET_V17_1,FINNEXUS_TEMPORAL_KG_V1_0,CORE,FINNEXUS_LAYERED_KG_V3_0
news:15eac3cab25d3d1f845e72732ec880ec,News,Pyn Elite Fund đẩy mạnh mua VHM và chứng chỉ quỹ VFMVN Diamond ETF,,2020-12-04,,15eac3cab25d3d1f845e72732ec880ec,train,True,"{""category"": ""co_tuc_phat_hanh"", ""content_length"": ""2108"", ""publication_time_resolution"": ""DATE_ONLY"", ""url"": ""https://cafef.vn/pyn-elite-fund-day-manh-mua-vhm-va-chung-chi-quy-vfmvn-diamond-etf-20201204105150589.chn""}",FINNEXUS_RESEARCH_DATASET_V17_1,FINNEXUS_TEMPORAL_KG_V1_0,CORE,FINNEXUS_LAYERED_KG_V3_0
news:15f1b0f3aaceca0807751f908309110d,News,"Không còn lợi nhuận từ bán vốn, Gemadept báo lãi năm 2019 sụt giảm sâu so với cùng kỳ",,2020-01-24,,15f1b0f3aaceca0807751f908309110d,train,True,"{""category"": ""ket_qua_kinh_doanh"", ""content_length"": ""1530"", ""publication_time_resolution"": ""DATE_ONLY"", ""url"": ""https://cafef.vn/khong-con-loi-nhuan-tu-ban-von-gemadept-bao-lai-nam-2019-sut-giam-sau-so-voi-cung-ky-20200124202040786.chn""}",FINNEXUS_RESEARCH_DATASET_V17_1,FINNEXUS_TEMPORAL_KG_V1_0,CORE,FINNEXUS_LAYERED_KG_V3_0
news:167f0d7e1eaed25fbada92fe7fe98d14,News,"Liên tục ""lướt sóng"", Dragon Capital đã bán gần 1,4 triệu cổ phiếu FPT và không còn là cổ đông lớn",,2021-12-29,,167f0d7e1eaed25fbada92fe7fe98d14,validation,True,"{""category"": ""ket_qua_kinh_doanh"", ""content_length"": ""2035"", ""publication_time_resolution"": ""DATE_ONLY"", ""url"": ""https://cafef.vn/lien-tuc-luot-song-dragon-capital-da-ban-gan-14-trieu-co-phieu-fpt-va-khong-con-la-co-dong-lon-2021122911202359.chn""}",FINNEXUS_RESEARCH_DATASET_V17_1,FINNEXUS_TEMPORAL_KG_V1_0,CORE,FINNEXUS_LAYERED_KG_V3_0
news:16b7b66dfceec8a40e0b8bd3cdcbcd52,News,"Phiên 28/12: Khối ngoại đẩy mạnh bán ròng gần 380 tỷ đồng, tập trung bán HPG, MBB",,2020-12-28,,16b7b66dfceec8a40e0b8bd3cdcbcd52,train,True,"{""category"": ""chung_khoan"", ""content_length"": ""683"", ""publication_time_resolution"": ""DATE_ONLY"", ""url"": ""https://cafef.vn/phien-28-12-khoi-ngoai-day-manh-ban-rong-gan-380-ty-dong-tap-trung-ban-hpg-mbb-20201228162353748.chn""}",FINNEXUS_RESEARCH_DATASET_V17_1,FINNEXUS_TEMPORAL_KG_V1_0,CORE,FINNEXUS_LAYERED_KG_V3_0
news:171a459d3796bf1ab515b0bcc759d9c1,News,"Thị giá về 1x, đã nên bắt đáy cổ phiếu Hoà Phát và ngành thép chưa?",,2022-10-05,,171a459d3796bf1ab515b0bcc759d9c1,test,True,"{""category"": ""co_tuc_phat_hanh"", ""content_length"": ""2498"", ""publication_time_resolution"": ""DATE_ONLY"", ""url"": ""https://cafef.vn/thi-gia-ve-1x-da-nen-bat-day-co-phieu-hoa-phat-va-nganh-thep-chua-20221005091643697.chn""}",FINNEXUS_RESEARCH_DATASET_V17_1,FINNEXUS_TEMPORAL_KG_V1_0,CORE,FINNEXUS_LAYERED_KG_V3_0
news:184cbb2d0625661220e98776b0f005f2,News,"Thị trường hồi phục, Dragon Capital tiếp tục nâng sở hữu FPT Retail (FRT) và Đạm Cà Mau (DCM)",,2022-12-03,,184cbb2d0625661220e98776b0f005f2,test,True,"{""category"": ""ket_qua_kinh_doanh"", ""content_length"": ""2284"", ""publication_time_resolution"": ""DATE_ONLY"", ""url"": ""https://cafef.vn/thi-truong-hoi-phuc-dragon-capital-tiep-tuc-nang-so-huu-fpt-retail-frt-va-dam-ca-mau-dcm-2022120308165039.chn""}",FINNEXUS_RESEARCH_DATASET_V17_1,FINNEXUS_TEMPORAL_KG_V1_0,CORE,FINNEXUS_LAYERED_KG_V3_0
news:1876493557768e76a8fa272675ed4f13,News,Bộ trưởng Công thương thừa nhận chỉ chủ động được 30% nguồn cung xăng dầu,,2022-11-03,,1876493557768e76a8fa272675ed4f13,test,True,"{""category"": ""phap_ly"", ""content_length"": ""7234"", ""publication_time_resolution"": ""DATE_ONLY"", ""url"": ""https://www.tinnhanhchungkhoan.vn/bo-truong-cong-thuong-thua-nhan-chi-chu-dong-duoc-30-nguon-cung-xang-dau-post309171.html""}",FINNEXUS_RESEARCH_DATASET_V17_1,FINNEXUS_TEMPORAL_KG_V1_0,CORE,FINNEXUS_LAYERED_KG_V3_0
news:189266d17cf1adb3757bc1beb85c38d7,News,FPT Telecom (FOX) chốt danh sách cổ đông phát hành 55 triệu cổ phiếu trả cổ tức,,2021-06-08,,189266d17cf1adb3757bc1beb85c38d7,train,True,"{""category"": ""co_tuc_phat_hanh"", ""content_length"": ""1841"", ""publication_time_resolution"": ""DATE_ONLY"", ""url"": ""https://cafef.vn/fpt-telecom-fox-chot-danh-sach-co-dong-phat-hanh-55-trieu-co-phieu-tra-co-tuc-20210608101849335.chn""}",FINNEXUS_RESEARCH_DATASET_V17_1,FINNEXUS_TEMPORAL_KG_V1_0,CORE,FINNEXUS_LAYERED_KG_V3_0
news:18ad943032f930be49625a19c5cb370a,News,"Vĩnh Hoàn (VHC): Doanh thu xuất khẩu tháng 1 tăng 23% lên 777 tỷ đồng, kỳ vọng một năm 2022 tiếp đà tăng trưởng",,2022-02-18,,18ad943032f930be49625a19c5cb370a,validation,True,"{""category"": ""ket_qua_kinh_doanh"", ""content_length"": ""2184"", ""publication_time_resolution"": ""DATE_ONLY"", ""url"": ""https://cafef.vn/vinh-hoan-vhc-doanh-thu-xuat-khau-thang-1-tang-23-len-777-ty-dong-ky-vong-mot-nam-2022-tiep-da-tang-truong-20220218173908383.chn""}",FINNEXUS_RESEARCH_DATASET_V17_1,FINNEXUS_TEMPORAL_KG_V1_0,CORE,FINNEXUS_LAYERED_KG_V3_0
news:18ae6727c8c96d3649b6699defb4fed6,News,"NTP, PPE, IMP, CTI, CT3, HTT, LMH, LDP, VPR, D11: Thông tin giao dịch lượng lớn cổ phiếu",,2019-10-02,,18ae6727c8c96d3649b6699defb4fed6,train,True,"{""category"": ""bat_dong_san"", ""content_length"": ""2249"", ""publication_time_resolution"": ""DATE_ONLY"", ""url"": ""https://cafef.vn/ntp-ppe-imp-cti-ct3-htt-lmh-ldp-vpr-d11-thong-tin-giao-dich-luong-lon-co-phieu-20191002083230316.chn""}",FINNEXUS_RESEARCH_DATASET_V17_1,FINNEXUS_TEMPORAL_KG_V1_0,CORE,FINNEXUS_LAYERED_KG_V3_0
news:18b180ba199d5f01e8649dd7b1ce2869,News,"Chủ tịch MWG: Sẽ tập trung vào dịch vụ, không theo con đường 'đốt tiền' của Lazada, Shopee hay Tiki",,2020-02-22,,18b180ba199d5f01e8649dd7b1ce2869,train,True,"{""category"": ""ket_qua_kinh_doanh"", ""content_length"": ""3743"", ""publication_time_resolution"": ""DATE_ONLY"", ""url"": ""https://cafef.vn/chu-tich-mwg-se-tap-trung-vao-dich-vu-khong-theo-con-duong-dot-tien-cua-lazada-shopee-hay-tiki-20200222111342766.chn""}",FINNEXUS_RESEARCH_DATASET_V17_1,FINNEXUS_TEMPORAL_KG_V1_0,CORE,FINNEXUS_LAYERED_KG_V3_0
news:18f86c6451e9e3dc5793b0462811f025,News,"Giao dịch thỏa thuận lớn GAB, VNM, NVL, GEX phiên VN-Index mất hơn 42 điểm",,2020-03-12,,18f86c6451e9e3dc5793b0462811f025,train,True,"{""category"": ""co_tuc_phat_hanh"", ""content_length"": ""2456"", ""publication_time_resolution"": ""DATE_ONLY"", ""url"": ""https://vietnambiz.vn/giao-dich-thoa-thuan-lon-gab-vnm-nvl-gex-phien-vn-index-mat-hon-42-diem-20200312163456238.htm""}",FINNEXUS_RESEARCH_DATASET_V17_1,FINNEXUS_TEMPORAL_KG_V1_0,CORE,FINNEXUS_LAYERED_KG_V3_0
news:19462181f64e0f28d8582d538f4fa165,News,"Phiên 6/8: Khối ngoại tiếp tục mua ròng nhẹ, tâm điểm mã VNM",,2020-08-06,,19462181f64e0f28d8582d538f4fa165,train,True,"{""category"": ""chung_khoan"", ""content_length"": ""2184"", ""publication_time_resolution"": ""DATE_ONLY"", ""url"": ""https://vietnambiz.vn/phien-6-8-khoi-ngoai-tiep-tuc-mua-rong-nhe-tam-diem-ma-vnm-2020080616515939.htm""}",FINNEXUS_RESEARCH_DATASET_V17_1,FINNEXUS_TEMPORAL_KG_V1_0,CORE,FINNEXUS_LAYERED_KG_V3_0
news:199089dab5db6f09305c794eb9a5565b,News,"DIC Group, Becamex TDC, Phát Đạt, Yeah1 nói gì khi cổ phiếu giảm sàn 5 phiên liên tiếp?",,2022-11-11,,199089dab5db6f09305c794eb9a5565b,test,True,"{""category"": ""ngan_hang"", ""content_length"": ""3391"", ""publication_time_resolution"": ""DATE_ONLY"", ""url"": ""https://vietnambiz.vn/dic-group-becamex-tdc-phat-dat-yeah1-noi-gi-khi-co-phieu-giam-san-5-phien-lien-tiep-20221111174952830.htm""}",FINNEXUS_RESEARCH_DATASET_V17_1,FINNEXUS_TEMPORAL_KG_V1_0,CORE,FINNEXUS_LAYERED_KG_V3_0
news:19bbe6dc77f808f682f27279d6fe77d9,News,"Con trai Chủ tịch Hòa Phát đăng kí mua 20 triệu cổ phiếu HPG, trị giá gần 400 tỉ đồng",,2020-03-12,,19bbe6dc77f808f682f27279d6fe77d9,train,True,"{""category"": ""chung_khoan"", ""content_length"": ""2024"", ""publication_time_resolution"": ""DATE_ONLY"", ""url"": ""https://vietnambiz.vn/con-trai-chu-tich-hoa-phat-dang-ki-mua-20-trieu-co-phieu-hpg-tri-gia-gan-400-ti-dong-20200312175039816.htm""}",FINNEXUS_RESEARCH_DATASET_V17_1,FINNEXUS_TEMPORAL_KG_V1_0,CORE,FINNEXUS_LAYERED_KG_V3_0
news:19be9c606ee9a1d5df931bd1528137a6,News,"42.831 nhà đầu tư nắm giữ cổ phiếu SSI, gồm 246 tổ chức",,2021-08-14,,19be9c606ee9a1d5df931bd1528137a6,train,True,"{""category"": ""co_tuc_phat_hanh"", ""content_length"": ""1501"", ""publication_time_resolution"": ""DATE_ONLY"", ""url"": ""https://vietnambiz.vn/42831-nha-dau-tu-nam-giu-co-phieu-ssi-gom-246-to-chuc-20210814194549042.htm""}",FINNEXUS_RESEARCH_DATASET_V17_1,FINNEXUS_TEMPORAL_KG_V1_0,CORE,FINNEXUS_LAYERED_KG_V3_0
news:1a24f400870550c5ed310021b2dbee5f,News,Novaland triển khai phương án phát hành gần 386 triệu cổ phiếu thưởng cho cổ đông,,2021-05-12,,1a24f400870550c5ed310021b2dbee5f,train,True,"{""category"": ""co_tuc_phat_hanh"", ""content_length"": ""1381"", ""publication_time_resolution"": ""DATE_ONLY"", ""url"": ""https://cafef.vn/novaland-trien-khai-phuong-an-phat-hanh-gan-386-trieu-co-phieu-thuong-cho-co-dong-2021051217145596.chn""}",FINNEXUS_RESEARCH_DATASET_V17_1,FINNEXUS_TEMPORAL_KG_V1_0,CORE,FINNEXUS_LAYERED_KG_V3_0
news:1a8da8eecb91b6b18efa6c90cb4e1e91,News,Chuyên gia SSI mách nước cách dùng triết lý 10.000 cú đá của Lý Tiểu Long vào đầu tư chứng khoán,,2021-10-23,,1a8da8eecb91b6b18efa6c90cb4e1e91,train,True,"{""category"": ""chung_khoan"", ""content_length"": ""4201"", ""publication_time_resolution"": ""DATE_ONLY"", ""url"": ""https://cafef.vn/chuyen-gia-ssi-mach-nuoc-cach-dung-triet-ly-10000-cu-da-cua-ly-tieu-long-vao-dau-tu-chung-khoan-20211023113206753.chn""}",FINNEXUS_RESEARCH_DATASET_V17_1,FINNEXUS_TEMPORAL_KG_V1_0,CORE,FINNEXUS_LAYERED_KG_V3_0
news:1b3b37338a26f554afc4d7d1f6ccb39e,News,"PNJ đạt 685 tỷ đồng lợi nhuận sau thuế sau 5 tháng, tăng 88,4% so với cùng kỳ 2020",,2021-06-21,,1b3b37338a26f554afc4d7d1f6ccb39e,train,True,"{""category"": ""ket_qua_kinh_doanh"", ""content_length"": ""1358"", ""publication_time_resolution"": ""DATE_ONLY"", ""url"": ""https://cafef.vn/pnj-uoc-lai-rong-685-ty-dong-sau-5-thang-tang-884-so-voi-cung-ky-2020-2021062109364672.chn""}",FINNEXUS_RESEARCH_DATASET_V17_1,FINNEXUS_TEMPORAL_KG_V1_0,CORE,FINNEXUS_LAYERED_KG_V3_0
news:1b4c0ce883a9bb285aaaa5cfaef4214b,News,VietinBank Securities thông qua phương án trả cổ tức cổ phiếu tỷ lệ 8%,,2022-01-10,,1b4c0ce883a9bb285aaaa5cfaef4214b,validation,True,"{""category"": ""co_tuc_phat_hanh"", ""content_length"": ""1843"", ""publication_time_resolution"": ""DATE_ONLY"", ""url"": ""https://vietstock.vn/2022/01/vietinbank-securities-thong-qua-phuong-an-tra-co-tuc-co-phieu-ty-le-8-738-923467.htm""}",FINNEXUS_RESEARCH_DATASET_V17_1,FINNEXUS_TEMPORAL_KG_V1_0,CORE,FINNEXUS_LAYERED_KG_V3_0
news:1b5132ac952191f02283c1741908df2a,News,"VCBS đánh giá cao khả năng giàn PVD TAD V có việc, dự báo hoạt động kinh doanh PVD năm 2020 khả quan",,2019-09-19,,1b5132ac952191f02283c1741908df2a,train,True,"{""category"": ""ket_qua_kinh_doanh"", ""content_length"": ""4300"", ""publication_time_resolution"": ""DATE_ONLY"", ""url"": ""https://cafef.vn/vcbs-danh-gia-cao-kha-nang-gian-pvd-tad-v-co-viec-du-bao-hoat-dong-kinh-doanh-pvd-nam-2020-kha-quan-20190919162854921.chn""}",FINNEXUS_RESEARCH_DATASET_V17_1,FINNEXUS_TEMPORAL_KG_V1_0,CORE,FINNEXUS_LAYERED_KG_V3_0
news:1b536c5dfd627a2fac6045ab132742ef,News,Viconship sẽ trả cổ tức cổ phiếu 2021 vào quý II hoặc III,,2022-06-02,,1b536c5dfd627a2fac6045ab132742ef,test,True,"{""category"": ""co_tuc_phat_hanh"", ""content_length"": ""1208"", ""publication_time_resolution"": ""DATE_ONLY"", ""url"": ""https://cafef.vn/viconship-se-tra-co-tuc-co-phieu-2021-vao-quy-ii-hoac-iii-20220602114036673.chn""}",FINNEXUS_RESEARCH_DATASET_V17_1,FINNEXUS_TEMPORAL_KG_V1_0,CORE,FINNEXUS_LAYERED_KG_V3_0
news:1b7972fa7ab868cf7022e8770e29222f,News,4 cổ đông lớn bán hơn 24 triệu cổ phiếu Viconship sau tin chào bán riêng lẻ giá thấp,,2022-08-26,,1b7972fa7ab868cf7022e8770e29222f,test,True,"{""category"": ""co_tuc_phat_hanh"", ""content_length"": ""3898"", ""publication_time_resolution"": ""DATE_ONLY"", ""url"": ""https://cafef.vn/4-co-dong-lon-ban-hon-24-trieu-co-phieu-viconship-sau-tin-chao-ban-rieng-le-gia-thap-20220826112008656.chn""}",FINNEXUS_RESEARCH_DATASET_V17_1,FINNEXUS_TEMPORAL_KG_V1_0,CORE,FINNEXUS_LAYERED_KG_V3_0
news:1baaac6b0be8610f2eb1af47f93732ac,News,"MWG, FLC, MBB, PME, PAC, KSD, FID, BCF, DHP: Thông tin giao dịch lượng lớn cổ phiếu",,2020-11-09,,1baaac6b0be8610f2eb1af47f93732ac,train,True,"{""category"": ""ngan_hang"", ""content_length"": ""2127"", ""publication_time_resolution"": ""DATE_ONLY"", ""url"": ""https://cafef.vn/mwg-flc-mbb-pme-pac-ksd-fid-bcf-dhp-thong-tin-giao-dich-luong-lon-co-phieu-20201109080756568.chn""}",FINNEXUS_RESEARCH_DATASET_V17_1,FINNEXUS_TEMPORAL_KG_V1_0,CORE,FINNEXUS_LAYERED_KG_V3_0
news:1bf0e7f0c749680a872a54f5fa0713ab,News,Đại hội đồng cổ đông Vietjet: Cổ đông nhận cổ tức 50% bằng cổ phiếu,,2020-06-27,,1bf0e7f0c749680a872a54f5fa0713ab,train,True,"{""category"": ""co_tuc_phat_hanh"", ""content_length"": ""4270"", ""publication_time_resolution"": ""DATE_ONLY"", ""url"": ""https://cafef.vn/dai-hoi-dong-co-dong-vietjet-co-dong-nhan-co-tuc-50-bang-co-phieu-20200627114546576.chn""}",FINNEXUS_RESEARCH_DATASET_V17_1,FINNEXUS_TEMPORAL_KG_V1_0,CORE,FINNEXUS_LAYERED_KG_V3_0
news:1c6271ddf1b909979d087ee2114bf0ad,News,"Cổ phiếu tâm điểm ngày 22/4: PHR, PVB, DPM",,2020-04-21,,1c6271ddf1b909979d087ee2114bf0ad,train,True,"{""category"": ""ngan_hang"", ""content_length"": ""3010"", ""publication_time_resolution"": ""DATE_ONLY"", ""url"": ""https://vietnambiz.vn/co-phieu-tam-diem-ngay-22-4-phr-pvb-dpm-20200421220338932.htm""}",FINNEXUS_RESEARCH_DATASET_V17_1,FINNEXUS_TEMPORAL_KG_V1_0,CORE,FINNEXUS_LAYERED_KG_V3_0
news:1c805e1eaac33c38673985d841ed5ae7,News,"Đạm Phú Mỹ (DPM) báo lãi 703 tỷ đồng năm 2020, tăng 81% so với cùng kỳ",,2021-01-29,,1c805e1eaac33c38673985d841ed5ae7,train,True,"{""category"": ""ket_qua_kinh_doanh"", ""content_length"": ""2763"", ""publication_time_resolution"": ""DATE_ONLY"", ""url"": ""https://cafef.vn/dam-phu-my-dpm-bao-lai-703-ty-dong-nam-2020-tang-81-so-voi-cung-ky-20210129134142642.chn""}",FINNEXUS_RESEARCH_DATASET_V17_1,FINNEXUS_TEMPORAL_KG_V1_0,CORE,FINNEXUS_LAYERED_KG_V3_0
news:1c8505cb542aa25f1f507d5f837afe55,News,Việt Nam nhập 80% dầu thô và xăng dầu thành phẩm,,2022-11-16,,1c8505cb542aa25f1f507d5f837afe55,test,True,"{""category"": ""phap_ly"", ""content_length"": ""6093"", ""publication_time_resolution"": ""DATE_ONLY"", ""url"": ""https://www.tinnhanhchungkhoan.vn/viet-nam-nhap-80-dau-tho-va-xang-dau-thanh-pham-post310107.html""}",FINNEXUS_RESEARCH_DATASET_V17_1,FINNEXUS_TEMPORAL_KG_V1_0,CORE,FINNEXUS_LAYERED_KG_V3_0
news:1c90adfa5759bfd5e95061cc7bfb749f,News,"Pomina (POM) lỗ tiếp 88 tỷ đồng trong quý 2, nâng tổng lỗ 6 tháng đầu năm lên 144 tỷ đồng",,2020-08-06,,1c90adfa5759bfd5e95061cc7bfb749f,train,True,"{""category"": ""ket_qua_kinh_doanh"", ""content_length"": ""2472"", ""publication_time_resolution"": ""DATE_ONLY"", ""url"": ""https://cafef.vn/pomina-pom-lo-tiep-88-ty-dong-trong-quy-2-nang-tong-lo-6-thang-dau-nam-len-144-ty-dong-2020080615575795.chn""}",FINNEXUS_RESEARCH_DATASET_V17_1,FINNEXUS_TEMPORAL_KG_V1_0,CORE,FINNEXUS_LAYERED_KG_V3_0
news:1d07008e10da4989ca8bab0a148eb89a,News,"ĐHĐCĐ SGN: Nhóm cổ đông lớn SSI giới thiệu thêm 1 thành viên BKS nhiệm kỳ 2020-2025, đặt chỉ tiêu kinh doanh thận trọng trước lo ngại Covid-19",,2020-06-04,,1d07008e10da4989ca8bab0a148eb89a,train,True,"{""category"": ""co_tuc_phat_hanh"", ""content_length"": ""2704"", ""publication_time_resolution"": ""DATE_ONLY"", ""url"": ""https://cafef.vn/dhdcd-sgn-nhom-co-dong-lon-ssi-gioi-thieu-them-1-thanh-vien-bks-nhiem-ky-2020-2025-dat-chi-tieu-kinh-doanh-than-trong-truoc-lo-ngai-covid-19-20200604114355746.chn""}",FINNEXUS_RESEARCH_DATASET_V17_1,FINNEXUS_TEMPORAL_KG_V1_0,CORE,FINNEXUS_LAYERED_KG_V3_0
news:1d6482f8eda71e81836ba8d721cebe19,News,"MSN, MWG, DID, GKM, ITC, DTL, AAV, NSH, TNA, HAX, NED, BNA, SMT, TDM: Thông tin giao dịch lượng lớn cổ phiếu",,2021-09-28,,1d6482f8eda71e81836ba8d721cebe19,train,True,"{""category"": ""bat_dong_san"", ""content_length"": ""3962"", ""publication_time_resolution"": ""DATE_ONLY"", ""url"": ""https://cafef.vn/msn-mwg-did-gkm-itc-dtl-aav-nsh-tna-hax-ned-bna-smt-tdm-thong-tin-giao-dich-luong-lon-co-phieu-20210927180631004.chn""}",FINNEXUS_RESEARCH_DATASET_V17_1,FINNEXUS_TEMPORAL_KG_V1_0,CORE,FINNEXUS_LAYERED_KG_V3_0
news:1d9474102537686581ae04f53847e1d8,News,"Phát Đạt (PDR) báo lãi 121 tỷ đồng quý 2, tăng 37% so với cùng kỳ",,2020-07-21,,1d9474102537686581ae04f53847e1d8,train,True,"{""category"": ""ket_qua_kinh_doanh"", ""content_length"": ""2030"", ""publication_time_resolution"": ""DATE_ONLY"", ""url"": ""https://cafef.vn/phat-dat-pdr-bao-lai-121-ty-dong-quy-2-tang-37-so-voi-cung-ky-20200721090004486.chn""}",FINNEXUS_RESEARCH_DATASET_V17_1,FINNEXUS_TEMPORAL_KG_V1_0,CORE,FINNEXUS_LAYERED_KG_V3_0
news:1e13a466a08070e4192ec3b1ae7cd6ba,News,"Lợi nhuận quý 4 của Vietnam Airlines xuống thấp nhất từ khi lên sàn, cả năm vẫn lãi cao kỷ lục",,2019-12-30,,1e13a466a08070e4192ec3b1ae7cd6ba,train,True,"{""category"": ""ket_qua_kinh_doanh"", ""content_length"": ""1901"", ""publication_time_resolution"": ""DATE_ONLY"", ""url"": ""https://cafef.vn/loi-nhuan-quy-4-cua-vietnam-airlines-xuong-thap-nhat-tu-khi-len-san-20191230110530513.chn""}",FINNEXUS_RESEARCH_DATASET_V17_1,FINNEXUS_TEMPORAL_KG_V1_0,CORE,FINNEXUS_LAYERED_KG_V3_0
news:1e76241f5bb7d5e87733184fabedcc6a,News,Nhóm Dragon Capital sang tay 2 triệu cổ phiếu MWG cho quỹ Singapore,,2019-10-25,,1e76241f5bb7d5e87733184fabedcc6a,train,True,"{""category"": ""chung_khoan"", ""content_length"": ""1186"", ""publication_time_resolution"": ""DATE_ONLY"", ""url"": ""https://cafef.vn/nhom-dragon-capital-sang-tay-2-trieu-co-phieu-mwg-cho-quy-singapore-2019102510562675.chn""}",FINNEXUS_RESEARCH_DATASET_V17_1,FINNEXUS_TEMPORAL_KG_V1_0,CORE,FINNEXUS_LAYERED_KG_V3_0
news:1e82ca7e37ec8a61cb481d5bc0e2d500,News,Hoa Sen chuẩn bị phát hành gần 100 triệu cổ phiếu trả cổ tức,,2022-08-04,,1e82ca7e37ec8a61cb481d5bc0e2d500,test,True,"{""category"": ""co_tuc_phat_hanh"", ""content_length"": ""1409"", ""publication_time_resolution"": ""DATE_ONLY"", ""url"": ""https://cafef.vn/hoa-sen-chuan-bi-phat-hanh-gan-100-trieu-co-phieu-tra-co-tuc-20220804143854875.chn""}",FINNEXUS_RESEARCH_DATASET_V17_1,FINNEXUS_TEMPORAL_KG_V1_0,CORE,FINNEXUS_LAYERED_KG_V3_0
news:1f1c007992dfc1af860c512d02b6a709,News,Thử nghiệm thành công Điện Máy Xanh Super Mini là lời giải cho độ 'hot' của cổ phiếu MWG?,,2020-09-11,,1f1c007992dfc1af860c512d02b6a709,train,True,"{""category"": ""ket_qua_kinh_doanh"", ""content_length"": ""4769"", ""publication_time_resolution"": ""DATE_ONLY"", ""url"": ""https://vietnambiz.vn/thu-nghiem-thanh-cong-dien-may-xanh-super-mini-la-loi-giai-cho-do-hot-cua-co-phieu-mwg-20200911120722922.htm""}",FINNEXUS_RESEARCH_DATASET_V17_1,FINNEXUS_TEMPORAL_KG_V1_0,CORE,FINNEXUS_LAYERED_KG_V3_0
news:2012b3d43d15a9c9b114e46c7c313112,News,"Chứng khoán SSI tăng 67% LNTT trong quý 1/2022, đạt 883 tỷ đồng",,2022-04-20,,2012b3d43d15a9c9b114e46c7c313112,validation,True,"{""category"": ""ket_qua_kinh_doanh"", ""content_length"": ""1531"", ""publication_time_resolution"": ""DATE_ONLY"", ""url"": ""https://cafef.vn/chung-khoan-ssi-tang-67-lntt-trong-quy-1-2022-dat-883-ty-dong-20220420144539519.chn""}",FINNEXUS_RESEARCH_DATASET_V17_1,FINNEXUS_TEMPORAL_KG_V1_0,CORE,FINNEXUS_LAYERED_KG_V3_0
news:20578e2f378e27067df9d6a79847c6b5,News,PV GAS: LNST quý 2/2021 tăng 31% lên 2.245 tỷ đồng,,2021-07-08,,20578e2f378e27067df9d6a79847c6b5,train,True,"{""category"": ""ket_qua_kinh_doanh"", ""content_length"": ""1756"", ""publication_time_resolution"": ""DATE_ONLY"", ""url"": ""https://cafef.vn/pv-gas-lnst-quy-2-2021-tang-31-len-2245-ty-dong-20210708082016455.chn""}",FINNEXUS_RESEARCH_DATASET_V17_1,FINNEXUS_TEMPORAL_KG_V1_0,CORE,FINNEXUS_LAYERED_KG_V3_0
news:205fd831c117aa849874b65662efb1e0,News,"MWG, HPG, PXL, SMB, LMH, S4A, AST, TCO, STK, NDC, EVG, CTI, NVT, BMF, DNP, SPV, GDP: Thông tin giao dịch lượng lớn cổ phiếu",,2019-09-14,,205fd831c117aa849874b65662efb1e0,train,True,"{""category"": ""chung_khoan"", ""content_length"": ""3758"", ""publication_time_resolution"": ""DATE_ONLY"", ""url"": ""https://cafef.vn/mwg-hpg-pxl-smb-lmh-s4a-ast-tco-stk-ndc-evg-cti-nvt-bmf-dnp-spv-gdp-thong-tin-giao-dich-luong-lon-co-phieu-20190914091717968.chn""}",FINNEXUS_RESEARCH_DATASET_V17_1,FINNEXUS_TEMPORAL_KG_V1_0,CORE,FINNEXUS_LAYERED_KG_V3_0
news:20790664766b21cbdc7a5bfed7aaaa02,News,"“Cổ phiếu quốc dân” HPG xuống đáy 2 năm, cá nhân ngậm ngùi ôm lỗ, cá mập cũng đành mắc cạn",,2022-10-25,,20790664766b21cbdc7a5bfed7aaaa02,test,True,"{""category"": ""ket_qua_kinh_doanh"", ""content_length"": ""6012"", ""publication_time_resolution"": ""DATE_ONLY"", ""url"": ""https://cafef.vn/co-phieu-quoc-dan-hpg-xuong-day-2-nam-ca-nhan-ngam-ngui-om-lo-ca-map-cung-danh-mac-can-20221024214734759.chn""}",FINNEXUS_RESEARCH_DATASET_V17_1,FINNEXUS_TEMPORAL_KG_V1_0,CORE,FINNEXUS_LAYERED_KG_V3_0
news:209468b45350bcccde29a4e5bc09ed04,News,Bộ tiêu chí 4M và câu chuyện cổ phiếu CTR,,2021-12-10,,209468b45350bcccde29a4e5bc09ed04,train,True,"{""category"": ""co_tuc_phat_hanh"", ""content_length"": ""4812"", ""publication_time_resolution"": ""DATE_ONLY"", ""url"": ""https://cafef.vn/bo-tieu-chi-4m-va-cau-chuyen-co-phieu-ctr-20211210113536785.chn""}",FINNEXUS_RESEARCH_DATASET_V17_1,FINNEXUS_TEMPORAL_KG_V1_0,CORE,FINNEXUS_LAYERED_KG_V3_0
news:20f8c810832f023728757ea6aac87a0a,News,"Cơ Điện Lạnh (REE): Quý IV/2020, thủy điện và cấp nước thuận lợi giúp lợi nhuận tăng 39%",,2021-01-30,,20f8c810832f023728757ea6aac87a0a,train,True,"{""category"": ""ket_qua_kinh_doanh"", ""content_length"": ""1758"", ""publication_time_resolution"": ""DATE_ONLY"", ""url"": ""https://www.tinnhanhchungkhoan.vn/co-dien-lanh-ree-quy-iv2020-thuy-dien-va-cap-nuoc-thuan-loi-giup-loi-nhuan-tang-39-post261121.html""}",FINNEXUS_RESEARCH_DATASET_V17_1,FINNEXUS_TEMPORAL_KG_V1_0,CORE,FINNEXUS_LAYERED_KG_V3_0
news:21041e4b06643a9e2fa54773bdf7dfcb,News,Quỹ Singapore trở thành cổ đông lớn của Vinhomes,,2022-06-07,,21041e4b06643a9e2fa54773bdf7dfcb,test,True,"{""category"": ""co_tuc_phat_hanh"", ""content_length"": ""1122"", ""publication_time_resolution"": ""DATE_ONLY"", ""url"": ""https://vietnambiz.vn/quy-singapore-tro-thanh-co-dong-lon-cua-vinhomes-202267172116446.htm""}",FINNEXUS_RESEARCH_DATASET_V17_1,FINNEXUS_TEMPORAL_KG_V1_0,CORE,FINNEXUS_LAYERED_KG_V3_0
news:214c7249d171ed1a4438a843fec6f58c,News,"Cổ phiếu tâm điểm 6/4: VND, IPA, ELC",,2022-04-05,,214c7249d171ed1a4438a843fec6f58c,validation,True,"{""category"": ""chung_khoan"", ""content_length"": ""2246"", ""publication_time_resolution"": ""DATE_ONLY"", ""url"": ""https://vietnambiz.vn/co-phieu-tam-diem-64-vnd-ipa-elc-202245155031634.htm""}",FINNEXUS_RESEARCH_DATASET_V17_1,FINNEXUS_TEMPORAL_KG_V1_0,CORE,FINNEXUS_LAYERED_KG_V3_0
news:2180572d6bf68186e2eee9fd7852941c,News,"Phiên 21/6: Khối ngoại đẩy mạnh bán ròng hơn 1.100 tỷ đồng, tập trung “xả” NVL, HPG",,2021-06-21,,2180572d6bf68186e2eee9fd7852941c,train,True,"{""category"": ""chung_khoan"", ""content_length"": ""738"", ""publication_time_resolution"": ""DATE_ONLY"", ""url"": ""https://cafef.vn/phien-21-6-khoi-ngoai-day-manh-ban-rong-hon-1100-ty-dong-tap-trung-xa-nvl-hpg-20210621153043545.chn""}",FINNEXUS_RESEARCH_DATASET_V17_1,FINNEXUS_TEMPORAL_KG_V1_0,CORE,FINNEXUS_LAYERED_KG_V3_0
news:21be6a35845fd4d327f2ddc7a9defc62,News,Công ty riêng của tỷ phú Nguyễn Đăng Quang chi 280 tỷ mua thêm cổ phiếu Masan,,2021-09-27,,21be6a35845fd4d327f2ddc7a9defc62,train,True,"{""category"": ""chung_khoan"", ""content_length"": ""1816"", ""publication_time_resolution"": ""DATE_ONLY"", ""url"": ""https://vietnambiz.vn/cong-ty-rieng-cua-ty-phu-nguyen-dang-quang-chi-280-ty-mua-them-co-phieu-masan-20210927145108607.htm""}",FINNEXUS_RESEARCH_DATASET_V17_1,FINNEXUS_TEMPORAL_KG_V1_0,CORE,FINNEXUS_LAYERED_KG_V3_0
news:21e0c65b8e221c8f3fe74d4358d6dc11,News,"Cổ phiếu tâm điểm 9/6: GVR, POW, MSH",,2022-06-08,,21e0c65b8e221c8f3fe74d4358d6dc11,test,True,"{""category"": ""chung_khoan"", ""content_length"": ""1894"", ""publication_time_resolution"": ""DATE_ONLY"", ""url"": ""https://vietnambiz.vn/co-phieu-tam-diem-96-gvr-pow-msh-202268171325392.htm""}",FINNEXUS_RESEARCH_DATASET_V17_1,FINNEXUS_TEMPORAL_KG_V1_0,CORE,FINNEXUS_LAYERED_KG_V3_0
news:2214085f1d74a8ac0d69ff05b6e29f15,News,"Giúp bữa ăn hàng triệu gia đình thêm đậm đà, Masan và Cholimex Food thu về cả chục nghìn tỷ mỗi năm từ tương ớt, nước mắm",,2022-06-13,,2214085f1d74a8ac0d69ff05b6e29f15,test,True,"{""category"": ""ket_qua_kinh_doanh"", ""content_length"": ""3079"", ""publication_time_resolution"": ""DATE_ONLY"", ""url"": ""https://cafef.vn/giup-bua-an-hang-trieu-gia-dinh-them-dam-da-masan-va-cholimex-food-thu-ve-ca-chuc-nghin-ty-moi-nam-tu-tuong-ot-nuoc-mam-20220613023311849.chn""}",FINNEXUS_RESEARCH_DATASET_V17_1,FINNEXUS_TEMPORAL_KG_V1_0,CORE,FINNEXUS_LAYERED_KG_V3_0
news:222f523c1d6e1d1f5a6bcc44287198bb,News,"Phiên 7/1: Khối ngoại đảo chiều bán ròng hơn 340 tỷ đồng, tập trung xả HPG",,2021-01-07,,222f523c1d6e1d1f5a6bcc44287198bb,train,True,"{""category"": ""ngan_hang"", ""content_length"": ""2538"", ""publication_time_resolution"": ""DATE_ONLY"", ""url"": ""https://vietnambiz.vn/phien-7-1-khoi-ngoai-dao-chieu-ban-rong-hon-340-ty-dong-tap-trung-xa-hpg-20210107163257072.htm""}",FINNEXUS_RESEARCH_DATASET_V17_1,FINNEXUS_TEMPORAL_KG_V1_0,CORE,FINNEXUS_LAYERED_KG_V3_0
news:226f79be455764e01d31524c0c1ab423,News,Vietinbank Securities – Dấu ấn 20 năm,,2020-09-01,,226f79be455764e01d31524c0c1ab423,train,True,"{""category"": ""ket_qua_kinh_doanh"", ""content_length"": ""4478"", ""publication_time_resolution"": ""DATE_ONLY"", ""url"": ""https://cafef.vn/vietinbank-securities-dau-an-20-nam-20200831105633278.chn""}",FINNEXUS_RESEARCH_DATASET_V17_1,FINNEXUS_TEMPORAL_KG_V1_0,CORE,FINNEXUS_LAYERED_KG_V3_0
news:228ce3c1ba810e03d1b8736e318eae6d,News,Thế giới Di động: Lãi ròng tháng 1 tăng 22% lên đạt 553 tỷ đồng,,2020-02-21,,228ce3c1ba810e03d1b8736e318eae6d,train,True,"{""category"": ""ket_qua_kinh_doanh"", ""content_length"": ""2188"", ""publication_time_resolution"": ""DATE_ONLY"", ""url"": ""https://cafef.vn/the-gioi-di-dong-lai-rong-thang-1-tang-22-len-dat-553-ty-dong-20200221152330782.chn""}",FINNEXUS_RESEARCH_DATASET_V17_1,FINNEXUS_TEMPORAL_KG_V1_0,CORE,FINNEXUS_LAYERED_KG_V3_0
news:228da17c1934d92a6a6169abda31512c,News,"VDSC: Lợi nhuận quý 4 Hòa Phát có thể đạt 10.430 tỷ đồng, gấp hơn 2 lần cùng kỳ",,2021-12-25,,228da17c1934d92a6a6169abda31512c,validation,True,"{""category"": ""co_tuc_phat_hanh"", ""content_length"": ""3022"", ""publication_time_resolution"": ""DATE_ONLY"", ""url"": ""https://cafef.vn/vdsc-loi-nhuan-quy-4-hoa-phat-co-the-dat-10430-ty-dong-gap-hon-2-lan-cung-ky-20211224173654881.chn""}",FINNEXUS_RESEARCH_DATASET_V17_1,FINNEXUS_TEMPORAL_KG_V1_0,CORE,FINNEXUS_LAYERED_KG_V3_0
news:229ae2dd62ab2205317464e88c0f1388,News,"Tundra tăng nắm giữ tiền mặt, giảm tỷ trọng cổ phiếu FPT trong tháng 5",,2019-06-07,,229ae2dd62ab2205317464e88c0f1388,train,True,"{""category"": ""co_tuc_phat_hanh"", ""content_length"": ""2696"", ""publication_time_resolution"": ""DATE_ONLY"", ""url"": ""https://cafef.vn/tundra-tang-nam-giu-tien-mat-giam-ty-trong-co-phieu-fpt-trong-thang-5-20190607115405599.chn""}",FINNEXUS_RESEARCH_DATASET_V17_1,FINNEXUS_TEMPORAL_KG_V1_0,CORE,FINNEXUS_LAYERED_KG_V3_0
news:22ab63882cd6cb336e349193bb4663a4,News,"Cổ phiếu tâm điểm 23/6: FPT, LCG, HII",,2021-06-22,,22ab63882cd6cb336e349193bb4663a4,train,True,"{""category"": ""ngan_hang"", ""content_length"": ""2473"", ""publication_time_resolution"": ""DATE_ONLY"", ""url"": ""https://vietnambiz.vn/co-phieu-tam-diem-23-6-fpt-lcg-hii-20210622174651656.htm""}",FINNEXUS_RESEARCH_DATASET_V17_1,FINNEXUS_TEMPORAL_KG_V1_0,CORE,FINNEXUS_LAYERED_KG_V3_0
news:22b2984250a6a1bf5216871268584bb6,News,Viconship (VSC) báo lãi quý 1 tăng trưởng 43% so với cùng kỳ lên 110 tỷ đồng,,2022-04-29,,22b2984250a6a1bf5216871268584bb6,validation,True,"{""category"": ""co_tuc_phat_hanh"", ""content_length"": ""2038"", ""publication_time_resolution"": ""DATE_ONLY"", ""url"": ""https://cafef.vn/viconship-vsc-bao-lai-quy-1-tang-truong-43-so-voi-cung-ky-len-110-ty-dong-20220429125711833.chn""}",FINNEXUS_RESEARCH_DATASET_V17_1,FINNEXUS_TEMPORAL_KG_V1_0,CORE,FINNEXUS_LAYERED_KG_V3_0
news:2305f741197b147b71f798088a7ca9a7,News,KDH: Tổ chức Đại hội đồng cổ đông thường niên năm 2021,,2021-04-28,,2305f741197b147b71f798088a7ca9a7,train,True,"{""category"": ""co_tuc_phat_hanh"", ""content_length"": ""2159"", ""publication_time_resolution"": ""DATE_ONLY"", ""url"": ""https://cafef.vn/kdh-to-chuc-dai-hoi-dong-co-dong-thuong-nien-nam-2021-20210426110403834.chn""}",FINNEXUS_RESEARCH_DATASET_V17_1,FINNEXUS_TEMPORAL_KG_V1_0,CORE,FINNEXUS_LAYERED_KG_V3_0
news:23e61353e367feb0bfb4858ae53687cb,News,“Soi mã thần tài” – Tựa game thú vị cùng nhà đầu tư SSI đón năm mới,,2022-01-20,,23e61353e367feb0bfb4858ae53687cb,validation,True,"{""category"": ""chung_khoan"", ""content_length"": ""3155"", ""publication_time_resolution"": ""DATE_ONLY"", ""url"": ""https://cafef.vn/soi-ma-than-tai-tua-game-thu-vi-cung-nha-dau-tu-ssi-don-nam-moi-20220119221445119.chn""}",FINNEXUS_RESEARCH_DATASET_V17_1,FINNEXUS_TEMPORAL_KG_V1_0,CORE,FINNEXUS_LAYERED_KG_V3_0
news:2422fe3ab748ad2f94c4a9a2a8f8fdc8,News,VNDirect: Ít có khả năng có đợt tăng lãi suất điều hành tiếp theo trong năm 2022,,2022-09-23,,2422fe3ab748ad2f94c4a9a2a8f8fdc8,test,True,"{""category"": ""ket_qua_kinh_doanh"", ""content_length"": ""3949"", ""publication_time_resolution"": ""DATE_ONLY"", ""url"": ""https://cafef.vn/vndirect-it-co-kha-nang-co-dot-tang-lai-suat-dieu-hanh-tiep-theo-trong-nam2022-20220922193632419.chn""}",FINNEXUS_RESEARCH_DATASET_V17_1,FINNEXUS_TEMPORAL_KG_V1_0,CORE,FINNEXUS_LAYERED_KG_V3_0
news:24697591326d3c7cf00046bed8299216,News,"Cổ phiếu tâm điểm 26/5: FRT, DGW, VOS",,2022-05-25,,24697591326d3c7cf00046bed8299216,test,True,"{""category"": ""ket_qua_kinh_doanh"", ""content_length"": ""1937"", ""publication_time_resolution"": ""DATE_ONLY"", ""url"": ""https://vietnambiz.vn/co-phieu-tam-diem-265-frt-dgw-vos-2022525194158610.htm""}",FINNEXUS_RESEARCH_DATASET_V17_1,FINNEXUS_TEMPORAL_KG_V1_0,CORE,FINNEXUS_LAYERED_KG_V3_0
news:24c1826c54e0c94d88d486fb5fe37ee3,News,Vĩnh Hoàn (VHC): Con gái Chủ tịch Trương Thị Lệ Khanh được bổ nhiệm làm Giám đốc khối chiến lược,,2021-08-28,,24c1826c54e0c94d88d486fb5fe37ee3,train,True,"{""category"": ""ket_qua_kinh_doanh"", ""content_length"": ""2524"", ""publication_time_resolution"": ""DATE_ONLY"", ""url"": ""https://cafef.vn/vinh-hoan-vhc-con-gai-chu-tich-truong-thi-le-khanh-duoc-bo-nhiem-lam-giam-doc-khoi-chien-luoc-20210828084238137.chn""}",FINNEXUS_RESEARCH_DATASET_V17_1,FINNEXUS_TEMPORAL_KG_V1_0,CORE,FINNEXUS_LAYERED_KG_V3_0
news:253c3217501208fbb3269b30a225d44e,News,"Cổ phiếu tâm điểm 11/5: PDR, MSH, DGW",,2022-05-10,,253c3217501208fbb3269b30a225d44e,validation,True,"{""category"": ""ket_qua_kinh_doanh"", ""content_length"": ""3160"", ""publication_time_resolution"": ""DATE_ONLY"", ""url"": ""https://vietnambiz.vn/co-phieu-tam-diem-115-pdr-msh-dgw-202251019395663.htm""}",FINNEXUS_RESEARCH_DATASET_V17_1,FINNEXUS_TEMPORAL_KG_V1_0,CORE,FINNEXUS_LAYERED_KG_V3_0
news:2580d072a04b1cacfd2386583765697c,News,VietinBank (CTG) sắp chi gần 1.900 tỷ đồng trả cổ tức bằng tiền tỷ lệ 5%,,2020-12-10,,2580d072a04b1cacfd2386583765697c,train,True,"{""category"": ""co_tuc_phat_hanh"", ""content_length"": ""1154"", ""publication_time_resolution"": ""DATE_ONLY"", ""url"": ""https://cafef.vn/vietinbank-ctg-sap-chi-gan-1900-ty-dong-tra-co-tuc-bang-tien-ty-le-5-20201210112701998.chn""}",FINNEXUS_RESEARCH_DATASET_V17_1,FINNEXUS_TEMPORAL_KG_V1_0,CORE,FINNEXUS_LAYERED_KG_V3_0
news:25f114b62898a86611e73b3f724acbe4,News,Nhóm quĩ KIM tiếp tục bán 700.000 cổ phiếu NKG,,2020-09-22,,25f114b62898a86611e73b3f724acbe4,train,True,"{""category"": ""ket_qua_kinh_doanh"", ""content_length"": ""1204"", ""publication_time_resolution"": ""DATE_ONLY"", ""url"": ""https://vietnambiz.vn/nhom-qui-kim-tiep-tuc-ban-700000-co-phieu-nkg-20200922103939204.htm""}",FINNEXUS_RESEARCH_DATASET_V17_1,FINNEXUS_TEMPORAL_KG_V1_0,CORE,FINNEXUS_LAYERED_KG_V3_0
news:260cd13a9e23aa6c092915e1893a09e4,News,"Một cổ phiếu vận tải biển tăng trần 6 phiên, giá gấp 3 lần đầu năm sau khi ACB thoái vốn",,2021-06-22,,260cd13a9e23aa6c092915e1893a09e4,train,True,"{""category"": ""ket_qua_kinh_doanh"", ""content_length"": ""1986"", ""publication_time_resolution"": ""DATE_ONLY"", ""url"": ""https://vietnambiz.vn/mot-co-phieu-van-tai-bien-tang-tran-6-phien-gia-gap-3-lan-dau-nam-sau-khi-acb-thoai-von-20210622075234439.htm""}",FINNEXUS_RESEARCH_DATASET_V17_1,FINNEXUS_TEMPORAL_KG_V1_0,CORE,FINNEXUS_LAYERED_KG_V3_0
news:26a8129c397ede8a149ebb14b6205449,News,"HDB, STB, TNI, DRH, VID, HPW, POB, ILC, TDP, STW, SD6: Thông tin giao dịch lượng lớn cổ phiếu",,2020-06-16,,26a8129c397ede8a149ebb14b6205449,train,True,"{""category"": ""ngan_hang"", ""content_length"": ""2415"", ""publication_time_resolution"": ""DATE_ONLY"", ""url"": ""https://cafef.vn/hdb-stb-tni-drh-vid-hpw-pob-ilc-tdp-stw-sd6-thong-tin-giao-dich-luong-lon-co-phieu-20200615172728718.chn""}",FINNEXUS_RESEARCH_DATASET_V17_1,FINNEXUS_TEMPORAL_KG_V1_0,CORE,FINNEXUS_LAYERED_KG_V3_0
news:27c94876d9307f63cf2376280f4e5fb1,News,"Phiên 9/1: Khối ngoại trở lại mua ròng, tập trung ""gom"" PNJ",,2020-01-09,,27c94876d9307f63cf2376280f4e5fb1,train,True,"{""category"": ""chung_khoan"", ""content_length"": ""683"", ""publication_time_resolution"": ""DATE_ONLY"", ""url"": ""https://cafef.vn/phien-9-1-khoi-ngoai-tro-lai-mua-rong-tap-trung-gom-pnj-20200109165648002.chn""}",FINNEXUS_RESEARCH_DATASET_V17_1,FINNEXUS_TEMPORAL_KG_V1_0,CORE,FINNEXUS_LAYERED_KG_V3_0
news:27fa9f9777bfa05745af7dd207bd6a37,News,"TTH, LPB, REE, TDG, MCG, TLD, PSI, TSC, LDP, TMS: Thông tin giao dịch lượng lớn cổ phiếu",,2021-12-04,,27fa9f9777bfa05745af7dd207bd6a37,train,True,"{""category"": ""ngan_hang"", ""content_length"": ""2380"", ""publication_time_resolution"": ""DATE_ONLY"", ""url"": ""https://cafef.vn/tth-lpb-ree-tdg-mcg-tdl-psi-tsc-ldp-tms-thong-tin-giao-dich-luong-lon-co-phieu-20211203180527867.chn""}",FINNEXUS_RESEARCH_DATASET_V17_1,FINNEXUS_TEMPORAL_KG_V1_0,CORE,FINNEXUS_LAYERED_KG_V3_0
news:2898a83487354a0bcf5d0be9aa9723f7,News,"VNDiamond Index thêm mới KDH, loại LPB và TCM khỏi danh mục trong kỳ cơ cấu tháng 10",,2021-10-18,,2898a83487354a0bcf5d0be9aa9723f7,train,True,"{""category"": ""chung_khoan"", ""content_length"": ""824"", ""publication_time_resolution"": ""DATE_ONLY"", ""url"": ""https://cafef.vn/vndiamond-index-them-moi-kdh-loai-lpb-va-tcm-khoi-danh-muc-trong-ky-co-cau-thang-10-20211018182800561.chn""}",FINNEXUS_RESEARCH_DATASET_V17_1,FINNEXUS_TEMPORAL_KG_V1_0,CORE,FINNEXUS_LAYERED_KG_V3_0
news:28bd2b19801d4be99a146b4658fda891,News,VietinBank Securities ra mắt Bảng giá ưu tiên,,2021-01-25,,28bd2b19801d4be99a146b4658fda891,train,True,"{""category"": ""chung_khoan"", ""content_length"": ""1740"", ""publication_time_resolution"": ""DATE_ONLY"", ""url"": ""https://cafef.vn/vietinbank-securities-ra-mat-bang-gia-uu-tien-20210125113619834.chn""}",FINNEXUS_RESEARCH_DATASET_V17_1,FINNEXUS_TEMPORAL_KG_V1_0,CORE,FINNEXUS_LAYERED_KG_V3_0
news:29b7fbbd0d2f6c5f5be4caf11d11c999,News,ASM xin ý kiến cổ đông phát hành cổ phiếu để trả cổ tức tỷ lệ 30%,,2021-10-05,,29b7fbbd0d2f6c5f5be4caf11d11c999,train,True,"{""category"": ""co_tuc_phat_hanh"", ""content_length"": ""1068"", ""publication_time_resolution"": ""DATE_ONLY"", ""url"": ""https://cafef.vn/asm-xin-y-kien-co-dong-phat-hanh-co-phieu-de-tra-co-tuc-ty-le-30-20211005090220333.chn""}",FINNEXUS_RESEARCH_DATASET_V17_1,FINNEXUS_TEMPORAL_KG_V1_0,CORE,FINNEXUS_LAYERED_KG_V3_0
news:29b974797d00d418929ba2ccc389827b,News,"Cổ phiếu công nghệ Việt Nam đã ít nhưng lại hay mang về trái đắng: SSI, Vietnam Holding cùng nhiều quỹ lớn đều từng phải cắt lỗ",,2022-07-10,,29b974797d00d418929ba2ccc389827b,test,True,"{""category"": ""co_tuc_phat_hanh"", ""content_length"": ""6978"", ""publication_time_resolution"": ""DATE_ONLY"", ""url"": ""https://cafef.vn/co-phieu-cong-nghe-viet-nam-da-it-nhung-lai-hay-mang-ve-trai-dang-ssi-vietnam-holding-cung-nhieu-quy-lon-deu-tung-phai-cat-lo-20220628112056125.chn""}",FINNEXUS_RESEARCH_DATASET_V17_1,FINNEXUS_TEMPORAL_KG_V1_0,CORE,FINNEXUS_LAYERED_KG_V3_0
news:2a2e937b242bbdbe434384f14d5541da,News,"Công ty con của Vingroup sắp triển khai loạt dự án quy mô 79.000 tỷ đồng tại Giảng Võ, Đông Anh và Nam Từ Liêm",,2020-07-24,,2a2e937b242bbdbe434384f14d5541da,train,True,"{""category"": ""co_tuc_phat_hanh"", ""content_length"": ""2712"", ""publication_time_resolution"": ""DATE_ONLY"", ""url"": ""https://cafef.vn/vingroup-ung-truoc-4900-ty-cho-vefac-de-trien-khai-loat-du-an-quy-mo-79000-ty-dong-tai-giang-vo-dong-anh-va-nam-tu-liem-20200724195243346.chn""}",FINNEXUS_RESEARCH_DATASET_V17_1,FINNEXUS_TEMPORAL_KG_V1_0,CORE,FINNEXUS_LAYERED_KG_V3_0
news:2a5ea4f866d2d88b9097bbdb8b04073c,News,"ĐHCĐ Vinamilk: Tổ chức trực tuyến để bảo đảm sức khoẻ cho cổ đông, doanh thu quý 2/2020 tăng 2 chữ số so với quý 1",,2020-06-26,,2a5ea4f866d2d88b9097bbdb8b04073c,train,True,"{""category"": ""co_tuc_phat_hanh"", ""content_length"": ""8886"", ""publication_time_resolution"": ""DATE_ONLY"", ""url"": ""https://cafef.vn/dhcd-vinamilk-to-chuc-truc-tuyen-de-bao-dam-suc-khoe-cho-co-dong-dat-ke-hoach-doanh-thu-gan-60000-ty-nam-2020-20200626090426871.chn""}",FINNEXUS_RESEARCH_DATASET_V17_1,FINNEXUS_TEMPORAL_KG_V1_0,CORE,FINNEXUS_LAYERED_KG_V3_0
news:2a8d4855303b0c496b6fe6ee747b8428,News,"Doanh thu xuất khẩu gấp 4 lần cùng kỳ năm trước, 9 tháng lãi sau thuế của Nam Kim đạt hơn 1.773 tỷ, gấp 12 lần cùng kỳ 2020",,2021-10-28,,2a8d4855303b0c496b6fe6ee747b8428,train,True,"{""category"": ""ket_qua_kinh_doanh"", ""content_length"": ""1819"", ""publication_time_resolution"": ""DATE_ONLY"", ""url"": ""https://cafef.vn/doanh-thu-xuat-khau-gap-4-lan-cung-ky-nam-truoc-9-thang-lai-sau-thue-cua-nam-kim-dat-hon-1773-ty-gap-12-lan-cung-ky-2020-20211028185057545.chn""}",FINNEXUS_RESEARCH_DATASET_V17_1,FINNEXUS_TEMPORAL_KG_V1_0,CORE,FINNEXUS_LAYERED_KG_V3_0
news:2ae8b7c266128c3177b55af86f7ee983,News,"VIB, TCB, DIG, DXG, VTR, QNS, ART, IPA, GLC, CDP, HAX, TCO: Thông tin giao dịch lượng lớn cổ phiếu",,2021-07-08,,2ae8b7c266128c3177b55af86f7ee983,train,True,"{""category"": ""ngan_hang"", ""content_length"": ""2822"", ""publication_time_resolution"": ""DATE_ONLY"", ""url"": ""https://cafef.vn/vib-tcb-dig-dxg-vtr-qns-art-ipa-glc-cdp-hax-tco-thong-tin-giao-dich-luong-lon-co-phieu-20210708085128006.chn""}",FINNEXUS_RESEARCH_DATASET_V17_1,FINNEXUS_TEMPORAL_KG_V1_0,CORE,FINNEXUS_LAYERED_KG_V3_0
news:2b3914fcf6cf5b4e1fb9d9ba718e4924,News,Masan MeatLife (MML) dự kiến lên sàn UPCom vào ngày 9/12,,2019-12-02,,2b3914fcf6cf5b4e1fb9d9ba718e4924,train,True,"{""category"": ""ket_qua_kinh_doanh"", ""content_length"": ""2526"", ""publication_time_resolution"": ""DATE_ONLY"", ""url"": ""https://cafef.vn/masan-meatlife-mml-len-san-upcom-vao-ngay-9-12-20191202170316406.chn""}",FINNEXUS_RESEARCH_DATASET_V17_1,FINNEXUS_TEMPORAL_KG_V1_0,CORE,FINNEXUS_LAYERED_KG_V3_0
news:2b78059be3b4d9427156fc8a1a97a9fd,News,"Dòng vốn ngoại tiếp tục rút 708 tỉ đồng khỏi thị trường, xả trăm tỉ mã MSN và HPG",,2020-03-24,,2b78059be3b4d9427156fc8a1a97a9fd,train,True,"{""category"": ""chung_khoan"", ""content_length"": ""1818"", ""publication_time_resolution"": ""DATE_ONLY"", ""url"": ""https://vietnambiz.vn/dong-von-ngoai-tiep-tuc-rut-708-ti-dong-khoi-thi-truong-xa-tram-ti-ma-msn-va-hpg-20200324175947913.htm""}",FINNEXUS_RESEARCH_DATASET_V17_1,FINNEXUS_TEMPORAL_KG_V1_0,CORE,FINNEXUS_LAYERED_KG_V3_0
news:2b7d7c891a090d009ad82038fe63e035,News,"Cổ phiếu tâm điểm 19/9: VPB, VSH, BWE",,2022-09-18,,2b7d7c891a090d009ad82038fe63e035,test,True,"{""category"": ""chung_khoan"", ""content_length"": ""2852"", ""publication_time_resolution"": ""DATE_ONLY"", ""url"": ""https://vietnambiz.vn/co-phieu-tam-diem-199-vpb-vsh-bwe-2022918113623378.htm""}",FINNEXUS_RESEARCH_DATASET_V17_1,FINNEXUS_TEMPORAL_KG_V1_0,CORE,FINNEXUS_LAYERED_KG_V3_0
news:2bca1423f633b40694969caab0d12332,News,"Giao dịch lớn cổ phiếu HDG, HSG, CBS, VIB, CKG, NDN, MIM, TVC, MSH",,2022-11-03,,2bca1423f633b40694969caab0d12332,test,True,"{""category"": ""ngan_hang"", ""content_length"": ""2087"", ""publication_time_resolution"": ""DATE_ONLY"", ""url"": ""https://vietnambiz.vn/giao-dich-lon-co-phieu-hdg-hsg-cbs-vib-ckg-ndn-mim-tvc-msh-20221132353262.htm""}",FINNEXUS_RESEARCH_DATASET_V17_1,FINNEXUS_TEMPORAL_KG_V1_0,CORE,FINNEXUS_LAYERED_KG_V3_0
news:2c1eefefea4e0cd8a88487573d591ff3,News,"Vinachem đã bán xong hơn 6 triệu cổ phiếu DGC, hoàn tất quá trình thoái vốn tại Hoá chất Đức Giang",,2022-03-16,,2c1eefefea4e0cd8a88487573d591ff3,validation,True,"{""category"": ""ket_qua_kinh_doanh"", ""content_length"": ""1530"", ""publication_time_resolution"": ""DATE_ONLY"", ""url"": ""https://cafef.vn/vinachem-da-ban-xong-hon-6-trieu-co-phieu-dgc-hoan-tat-qua-trinh-thoai-von-tai-hoa-chat-duc-giang-20220316114555941.chn""}",FINNEXUS_RESEARCH_DATASET_V17_1,FINNEXUS_TEMPORAL_KG_V1_0,CORE,FINNEXUS_LAYERED_KG_V3_0
news:2c28cb3e1af4b7ab0bf59a9419e19f5d,News,"Cổ phiếu tâm điểm ngày 28/4: ACB, VIX, TSC",,2021-04-27,,2c28cb3e1af4b7ab0bf59a9419e19f5d,train,True,"{""category"": ""ket_qua_kinh_doanh"", ""content_length"": ""2189"", ""publication_time_resolution"": ""DATE_ONLY"", ""url"": ""https://vietnambiz.vn/co-phieu-tam-diem-ngay-28-4-acb-vix-tsc-20210427190329667.htm""}",FINNEXUS_RESEARCH_DATASET_V17_1,FINNEXUS_TEMPORAL_KG_V1_0,CORE,FINNEXUS_LAYERED_KG_V3_0
news:2c703091be5ce63840cb800f379e9398,News,"Hậu lùm xùm ""500 triệu đồng tiền thưởng cho bóng đá nữ"", Hóa chất Đức Giang báo lãi quý 4 sụt giảm 35% so với cùng kỳ",,2020-01-20,,2c703091be5ce63840cb800f379e9398,train,True,"{""category"": ""co_tuc_phat_hanh"", ""content_length"": ""2470"", ""publication_time_resolution"": ""DATE_ONLY"", ""url"": ""https://cafef.vn/hau-lum-xum-500-trieu-dong-tien-thuong-cho-bong-da-nu-hoa-chat-duc-giang-bao-lai-quy-4-sut-giam-35-so-voi-cung-ky-20200120105335454.chn""}",FINNEXUS_RESEARCH_DATASET_V17_1,FINNEXUS_TEMPORAL_KG_V1_0,CORE,FINNEXUS_LAYERED_KG_V3_0
news:2c7032ae938f0654db1f1316741029fb,News,Hòa Phát (HPG) ủng hộ 10 tỷ đồng vào Quỹ vắc xin phòng Covid-19 của tỉnh Hải Dương,,2021-05-28,,2c7032ae938f0654db1f1316741029fb,train,True,"{""category"": ""chung_khoan"", ""content_length"": ""1898"", ""publication_time_resolution"": ""DATE_ONLY"", ""url"": ""https://www.tinnhanhchungkhoan.vn/hoa-phat-hpg-ung-ho-10-ty-dong-vao-quy-vac-xin-phong-covid-19-cua-tinh-hai-duong-post270458.html""}",FINNEXUS_RESEARCH_DATASET_V17_1,FINNEXUS_TEMPORAL_KG_V1_0,CORE,FINNEXUS_LAYERED_KG_V3_0
news:2c81847f31bf313829d35611995c6bf3,News,"FPT, GMD, DXG, SMA, OGC, LGC, NAV, PLP, TNI, NDX, NCP, MLS: Thông tin giao dịch lượng lớn cổ phiếu",,2020-07-30,,2c81847f31bf313829d35611995c6bf3,train,True,"{""category"": ""chung_khoan"", ""content_length"": ""2575"", ""publication_time_resolution"": ""DATE_ONLY"", ""url"": ""https://cafef.vn/fpt-gmd-dxg-sma-ogc-lgc-nav-plp-tni-ndx-ncp-mls-thong-tin-giao-dich-luong-lon-co-phieu-20200730074924424.chn""}",FINNEXUS_RESEARCH_DATASET_V17_1,FINNEXUS_TEMPORAL_KG_V1_0,CORE,FINNEXUS_LAYERED_KG_V3_0
news:2d049c83aec9f00c50ef44e6927c18c0,News,"Tundra bán FPT, VNM, đẩy mạnh mua DXG, HPG trong tháng 9",,2019-10-14,,2d049c83aec9f00c50ef44e6927c18c0,train,True,"{""category"": ""ket_qua_kinh_doanh"", ""content_length"": ""3686"", ""publication_time_resolution"": ""DATE_ONLY"", ""url"": ""https://cafef.vn/tundra-ban-fpt-vnm-day-manh-mua-dxg-hpg-trong-thang-9-20191014111042625.chn""}",FINNEXUS_RESEARCH_DATASET_V17_1,FINNEXUS_TEMPORAL_KG_V1_0,CORE,FINNEXUS_LAYERED_KG_V3_0
news:2d79837e711717b06fb06b19b9b14d83,News,"Cổ phiếu tâm điểm ngày 10/9: VIC, CVT, AGG",,2020-09-10,,2d79837e711717b06fb06b19b9b14d83,train,True,"{""category"": ""ket_qua_kinh_doanh"", ""content_length"": ""2695"", ""publication_time_resolution"": ""DATE_ONLY"", ""url"": ""https://vietnambiz.vn/co-phieu-tam-diem-ngay-10-9-vic-cvt-agg-20200910070527618.htm""}",FINNEXUS_RESEARCH_DATASET_V17_1,FINNEXUS_TEMPORAL_KG_V1_0,CORE,FINNEXUS_LAYERED_KG_V3_0
news:2d83f8818509fef3f55d84ea549bda8f,News,"Vận tải biển khởi sắc, Hải An (HAH) lãi ròng kỷ lục 203 tỷ đồng trong quý 4, gấp 4 lần cùng kỳ",,2022-02-03,,2d83f8818509fef3f55d84ea549bda8f,validation,True,"{""category"": ""ket_qua_kinh_doanh"", ""content_length"": ""1260"", ""publication_time_resolution"": ""DATE_ONLY"", ""url"": ""https://cafef.vn/van-tai-bien-khoi-sac-hai-an-hah-lai-rong-ky-luc-203-ty-dong-trong-quy-4-gap-4-lan-cung-ky-20220131094302783.chn""}",FINNEXUS_RESEARCH_DATASET_V17_1,FINNEXUS_TEMPORAL_KG_V1_0,CORE,FINNEXUS_LAYERED_KG_V3_0
news:2e2a601b3db727d0f8a016bd7b17a383,News,PV Drilling (PVD): Trích lập dự phòng lớn khiến lãi ròng quý 2 chỉ đạt 8 tỷ đồng giảm 86% so với cùng kỳ,,2021-08-01,,2e2a601b3db727d0f8a016bd7b17a383,train,True,"{""category"": ""ket_qua_kinh_doanh"", ""content_length"": ""2639"", ""publication_time_resolution"": ""DATE_ONLY"", ""url"": ""https://cafef.vn/pv-drilling-pvd-trich-lap-du-phong-lon-khien-lai-rong-quy-2-chi-dat-8-ty-dong-giam-86-so-voi-cung-ky-20210801092900083.chn""}",FINNEXUS_RESEARCH_DATASET_V17_1,FINNEXUS_TEMPORAL_KG_V1_0,CORE,FINNEXUS_LAYERED_KG_V3_0
news:2e370507cc516d4b3594b18e5dd068da,News,"Vingroup: LNTT 6 tháng đạt 6.085 tỷ đồng, mảng sản xuất đóng góp 1/6 tổng doanh thu",,2020-07-29,,2e370507cc516d4b3594b18e5dd068da,train,True,"{""category"": ""ket_qua_kinh_doanh"", ""content_length"": ""2138"", ""publication_time_resolution"": ""DATE_ONLY"", ""url"": ""https://cafef.vn/vingroup-lntt-6-thang-dat-6085-ty-dong-mang-san-xuat-dong-gop-1-6-tong-doanh-thu-20200729222829065.chn""}",FINNEXUS_RESEARCH_DATASET_V17_1,FINNEXUS_TEMPORAL_KG_V1_0,CORE,FINNEXUS_LAYERED_KG_V3_0
news:2e68deac86494afb498333f5e7fc5a8a,News,"KDC, FLC, KDH, HPX, CTI, HQC, VNS, KSD, DNP, TJC, CVN, CPC, SJM: Thông tin giao dịch lượng lớn cổ phiếu",,2020-07-02,,2e68deac86494afb498333f5e7fc5a8a,train,True,"{""category"": ""bat_dong_san"", ""content_length"": ""2874"", ""publication_time_resolution"": ""DATE_ONLY"", ""url"": ""https://cafef.vn/kdc-flc-kdh-hpx-cti-hqc-vns-ksd-dnp-tjc-cvn-cpc-sjm-thong-tin-giao-dich-luong-lon-co-phieu-20200702082611904.chn""}",FINNEXUS_RESEARCH_DATASET_V17_1,FINNEXUS_TEMPORAL_KG_V1_0,CORE,FINNEXUS_LAYERED_KG_V3_0
news:2ea7b0798ba68f0096a6efec00cb6443,News,"Nắm giữ lượng tồn kho gần 9.000 tỷ đồng, cổ phiếu PNJ lập đỉnh khi giá vàng tăng “phi mã”",,2022-03-07,,2ea7b0798ba68f0096a6efec00cb6443,validation,True,"{""category"": ""co_tuc_phat_hanh"", ""content_length"": ""4847"", ""publication_time_resolution"": ""DATE_ONLY"", ""url"": ""https://cafef.vn/nam-giu-luong-ton-kho-gan-9000-ty-dong-co-phieu-pnj-lap-dinh-khi-gia-vang-tang-phi-ma-20220306113900708.chn""}",FINNEXUS_RESEARCH_DATASET_V17_1,FINNEXUS_TEMPORAL_KG_V1_0,CORE,FINNEXUS_LAYERED_KG_V3_0
news:2eeca68c4af1574666aecbd5020f6ffe,News,"Phiên 13/8: Khối ngoại tập trung chốt lời cổ phiếu SSI, VHM trong nhịp rung lắc của thị trường",,2021-08-13,,2eeca68c4af1574666aecbd5020f6ffe,train,True,"{""category"": ""ngan_hang"", ""content_length"": ""4853"", ""publication_time_resolution"": ""DATE_ONLY"", ""url"": ""https://vietnambiz.vn/phien-13-8-khoi-ngoai-tap-trung-chot-loi-co-phieu-ssi-vhm-trong-nhip-rung-lac-cua-thi-truong-20210813164633036.htm""}",FINNEXUS_RESEARCH_DATASET_V17_1,FINNEXUS_TEMPORAL_KG_V1_0,CORE,FINNEXUS_LAYERED_KG_V3_0
news:2ef0611b8dac246e9e3472b36759564f,News,"HPG, VIC, VIB, AAA, CC1, KDH, AAV, BII, SD2: Thông tin giao dịch lượng lớn cổ phiếu",,2021-05-18,,2ef0611b8dac246e9e3472b36759564f,train,True,"{""category"": ""ngan_hang"", ""content_length"": ""2831"", ""publication_time_resolution"": ""DATE_ONLY"", ""url"": ""https://cafef.vn/hpg-vic-vib-aaa-cc1-kdh-aav-bii-sd2-thong-tin-giao-dich-luong-lon-co-phieu-20210517181524932.chn""}",FINNEXUS_RESEARCH_DATASET_V17_1,FINNEXUS_TEMPORAL_KG_V1_0,CORE,FINNEXUS_LAYERED_KG_V3_0
news:2f4525beb4d005d4cca80c676925b10e,News,Chứng khoán VIX chốt quyền chào bán hơn 274 triệu cổ phiếu với giá 15.000 đồng/cp,,2022-02-15,,2f4525beb4d005d4cca80c676925b10e,validation,True,"{""category"": ""co_tuc_phat_hanh"", ""content_length"": ""1575"", ""publication_time_resolution"": ""DATE_ONLY"", ""url"": ""https://vietnambiz.vn/chung-khoan-vix-chot-quyen-chao-ban-hon-274-trieu-co-phieu-voi-gia-15000-dong-cp-20220215085607537.htm""}",FINNEXUS_RESEARCH_DATASET_V17_1,FINNEXUS_TEMPORAL_KG_V1_0,CORE,FINNEXUS_LAYERED_KG_V3_0
news:2f4e69e3b9ecbd18709efb2af09faf40,News,Đạm Phú Mỹ (DPM): Lợi nhuận trước thuế năm 2021 ước đạt kỷ lục 3.600 tỷ đồng,,2021-12-29,,2f4e69e3b9ecbd18709efb2af09faf40,validation,True,"{""category"": ""ket_qua_kinh_doanh"", ""content_length"": ""2414"", ""publication_time_resolution"": ""DATE_ONLY"", ""url"": ""https://cafef.vn/dam-phu-my-dpm-loi-nhuan-truoc-thue-nam-2021-uoc-dat-ky-luc-3600-ty-dong-20211229151355645.chn""}",FINNEXUS_RESEARCH_DATASET_V17_1,FINNEXUS_TEMPORAL_KG_V1_0,CORE,FINNEXUS_LAYERED_KG_V3_0
news:2f6f9b18f21f6db5310fd7b2ac6aa7f9,News,"Sau ‘cú ngã’ đầu cơ hàng tồn, Hoa Sen Group (HSG) chuẩn bị ‘đón đầu’ nguyên liệu giá rẻ trở lại",,2019-12-02,,2f6f9b18f21f6db5310fd7b2ac6aa7f9,train,True,"{""category"": ""ket_qua_kinh_doanh"", ""content_length"": ""4992"", ""publication_time_resolution"": ""DATE_ONLY"", ""url"": ""https://cafef.vn/sau-cu-nga-dau-co-hang-ton-hoa-sen-group-hsg-chuan-bi-don-dau-nguyen-lieu-gia-re-tro-lai-20191201182843171.chn""}",FINNEXUS_RESEARCH_DATASET_V17_1,FINNEXUS_TEMPORAL_KG_V1_0,CORE,FINNEXUS_LAYERED_KG_V3_0
news:2ff341519e959ae7234a43f6bf8e1c57,News,Công ty riêng của vợ chồng bà chủ VNDirect muốn bán hết cổ phiếu quỹ từ ngày 6/10,,2021-09-28,,2ff341519e959ae7234a43f6bf8e1c57,train,True,"{""category"": ""chung_khoan"", ""content_length"": ""1095"", ""publication_time_resolution"": ""DATE_ONLY"", ""url"": ""https://vietnambiz.vn/cong-ty-rieng-cua-vo-chong-ba-chu-vndirect-muon-ban-het-co-phieu-quy-tu-ngay-6-10-20210928102824816.htm""}",FINNEXUS_RESEARCH_DATASET_V17_1,FINNEXUS_TEMPORAL_KG_V1_0,CORE,FINNEXUS_LAYERED_KG_V3_0
news:302ab697cc9aa5a26eea7c2bb6b5e4be,News,"Imexpharm: Quý 2 lãi 49 tỷ đồng, giảm 4% so với cùng kỳ 2020",,2021-07-21,,302ab697cc9aa5a26eea7c2bb6b5e4be,train,True,"{""category"": ""ket_qua_kinh_doanh"", ""content_length"": ""1593"", ""publication_time_resolution"": ""DATE_ONLY"", ""url"": ""https://cafef.vn/imexpharm-quy-2-lai-49-ty-dong-giam-4-so-voi-cung-ky-2020-20210721083220366.chn""}",FINNEXUS_RESEARCH_DATASET_V17_1,FINNEXUS_TEMPORAL_KG_V1_0,CORE,FINNEXUS_LAYERED_KG_V3_0
news:30bdf3ff4dba66fe26cb725e450d44ea,News,Dragon Capital lại lướt sóng hàng triệu cổ phiếu HPG trên đỉnh lịch sử,,2021-01-07,,30bdf3ff4dba66fe26cb725e450d44ea,train,True,"{""category"": ""chung_khoan"", ""content_length"": ""1769"", ""publication_time_resolution"": ""DATE_ONLY"", ""url"": ""https://vietnambiz.vn/dragon-capital-lai-luot-song-hang-trieu-co-phieu-hpg-tren-dinh-lich-su-20210107180306865.htm""}",FINNEXUS_RESEARCH_DATASET_V17_1,FINNEXUS_TEMPORAL_KG_V1_0,CORE,FINNEXUS_LAYERED_KG_V3_0
news:3196292ecc51d42c31cd1d87b4d38e1b,News,"Thị phần môi giới HNX năm 2019: VNDirect vượt SSI tại UPCoM, VPS chiếm gần nửa thị phần phái sinh",,2020-01-09,,3196292ecc51d42c31cd1d87b4d38e1b,train,True,"{""category"": ""ngan_hang"", ""content_length"": ""2637"", ""publication_time_resolution"": ""DATE_ONLY"", ""url"": ""https://vietnambiz.vn/thi-phan-moi-gioi-hnx-nam-2019-vndirect-vuot-ssi-tai-upcom-vps-chiem-gan-nua-thi-phan-phai-sinh-20200109151240942.htm""}",FINNEXUS_RESEARCH_DATASET_V17_1,FINNEXUS_TEMPORAL_KG_V1_0,CORE,FINNEXUS_LAYERED_KG_V3_0
news:31a7d66c14ee13c70183088b09e36728,News,"MWG, VNM, DIG, SJF, CDC, POT, GKM, NSH, THS: Thông tin giao dịch lượng lớn cổ phiếu",,2022-04-16,,31a7d66c14ee13c70183088b09e36728,validation,True,"{""category"": ""bat_dong_san"", ""content_length"": ""2021"", ""publication_time_resolution"": ""DATE_ONLY"", ""url"": ""https://cafef.vn/mwg-vnm-dig-sjf-cdc-pot-gkm-nsh-ths-thong-tin-giao-dich-luong-lon-co-phieu-20220415221943568.chn""}",FINNEXUS_RESEARCH_DATASET_V17_1,FINNEXUS_TEMPORAL_KG_V1_0,CORE,FINNEXUS_LAYERED_KG_V3_0
news:31cec5d9982b6522383bdff75386d6f1,News,"Pyn chốt lãi MWG thành công với mức giá vượt xa thị trường, gia tăng tỷ trọng cổ phiếu ngân hàng, VEA với kỳ vọng tăng giá gấp đôi",,2020-06-27,,31cec5d9982b6522383bdff75386d6f1,train,True,"{""category"": ""co_tuc_phat_hanh"", ""content_length"": ""4160"", ""publication_time_resolution"": ""DATE_ONLY"", ""url"": ""https://cafef.vn/pyn-chot-lai-mwg-thanh-cong-voi-muc-gia-vuot-xa-thi-truong-gia-tang-ty-trong-co-phieu-ngan-hang-vea-voi-ky-vong-tang-gia-gap-doi-20200627100618591.chn""}",FINNEXUS_RESEARCH_DATASET_V17_1,FINNEXUS_TEMPORAL_KG_V1_0,CORE,FINNEXUS_LAYERED_KG_V3_0
news:31f6d22c3309598b003fb74e07fc84ed,News,"2 tháng đầu 2019, DGW ước lãi sau thuế tăng 33% so với cùng kỳ",,2019-03-15,,31f6d22c3309598b003fb74e07fc84ed,train,True,"{""category"": ""ket_qua_kinh_doanh"", ""content_length"": ""1953"", ""publication_time_resolution"": ""DATE_ONLY"", ""url"": ""https://vietstock.vn/2019/03/2-thang-dau-2019-dgw-uoc-lai-sau-thue-tang-33-so-voi-cung-ky-737-660205.htm""}",FINNEXUS_RESEARCH_DATASET_V17_1,FINNEXUS_TEMPORAL_KG_V1_0,CORE,FINNEXUS_LAYERED_KG_V3_0
news:3300a12d8454434ee3fd51fa849d4504,News,"ITA, GVR, TDH, KDH, PTL, IMP, DTL, TMS, AGM, DBT, DHC, C32, MAC, PDB, BSC, DIH: Thông tin giao dịch lượng lớn cổ phiếu",,2021-11-03,,3300a12d8454434ee3fd51fa849d4504,train,True,"{""category"": ""bat_dong_san"", ""content_length"": ""3289"", ""publication_time_resolution"": ""DATE_ONLY"", ""url"": ""https://cafef.vn/ita-gvr-tdh-kdh-ptl-imp-dtl-tms-agm-dbt-dhc-c32-mac-pdb-bsc-dih-thong-tin-giao-dich-luong-lon-co-phieu-20211103083254192.chn""}",FINNEXUS_RESEARCH_DATASET_V17_1,FINNEXUS_TEMPORAL_KG_V1_0,CORE,FINNEXUS_LAYERED_KG_V3_0
news:332e58de5226c6a919aa232c1a3794c5,News,"PVS ước lãi hợp nhất sau thuế 654 tỷ đồng trong năm 2019, hoành thành vượt 17% kế hoạch",,2019-12-30,,332e58de5226c6a919aa232c1a3794c5,train,True,"{""category"": ""ket_qua_kinh_doanh"", ""content_length"": ""1675"", ""publication_time_resolution"": ""DATE_ONLY"", ""url"": ""https://cafef.vn/pvs-uoc-lai-hop-nhat-sau-thue-654-ty-dong-trong-nam-2019-hoanh-thanh-vuot-17-ke-hoach-20191230112455982.chn""}",FINNEXUS_RESEARCH_DATASET_V17_1,FINNEXUS_TEMPORAL_KG_V1_0,CORE,FINNEXUS_LAYERED_KG_V3_0
news:336c836a926669a7e387d145910a5e11,News,"Cổ phiếu tâm điểm ngày 15/7: GVR, REE, DPM, LCG",,2020-07-15,,336c836a926669a7e387d145910a5e11,train,True,"{""category"": ""co_tuc_phat_hanh"", ""content_length"": ""3150"", ""publication_time_resolution"": ""DATE_ONLY"", ""url"": ""https://vietnambiz.vn/co-phieu-tam-diem-ngay-15-7-gvr-ree-dpm-lcg-20200715065231747.htm""}",FINNEXUS_RESEARCH_DATASET_V17_1,FINNEXUS_TEMPORAL_KG_V1_0,CORE,FINNEXUS_LAYERED_KG_V3_0
news:340b771e67d9563bb52cd94981d37a08,News,Chủ tịch Novaland muốn bán 12 triệu cổ phiếu NVL khi giá lập đỉnh hai năm,,2021-01-07,,340b771e67d9563bb52cd94981d37a08,train,True,"{""category"": ""co_tuc_phat_hanh"", ""content_length"": ""1455"", ""publication_time_resolution"": ""DATE_ONLY"", ""url"": ""https://vietnambiz.vn/chu-tich-novaland-muon-ban-12-trieu-co-phieu-nvl-khi-gia-lap-dinh-hai-nam-20210107181643838.htm""}",FINNEXUS_RESEARCH_DATASET_V17_1,FINNEXUS_TEMPORAL_KG_V1_0,CORE,FINNEXUS_LAYERED_KG_V3_0
news:35380008d1d973c8d3e70c2dc006391b,News,"Phiên 22/11: Khối ngoại trở lại mua ròng 570 tỷ đồng, tập trung “gom” VHM, CTG",,2021-11-22,,35380008d1d973c8d3e70c2dc006391b,train,True,"{""category"": ""ngan_hang"", ""content_length"": ""1126"", ""publication_time_resolution"": ""DATE_ONLY"", ""url"": ""https://cafef.vn/phien-22-11-khoi-ngoai-tro-lai-mua-rong-570-ty-dong-tap-trung-gom-vhm-ctg-20211122151214395.chn""}",FINNEXUS_RESEARCH_DATASET_V17_1,FINNEXUS_TEMPORAL_KG_V1_0,CORE,FINNEXUS_LAYERED_KG_V3_0
news:356bd2bcb734eb3184c9b8de726f6e8c,News,Chứng khoán BIDV (BSC) đàm phán chào bán riêng lẻ tối đa 35% vốn cho Hana Financial Investment,,2021-11-29,,356bd2bcb734eb3184c9b8de726f6e8c,train,True,"{""category"": ""co_tuc_phat_hanh"", ""content_length"": ""2979"", ""publication_time_resolution"": ""DATE_ONLY"", ""url"": ""https://vietnambiz.vn/chung-khoan-bidv-bsc-dam-phan-chao-ban-rieng-le-toi-da-35-von-cho-hana-financial-investment-20211129122426809.htm""}",FINNEXUS_RESEARCH_DATASET_V17_1,FINNEXUS_TEMPORAL_KG_V1_0,CORE,FINNEXUS_LAYERED_KG_V3_0
news:358d073f17936e5a91209a571123b6da,News,"Dược Hậu Giang (DHG): 9 tháng đầu năm lợi nhuận sau thuế đạt 606 tỷ đồng, nợ vay ngắn hạn đột biến hơn 73%",,2021-10-20,,358d073f17936e5a91209a571123b6da,train,True,"{""category"": ""ket_qua_kinh_doanh"", ""content_length"": ""1132"", ""publication_time_resolution"": ""DATE_ONLY"", ""url"": ""https://cafef.vn/duoc-hau-giang-dhg-9-thang-dau-nam-loi-nhuan-sau-thue-dat-606-ty-dong-no-vay-ngan-han-dot-bien-hon-73-20211020162641716.chn""}",FINNEXUS_RESEARCH_DATASET_V17_1,FINNEXUS_TEMPORAL_KG_V1_0,CORE,FINNEXUS_LAYERED_KG_V3_0
news:35ae70a30eef13b671743f249452dec9,News,"Chứng khoán SSI muốn tiếp tục chào bán 104 triệu cổ phiếu riêng lẻ, nâng vốn điều lệ sát ngưỡng 16.000 tỷ đồng",,2021-12-25,,35ae70a30eef13b671743f249452dec9,validation,True,"{""category"": ""co_tuc_phat_hanh"", ""content_length"": ""1791"", ""publication_time_resolution"": ""DATE_ONLY"", ""url"": ""https://cafef.vn/chung-khoan-ssi-muon-tiep-tuc-chao-ban-104-trieu-co-phieu-rieng-le-nang-von-dieu-le-sat-nguong-16000-ty-dong-20211225114039095.chn""}",FINNEXUS_RESEARCH_DATASET_V17_1,FINNEXUS_TEMPORAL_KG_V1_0,CORE,FINNEXUS_LAYERED_KG_V3_0
news:3602f1b30667945fa8e137ea3b45b97d,News,"Xây lắp Điện I (PC1) bị truy thu, xử phạt thuế với tổng giá trị hơn 3,7 tỷ đồng",,2021-09-25,,3602f1b30667945fa8e137ea3b45b97d,train,True,"{""category"": ""phap_ly"", ""content_length"": ""2193"", ""publication_time_resolution"": ""DATE_ONLY"", ""url"": ""https://www.tinnhanhchungkhoan.vn/xay-lap-dien-i-pc1-bi-truy-thu-xu-phat-thue-voi-tong-gia-tri-hon-37-ty-dong-post280658.html""}",FINNEXUS_RESEARCH_DATASET_V17_1,FINNEXUS_TEMPORAL_KG_V1_0,CORE,FINNEXUS_LAYERED_KG_V3_0
news:365f9fe9142d477674999fc9b22bc9a8,News,"Dòng tiền thông minh (9/1): Trái chiều khối ngoại, tự doanh CTCK rót 256 tỉ đồng vào thị trường, tập trung cổ phiếu CTG",,2020-01-09,,365f9fe9142d477674999fc9b22bc9a8,train,True,"{""category"": ""bat_dong_san"", ""content_length"": ""3421"", ""publication_time_resolution"": ""DATE_ONLY"", ""url"": ""https://vietnambiz.vn/dong-tien-thong-minh-9-1-trai-chieu-khoi-ngoai-tu-doanh-ctck-rot-256-ti-dong-vao-thi-truong-tap-trung-co-phieu-ctg-20200109080015175.htm""}",FINNEXUS_RESEARCH_DATASET_V17_1,FINNEXUS_TEMPORAL_KG_V1_0,CORE,FINNEXUS_LAYERED_KG_V3_0
news:36afe7a1d64dfde6f3eb35ea26a92aa2,News,Lãi ròng quý 1/2019 của FPT tăng 23% nhờ khối công nghệ tăng trưởng mạnh mẽ,,2019-04-17,,36afe7a1d64dfde6f3eb35ea26a92aa2,train,True,"{""category"": ""co_tuc_phat_hanh"", ""content_length"": ""2365"", ""publication_time_resolution"": ""DATE_ONLY"", ""url"": ""https://cafef.vn/lai-rong-quy-1-2019-cua-fpt-tang-23-nho-khoi-cong-nghe-tang-truong-manh-me-20190417104835254.chn""}",FINNEXUS_RESEARCH_DATASET_V17_1,FINNEXUS_TEMPORAL_KG_V1_0,CORE,FINNEXUS_LAYERED_KG_V3_0
news:3729c7659979bda52d08891a91c62853,News,"Gần 44 triệu cổ phiếu NKG và 39,5 triệu cổ phiếu FRT sắp đổ bộ sàn HOSE",,2022-07-05,,3729c7659979bda52d08891a91c62853,test,True,"{""category"": ""co_tuc_phat_hanh"", ""content_length"": ""1587"", ""publication_time_resolution"": ""DATE_ONLY"", ""url"": ""https://vietnambiz.vn/gan-44-trieu-co-phieu-nkg-va-395-trieu-co-phieu-frt-sap-do-bo-san-hose-20227585216356.htm""}",FINNEXUS_RESEARCH_DATASET_V17_1,FINNEXUS_TEMPORAL_KG_V1_0,CORE,FINNEXUS_LAYERED_KG_V3_0
news:3743ababa0ed9aec5cf92f03295bfb73,News,HFIC muốn bán lên 10 triệu cổ phiếu HCM của Chứng khoán HSC thay vì 5 triệu cổ phiếu như trước đó,,2020-01-04,,3743ababa0ed9aec5cf92f03295bfb73,train,True,"{""category"": ""chung_khoan"", ""content_length"": ""1032"", ""publication_time_resolution"": ""DATE_ONLY"", ""url"": ""https://cafef.vn/hfic-muon-ban-len-10-trieu-co-phieu-hcm-cua-chung-khoan-hsc-thay-vi-5-trieu-co-phieu-nhu-truoc-do-20200103173503455.chn""}",FINNEXUS_RESEARCH_DATASET_V17_1,FINNEXUS_TEMPORAL_KG_V1_0,CORE,FINNEXUS_LAYERED_KG_V3_0
news:396817941c4c45a7b6e58e5a3c3830e9,News,Tập đoàn Gelex muốn mua gần 205 tỷ đồng trái phiếu trước hạn,,2022-07-04,,396817941c4c45a7b6e58e5a3c3830e9,test,True,"{""category"": ""co_tuc_phat_hanh"", ""content_length"": ""1799"", ""publication_time_resolution"": ""DATE_ONLY"", ""url"": ""https://cafef.vn/tap-doan-gelex-muon-mua-gan-205-ty-dong-trai-phieu-truoc-han-20220704133024663.chn""}",FINNEXUS_RESEARCH_DATASET_V17_1,FINNEXUS_TEMPORAL_KG_V1_0,CORE,FINNEXUS_LAYERED_KG_V3_0
news:397c28e81d3322f50de0f4f97f640c03,News,"VNDIRECT: Nhiều yếu tố hỗ trợ tích cực, VN-Index hướng tới mốc 1.700 - 1.750 điểm trong năm 2022",,2021-12-11,,397c28e81d3322f50de0f4f97f640c03,train,True,"{""category"": ""ket_qua_kinh_doanh"", ""content_length"": ""5485"", ""publication_time_resolution"": ""DATE_ONLY"", ""url"": ""https://cafef.vn/vndirect-nhieu-yeu-to-ho-tro-tich-cuc-vn-index-huong-toi-moc-1700-1750-diem-trong-nam-2022-20211211022059465.chn""}",FINNEXUS_RESEARCH_DATASET_V17_1,FINNEXUS_TEMPORAL_KG_V1_0,CORE,FINNEXUS_LAYERED_KG_V3_0
news:39c361d82a5c3a38d4918fd1aef0630a,News,"Quốc hội thông qua kế hoạch “giải cứu” Vietnam Airlines, được phép chào bán cổ phiếu cho cổ đông dù hoạt động kinh doanh thua lỗ",,2020-11-17,,39c361d82a5c3a38d4918fd1aef0630a,train,True,"{""category"": ""co_tuc_phat_hanh"", ""content_length"": ""3275"", ""publication_time_resolution"": ""DATE_ONLY"", ""url"": ""https://cafef.vn/quoc-hoi-thong-qua-ke-hoach-giai-cuu-vietnam-airlines-duoc-phep-chao-ban-co-phieu-du-hoat-dong-kinh-doanh-thua-lo-20201117174358038.chn""}",FINNEXUS_RESEARCH_DATASET_V17_1,FINNEXUS_TEMPORAL_KG_V1_0,CORE,FINNEXUS_LAYERED_KG_V3_0
news:3a53a2b13091d762a37210a44f5dac71,News,"Cổ phiếu tăng phi mã, FPT Shop công bố nắm 35% thị phần laptop, muốn mở thêm 150 trung tâm laptop chuyên nghiệp trong năm 2022",,2022-03-19,,3a53a2b13091d762a37210a44f5dac71,validation,True,"{""category"": ""ket_qua_kinh_doanh"", ""content_length"": ""3425"", ""publication_time_resolution"": ""DATE_ONLY"", ""url"": ""https://cafef.vn/co-phieu-tang-phi-ma-fpt-shop-cong-bo-nam-35-thi-phan-laptop-muon-mo-them-150-trung-tam-laptop-chuyen-nghiep-trong-nam-2022-20220318203558332.chn""}",FINNEXUS_RESEARCH_DATASET_V17_1,FINNEXUS_TEMPORAL_KG_V1_0,CORE,FINNEXUS_LAYERED_KG_V3_0
news:3a660bcae1a75f290728b1e77cb07ebb,News,"Thủy sản Nam Việt (ANV) đẩy mạnh xuất khẩu vào Trung Quốc, lãi sau thuế 9 tháng ước đạt 510 tỷ đồng",,2019-09-26,,3a660bcae1a75f290728b1e77cb07ebb,train,True,"{""category"": ""ket_qua_kinh_doanh"", ""content_length"": ""5125"", ""publication_time_resolution"": ""DATE_ONLY"", ""url"": ""https://cafef.vn/thuy-san-nam-viet-anv-day-manh-xuat-khau-vao-trung-quoc-lai-sau-thue-9-thang-dat-510-ty-dong-20190925233136691.chn""}",FINNEXUS_RESEARCH_DATASET_V17_1,FINNEXUS_TEMPORAL_KG_V1_0,CORE,FINNEXUS_LAYERED_KG_V3_0
news:3acf5081a62a4aadc48c7db5f83d9d62,News,"Chuyên gia SHS: Nhiều nhóm cổ phiếu trở nên hấp dẫn sau nhịp điều chỉnh mạnh, nhưng cần chọn lọc kỹ cơ hội đầu tư",,2022-06-07,,3acf5081a62a4aadc48c7db5f83d9d62,test,True,"{""category"": ""ket_qua_kinh_doanh"", ""content_length"": ""7845"", ""publication_time_resolution"": ""DATE_ONLY"", ""url"": ""https://cafef.vn/chuyen-gia-shs-nhieu-nhom-co-phieu-tro-nen-hap-dan-sau-nhip-dieu-chinh-manh-nhung-can-chon-loc-ky-co-hoi-dau-tu-20220607151613781.chn""}",FINNEXUS_RESEARCH_DATASET_V17_1,FINNEXUS_TEMPORAL_KG_V1_0,CORE,FINNEXUS_LAYERED_KG_V3_0
news:3ad09da6a4635aff9b6425b109cc2259,News,"Giao dịch lớn cổ phiếu IMP, GKM, SJE, TKC, TIG, QNU, SIP, VDS, PNJ, DHC, HCD",,2022-07-27,,3ad09da6a4635aff9b6425b109cc2259,test,True,"{""category"": ""bat_dong_san"", ""content_length"": ""2297"", ""publication_time_resolution"": ""DATE_ONLY"", ""url"": ""https://vietnambiz.vn/giao-dich-lon-co-phieu-imp-gkm-sje-tkc-tig-qnu-sip-vds-pnj-dhc-hcd-20227271895567.htm""}",FINNEXUS_RESEARCH_DATASET_V17_1,FINNEXUS_TEMPORAL_KG_V1_0,CORE,FINNEXUS_LAYERED_KG_V3_0
news:3ad97084b467c54f1898c23c2c8d062f,News,"Phiên 5/3: Khối ngoại bán ròng hơn 1.300 tỷ đồng, tập trung “xả” POW, VNM, CTG",,2021-03-05,,3ad97084b467c54f1898c23c2c8d062f,train,True,"{""category"": ""chung_khoan"", ""content_length"": ""681"", ""publication_time_resolution"": ""DATE_ONLY"", ""url"": ""https://cafef.vn/phien-5-3-khoi-ngoai-ban-rong-hon-1300-ty-dong-tap-trung-xa-pow-vnm-ctg-20210305151343371.chn""}",FINNEXUS_RESEARCH_DATASET_V17_1,FINNEXUS_TEMPORAL_KG_V1_0,CORE,FINNEXUS_LAYERED_KG_V3_0
news:3aef510499b902e6c5e7f27a2dfc1096,News,"Dự chi 1.150 tỉ đồng, Platinum Victory tiếp tục đăng kí mua hơn 31 triệu cổ phiếu REE",,2019-10-29,,3aef510499b902e6c5e7f27a2dfc1096,train,True,"{""category"": ""chung_khoan"", ""content_length"": ""1340"", ""publication_time_resolution"": ""DATE_ONLY"", ""url"": ""https://vietnambiz.vn/du-chi-1150-ti-dong-platinum-victory-tiep-tuc-dang-ki-mua-hon-31-trieu-co-phieu-ree-20191029081702736.htm""}",FINNEXUS_RESEARCH_DATASET_V17_1,FINNEXUS_TEMPORAL_KG_V1_0,CORE,FINNEXUS_LAYERED_KG_V3_0
news:3b0ada4e152a91c8c89ede52ffbd20e6,News,Chứng khoán VIX đặt kế hoạch lãi trước thuế năm 2021 tăng trưởng 68% lên 680 tỷ đồng,,2021-03-12,,3b0ada4e152a91c8c89ede52ffbd20e6,train,True,"{""category"": ""co_tuc_phat_hanh"", ""content_length"": ""1755"", ""publication_time_resolution"": ""DATE_ONLY"", ""url"": ""https://cafef.vn/chung-khoan-vix-dat-ke-hoach-lai-truoc-thue-nam-2021-tang-truong-68-len-680-ty-dong-20210312115113179.chn""}",FINNEXUS_RESEARCH_DATASET_V17_1,FINNEXUS_TEMPORAL_KG_V1_0,CORE,FINNEXUS_LAYERED_KG_V3_0
news:3b5c58f0ca9633f55e9dbe68426187d4,News,Đằng sau đà tăng phi mã của cổ phiếu FPT Retail: Nhà thuốc Long Châu từ lỗ trăm tỷ đã đột ngột có lãi,,2021-08-28,,3b5c58f0ca9633f55e9dbe68426187d4,train,True,"{""category"": ""co_tuc_phat_hanh"", ""content_length"": ""4148"", ""publication_time_resolution"": ""DATE_ONLY"", ""url"": ""https://cafef.vn/dang-sau-da-tang-phi-ma-cua-co-phieu-fpt-retail-nha-thuoc-long-chau-tu-lo-tram-ty-da-dot-ngot-co-lai-20210826180041634.chn""}",FINNEXUS_RESEARCH_DATASET_V17_1,FINNEXUS_TEMPORAL_KG_V1_0,CORE,FINNEXUS_LAYERED_KG_V3_0
news:3b7dbc9a7b546d51588af52f0853a7a8,News,"Doanh thu môi giới sụt giảm, VNDirect báo lãi sau thuế giảm gần 35% trong quí I",,2020-04-21,,3b7dbc9a7b546d51588af52f0853a7a8,train,True,"{""category"": ""ket_qua_kinh_doanh"", ""content_length"": ""1660"", ""publication_time_resolution"": ""DATE_ONLY"", ""url"": ""https://vietnambiz.vn/doanh-thu-moi-gioi-sut-giam-vndirect-bao-lai-sau-thue-giam-gan-35-trong-qui-i-20200421104510997.htm""}",FINNEXUS_RESEARCH_DATASET_V17_1,FINNEXUS_TEMPORAL_KG_V1_0,CORE,FINNEXUS_LAYERED_KG_V3_0
news:3b890a50d0075f5a07f88ed4866dd5a3,News,Novaland thông qua nghị quyết phân phối cổ phiếu thưởng với tỷ lệ gần 36%,,2021-05-26,,3b890a50d0075f5a07f88ed4866dd5a3,train,True,"{""category"": ""co_tuc_phat_hanh"", ""content_length"": ""2948"", ""publication_time_resolution"": ""DATE_ONLY"", ""url"": ""https://cafef.vn/novaland-thong-qua-nghi-quyet-phan-phoi-co-phieu-thuong-voi-ty-le-gan-36-20210526171706309.chn""}",FINNEXUS_RESEARCH_DATASET_V17_1,FINNEXUS_TEMPORAL_KG_V1_0,CORE,FINNEXUS_LAYERED_KG_V3_0
news:3b91827b04600ec802279f8607d7b254,News,"PV Gas ước lãi gần 7.000 tỷ đồng nửa đầu năm, tăng 59%",,2022-06-23,,3b91827b04600ec802279f8607d7b254,test,True,"{""category"": ""ket_qua_kinh_doanh"", ""content_length"": ""1838"", ""publication_time_resolution"": ""DATE_ONLY"", ""url"": ""https://cafef.vn/pv-gas-uoc-lai-gan-7000-ty-dong-nua-dau-nam-tang-59-20220623101525776.chn""}",FINNEXUS_RESEARCH_DATASET_V17_1,FINNEXUS_TEMPORAL_KG_V1_0,CORE,FINNEXUS_LAYERED_KG_V3_0
news:3b94c23d940ffd3c30ad159145e6348a,News,"Chứng khoán Bản Việt (VCI): Mảng cho vay margin và IB tăng trưởng đáng kể, lãi nửa đầu năm vẫn tăng nhẹ lên 874 tỷ đồng",,2022-07-22,,3b94c23d940ffd3c30ad159145e6348a,test,True,"{""category"": ""phap_ly"", ""content_length"": ""2572"", ""publication_time_resolution"": ""DATE_ONLY"", ""url"": ""https://cafef.vn/chung-khoan-ban-viet-vci-mang-cho-vay-margin-va-ib-tang-truong-dang-ke-lai-nua-dau-nam-van-tang-nhe-len-874-ty-dong-20220721210348928.chn""}",FINNEXUS_RESEARCH_DATASET_V17_1,FINNEXUS_TEMPORAL_KG_V1_0,CORE,FINNEXUS_LAYERED_KG_V3_0
news:3bfda0e4c985555af595253922b344c1,News,"Bất động sản Phát Đạt (PDR) chốt danh sách cổ đông phát hành 179 triệu cổ phiếu trả cổ tức tỷ lệ 36,3%",,2022-04-12,,3bfda0e4c985555af595253922b344c1,validation,True,"{""category"": ""co_tuc_phat_hanh"", ""content_length"": ""940"", ""publication_time_resolution"": ""DATE_ONLY"", ""url"": ""https://cafef.vn/bat-dong-san-phat-dat-pdr-chot-danh-sach-co-dong-phat-hanh-179-trieu-co-phieu-tra-co-tuc-ty-le-363-20220412111643585.chn""}",FINNEXUS_RESEARCH_DATASET_V17_1,FINNEXUS_TEMPORAL_KG_V1_0,CORE,FINNEXUS_LAYERED_KG_V3_0
news:3c4b8deed27fcb943f1a92fdbdf7ceb0,News,"PC1 đặt mục tiêu lãi sau thuế năm 2022 giảm 15% về mức 657 tỷ đồng, trình phương án phát hành 35 triệu cổ phiếu trả cổ tức",,2022-03-31,,3c4b8deed27fcb943f1a92fdbdf7ceb0,validation,True,"{""category"": ""co_tuc_phat_hanh"", ""content_length"": ""1993"", ""publication_time_resolution"": ""DATE_ONLY"", ""url"": ""https://cafef.vn/pc1-dat-muc-tieu-lai-sau-thue-nam-2022-giam-15-ve-muc-657-ty-dong-trinh-phuong-an-phat-hanh-35-trieu-co-phieu-tra-co-tuc-20220330173125275.chn""}",FINNEXUS_RESEARCH_DATASET_V17_1,FINNEXUS_TEMPORAL_KG_V1_0,CORE,FINNEXUS_LAYERED_KG_V3_0
news:3ce72469fc63fe40242c874223dd2034,News,"Cổ phiếu tâm điểm 28/9: MBB, IDC và CTC",,2021-09-27,,3ce72469fc63fe40242c874223dd2034,train,True,"{""category"": ""ket_qua_kinh_doanh"", ""content_length"": ""2018"", ""publication_time_resolution"": ""DATE_ONLY"", ""url"": ""https://vietnambiz.vn/co-phieu-tam-diem-28-9-mbb-idc-va-ctc-20210927190436232.htm""}",FINNEXUS_RESEARCH_DATASET_V17_1,FINNEXUS_TEMPORAL_KG_V1_0,CORE,FINNEXUS_LAYERED_KG_V3_0
news:3d07f11f275b7eb1a4ac1ded2345342e,News,"TTCK Việt Nam đón thêm một quỹ đầu tư đến từ Xứ sở chùa Vàng quy mô nghìn tỷ, ưa thích nắm giữ FPT, VNM và chứng chỉ ETF",,2021-10-22,,3d07f11f275b7eb1a4ac1ded2345342e,train,True,"{""category"": ""chung_khoan"", ""content_length"": ""3052"", ""publication_time_resolution"": ""DATE_ONLY"", ""url"": ""https://cafef.vn/ttck-viet-nam-don-them-mot-quy-dau-tu-den-tu-xu-so-chua-vang-quy-mo-nghin-ty-ua-thich-nam-giu-fpt-vnm-va-chung-chi-etf-20211022151946801.chn""}",FINNEXUS_RESEARCH_DATASET_V17_1,FINNEXUS_TEMPORAL_KG_V1_0,CORE,FINNEXUS_LAYERED_KG_V3_0
news:3d8cb4d2d916fe85f27496de1f8b5bbe,News,"Quí I khó khăn, Chứng khoán SSI tăng gấp đôi giá trị đầu tư trái phiếu",,2020-04-21,,3d8cb4d2d916fe85f27496de1f8b5bbe,train,True,"{""category"": ""ket_qua_kinh_doanh"", ""content_length"": ""1941"", ""publication_time_resolution"": ""DATE_ONLY"", ""url"": ""https://vietnambiz.vn/qui-i-kho-khan-chung-khoan-ssi-tang-gap-doi-gia-tri-dau-tu-trai-phieu-20200421111546675.htm""}",FINNEXUS_RESEARCH_DATASET_V17_1,FINNEXUS_TEMPORAL_KG_V1_0,CORE,FINNEXUS_LAYERED_KG_V3_0
news:3da3d0e379289a3edcbf9b388d085b10,News,Cổ phiếu ngân hàng tuần qua: TCB giảm mạnh nhất ngành với thanh khoản liên tục ở mức cao,,2020-11-01,,3da3d0e379289a3edcbf9b388d085b10,train,True,"{""category"": ""ket_qua_kinh_doanh"", ""content_length"": ""4254"", ""publication_time_resolution"": ""DATE_ONLY"", ""url"": ""https://vietnambiz.vn/co-phieu-ngan-hang-tuan-qua-tcb-giam-manh-nhat-nganh-voi-thanh-khoan-lien-tuc-o-muc-cao-2020110121322801.htm""}",FINNEXUS_RESEARCH_DATASET_V17_1,FINNEXUS_TEMPORAL_KG_V1_0,CORE,FINNEXUS_LAYERED_KG_V3_0
news:3e16676fe28e157cbd55973ec28b5ce8,News,"Composite Capital gom thêm 7,3 triệu cổ phiếu VPB, trở thành cổ đông lớn của VPBank",,2020-02-21,,3e16676fe28e157cbd55973ec28b5ce8,train,True,"{""category"": ""ngan_hang"", ""content_length"": ""1041"", ""publication_time_resolution"": ""DATE_ONLY"", ""url"": ""https://cafef.vn/composite-capital-gom-them-73-trieu-co-phieu-vpb-tro-thanh-co-dong-lon-cua-vpbank-20200221173245563.chn""}",FINNEXUS_RESEARCH_DATASET_V17_1,FINNEXUS_TEMPORAL_KG_V1_0,CORE,FINNEXUS_LAYERED_KG_V3_0
news:3e2d776cc014da21d666bf751ff4d482,News,"FPT lãi ròng 1.239 tỷ đồng trong quý 1/2022, tăng trưởng 37% so với cùng kỳ năm trước",,2022-04-20,,3e2d776cc014da21d666bf751ff4d482,validation,True,"{""category"": ""ket_qua_kinh_doanh"", ""content_length"": ""1369"", ""publication_time_resolution"": ""DATE_ONLY"", ""url"": ""https://cafef.vn/fpt-lai-rong-1239-ty-dong-trong-quy-1-2022-tang-truong-37-so-voi-cung-ky-nam-truoc-20220420150252287.chn""}",FINNEXUS_RESEARCH_DATASET_V17_1,FINNEXUS_TEMPORAL_KG_V1_0,CORE,FINNEXUS_LAYERED_KG_V3_0
news:3e936fef5a6185b85aeff480b44346a4,News,"HAG, VCI, VPB, NVT, TNT, VMG, THP, VES, HIG, MHP: Thông tin giao dịch lượng lớn cổ phiếu",,2021-02-18,,3e936fef5a6185b85aeff480b44346a4,train,True,"{""category"": ""ngan_hang"", ""content_length"": ""2941"", ""publication_time_resolution"": ""DATE_ONLY"", ""url"": ""https://cafef.vn/hag-vci-vpb-nvt-tnt-vmg-thp-ves-hig-mhp-thong-tin-giao-dich-luong-lon-co-phieu-20210218081950659.chn""}",FINNEXUS_RESEARCH_DATASET_V17_1,FINNEXUS_TEMPORAL_KG_V1_0,CORE,FINNEXUS_LAYERED_KG_V3_0
news:3ed2c3b78e7be634a69d77178dbd3b54,News,Masan MeatLife báo lãi quý 1 tăng trưởng 67% so với cùng kỳ nhờ khoản thu nhập tài chính khác,,2022-04-28,,3ed2c3b78e7be634a69d77178dbd3b54,validation,True,"{""category"": ""ket_qua_kinh_doanh"", ""content_length"": ""1780"", ""publication_time_resolution"": ""DATE_ONLY"", ""url"": ""https://cafef.vn/masan-meatlife-bao-lai-quy-1-tang-truong-67-so-voi-cung-ky-nho-khoan-thu-nhap-tai-chinh-khac-20220428151840132.chn""}",FINNEXUS_RESEARCH_DATASET_V17_1,FINNEXUS_TEMPORAL_KG_V1_0,CORE,FINNEXUS_LAYERED_KG_V3_0
news:3f451cca61df9b9f4ab0dfc0348e0a93,News,Chứng khoán SSI chốt ngày phát hành gần 329 triệu cổ phiếu thưởng và chào bán cho cổ đông hiện hữu,,2021-08-14,,3f451cca61df9b9f4ab0dfc0348e0a93,train,True,"{""category"": ""co_tuc_phat_hanh"", ""content_length"": ""1834"", ""publication_time_resolution"": ""DATE_ONLY"", ""url"": ""https://vietnambiz.vn/chung-khoan-ssi-chot-ngay-phat-hanh-gan-329-trieu-co-phieu-thuong-va-chao-ban-cho-co-dong-hien-huu-20210814080631225.htm""}",FINNEXUS_RESEARCH_DATASET_V17_1,FINNEXUS_TEMPORAL_KG_V1_0,CORE,FINNEXUS_LAYERED_KG_V3_0
news:4024cf2f2ad9895b63a8134b3049f621,News,POW giải trình thế nào về sự cố tại nhà máy Vũng Áng 1?,,2022-01-04,,4024cf2f2ad9895b63a8134b3049f621,validation,True,"{""category"": ""ket_qua_kinh_doanh"", ""content_length"": ""2544"", ""publication_time_resolution"": ""DATE_ONLY"", ""url"": ""https://vietstock.vn/2022/01/pow-giai-trinh-the-nao-ve-su-co-tai-nha-may-vung-ang-1-737-921906.htm""}",FINNEXUS_RESEARCH_DATASET_V17_1,FINNEXUS_TEMPORAL_KG_V1_0,CORE,FINNEXUS_LAYERED_KG_V3_0
news:40475031508a57e1b83f0ea9f6fa9318,News,NovaGroup và ông Bùi Cao Nhật Quân đăng ký mua 10 triệu cổ phiếu NVL,,2022-10-11,,40475031508a57e1b83f0ea9f6fa9318,test,True,"{""category"": ""co_tuc_phat_hanh"", ""content_length"": ""2076"", ""publication_time_resolution"": ""DATE_ONLY"", ""url"": ""https://vietnambiz.vn/novagroup-va-ong-bui-cao-nhat-quan-dang-ky-mua-10-trieu-co-phieu-nvl-20221011154350989.htm""}",FINNEXUS_RESEARCH_DATASET_V17_1,FINNEXUS_TEMPORAL_KG_V1_0,CORE,FINNEXUS_LAYERED_KG_V3_0
news:40ee2c4a42efd231e8ba19f1ad5c62ad,News,HANA Securities chính thức trở thành cổ đông chiến lược của Công ty Chứng khoán BIDV,,2022-09-27,,40ee2c4a42efd231e8ba19f1ad5c62ad,test,True,"{""category"": ""co_tuc_phat_hanh"", ""content_length"": ""3928"", ""publication_time_resolution"": ""DATE_ONLY"", ""url"": ""https://cafef.vn/hana-securities-chinh-thuc-tro-thanh-co-dong-chien-luoc-cua-cong-ty-chung-khoan-bidv-20220927081952254.chn""}",FINNEXUS_RESEARCH_DATASET_V17_1,FINNEXUS_TEMPORAL_KG_V1_0,CORE,FINNEXUS_LAYERED_KG_V3_0
news:413ffa94deacba505b1b0e45d79ec565,News,"Tập đoàn FPT đạt 1.239 tỷ lãi ròng, tăng trưởng 37% trong quý 1/2022",,2022-04-20,,413ffa94deacba505b1b0e45d79ec565,validation,True,"{""category"": ""ket_qua_kinh_doanh"", ""content_length"": ""1117"", ""publication_time_resolution"": ""DATE_ONLY"", ""url"": ""https://cafef.vn/tap-doan-fpt-dat-1239-ty-lai-rong-tang-truong-37-trong-quy-1-2022-20220420145336059.chn""}",FINNEXUS_RESEARCH_DATASET_V17_1,FINNEXUS_TEMPORAL_KG_V1_0,CORE,FINNEXUS_LAYERED_KG_V3_0
news:4145edcb7da2d2cb4c1b2c6a6a92fa41,News,"Giao dịch thỏa thuận lớn MWG, VNM, VJC, ROS, GEX phiên 20/1",,2020-01-20,,4145edcb7da2d2cb4c1b2c6a6a92fa41,train,True,"{""category"": ""chung_khoan"", ""content_length"": ""2180"", ""publication_time_resolution"": ""DATE_ONLY"", ""url"": ""https://vietnambiz.vn/giao-dich-thoa-thuan-lon-mwg-vnm-vjc-ros-gex-phien-20-1-20200120162621829.htm""}",FINNEXUS_RESEARCH_DATASET_V17_1,FINNEXUS_TEMPORAL_KG_V1_0,CORE,FINNEXUS_LAYERED_KG_V3_0
news:415bf19e690b1c36e4819ec50278b323,News,"Phát Đạt, Nam Long, NBB...lãi đột biến trong quý 3/2021, cổ phiếu nhóm bất động sản đồng loạt ""dậy sóng""",,2021-10-28,,415bf19e690b1c36e4819ec50278b323,train,True,"{""category"": ""ket_qua_kinh_doanh"", ""content_length"": ""5410"", ""publication_time_resolution"": ""DATE_ONLY"", ""url"": ""https://cafef.vn/phat-dat-nam-long-nbblai-dot-bien-trong-quy-3-2021-co-phieu-nhom-bat-dong-san-dong-loat-day-song-20211028111508476.chn""}",FINNEXUS_RESEARCH_DATASET_V17_1,FINNEXUS_TEMPORAL_KG_V1_0,CORE,FINNEXUS_LAYERED_KG_V3_0
news:4167fac5606f32d9365dd6919b765d26,News,VCSC ước tính lợi nhuận 2020 của Thế giới Di động giảm 12% dù một tháng trước vẫn dự báo tăng trưởng 33%,,2020-04-15,,4167fac5606f32d9365dd6919b765d26,train,True,"{""category"": ""co_tuc_phat_hanh"", ""content_length"": ""3774"", ""publication_time_resolution"": ""DATE_ONLY"", ""url"": ""https://cafef.vn/vcsc-uoc-tinh-loi-nhuan-2020-cua-the-gioi-di-dong-giam-12-du-mot-thang-truoc-van-du-bao-tang-truong-33-20200415100722208.chn""}",FINNEXUS_RESEARCH_DATASET_V17_1,FINNEXUS_TEMPORAL_KG_V1_0,CORE,FINNEXUS_LAYERED_KG_V3_0
news:42022b1b052678e3386b47b5eb13468b,News,"Khối ngoại bán ròng nhẹ 61 tỉ đồng toàn thị trường, chủ yếu xả cổ phiếu HPG",,2020-05-21,,42022b1b052678e3386b47b5eb13468b,train,True,"{""category"": ""chung_khoan"", ""content_length"": ""2231"", ""publication_time_resolution"": ""DATE_ONLY"", ""url"": ""https://vietnambiz.vn/khoi-ngoai-ban-rong-nhe-61-ti-dong-toan-thi-truong-chu-yeu-xa-co-phieu-hpg-20200521155128362.htm""}",FINNEXUS_RESEARCH_DATASET_V17_1,FINNEXUS_TEMPORAL_KG_V1_0,CORE,FINNEXUS_LAYERED_KG_V3_0
news:420944e3b2a57043fb7bb0943bee1752,News,"PDR, TDM, CTF, HAH, SFI, HMH, BED, TLI, CTW, VE1: Thông tin giao dịch lượng lớn cổ phiếu",,2019-08-17,,420944e3b2a57043fb7bb0943bee1752,train,True,"{""category"": ""chung_khoan"", ""content_length"": ""1879"", ""publication_time_resolution"": ""DATE_ONLY"", ""url"": ""https://cafef.vn/pdr-tdm-ctf-hah-sfi-hmh-bed-tli-ctw-ve1-thong-tin-giao-dich-luong-lon-co-phieu-20190817083157199.chn""}",FINNEXUS_RESEARCH_DATASET_V17_1,FINNEXUS_TEMPORAL_KG_V1_0,CORE,FINNEXUS_LAYERED_KG_V3_0
news:424eb3410f995ec838fe46e95051c9f9,News,Quĩ Chính phủ Singapore (GIC) chi hơn 2.300 tỉ đồng mua cổ phiếu MSN,,2020-05-22,,424eb3410f995ec838fe46e95051c9f9,train,True,"{""category"": ""ket_qua_kinh_doanh"", ""content_length"": ""1417"", ""publication_time_resolution"": ""DATE_ONLY"", ""url"": ""https://vietnambiz.vn/qui-chinh-phu-singapore-gic-chi-hon-2300-ti-dong-mua-co-phieu-msn-20200522170357455.htm""}",FINNEXUS_RESEARCH_DATASET_V17_1,FINNEXUS_TEMPORAL_KG_V1_0,CORE,FINNEXUS_LAYERED_KG_V3_0
news:4311ae7581a6247c20b81ace4e8eb89c,News,KBSV dự báo PNJ sẽ hoàn thành vượt chỉ tiêu kinh doanh năm 2019,,2019-05-30,,4311ae7581a6247c20b81ace4e8eb89c,train,True,"{""category"": ""ket_qua_kinh_doanh"", ""content_length"": ""5177"", ""publication_time_resolution"": ""DATE_ONLY"", ""url"": ""https://cafef.vn/kbsv-du-bao-pnj-se-hoan-thanh-vuot-chi-tieu-kinh-doanh-nam-2019-20190530163742214.chn""}",FINNEXUS_RESEARCH_DATASET_V17_1,FINNEXUS_TEMPORAL_KG_V1_0,CORE,FINNEXUS_LAYERED_KG_V3_0
news:438f8eb321ed9d091871bdbb9b8eed0d,News,"Bộ 3 BID, VCB, CTG bứt phá mạnh, VN-Index giữ vững sắc xanh trước kỳ nghỉ lễ",,2020-04-29,,438f8eb321ed9d091871bdbb9b8eed0d,train,True,"{""category"": ""ngan_hang"", ""content_length"": ""3721"", ""publication_time_resolution"": ""DATE_ONLY"", ""url"": ""https://cafef.vn/nhieu-co-phieu-lon-dong-thuan-but-pha-vn-index-vuot-moc-770-diem-20200429095702203.chn""}",FINNEXUS_RESEARCH_DATASET_V17_1,FINNEXUS_TEMPORAL_KG_V1_0,CORE,FINNEXUS_LAYERED_KG_V3_0
news:43a35ef4feea47579e3ebd73cc808ee5,News,"GVR, EVF, VNE, VIB, NSG, HAH, HNG, VST, LBM, CTB, DOP: Thông tin giao dịch lượng lớn cổ phiếu",,2022-03-03,,43a35ef4feea47579e3ebd73cc808ee5,validation,True,"{""category"": ""ngan_hang"", ""content_length"": ""2609"", ""publication_time_resolution"": ""DATE_ONLY"", ""url"": ""https://cafef.vn/gvr-evf-vne-vib-nsg-hah-hng-vst-lbm-ctb-dop-thong-tin-giao-dich-luong-lon-co-phieu-20220302181434148.chn""}",FINNEXUS_RESEARCH_DATASET_V17_1,FINNEXUS_TEMPORAL_KG_V1_0,CORE,FINNEXUS_LAYERED_KG_V3_0
news:43b8f9ce1570a8abae0eb7aa1ee5fb55,News,SSI: Ngành cảng biển và vận tải dõi theo tình trạng tắc nghẽn chuỗi cung ứng toàn cầu,,2022-09-11,,43b8f9ce1570a8abae0eb7aa1ee5fb55,test,True,"{""category"": ""chung_khoan"", ""content_length"": ""5638"", ""publication_time_resolution"": ""DATE_ONLY"", ""url"": ""https://cafef.vn/ssi-nganh-cang-bien-va-van-tai-doi-theo-tinh-trang-tac-nghen-chuoi-cung-ung-toan-cau-20220911074119565.chn""}",FINNEXUS_RESEARCH_DATASET_V17_1,FINNEXUS_TEMPORAL_KG_V1_0,CORE,FINNEXUS_LAYERED_KG_V3_0
news:43db0dbe8be08935132dfc44dd9d1271,News,"PDR trôi về đáy sau nhịp hồi ngắn ngủi, Chủ tịch Phát Đạt lại bị bán giải chấp thêm hàng triệu cổ phiếu",,2022-12-22,,43db0dbe8be08935132dfc44dd9d1271,test,True,"{""category"": ""co_tuc_phat_hanh"", ""content_length"": ""3325"", ""publication_time_resolution"": ""DATE_ONLY"", ""url"": ""https://cafef.vn/pdr-troi-ve-day-sau-nhip-hoi-ngan-ngui-chu-tich-phat-dat-lai-bi-ban-giai-chap-them-hang-trieu-co-phieu-20221222103943326.chn""}",FINNEXUS_RESEARCH_DATASET_V17_1,FINNEXUS_TEMPORAL_KG_V1_0,CORE,FINNEXUS_LAYERED_KG_V3_0
news:43e5b14c3b7caaa19729957b3f48fe0c,News,"M&A 2020 dù giảm nhiệt do Covid-19 nhưng đầy gay cấn: Kusto đã nắm trọn Coteccons, Masan ráo riết cải tổ Vincomerce, người Thái vẫn vung tiền thâu tóm doanh nghiệp Việt",,2020-12-28,,43e5b14c3b7caaa19729957b3f48fe0c,train,True,"{""category"": ""ket_qua_kinh_doanh"", ""content_length"": ""10162"", ""publication_time_resolution"": ""DATE_ONLY"", ""url"": ""https://cafef.vn/ma-2020-du-giam-nhiet-do-covid-19-nhung-day-gay-can-kusto-da-nam-tron-coteccons-masan-rao-riet-cai-to-vincomerce-nguoi-thai-van-vung-tien-thau-tom-doanh-nghiep-viet-20201228105339279.chn""}",FINNEXUS_RESEARCH_DATASET_V17_1,FINNEXUS_TEMPORAL_KG_V1_0,CORE,FINNEXUS_LAYERED_KG_V3_0
news:4443464cfd5c5af735dfd378d367877a,News,REE đã hoàn tất mua đợt 3 lô trái phiếu 700 tỷ do Vĩnh Sơn Sông Hinh phát hành,,2020-01-09,,4443464cfd5c5af735dfd378d367877a,train,True,"{""category"": ""co_tuc_phat_hanh"", ""content_length"": ""1744"", ""publication_time_resolution"": ""DATE_ONLY"", ""url"": ""https://cafef.vn/ree-da-hoan-tat-mua-dot-3-lo-trai-phieu-700-ty-do-vinh-son-song-hinh-phat-hanh-20200108170226049.chn""}",FINNEXUS_RESEARCH_DATASET_V17_1,FINNEXUS_TEMPORAL_KG_V1_0,CORE,FINNEXUS_LAYERED_KG_V3_0
news:446400a26d067023c57e879f449aa1b3,News,"Tundra thoái HPG, đẩy mạnh “gom” REE với kỳ vọng về ngành năng lượng tái tạo",,2021-02-10,,446400a26d067023c57e879f449aa1b3,train,True,"{""category"": ""ket_qua_kinh_doanh"", ""content_length"": ""2767"", ""publication_time_resolution"": ""DATE_ONLY"", ""url"": ""https://cafef.vn/tundra-thoai-hpg-day-manh-gom-ree-voi-ky-vong-ve-nganh-nang-luong-tai-tao-20210208163033674.chn""}",FINNEXUS_RESEARCH_DATASET_V17_1,FINNEXUS_TEMPORAL_KG_V1_0,CORE,FINNEXUS_LAYERED_KG_V3_0
news:446a730bca508955eb9e6a54154627ce,News,"Khối ngoại trở lại mua ròng hơn 4.100 tỷ đồng tuần VN-Index có đáy mới trong năm, tâm điểm KDH, VHM",,2022-11-12,,446a730bca508955eb9e6a54154627ce,test,True,"{""category"": ""ngan_hang"", ""content_length"": ""4126"", ""publication_time_resolution"": ""DATE_ONLY"", ""url"": ""https://vietnambiz.vn/khoi-ngoai-tro-lai-mua-rong-hon-4100-ty-dong-tuan-vn-index-co-day-moi-trong-nam-tam-diem-kdh-vhm-202211120321537.htm""}",FINNEXUS_RESEARCH_DATASET_V17_1,FINNEXUS_TEMPORAL_KG_V1_0,CORE,FINNEXUS_LAYERED_KG_V3_0
news:44752106c28255e5b2b09ded776ae485,News,"SMC, TNI, TMS, IMP, VNT, NHA, DZM, L35: Thông tin giao dịch lượng lớn cổ phiếu",,2020-02-17,,44752106c28255e5b2b09ded776ae485,train,True,"{""category"": ""chung_khoan"", ""content_length"": ""1731"", ""publication_time_resolution"": ""DATE_ONLY"", ""url"": ""https://cafef.vn/smc-tni-tms-imp-vnt-nha-dzm-l35-thong-tin-giao-dich-luong-lon-co-phieu-20200215080228032.chn""}",FINNEXUS_RESEARCH_DATASET_V17_1,FINNEXUS_TEMPORAL_KG_V1_0,CORE,FINNEXUS_LAYERED_KG_V3_0
news:449f5d95c3254ab951706da17c564888,News,"Cổ phiếu tâm điểm 24/5: GVR, DPM, HUT",,2022-05-23,,449f5d95c3254ab951706da17c564888,test,True,"{""category"": ""ket_qua_kinh_doanh"", ""content_length"": ""2432"", ""publication_time_resolution"": ""DATE_ONLY"", ""url"": ""https://vietnambiz.vn/co-phieu-tam-diem-245-gvr-dpm-hut-20225231847480.htm""}",FINNEXUS_RESEARCH_DATASET_V17_1,FINNEXUS_TEMPORAL_KG_V1_0,CORE,FINNEXUS_LAYERED_KG_V3_0
news:451e1e6f85f6383bf411a877af9d981e,News,"Phiên 28/4: Nhà đầu tư ngoại bán ròng trăm tỷ đồng trước đợt nghỉ lễ, xả mạnh VHM",,2022-04-28,,451e1e6f85f6383bf411a877af9d981e,validation,True,"{""category"": ""ket_qua_kinh_doanh"", ""content_length"": ""3222"", ""publication_time_resolution"": ""DATE_ONLY"", ""url"": ""https://vietnambiz.vn/phien-284-nha-dau-tu-ngoai-ban-rong-tram-ty-dong-truoc-dot-nghi-le-xa-manh-vhm-202242817495470.htm""}",FINNEXUS_RESEARCH_DATASET_V17_1,FINNEXUS_TEMPORAL_KG_V1_0,CORE,FINNEXUS_LAYERED_KG_V3_0
news:457fc45851ad83461a403142728f0a64,News,"Cổ phiếu tâm điểm ngày 24/11: TDM, DBC, DGC",,2020-11-23,,457fc45851ad83461a403142728f0a64,train,True,"{""category"": ""ngan_hang"", ""content_length"": ""1976"", ""publication_time_resolution"": ""DATE_ONLY"", ""url"": ""https://vietnambiz.vn/co-phieu-tam-diem-ngay-24-11-tdm-dbc-dgc-20201123220221476.htm""}",FINNEXUS_RESEARCH_DATASET_V17_1,FINNEXUS_TEMPORAL_KG_V1_0,CORE,FINNEXUS_LAYERED_KG_V3_0
news:45eb8e495f3e6e4f7a37ee73c53eeb1b,News,"Những ngày cuối năm, Đạm Cà Mau (DCM) điều chỉnh chỉ tiêu lợi nhuận năm 2021 lên hơn 4 lần so với kế hoạch cũ",,2021-12-28,,45eb8e495f3e6e4f7a37ee73c53eeb1b,validation,True,"{""category"": ""co_tuc_phat_hanh"", ""content_length"": ""1888"", ""publication_time_resolution"": ""DATE_ONLY"", ""url"": ""https://cafef.vn/nhung-ngay-cuoi-nam-dam-ca-mau-dcm-dieu-chinh-chi-tieu-loi-nhuan-nam-2021-len-hon-4-lan-so-voi-ke-hoach-cu-20211228094223391.chn""}",FINNEXUS_RESEARCH_DATASET_V17_1,FINNEXUS_TEMPORAL_KG_V1_0,CORE,FINNEXUS_LAYERED_KG_V3_0
news:467334c4e390f5b9700032108caa9620,News,"PV Power (POW) ghi nhận doanh thu tháng 10 đạt 1.016 tỷ đồng, sản lượng điện chỉ hoàn thành 42% kế hoạch tháng",,2021-11-08,,467334c4e390f5b9700032108caa9620,train,True,"{""category"": ""ket_qua_kinh_doanh"", ""content_length"": ""2065"", ""publication_time_resolution"": ""DATE_ONLY"", ""url"": ""https://cafef.vn/pv-power-pow-ghi-nhan-doanh-thu-thang-10-dat-1016-ty-dong-san-luong-dien-chi-hoan-thanh-42-ke-hoach-thang-20211108173043654.chn""}",FINNEXUS_RESEARCH_DATASET_V17_1,FINNEXUS_TEMPORAL_KG_V1_0,CORE,FINNEXUS_LAYERED_KG_V3_0
news:46b10aae760751590a4ecd8acbc2b2ef,News,"Phiên 24/12: Khối ngoại tiếp tục bán ròng 151 tỷ đồng trên toàn thị trường, tâm điểm bán CEO, HPG",,2021-12-24,,46b10aae760751590a4ecd8acbc2b2ef,validation,True,"{""category"": ""ngan_hang"", ""content_length"": ""2778"", ""publication_time_resolution"": ""DATE_ONLY"", ""url"": ""https://cafef.vn/phien-24-12-khoi-ngoai-tiep-tuc-ban-rong-151-ty-dong-tren-toan-thi-truong-tam-diem-ban-ceo-hpg-2021122415362133.chn""}",FINNEXUS_RESEARCH_DATASET_V17_1,FINNEXUS_TEMPORAL_KG_V1_0,CORE,FINNEXUS_LAYERED_KG_V3_0
news:46f2d026483c7c87ae87fe4b72b1ccc0,News,"Hoa Sen Group (HSG) đã giảm được hơn 3.300 tỷ nợ vay, thu gọn gần 100 chi nhánh, lợi nhuận 3 quý vẫn chỉ đạt phân nửa cùng kỳ với 277 tỷ đồng",,2019-07-31,,46f2d026483c7c87ae87fe4b72b1ccc0,train,True,"{""category"": ""ket_qua_kinh_doanh"", ""content_length"": ""2217"", ""publication_time_resolution"": ""DATE_ONLY"", ""url"": ""https://cafef.vn/hoa-sen-group-hsg-da-giam-duoc-hon-3300-ty-no-vay-thu-gon-gan-100-chi-nhanh-loi-nhuan-3-quy-van-chi-dat-phan-nua-cung-ky-voi-277-ty-dong-20190730175223843.chn""}",FINNEXUS_RESEARCH_DATASET_V17_1,FINNEXUS_TEMPORAL_KG_V1_0,CORE,FINNEXUS_LAYERED_KG_V3_0
news:470d1eb354442cf72abd25df973560f7,News,Chính phủ Singapore bán hơn 300.000 cổ phiếu Vietjet thu về 44 tỉ đồng,,2019-11-14,,470d1eb354442cf72abd25df973560f7,train,True,"{""category"": ""chung_khoan"", ""content_length"": ""961"", ""publication_time_resolution"": ""DATE_ONLY"", ""url"": ""https://vietnambiz.vn/chinh-phu-singapore-ban-hon-300000-co-phieu-vietjet-thu-ve-44-ti-dong-20191114090434539.htm""}",FINNEXUS_RESEARCH_DATASET_V17_1,FINNEXUS_TEMPORAL_KG_V1_0,CORE,FINNEXUS_LAYERED_KG_V3_0
news:476ab437b47bfd6a737ef0050cc6234f,News,"Top lãi quý 3: VinHomes gần bằng cả Vietcombank, Techcombank, BIDV cộng lại, duy nhất Vinamilk đi lùi so với cùng kỳ",,2022-11-03,,476ab437b47bfd6a737ef0050cc6234f,test,True,"{""category"": ""ket_qua_kinh_doanh"", ""content_length"": ""2169"", ""publication_time_resolution"": ""DATE_ONLY"", ""url"": ""https://cafef.vn/top-lai-quy-3-vinhomes-gan-bang-ca-vietcombank-techcombank-bidv-cong-lai-duy-nhat-vinamilk-di-lui-so-voi-cung-ky-20221102215704529.chn""}",FINNEXUS_RESEARCH_DATASET_V17_1,FINNEXUS_TEMPORAL_KG_V1_0,CORE,FINNEXUS_LAYERED_KG_V3_0
news:47cbf0dd243e2590145f5256f3bfb26b,News,"VJC, TDM, SJS, SVC, L10, KSH, PBK, HLT, HDA: Thông tin giao dịch lượng lớn cổ phiếu",,2020-03-12,,47cbf0dd243e2590145f5256f3bfb26b,train,True,"{""category"": ""chung_khoan"", ""content_length"": ""2302"", ""publication_time_resolution"": ""DATE_ONLY"", ""url"": ""https://cafef.vn/vjc-tdm-sjs-svc-l10-ksh-pbk-hlt-hda-thong-tin-giao-dich-luong-lon-co-phieu-20200312073651041.chn""}",FINNEXUS_RESEARCH_DATASET_V17_1,FINNEXUS_TEMPORAL_KG_V1_0,CORE,FINNEXUS_LAYERED_KG_V3_0
news:47e80f41ce3f346028ff9bfd1ae5e88e,News,"IDC, CII, TCH, TPB, HCM, BCG, VRC, RCL, PME, SVI, CX8, SBS, SJM, NTP, VTH, TTZ, TXM, DVC, CT6: Thông tin giao dịch lượng lớn cổ phiếu",,2020-12-22,,47e80f41ce3f346028ff9bfd1ae5e88e,train,True,"{""category"": ""ngan_hang"", ""content_length"": ""5213"", ""publication_time_resolution"": ""DATE_ONLY"", ""url"": ""https://cafef.vn/idc-cii-tch-tpb-hcm-bcg-vrc-rcl-pme-svi-cx8-sbs-sjm-ntp-vth-ttz-txm-dvc-ct6-thong-tin-giao-dich-luong-lon-co-phieu-20201222180238514.chn""}",FINNEXUS_RESEARCH_DATASET_V17_1,FINNEXUS_TEMPORAL_KG_V1_0,CORE,FINNEXUS_LAYERED_KG_V3_0
news:47ecf3fb9b63841cf9b2372e8c86fef3,News,Ông Nguyễn Bá Dương rút khỏi Vinamilk vì lý do sức khỏe,,2020-09-18,,47ecf3fb9b63841cf9b2372e8c86fef3,train,True,"{""category"": ""chung_khoan"", ""content_length"": ""1960"", ""publication_time_resolution"": ""DATE_ONLY"", ""url"": ""https://www.tinnhanhchungkhoan.vn/ong-nguyen-ba-duong-rut-khoi-vinamilk-vi-ly-do-suc-khoe-post250543.html""}",FINNEXUS_RESEARCH_DATASET_V17_1,FINNEXUS_TEMPORAL_KG_V1_0,CORE,FINNEXUS_LAYERED_KG_V3_0
news:480c9c5320f3d29fa9fc3703e8c122c7,News,"Masan Group (MSN) sắp chi 1.175 tỷ trả cổ tức bằng tiền mặt, mỗi cổ đông sẽ nhận về 1.000 đồng/cổ phiếu",,2021-05-31,,480c9c5320f3d29fa9fc3703e8c122c7,train,True,"{""category"": ""co_tuc_phat_hanh"", ""content_length"": ""1727"", ""publication_time_resolution"": ""DATE_ONLY"", ""url"": ""https://cafef.vn/masan-group-msn-sap-chi-1175-ty-tra-co-tuc-bang-tien-mat-moi-co-dong-se-nhan-ve-1000-dong-co-phieu-20210531162540373.chn""}",FINNEXUS_RESEARCH_DATASET_V17_1,FINNEXUS_TEMPORAL_KG_V1_0,CORE,FINNEXUS_LAYERED_KG_V3_0
news:4869a1e18c7c606eddc5a00cfeb5c79b,News,Dịch vụ kỹ thuật Dầu khí PTSC (PVS) ghi nhận 506 tỷ đồng tiền lãi từ công ty liên doanh liên kết trong 9 tháng đầu,,2021-11-03,,4869a1e18c7c606eddc5a00cfeb5c79b,train,True,"{""category"": ""ket_qua_kinh_doanh"", ""content_length"": ""2136"", ""publication_time_resolution"": ""DATE_ONLY"", ""url"": ""https://cafef.vn/dich-vu-ky-thuat-dau-khi-ptsc-pvs-ghi-nhan-506-ty-dong-tien-lai-tu-cong-ty-lien-doanh-lien-ket-trong-9-thang-dau-20211103092331424.chn""}",FINNEXUS_RESEARCH_DATASET_V17_1,FINNEXUS_TEMPORAL_KG_V1_0,CORE,FINNEXUS_LAYERED_KG_V3_0
news:488ee71d9b24f27d6af1473843cc8f96,News,Vingroup báo lãi hợp nhất trước thuế quý 2/2021 đạt hơn 3.600 tỷ đồng,,2021-07-30,,488ee71d9b24f27d6af1473843cc8f96,train,True,"{""category"": ""ket_qua_kinh_doanh"", ""content_length"": ""4915"", ""publication_time_resolution"": ""DATE_ONLY"", ""url"": ""https://cafef.vn/vingroup-bao-lai-hop-nhat-truoc-thue-quy-2-dat-hon-3600-ty-dong-doanh-thu-bds-va-cong-nghiep-tang-manh-20210730075336605.chn""}",FINNEXUS_RESEARCH_DATASET_V17_1,FINNEXUS_TEMPORAL_KG_V1_0,CORE,FINNEXUS_LAYERED_KG_V3_0
news:493a23eccf19921b03144c9ab6190e62,News,GIC trở lại làm cổ đông lớn Vinhomes,,2022-06-08,,493a23eccf19921b03144c9ab6190e62,test,True,"{""category"": ""co_tuc_phat_hanh"", ""content_length"": ""1609"", ""publication_time_resolution"": ""DATE_ONLY"", ""url"": ""https://cafef.vn/gic-tro-lai-lam-co-dong-lon-vinhomes-20220608092025377.chn""}",FINNEXUS_RESEARCH_DATASET_V17_1,FINNEXUS_TEMPORAL_KG_V1_0,CORE,FINNEXUS_LAYERED_KG_V3_0
news:4a11a8ea485419fda6ca59e94f32dcd0,News,VCSC chuẩn bị phát hành 100 triệu cổ phiếu trả cổ tức 2021 tỷ lệ 30%,,2022-07-04,,4a11a8ea485419fda6ca59e94f32dcd0,test,True,"{""category"": ""co_tuc_phat_hanh"", ""content_length"": ""1502"", ""publication_time_resolution"": ""DATE_ONLY"", ""url"": ""https://cafef.vn/vcsc-chuan-bi-phat-hanh-100-trieu-co-phieu-tra-co-tuc-2021-ty-le-30-20220704104456011.chn""}",FINNEXUS_RESEARCH_DATASET_V17_1,FINNEXUS_TEMPORAL_KG_V1_0,CORE,FINNEXUS_LAYERED_KG_V3_0
news:4a70671df7c46fe5b6e329733212a17f,News,"Khối ngoại và tự doanh tranh thủ gom cổ phiếu ngân hàng phiên hoảng loạn, tâm điểm STB",,2022-01-17,,4a70671df7c46fe5b6e329733212a17f,validation,True,"{""category"": ""ngan_hang"", ""content_length"": ""2814"", ""publication_time_resolution"": ""DATE_ONLY"", ""url"": ""https://vietnambiz.vn/khoi-ngoai-va-tu-doanh-tranh-thu-gom-co-phieu-ngan-hang-phien-hoang-loan-tam-diem-stb-20220117161606962.htm""}",FINNEXUS_RESEARCH_DATASET_V17_1,FINNEXUS_TEMPORAL_KG_V1_0,CORE,FINNEXUS_LAYERED_KG_V3_0
news:4af813762430dfece0a99e60b357a57a,News,"Phiên 5/4: Khối ngoại trở lại bán ròng gần 280 tỷ đồng trên HoSE, tâm điểm bán bộ đôi VHM, VIC",,2022-04-05,,4af813762430dfece0a99e60b357a57a,validation,True,"{""category"": ""ngan_hang"", ""content_length"": ""2252"", ""publication_time_resolution"": ""DATE_ONLY"", ""url"": ""https://cafef.vn/phien-5-4-khoi-ngoai-tro-lai-ban-rong-gan-280-ty-dong-tren-hose-tam-diem-ban-bo-doi-vhm-vic-20220405163929597.chn""}",FINNEXUS_RESEARCH_DATASET_V17_1,FINNEXUS_TEMPORAL_KG_V1_0,CORE,FINNEXUS_LAYERED_KG_V3_0
news:4b1d2b9eefa10aa9f882d795b2989141,News,"Masan MEATLife phát hành xong gần 7.300 tỷ đồng trái phiếu cho kế hoạch tách mảng cám và đầu tư mở rộng mảng thịt, NĐT ngoại mua hơn 1/3",,2021-10-23,,4b1d2b9eefa10aa9f882d795b2989141,train,True,"{""category"": ""co_tuc_phat_hanh"", ""content_length"": ""1816"", ""publication_time_resolution"": ""DATE_ONLY"", ""url"": ""https://cafef.vn/masan-meatlife-phat-hanh-xong-gan-7300-ty-dong-trai-phieu-cho-ke-hoach-tach-mang-cam-va-dau-tu-mo-rong-mang-thit-ndt-ngoai-mua-hon-1-3-20211023103940701.chn""}",FINNEXUS_RESEARCH_DATASET_V17_1,FINNEXUS_TEMPORAL_KG_V1_0,CORE,FINNEXUS_LAYERED_KG_V3_0
news:4b51bdb270d467f5eb16c7139d3be606,News,"Cổ phiếu ngân hàng giảm sâu, khối ngoại tiếp tục gom STB",,2022-11-14,,4b51bdb270d467f5eb16c7139d3be606,test,True,"{""category"": ""ngan_hang"", ""content_length"": ""2216"", ""publication_time_resolution"": ""DATE_ONLY"", ""url"": ""https://vietnambiz.vn/co-phieu-ngan-hang-giam-sau-khoi-ngoai-tiep-tuc-gom-stb-20221114155923627.htm""}",FINNEXUS_RESEARCH_DATASET_V17_1,FINNEXUS_TEMPORAL_KG_V1_0,CORE,FINNEXUS_LAYERED_KG_V3_0
news:4b6a8a90c052ff6a8df0ed5a9a9a6d44,News,"VNDIRECT lãi trước thuế 6 tháng đạt hơn 1.100 tỷ đồng, hoàn thành 103% kế hoạch năm 2021",,2021-07-19,,4b6a8a90c052ff6a8df0ed5a9a9a6d44,train,True,"{""category"": ""ket_qua_kinh_doanh"", ""content_length"": ""2288"", ""publication_time_resolution"": ""DATE_ONLY"", ""url"": ""https://cafef.vn/vndirect-lai-truoc-thue-6-thang-dat-hon-1100-ty-dong-hoan-thanh-103-ke-hoach-nam-2021-20210719151217804.chn""}",FINNEXUS_RESEARCH_DATASET_V17_1,FINNEXUS_TEMPORAL_KG_V1_0,CORE,FINNEXUS_LAYERED_KG_V3_0
news:4bffc1673c9df09ff790f0071f4b7085,News,"HSG: Lãi sau thuế NĐTC 2019-2020 đạt 1.151 tỷ đồng, lớn gấp 3,2 lần so với NĐTC 2018-2019",,2020-10-30,,4bffc1673c9df09ff790f0071f4b7085,train,True,"{""category"": ""ket_qua_kinh_doanh"", ""content_length"": ""1607"", ""publication_time_resolution"": ""DATE_ONLY"", ""url"": ""https://cafef.vn/hsg-lai-sau-thue-ndtc-2019-2020-dat-1151-ty-dong-lon-gap-32-lan-so-voi-ndtc-2018-2019-20201030100628943.chn""}",FINNEXUS_RESEARCH_DATASET_V17_1,FINNEXUS_TEMPORAL_KG_V1_0,CORE,FINNEXUS_LAYERED_KG_V3_0
news:4cae91b6218ffebd0c236bf33b14cf04,News,Petrolimex (PLX) chốt danh sách cổ đông trả cổ tức bằng tiền tỷ lệ 20%,,2020-03-17,,4cae91b6218ffebd0c236bf33b14cf04,train,True,"{""category"": ""co_tuc_phat_hanh"", ""content_length"": ""1341"", ""publication_time_resolution"": ""DATE_ONLY"", ""url"": ""https://cafef.vn/petrolimex-plx-chot-danh-sach-co-dong-tra-co-tuc-bang-tien-ty-le-20-20200317102456546.chn""}",FINNEXUS_RESEARCH_DATASET_V17_1,FINNEXUS_TEMPORAL_KG_V1_0,CORE,FINNEXUS_LAYERED_KG_V3_0
news:4cfbaf54a2a4f2324ebb67d4d464b890,News,"Cổ phiếu ngân hàng vẫn chưa hồi phục, VPB gồng đỡ thị trường",,2022-04-14,,4cfbaf54a2a4f2324ebb67d4d464b890,validation,True,"{""category"": ""co_tuc_phat_hanh"", ""content_length"": ""2361"", ""publication_time_resolution"": ""DATE_ONLY"", ""url"": ""https://vietnambiz.vn/co-phieu-ngan-hang-van-chua-hoi-phuc-vpb-gong-do-thi-truong-2022414191551433.htm""}",FINNEXUS_RESEARCH_DATASET_V17_1,FINNEXUS_TEMPORAL_KG_V1_0,CORE,FINNEXUS_LAYERED_KG_V3_0
news:4d5c262ad87cdc84ed01361b182d82e6,News,Công ty bán gas lãi quý II gấp 17 lần cùng kỳ,,2022-07-18,,4d5c262ad87cdc84ed01361b182d82e6,test,True,"{""category"": ""ket_qua_kinh_doanh"", ""content_length"": ""2011"", ""publication_time_resolution"": ""DATE_ONLY"", ""url"": ""https://cafef.vn/cong-ty-ban-gas-lai-quy-ii-gap-17-lan-cung-ky-2022071816442086.chn""}",FINNEXUS_RESEARCH_DATASET_V17_1,FINNEXUS_TEMPORAL_KG_V1_0,CORE,FINNEXUS_LAYERED_KG_V3_0
news:4d616962905d3c0c3e2dd5f5ca8233d7,News,"Sau nhiều biến động cổ đông, người có liên quan tới T&D ứng cử vào HĐQT Viconship",,2022-09-06,,4d616962905d3c0c3e2dd5f5ca8233d7,test,True,"{""category"": ""co_tuc_phat_hanh"", ""content_length"": ""5356"", ""publication_time_resolution"": ""DATE_ONLY"", ""url"": ""https://cafef.vn/sau-nhieu-bien-dong-co-dong-nguoi-co-lien-quan-toi-td-ung-cu-vao-hdqt-viconship-20220906132700949.chn""}",FINNEXUS_RESEARCH_DATASET_V17_1,FINNEXUS_TEMPORAL_KG_V1_0,CORE,FINNEXUS_LAYERED_KG_V3_0
news:4d62377ae5872411565970d1ea8c5992,News,"PV Power: Doanh thu 2 tháng đầu năm đạt 4.806 tỷ đồng, cổ phiếu tiếp tục giảm sâu",,2020-03-17,,4d62377ae5872411565970d1ea8c5992,train,True,"{""category"": ""ket_qua_kinh_doanh"", ""content_length"": ""2400"", ""publication_time_resolution"": ""DATE_ONLY"", ""url"": ""https://cafef.vn/pv-power-2-thang-dau-nam-dat-4806-ty-dong-co-phieu-tiep-tuc-giam-sau-20200316145400703.chn""}",FINNEXUS_RESEARCH_DATASET_V17_1,FINNEXUS_TEMPORAL_KG_V1_0,CORE,FINNEXUS_LAYERED_KG_V3_0
news:4d62b2c6c3e349e469b8b4c2a79a882a,News,"Chủ tịch HĐQT của Nam Việt đăng ký mua 4,5 triệu cổ phiếu ANV",,2020-04-25,,4d62b2c6c3e349e469b8b4c2a79a882a,train,True,"{""category"": ""ket_qua_kinh_doanh"", ""content_length"": ""1224"", ""publication_time_resolution"": ""DATE_ONLY"", ""url"": ""https://cafef.vn/chu-tich-hdqt-cua-nam-viet-dang-ky-mua-45-trieu-co-phieu-anv-20200425083407484.chn""}",FINNEXUS_RESEARCH_DATASET_V17_1,FINNEXUS_TEMPORAL_KG_V1_0,CORE,FINNEXUS_LAYERED_KG_V3_0
news:4d836880bd9c0555029e51fe75e003dc,News,"Lợi nhuận doanh nghiệp logistics - vận tải biển bứt phá, cổ phiếu Hải An, Viconship ngược dòng lập đỉnh mới",,2022-05-04,,4d836880bd9c0555029e51fe75e003dc,validation,True,"{""category"": ""ket_qua_kinh_doanh"", ""content_length"": ""2790"", ""publication_time_resolution"": ""DATE_ONLY"", ""url"": ""https://cafef.vn/loi-nhuan-doanh-nghiep-logistics-van-tai-bien-but-pha-co-phieu-hai-an-viconship-nguoc-dong-lap-dinh-moi-20220504120432871.chn""}",FINNEXUS_RESEARCH_DATASET_V17_1,FINNEXUS_TEMPORAL_KG_V1_0,CORE,FINNEXUS_LAYERED_KG_V3_0
news:4d95bcad6e93749a6cf03beda2502122,News,"Cổ phiếu tâm điểm ngày 2/7: HAX, HPX, VIC",,2020-07-01,,4d95bcad6e93749a6cf03beda2502122,train,True,"{""category"": ""ket_qua_kinh_doanh"", ""content_length"": ""3039"", ""publication_time_resolution"": ""DATE_ONLY"", ""url"": ""https://vietnambiz.vn/co-phieu-tam-diem-ngay-2-7-hax-hpx-vic-20200701204622955.htm""}",FINNEXUS_RESEARCH_DATASET_V17_1,FINNEXUS_TEMPORAL_KG_V1_0,CORE,FINNEXUS_LAYERED_KG_V3_0
news:4dad1b7289c3e55f5d6bd9f8a8c37ab6,News,"Cổ phiếu tâm điểm 9/12: PVD, HDC, PVC",,2021-12-08,,4dad1b7289c3e55f5d6bd9f8a8c37ab6,train,True,"{""category"": ""ngan_hang"", ""content_length"": ""2320"", ""publication_time_resolution"": ""DATE_ONLY"", ""url"": ""https://vietnambiz.vn/co-phieu-tam-diem-9-12-pvd-hdc-pvc-20211208171825299.htm""}",FINNEXUS_RESEARCH_DATASET_V17_1,FINNEXUS_TEMPORAL_KG_V1_0,CORE,FINNEXUS_LAYERED_KG_V3_0
news:4e5a68f0a17dba5b7f0c8f58a51c2e27,News,Hoà Phát (HPG): Sản lượng bán hàng tháng 10 xuống thấp nhất kể từ đầu năm 2021,,2022-11-07,,4e5a68f0a17dba5b7f0c8f58a51c2e27,test,True,"{""category"": ""doanh_nghiep"", ""content_length"": ""1994"", ""publication_time_resolution"": ""DATE_ONLY"", ""url"": ""https://cafef.vn/hoa-phat-hpg-san-luong-ban-hang-thang-10-xuong-thap-nhat-ke-tu-dau-nam-2021-20221107143754378.chn""}",FINNEXUS_RESEARCH_DATASET_V17_1,FINNEXUS_TEMPORAL_KG_V1_0,CORE,FINNEXUS_LAYERED_KG_V3_0
news:4e791922006632a4366b65ee2eaf4d9a,News,"Hoạt động khai thác cảng và logistics tăng trưởng, Gemadept lãi quý II cao nhất 4 năm",,2022-08-01,,4e791922006632a4366b65ee2eaf4d9a,test,True,"{""category"": ""ket_qua_kinh_doanh"", ""content_length"": ""3468"", ""publication_time_resolution"": ""DATE_ONLY"", ""url"": ""https://cafef.vn/hoat-dong-khai-thac-cang-va-logistics-tang-truong-gemadept-lai-quy-ii-cao-nhat-4-nam-20220731233154184.chn""}",FINNEXUS_RESEARCH_DATASET_V17_1,FINNEXUS_TEMPORAL_KG_V1_0,CORE,FINNEXUS_LAYERED_KG_V3_0
news:4e89103eaf8e81b0388e14e9ea97660a,News,Quỹ ngoại 3 tỷ USD tiếp tục chi gần 180 tỷ gom thêm cổ phiếu Thế Giới Di Động (MWG),,2022-01-14,,4e89103eaf8e81b0388e14e9ea97660a,validation,True,"{""category"": ""ket_qua_kinh_doanh"", ""content_length"": ""1981"", ""publication_time_resolution"": ""DATE_ONLY"", ""url"": ""https://cafef.vn/quy-ngoai-3-ty-usd-tiep-tuc-chi-gan-180-ty-gom-them-co-phieu-the-gioi-di-dong-mwg-20220114144124945.chn""}",FINNEXUS_RESEARCH_DATASET_V17_1,FINNEXUS_TEMPORAL_KG_V1_0,CORE,FINNEXUS_LAYERED_KG_V3_0
news:4f8bdb2b047442c11f011486eeb3506a,News,"Điều chỉnh tăng kế hoạch lợi nhuận cao gấp 9 lần, Đạm Cà Mau (DCM) vẫn báo lợi nhuận năm 2020 vượt 39% mục tiêu cả năm",,2021-01-29,,4f8bdb2b047442c11f011486eeb3506a,train,True,"{""category"": ""ket_qua_kinh_doanh"", ""content_length"": ""2292"", ""publication_time_resolution"": ""DATE_ONLY"", ""url"": ""https://cafef.vn/dieu-chinh-tang-ke-hoach-loi-nhuan-cao-gap-9-lan-dam-ca-mau-dcm-van-bao-loi-nhuan-nam-2020-vuot-39-muc-tieu-ca-nam-2021012822271546.chn""}",FINNEXUS_RESEARCH_DATASET_V17_1,FINNEXUS_TEMPORAL_KG_V1_0,CORE,FINNEXUS_LAYERED_KG_V3_0
news:5027dfb4ca8757a088a719b0805dffbb,News,"Cổ phiếu tâm điểm ngày 11/9: GMD, ACV, NCT",,2020-09-11,,5027dfb4ca8757a088a719b0805dffbb,train,True,"{""category"": ""ket_qua_kinh_doanh"", ""content_length"": ""2315"", ""publication_time_resolution"": ""DATE_ONLY"", ""url"": ""https://vietnambiz.vn/co-phieu-tam-diem-ngay-11-9-gmd-acv-nct-20200911064951875.htm""}",FINNEXUS_RESEARCH_DATASET_V17_1,FINNEXUS_TEMPORAL_KG_V1_0,CORE,FINNEXUS_LAYERED_KG_V3_0
news:505d16096444e028257c1d11394e3933,News,"Chứng khoán SSI triển khai phương án phát hành 329 triệu cổ phiếu thưởng và chào bán cho cổ đông hiện hữu, tăng vốn lên 9.860 tỷ đồng",,2021-08-13,,505d16096444e028257c1d11394e3933,train,True,"{""category"": ""co_tuc_phat_hanh"", ""content_length"": ""2856"", ""publication_time_resolution"": ""DATE_ONLY"", ""url"": ""https://cafef.vn/chung-khoan-ssi-trien-khai-phuong-an-phat-hanh-329-trieu-co-phieu-thuong-va-chao-ban-cho-co-dong-hien-huu-tang-von-len-9860-ty-dong-20210813185829357.chn""}",FINNEXUS_RESEARCH_DATASET_V17_1,FINNEXUS_TEMPORAL_KG_V1_0,CORE,FINNEXUS_LAYERED_KG_V3_0
news:50601fcfbb625dd02c023a85dc47c3c7,News,"PV Power (POW) bất ngờ báo lãi trước thuế tăng 30%, vượt kế hoạch ngay sau quý đầu năm",,2022-05-01,,50601fcfbb625dd02c023a85dc47c3c7,validation,True,"{""category"": ""ket_qua_kinh_doanh"", ""content_length"": ""2603"", ""publication_time_resolution"": ""DATE_ONLY"", ""url"": ""https://cafef.vn/pv-power-pow-bat-ngo-bao-lai-truoc-thue-tang-30-vuot-ke-hoach-ngay-sau-quy-dau-nam-20220430095141526.chn""}",FINNEXUS_RESEARCH_DATASET_V17_1,FINNEXUS_TEMPORAL_KG_V1_0,CORE,FINNEXUS_LAYERED_KG_V3_0
news:5068a5c6c53e012ecd1aeac26b8ee8fb,News,"Phiên 13/5: Khối ngoại mua ròng phiên thứ 2 liên tiếp, tập trung “gom” VNM, VCB và chứng chỉ quỹ FUEVFVND",,2020-05-13,,5068a5c6c53e012ecd1aeac26b8ee8fb,train,True,"{""category"": ""chung_khoan"", ""content_length"": ""770"", ""publication_time_resolution"": ""DATE_ONLY"", ""url"": ""https://cafef.vn/phien-13-5-khoi-ngoai-mua-rong-phien-thu-2-lien-tiep-tap-trung-gom-vnm-vcb-va-chung-chi-quy-fuevfvnd-20200513151820341.chn""}",FINNEXUS_RESEARCH_DATASET_V17_1,FINNEXUS_TEMPORAL_KG_V1_0,CORE,FINNEXUS_LAYERED_KG_V3_0
news:50af77ddf6266b109087c015c0f9417b,News,"Vingroup xác định 2020 là năm thắt lưng buộc bụng, đặt mục tiêu 145.000 tỷ doanh thu và 5.000 tỷ LNST",,2020-05-19,,50af77ddf6266b109087c015c0f9417b,train,True,"{""category"": ""ket_qua_kinh_doanh"", ""content_length"": ""1894"", ""publication_time_resolution"": ""DATE_ONLY"", ""url"": ""https://cafef.vn/vingroup-xac-dinh-2020-la-nam-that-lung-buoc-bung-dat-muc-tieu-145000-ty-doanh-thu-va-5000-ty-lnst-20200519115208072.chn""}",FINNEXUS_RESEARCH_DATASET_V17_1,FINNEXUS_TEMPORAL_KG_V1_0,CORE,FINNEXUS_LAYERED_KG_V3_0
news:511b190a1ab57da8024e958f00c3ac0a,News,"VNDIRECT lên kế hoạch chào bán hơn 220 triệu cổ phiếu, tạm chuyển giao dịch sang HNX để giảm tải cho HoSE",,2021-03-12,,511b190a1ab57da8024e958f00c3ac0a,train,True,"{""category"": ""co_tuc_phat_hanh"", ""content_length"": ""5448"", ""publication_time_resolution"": ""DATE_ONLY"", ""url"": ""https://cafef.vn/vndirect-len-ke-hoach-chao-ban-hon-220-trieu-co-phieu-tam-chuyen-giao-dich-sang-hnx-de-giam-tai-cho-hose-20210312142226003.chn""}",FINNEXUS_RESEARCH_DATASET_V17_1,FINNEXUS_TEMPORAL_KG_V1_0,CORE,FINNEXUS_LAYERED_KG_V3_0
news:51ab296db4d0328f1caf4582836d416a,News,"Vĩnh Hoàn (VHC): Xuất khẩu tăng mạnh, doanh thu tháng 9/2021 tăng 18% lên 658 tỷ đồng",,2021-10-12,,51ab296db4d0328f1caf4582836d416a,train,True,"{""category"": ""ket_qua_kinh_doanh"", ""content_length"": ""1169"", ""publication_time_resolution"": ""DATE_ONLY"", ""url"": ""https://cafef.vn/vinh-hoan-vhc-xuat-khau-tang-manh-doanh-thu-thang-9-2021-tang-18-len-658-ty-dong-20211012080900662.chn""}",FINNEXUS_RESEARCH_DATASET_V17_1,FINNEXUS_TEMPORAL_KG_V1_0,CORE,FINNEXUS_LAYERED_KG_V3_0
news:521e4908d43cd34c812df268a3367bb0,News,"HBC, PGC, SGB, CMX, PET, KOS, TCM, BWE, THI, VDL, JOSS, VSC, GEG, BXH: Thông tin giao dịch lượng lớn cổ phiếu",,2020-10-16,,521e4908d43cd34c812df268a3367bb0,train,True,"{""category"": ""ngan_hang"", ""content_length"": ""4142"", ""publication_time_resolution"": ""DATE_ONLY"", ""url"": ""https://cafef.vn/hbc-pgc-sgb-cmx-pet-kos-tcm-bwe-thi-vdl-joss-vsc-geg-bxh-thong-tin-giao-dich-luong-lon-co-phieu-20201016082636178.chn""}",FINNEXUS_RESEARCH_DATASET_V17_1,FINNEXUS_TEMPORAL_KG_V1_0,CORE,FINNEXUS_LAYERED_KG_V3_0
news:5252092df1c4e2e9da99c23383b96955,News,"FPT, STB, PNJ tăng mạnh, VnIndex chốt phiên cuối tuần giảm nhẹ",,2021-04-09,,5252092df1c4e2e9da99c23383b96955,train,True,"{""category"": ""phap_ly"", ""content_length"": ""2316"", ""publication_time_resolution"": ""DATE_ONLY"", ""url"": ""https://cafef.vn/vnindex-dieu-chinh-ngay-tu-dau-phien-nhieu-co-phieu-tru-chiu-ap-luc-chot-lai-lon-20210409093234261.chn""}",FINNEXUS_RESEARCH_DATASET_V17_1,FINNEXUS_TEMPORAL_KG_V1_0,CORE,FINNEXUS_LAYERED_KG_V3_0
news:52c27497ccdeabb277323e790756c048,News,"Khối ngoại duy trì mua ròng khi VN-Index có nhịp rơi hơn 36 điểm, tâm điểm VIC, DGC, VNM",,2022-10-11,,52c27497ccdeabb277323e790756c048,test,True,"{""category"": ""ngan_hang"", ""content_length"": ""2834"", ""publication_time_resolution"": ""DATE_ONLY"", ""url"": ""https://vietnambiz.vn/khoi-ngoai-duy-tri-mua-rong-khi-vn-index-co-nhip-roi-hon-36-diem-tam-diem-vic-dgc-vnm-20221011161755750.htm""}",FINNEXUS_RESEARCH_DATASET_V17_1,FINNEXUS_TEMPORAL_KG_V1_0,CORE,FINNEXUS_LAYERED_KG_V3_0
news:52d9bea67b19a0b4f90aff85d30adce7,News,"MWG, SBS, TNG, VC3, NTL, SZE, TDM, GKM, KKC, PAN, VLF, ASA, HVA: Thông tin giao dịch lượng lớn cổ phiếu",,2021-08-04,,52d9bea67b19a0b4f90aff85d30adce7,train,True,"{""category"": ""ngan_hang"", ""content_length"": ""3121"", ""publication_time_resolution"": ""DATE_ONLY"", ""url"": ""https://cafef.vn/mwg-sbs-tng-vc3-ntl-sze-tdm-gkm-kkc-pan-vlf-asa-hva-thong-tin-giao-dich-luong-lon-co-phieu-20210804080905933.chn""}",FINNEXUS_RESEARCH_DATASET_V17_1,FINNEXUS_TEMPORAL_KG_V1_0,CORE,FINNEXUS_LAYERED_KG_V3_0
news:52edcadbbfb1d5174e3e92eab866583f,News,"Chứng khoán SSI báo lãi 1.267 tỷ đồng năm 2020, cho vay margin vượt 9.000 tỷ đồng",,2021-01-20,,52edcadbbfb1d5174e3e92eab866583f,train,True,"{""category"": ""ket_qua_kinh_doanh"", ""content_length"": ""2818"", ""publication_time_resolution"": ""DATE_ONLY"", ""url"": ""https://vietnambiz.vn/chung-khoan-ssi-bao-lai-1267-ty-dong-nam-2020-cho-vay-margin-vuot-9000-ty-dong-20210120175911595.htm""}",FINNEXUS_RESEARCH_DATASET_V17_1,FINNEXUS_TEMPORAL_KG_V1_0,CORE,FINNEXUS_LAYERED_KG_V3_0
news:53ad0bf1f164e646aa78728858eec33d,News,"Cổ phiếu tâm điểm 2/7: VNM, MSN, ANV",,2021-07-01,,53ad0bf1f164e646aa78728858eec33d,train,True,"{""category"": ""ngan_hang"", ""content_length"": ""1600"", ""publication_time_resolution"": ""DATE_ONLY"", ""url"": ""https://vietnambiz.vn/co-phieu-tam-diem-2-7-vnm-msn-anv-2021070117375663.htm""}",FINNEXUS_RESEARCH_DATASET_V17_1,FINNEXUS_TEMPORAL_KG_V1_0,CORE,FINNEXUS_LAYERED_KG_V3_0
news:543917b86df0f5d96ee6f22a57e2e2ed,News,"Gần 1,16 tỷ cổ phiếu HPG sắp về tài khoản của nhà đầu tư",,2021-06-22,,543917b86df0f5d96ee6f22a57e2e2ed,train,True,"{""category"": ""co_tuc_phat_hanh"", ""content_length"": ""1782"", ""publication_time_resolution"": ""DATE_ONLY"", ""url"": ""https://vietnambiz.vn/gan-116-ty-co-phieu-hpg-sap-ve-tai-khoan-cua-nha-dau-tu-20210622114215469.htm""}",FINNEXUS_RESEARCH_DATASET_V17_1,FINNEXUS_TEMPORAL_KG_V1_0,CORE,FINNEXUS_LAYERED_KG_V3_0
news:545894bb57aa9df76d237a10ab284e89,News,"Doanh nghiệp thép tháng 8: Hòa Phát tăng bán HRC, Nam Kim và Hoa Sen được bù đắp bởi xuất khẩu",,2021-09-19,,545894bb57aa9df76d237a10ab284e89,train,True,"{""category"": ""chung_khoan"", ""content_length"": ""4308"", ""publication_time_resolution"": ""DATE_ONLY"", ""url"": ""https://cafef.vn/doanh-nghiep-thep-thang-8-hoa-phat-tang-ban-hrc-nam-kim-va-hoa-sen-duoc-bu-dap-boi-xuat-khau-20210919192007382.chn""}",FINNEXUS_RESEARCH_DATASET_V17_1,FINNEXUS_TEMPORAL_KG_V1_0,CORE,FINNEXUS_LAYERED_KG_V3_0
news:546c9ff815a38ea85d5b24075c5bfff7,News,"Cổ phiếu tâm điểm 7/9: MSN, PPC, IDI",,2022-09-06,,546c9ff815a38ea85d5b24075c5bfff7,test,True,"{""category"": ""ket_qua_kinh_doanh"", ""content_length"": ""2818"", ""publication_time_resolution"": ""DATE_ONLY"", ""url"": ""https://vietnambiz.vn/co-phieu-tam-diem-79-msn-ppc-idi-20229619187655.htm""}",FINNEXUS_RESEARCH_DATASET_V17_1,FINNEXUS_TEMPORAL_KG_V1_0,CORE,FINNEXUS_LAYERED_KG_V3_0
news:54731053d78540f6365feec874bf9414,News,"Kiểm toán nhà nước: Nhiều công ty con thuộc Vinachem, VNS, PV Gas, Petrolimex thua lỗ hàng trăm tỷ đồng",,2022-05-23,,54731053d78540f6365feec874bf9414,test,True,"{""category"": ""co_tuc_phat_hanh"", ""content_length"": ""5124"", ""publication_time_resolution"": ""DATE_ONLY"", ""url"": ""https://cafef.vn/kiem-toan-nha-nuoc-nhieu-cong-ty-con-thuoc-vinachem-vns-pv-gas-petrolimex-thua-lo-hang-tram-ty-dong-20220523173513875.chn""}",FINNEXUS_RESEARCH_DATASET_V17_1,FINNEXUS_TEMPORAL_KG_V1_0,CORE,FINNEXUS_LAYERED_KG_V3_0
news:548390a551fcfd0f1ac712259d12b4b8,News,"Phiên 6/1: Khối ngoại tiếp tục mua ròng 205 tỷ đồng, gom trăm tỷ đồng CTG dù giá tăng kịch trần",,2021-01-06,,548390a551fcfd0f1ac712259d12b4b8,train,True,"{""category"": ""ngan_hang"", ""content_length"": ""2819"", ""publication_time_resolution"": ""DATE_ONLY"", ""url"": ""https://vietnambiz.vn/phien-6-1-khoi-ngoai-tiep-tuc-mua-rong-205-ty-dong-gom-tram-ty-dong-ctg-du-gia-tang-kich-tran-20210106171223094.htm""}",FINNEXUS_RESEARCH_DATASET_V17_1,FINNEXUS_TEMPORAL_KG_V1_0,CORE,FINNEXUS_LAYERED_KG_V3_0
news:553efc082a99979b3a8ff6deac333a1b,News,"VCG, LHG, DXG, TCB, NAV, TNA, MIG, NED, VNS, NSC: Thông tin giao dịch lượng lớn cổ phiếu",,2020-08-26,,553efc082a99979b3a8ff6deac333a1b,train,True,"{""category"": ""ngan_hang"", ""content_length"": ""2382"", ""publication_time_resolution"": ""DATE_ONLY"", ""url"": ""https://cafef.vn/vcg-lhg-dxg-tcb-nav-tna-mig-ned-vns-nsc-thong-tin-giao-dich-luong-lon-co-phieu-2020082517372345.chn""}",FINNEXUS_RESEARCH_DATASET_V17_1,FINNEXUS_TEMPORAL_KG_V1_0,CORE,FINNEXUS_LAYERED_KG_V3_0
news:567e709867475ce90b08fa8d4c09d4ff,News,"Thu lãi vài trăm tỷ mỗi năm, vì sao Hòa Phát vẫn quyết thoái vốn mảng nội thất 'gà đẻ trứng vàng'?",,2020-12-10,,567e709867475ce90b08fa8d4c09d4ff,train,True,"{""category"": ""ket_qua_kinh_doanh"", ""content_length"": ""3715"", ""publication_time_resolution"": ""DATE_ONLY"", ""url"": ""https://cafef.vn/thu-lai-vai-tram-ty-moi-nam-vi-sao-hoa-phat-van-quyet-thoai-von-mang-noi-that-ga-de-trung-vang-20201210190057232.chn""}",FINNEXUS_RESEARCH_DATASET_V17_1,FINNEXUS_TEMPORAL_KG_V1_0,CORE,FINNEXUS_LAYERED_KG_V3_0
news:56b79e10ea6fb9908b4a04ab4cd43ba8,News,"Cổ phiếu tâm điểm 11/10: DGW, LTG, CMG",,2022-10-10,,56b79e10ea6fb9908b4a04ab4cd43ba8,test,True,"{""category"": ""ket_qua_kinh_doanh"", ""content_length"": ""2244"", ""publication_time_resolution"": ""DATE_ONLY"", ""url"": ""https://vietnambiz.vn/co-phieu-tam-diem-1110-dgw-ltg-cmg-2022101019564454.htm""}",FINNEXUS_RESEARCH_DATASET_V17_1,FINNEXUS_TEMPORAL_KG_V1_0,CORE,FINNEXUS_LAYERED_KG_V3_0
news:570c7edd69dbbc18015c04d95637841a,News,Phát Đạt (PDR) phát hành gần 40 triệu cổ phiếu trả cổ tức tỷ lệ 10%,,2021-03-15,,570c7edd69dbbc18015c04d95637841a,train,True,"{""category"": ""co_tuc_phat_hanh"", ""content_length"": ""1139"", ""publication_time_resolution"": ""DATE_ONLY"", ""url"": ""https://cafef.vn/phat-dat-pdr-phat-hanh-gan-40-trieu-co-phieu-tra-co-tuc-ty-le-10-20210315153250384.chn""}",FINNEXUS_RESEARCH_DATASET_V17_1,FINNEXUS_TEMPORAL_KG_V1_0,CORE,FINNEXUS_LAYERED_KG_V3_0
news:5753defd20e880a4a6fc8c77d19fd9c2,News,"Thế giới Di động: LNST 4 tháng đầu năm tăng trưởng 36%, mảng online đã đóng góp gần 1/5 doanh số",,2019-05-24,,5753defd20e880a4a6fc8c77d19fd9c2,train,True,"{""category"": ""ket_qua_kinh_doanh"", ""content_length"": ""4041"", ""publication_time_resolution"": ""DATE_ONLY"", ""url"": ""https://cafef.vn/the-gioi-di-dong-lnst-4-thang-dau-nam-tang-truong-36-mang-online-da-dong-gop-gan-1-5-doanh-so-20190524134139753.chn""}",FINNEXUS_RESEARCH_DATASET_V17_1,FINNEXUS_TEMPORAL_KG_V1_0,CORE,FINNEXUS_LAYERED_KG_V3_0
news:576dbcb7a9906f22d9598626035bfe52,News,"Có thêm FPT và Thế giới Di động, số doanh nghiệp vốn hóa trên 100.000 tỷ đồng lập kỷ lục mới",,2022-04-02,,576dbcb7a9906f22d9598626035bfe52,validation,True,"{""category"": ""chung_khoan"", ""content_length"": ""1401"", ""publication_time_resolution"": ""DATE_ONLY"", ""url"": ""https://cafef.vn/co-them-fpt-va-the-gioi-di-dong-so-doanh-nghiep-von-hoa-tren-100000-ty-dong-lap-ky-luc-moi-20220402121044358.chn""}",FINNEXUS_RESEARCH_DATASET_V17_1,FINNEXUS_TEMPORAL_KG_V1_0,CORE,FINNEXUS_LAYERED_KG_V3_0
news:586d91aa5c4a8c454f172c8aaccc049c,News,"Lãnh đạo PNJ, Hà Đô bị phạt vì vi phạm trong giao dịch cổ phiếu",,2021-06-12,,586d91aa5c4a8c454f172c8aaccc049c,train,True,"{""category"": ""phap_ly"", ""content_length"": ""1174"", ""publication_time_resolution"": ""DATE_ONLY"", ""url"": ""https://vietnambiz.vn/lanh-dao-pnj-ha-do-bi-phat-vi-vi-pham-trong-giao-dich-co-phieu-20210612075132374.htm""}",FINNEXUS_RESEARCH_DATASET_V17_1,FINNEXUS_TEMPORAL_KG_V1_0,CORE,FINNEXUS_LAYERED_KG_V3_0
news:5890480881335e0efb85efd1e4293e9c,News,"Cổ phiếu tâm điểm 22/6: POW, PLC, SKG",,2021-06-21,,5890480881335e0efb85efd1e4293e9c,train,True,"{""category"": ""ngan_hang"", ""content_length"": ""2713"", ""publication_time_resolution"": ""DATE_ONLY"", ""url"": ""https://vietnambiz.vn/co-phieu-tam-diem-22-6-pow-plc-skg-20210621173151871.htm""}",FINNEXUS_RESEARCH_DATASET_V17_1,FINNEXUS_TEMPORAL_KG_V1_0,CORE,FINNEXUS_LAYERED_KG_V3_0
news:58eadea5f16382843e47984ed961614e,News,"Thế giới Di động (MWG) bán được 11.000 đồng hồ trong tháng 6, nửa đầu năm đạt 2.121 tỷ lãi ròng",,2019-07-26,,58eadea5f16382843e47984ed961614e,train,True,"{""category"": ""ket_qua_kinh_doanh"", ""content_length"": ""3632"", ""publication_time_resolution"": ""DATE_ONLY"", ""url"": ""https://cafef.vn/the-gioi-di-dong-mwg-ban-duoc-11000-dong-ho-trong-thang-6-nua-dau-nam-dat-2121-ty-lai-rong-20190726135508593.chn""}",FINNEXUS_RESEARCH_DATASET_V17_1,FINNEXUS_TEMPORAL_KG_V1_0,CORE,FINNEXUS_LAYERED_KG_V3_0
news:58ee5f63200cfa5066f94409488ddb2c,News,"FTSE Vietnam Index thêm mới POW, loại HNG khỏi danh mục trong kỳ review quý 2/2019",,2019-06-07,,58ee5f63200cfa5066f94409488ddb2c,train,True,"{""category"": ""chung_khoan"", ""content_length"": ""1336"", ""publication_time_resolution"": ""DATE_ONLY"", ""url"": ""https://cafef.vn/ftse-vietnam-index-them-moi-pow-loai-hng-khoi-danh-muc-trong-ky-review-quy-2-2019-20190607174838074.chn""}",FINNEXUS_RESEARCH_DATASET_V17_1,FINNEXUS_TEMPORAL_KG_V1_0,CORE,FINNEXUS_LAYERED_KG_V3_0
news:591c3e8d48dbc449fbcd00dc8ff86345,News,"Sau tin lãi lớn, VietinBank có giao dịch khủng hơn 1.100 tỉ đồng cổ phiếu sáng 8/1",,2020-01-08,,591c3e8d48dbc449fbcd00dc8ff86345,train,True,"{""category"": ""co_tuc_phat_hanh"", ""content_length"": ""2133"", ""publication_time_resolution"": ""DATE_ONLY"", ""url"": ""https://vietnambiz.vn/thoa-thuan-khung-hon-1100-ti-dong-co-phieu-ctg-phien-sang-8-1-20200108112748845.htm""}",FINNEXUS_RESEARCH_DATASET_V17_1,FINNEXUS_TEMPORAL_KG_V1_0,CORE,FINNEXUS_LAYERED_KG_V3_0
news:59c50dcd484b42147cd82eaa9d13580e,News,"Dragon Capital bán ra 1 triệu cổ phiếu PNJ, giảm tỷ lệ sở hữu tại Vàng bạc đá quý Phú Nhuận xuống 8,89%",,2022-04-04,,59c50dcd484b42147cd82eaa9d13580e,validation,True,"{""category"": ""chung_khoan"", ""content_length"": ""1272"", ""publication_time_resolution"": ""DATE_ONLY"", ""url"": ""https://vietnambiz.vn/dragon-capital-ban-ra-1-trieu-co-phieu-pnj-giam-ty-le-so-huu-tai-vang-bac-da-quy-phu-nhuan-xuong-889-202244211646222.htm""}",FINNEXUS_RESEARCH_DATASET_V17_1,FINNEXUS_TEMPORAL_KG_V1_0,CORE,FINNEXUS_LAYERED_KG_V3_0
news:5a41d2ef39d61c8abcb621b32d5952a6,News,"OCB, HCM, TCM và DHC có thể lọt rổ Diamond trong kỳ cơ cấu tháng 4?",,2022-04-14,,5a41d2ef39d61c8abcb621b32d5952a6,validation,True,"{""category"": ""chung_khoan"", ""content_length"": ""886"", ""publication_time_resolution"": ""DATE_ONLY"", ""url"": ""https://cafef.vn/ocb-hcm-tcm-va-dhc-co-the-lot-ro-diamond-trong-ky-co-cau-thang-4-20220413221251108.chn""}",FINNEXUS_RESEARCH_DATASET_V17_1,FINNEXUS_TEMPORAL_KG_V1_0,CORE,FINNEXUS_LAYERED_KG_V3_0
news:5a4417d4c414d17faf82b4e53d3635b6,News,Đâu là lý do các quỹ ngoại ồ ạt đăng ký bán cổ phiếu ACB?,,2019-08-19,,5a4417d4c414d17faf82b4e53d3635b6,train,True,"{""category"": ""co_tuc_phat_hanh"", ""content_length"": ""2739"", ""publication_time_resolution"": ""DATE_ONLY"", ""url"": ""https://cafef.vn/dau-la-ly-do-cac-quy-ngoai-o-at-dang-ky-ban-co-phieu-acb-20190819151947025.chn""}",FINNEXUS_RESEARCH_DATASET_V17_1,FINNEXUS_TEMPORAL_KG_V1_0,CORE,FINNEXUS_LAYERED_KG_V3_0
news:5aeebbcd3186814314c1321503349fd1,News,Vợ chồng ông Bùi Thành Nhơn vừa chi gần 1.300 tỷ đồng mua thêm hơn 21 triệu cổ phiếu Novaland,,2021-03-10,,5aeebbcd3186814314c1321503349fd1,train,True,"{""category"": ""co_tuc_phat_hanh"", ""content_length"": ""2132"", ""publication_time_resolution"": ""DATE_ONLY"", ""url"": ""https://cafef.vn/vo-chong-ong-bui-thanh-nhon-vua-chi-gan-1300-ty-dong-mua-them-hon-21-trieu-co-phieu-novaland-20210310175815225.chn""}",FINNEXUS_RESEARCH_DATASET_V17_1,FINNEXUS_TEMPORAL_KG_V1_0,CORE,FINNEXUS_LAYERED_KG_V3_0
news:5b2e5bfef8b8a45ced58c022cd4de31a,News,"Cổ đông lớn nhất thoái 4 lần không thành công, tổng giám đốc Gemadept đăng kí mua vào 500.000 cổ phiếu",,2019-12-09,,5b2e5bfef8b8a45ced58c022cd4de31a,train,True,"{""category"": ""chung_khoan"", ""content_length"": ""1521"", ""publication_time_resolution"": ""DATE_ONLY"", ""url"": ""https://vietnambiz.vn/co-dong-lon-nhat-thoai-4-lan-khong-thanh-cong-tong-giam-doc-gemadept-dang-ki-mua-vao-500000-co-phieu-20191209121650638.htm""}",FINNEXUS_RESEARCH_DATASET_V17_1,FINNEXUS_TEMPORAL_KG_V1_0,CORE,FINNEXUS_LAYERED_KG_V3_0
news:5b406d7b41f56506a71a65b6068b11ac,News,"FPT Retail (FRT): LNST 10 tháng giảm 11% xuống 236 tỷ đồng, dự kiến đạt 70 nhà thuốc trong năm 2019",,2019-11-25,,5b406d7b41f56506a71a65b6068b11ac,train,True,"{""category"": ""ket_qua_kinh_doanh"", ""content_length"": ""1829"", ""publication_time_resolution"": ""DATE_ONLY"", ""url"": ""https://cafef.vn/chu-quan-chuoi-nha-thuoc-long-chau-dat-236-ty-dong-loi-nhuan-rong-sau-10-thang-20191125141248065.chn""}",FINNEXUS_RESEARCH_DATASET_V17_1,FINNEXUS_TEMPORAL_KG_V1_0,CORE,FINNEXUS_LAYERED_KG_V3_0
news:5b5ae0ffc0ab2b6ebfed1b3639020ae4,News,"KDH, APG, CMX, DXL: Thông tin giao dịch lượng lớn cổ phiếu",,2020-05-14,,5b5ae0ffc0ab2b6ebfed1b3639020ae4,train,True,"{""category"": ""chung_khoan"", ""content_length"": ""863"", ""publication_time_resolution"": ""DATE_ONLY"", ""url"": ""https://cafef.vn/kdh-apg-cmx-dxl-thong-tin-giao-dich-luong-lon-co-phieu-20200514080209478.chn""}",FINNEXUS_RESEARCH_DATASET_V17_1,FINNEXUS_TEMPORAL_KG_V1_0,CORE,FINNEXUS_LAYERED_KG_V3_0
news:5ba0bcbd33e822740e4c8dbe652da0bb,News,"Giao dịch trầm lắng, giá nhà đất vùng ven Tp.HCM hiện giờ ra sao?",,2020-03-03,,5ba0bcbd33e822740e4c8dbe652da0bb,train,True,"{""category"": ""co_tuc_phat_hanh"", ""content_length"": ""3965"", ""publication_time_resolution"": ""DATE_ONLY"", ""url"": ""https://vietstock.vn/2020/03/giao-dich-tram-lang-gia-nha-dat-vung-ven-tphcm-hien-gio-ra-sao-4220-734638.htm""}",FINNEXUS_RESEARCH_DATASET_V17_1,FINNEXUS_TEMPORAL_KG_V1_0,CORE,FINNEXUS_LAYERED_KG_V3_0
news:5bd9f790130af27808494e4238c1659f,News,"DIG, SSI, SBT, YEG, HAX, TNA, DXP, DBP: Thông tin giao dịch lượng lớn cổ phiếu",,2021-08-20,,5bd9f790130af27808494e4238c1659f,train,True,"{""category"": ""bat_dong_san"", ""content_length"": ""1611"", ""publication_time_resolution"": ""DATE_ONLY"", ""url"": ""https://cafef.vn/dig-ssi-sbt-yeg-hax-tna-dxp-dbp-thong-tin-giao-dich-luong-lon-co-phieu-20210820081935726.chn""}",FINNEXUS_RESEARCH_DATASET_V17_1,FINNEXUS_TEMPORAL_KG_V1_0,CORE,FINNEXUS_LAYERED_KG_V3_0
news:5be3c5d20f7e683fcc0fd7fcc8419b2c,News,Navico (ANV) chốt danh sách cổ đông trả cổ tức bằng tiền tỷ lệ 10%,,2020-03-21,,5be3c5d20f7e683fcc0fd7fcc8419b2c,train,True,"{""category"": ""co_tuc_phat_hanh"", ""content_length"": ""1765"", ""publication_time_resolution"": ""DATE_ONLY"", ""url"": ""https://cafef.vn/navico-anv-chot-danh-sach-co-dong-tra-co-tuc-bang-tien-ty-le-10-20200320154201238.chn""}",FINNEXUS_RESEARCH_DATASET_V17_1,FINNEXUS_TEMPORAL_KG_V1_0,CORE,FINNEXUS_LAYERED_KG_V3_0
news:5bf0d9113689aaedeb03564fd9032d90,News,"Phiên 5/12: Khối ngoại tiếp tục bán ròng, tập trung “xả” MSN",,2019-12-05,,5bf0d9113689aaedeb03564fd9032d90,train,True,"{""category"": ""chung_khoan"", ""content_length"": ""945"", ""publication_time_resolution"": ""DATE_ONLY"", ""url"": ""https://cafef.vn/phien-5-12-khoi-ngoai-tiep-tuc-ban-rong-tap-trung-xa-msn-20191205152306125.chn""}",FINNEXUS_RESEARCH_DATASET_V17_1,FINNEXUS_TEMPORAL_KG_V1_0,CORE,FINNEXUS_LAYERED_KG_V3_0
news:5c5b6c74352c8c6f1983923f5879475d,News,"Phiên 18/2: Khối ngoại mua ròng trăm tỷ trên HoSE, tập trung ""gom"" KBC, MSN",,2022-02-18,,5c5b6c74352c8c6f1983923f5879475d,validation,True,"{""category"": ""ngan_hang"", ""content_length"": ""2439"", ""publication_time_resolution"": ""DATE_ONLY"", ""url"": ""https://cafef.vn/phien-18-2-khoi-ngoai-mua-rong-tram-ty-tren-hose-tap-trung-gom-kbc-msn-20220218173206931.chn""}",FINNEXUS_RESEARCH_DATASET_V17_1,FINNEXUS_TEMPORAL_KG_V1_0,CORE,FINNEXUS_LAYERED_KG_V3_0
news:5c698108207e0f2c60dbaa2a4e5ec556,News,Cuộc cạnh tranh cung cấp ván lót sàn container đầu tiên tại Việt Nam cho Hoà Phát: Một doanh nghiệp bị loại không được nhận tài trợ kinh phí làm sản phẩm mẫu,,2021-12-15,,5c698108207e0f2c60dbaa2a4e5ec556,train,True,"{""category"": ""chung_khoan"", ""content_length"": ""6354"", ""publication_time_resolution"": ""DATE_ONLY"", ""url"": ""https://cafef.vn/cuoc-canh-tranh-cung-cap-van-lot-san-container-dau-tien-tai-viet-nam-cho-hoa-phat-mot-doanh-nghiep-rum-beng-vua-bi-loai-20211215115618302.chn""}",FINNEXUS_RESEARCH_DATASET_V17_1,FINNEXUS_TEMPORAL_KG_V1_0,CORE,FINNEXUS_LAYERED_KG_V3_0
news:5cd8033b943c1b7e6924f250d23276a8,News,Chứng khoán Bản Việt: Năm 2020 rực rỡ ở tất cả mảng kinh doanh chủ chốt,,2021-02-09,,5cd8033b943c1b7e6924f250d23276a8,train,True,"{""category"": ""ket_qua_kinh_doanh"", ""content_length"": ""597"", ""publication_time_resolution"": ""DATE_ONLY"", ""url"": ""https://cafef.vn/chung-khoan-ban-viet-nam-2020-ruc-ro-o-tat-ca-mang-kinh-doanh-chu-chot-20210209085744617.chn""}",FINNEXUS_RESEARCH_DATASET_V17_1,FINNEXUS_TEMPORAL_KG_V1_0,CORE,FINNEXUS_LAYERED_KG_V3_0
news:5d47d63194d6d6f40d22ebbc4f42e2be,News,"ELC, QBS, HDC, VSC, TCO, PSG, DND, VNT, INC, C32: Thông tin giao dịch lượng lớn cổ phiếu",,2021-03-30,,5d47d63194d6d6f40d22ebbc4f42e2be,train,True,"{""category"": ""chung_khoan"", ""content_length"": ""2717"", ""publication_time_resolution"": ""DATE_ONLY"", ""url"": ""https://cafef.vn/elc-qbs-hdc-vsc-tco-psg-dnd-vnt-inc-c32-thong-tin-giao-dich-luong-lon-co-phieu-2021033008253512.chn""}",FINNEXUS_RESEARCH_DATASET_V17_1,FINNEXUS_TEMPORAL_KG_V1_0,CORE,FINNEXUS_LAYERED_KG_V3_0
news:5d99478c57daaf5aeeb2bb68e2adf86c,News,VCSC ký hợp đồng vay vốn 105 triệu USD từ các định chế tài chính ngoại,,2022-10-20,,5d99478c57daaf5aeeb2bb68e2adf86c,test,True,"{""category"": ""ket_qua_kinh_doanh"", ""content_length"": ""1473"", ""publication_time_resolution"": ""DATE_ONLY"", ""url"": ""https://cafef.vn/vcsc-ky-hop-dong-vay-von-105-trieu-usd-tu-cac-dinh-che-tai-chinh-ngoai-20221020210951057.chn""}",FINNEXUS_RESEARCH_DATASET_V17_1,FINNEXUS_TEMPORAL_KG_V1_0,CORE,FINNEXUS_LAYERED_KG_V3_0
news:5daed7064f4042389d4ddb753dc075b8,News,"DXS chính thức giao dịch trên HOSE, VCSC khuyến nghị mua với upsize trên 43%",,2021-09-06,,5daed7064f4042389d4ddb753dc075b8,train,True,"{""category"": ""ket_qua_kinh_doanh"", ""content_length"": ""4946"", ""publication_time_resolution"": ""DATE_ONLY"", ""url"": ""https://cafef.vn/dxs-chinh-thuc-giao-dich-tren-hose-vcsc-khuyen-nghi-mua-voi-upsize-tren-43-20210906115400891.chn""}",FINNEXUS_RESEARCH_DATASET_V17_1,FINNEXUS_TEMPORAL_KG_V1_0,CORE,FINNEXUS_LAYERED_KG_V3_0
news:5dd5b799b751a64643692a39e6c9faaf,News,"Từng được Vietcombank và nhóm Bản Việt rót vốn, VietCredit kinh doanh ra sao trước khi lên sàn?",,2021-12-24,,5dd5b799b751a64643692a39e6c9faaf,validation,True,"{""category"": ""ket_qua_kinh_doanh"", ""content_length"": ""2963"", ""publication_time_resolution"": ""DATE_ONLY"", ""url"": ""https://vietnambiz.vn/tung-duoc-vietcombank-va-nhom-ban-viet-rot-von-vietcredit-kinh-doanh-ra-sao-truoc-khi-len-san-20211223190534132.htm""}",FINNEXUS_RESEARCH_DATASET_V17_1,FINNEXUS_TEMPORAL_KG_V1_0,CORE,FINNEXUS_LAYERED_KG_V3_0
news:5ddcac810e76e95b2d6a94c9010ba093,News,"Tỷ phú Quang: Ít nhất 50% số cửa hàng VinMart sẽ bắt đầu triển khai dịch vụ tài chính trong năm nay, đối tác đã rất rõ ràng là Techcombank",,2021-03-30,,5ddcac810e76e95b2d6a94c9010ba093,train,True,"{""category"": ""ket_qua_kinh_doanh"", ""content_length"": ""7202"", ""publication_time_resolution"": ""DATE_ONLY"", ""url"": ""https://cafef.vn/ty-phu-quang-it-nhat-50-so-cua-hang-vinmart-se-bat-dau-trien-khai-dich-vu-tai-chinh-trong-nam-nay-doi-tac-da-rat-ro-rang-la-techcombank-20210330115528704.chn""}",FINNEXUS_RESEARCH_DATASET_V17_1,FINNEXUS_TEMPORAL_KG_V1_0,CORE,FINNEXUS_LAYERED_KG_V3_0
news:5e004ebd3ff30a9bdf281d456c6fccd4,News,"Cổ phiếu “trôi” về đáy 23 tháng, Hòa Phát (HPG) rời khỏi top 10 doanh nghiệp vốn hóa lớn nhất sàn chứng khoán",,2022-10-05,,5e004ebd3ff30a9bdf281d456c6fccd4,test,True,"{""category"": ""co_tuc_phat_hanh"", ""content_length"": ""5958"", ""publication_time_resolution"": ""DATE_ONLY"", ""url"": ""https://cafef.vn/co-phieu-troi-ve-day-23-thang-hoa-phat-hpg-roi-khoi-top-10-doanh-nghiep-von-hoa-lon-nhat-san-chung-khoan-20221005155851256.chn""}",FINNEXUS_RESEARCH_DATASET_V17_1,FINNEXUS_TEMPORAL_KG_V1_0,CORE,FINNEXUS_LAYERED_KG_V3_0
news:5e030f08b683d6589e2dd27b2ad6a662,News,"Chứng khoán SSI đặt chỉ tiêu lãi 868 tỉ đồng năm nay, tiếp tục phát triển ứng dụng công nghệ trong giao dịch",,2020-06-03,,5e030f08b683d6589e2dd27b2ad6a662,train,True,"{""category"": ""ket_qua_kinh_doanh"", ""content_length"": ""2550"", ""publication_time_resolution"": ""DATE_ONLY"", ""url"": ""https://vietnambiz.vn/chung-khoan-ssi-dat-chi-tieu-lai-868-ti-dong-nam-nay-phat-trien-ung-dung-cong-nghe-trong-giao-dich-20200603161228541.htm""}",FINNEXUS_RESEARCH_DATASET_V17_1,FINNEXUS_TEMPORAL_KG_V1_0,CORE,FINNEXUS_LAYERED_KG_V3_0
news:5e788dae8ae14fc0fcec538bb0a03675,News,"Masan hướng đến 20,000 cửa hàng WinMart+ nhượng quyền",,2022-01-08,,5e788dae8ae14fc0fcec538bb0a03675,validation,True,"{""category"": ""ket_qua_kinh_doanh"", ""content_length"": ""4891"", ""publication_time_resolution"": ""DATE_ONLY"", ""url"": ""https://vietstock.vn/2022/01/masan-huong-den-20000-cua-hang-winmart-nhuong-quyen-737-923211.htm""}",FINNEXUS_RESEARCH_DATASET_V17_1,FINNEXUS_TEMPORAL_KG_V1_0,CORE,FINNEXUS_LAYERED_KG_V3_0
news:5ef733a32350f3ff4a17c72b2e026b41,News,"ĐHĐCĐ PNJ: Ưu tiên dùng vốn huy động để mở rộng quy mô, quý 1/2021 lợi nhuận tăng 27% lên 522 tỷ đồng",,2021-04-17,,5ef733a32350f3ff4a17c72b2e026b41,train,True,"{""category"": ""co_tuc_phat_hanh"", ""content_length"": ""5023"", ""publication_time_resolution"": ""DATE_ONLY"", ""url"": ""https://cafef.vn/dhdcd-pnj-uu-tien-dung-von-huy-dong-de-mo-rong-quy-mo-quy-1-2021-loi-nhuan-tang-27-len-522-ty-dong-20210417095741659.chn""}",FINNEXUS_RESEARCH_DATASET_V17_1,FINNEXUS_TEMPORAL_KG_V1_0,CORE,FINNEXUS_LAYERED_KG_V3_0
news:5f090eb5226a8263785cccf77817d1ce,News,"LNST quý 1 của FRT giảm phân nửa xuống còn 35,6 tỷ đồng, chuỗi Long Châu đạt 83 cửa hàng",,2020-04-29,,5f090eb5226a8263785cccf77817d1ce,train,True,"{""category"": ""ket_qua_kinh_doanh"", ""content_length"": ""2187"", ""publication_time_resolution"": ""DATE_ONLY"", ""url"": ""https://cafef.vn/lnst-quy-1-cua-frt-giam-phan-nua-xuong-con-356-ty-dong-chuoi-long-chau-dat-83-cua-hang-20200429064616656.chn""}",FINNEXUS_RESEARCH_DATASET_V17_1,FINNEXUS_TEMPORAL_KG_V1_0,CORE,FINNEXUS_LAYERED_KG_V3_0
news:5f0f3c2075092dec66b1eee83eab70cb,News,VNDIRECT nhận khoản vay hợp vốn trị giá 100 triệu USD,,2021-09-06,,5f0f3c2075092dec66b1eee83eab70cb,train,True,"{""category"": ""ngan_hang"", ""content_length"": ""2360"", ""publication_time_resolution"": ""DATE_ONLY"", ""url"": ""https://cafef.vn/vndirect-nhan-khoan-vay-hop-von-tri-gia-100-trieu-usd-20210904162350812.chn""}",FINNEXUS_RESEARCH_DATASET_V17_1,FINNEXUS_TEMPORAL_KG_V1_0,CORE,FINNEXUS_LAYERED_KG_V3_0
news:5f2f4ed5b691c6cfc7a698290822582e,News,"Ước quý 1 lãi gấp 3 cùng kỳ, ông Lê Phước Vũ đăng ký mua 3 triệu cổ phiếu HSG",,2020-01-15,,5f2f4ed5b691c6cfc7a698290822582e,train,True,"{""category"": ""ket_qua_kinh_doanh"", ""content_length"": ""1607"", ""publication_time_resolution"": ""DATE_ONLY"", ""url"": ""https://cafef.vn/uoc-quy-1-lai-gap-3-cung-ky-ong-le-phuoc-vu-dang-ky-mua-3-trieu-co-phieu-hsg-20200115092728104.chn""}",FINNEXUS_RESEARCH_DATASET_V17_1,FINNEXUS_TEMPORAL_KG_V1_0,CORE,FINNEXUS_LAYERED_KG_V3_0
news:5f6e306da768a32a9bb735018dca40c5,News,Quĩ ngoại Hàn Quốc giảm tỉ lệ sở hữu tại Chứng khoán Bản Việt,,2020-06-18,,5f6e306da768a32a9bb735018dca40c5,train,True,"{""category"": ""ket_qua_kinh_doanh"", ""content_length"": ""1404"", ""publication_time_resolution"": ""DATE_ONLY"", ""url"": ""https://vietnambiz.vn/qui-ngoai-han-quoc-giam-ti-le-so-huu-tai-chung-khoan-ban-viet-20200617204257577.htm""}",FINNEXUS_RESEARCH_DATASET_V17_1,FINNEXUS_TEMPORAL_KG_V1_0,CORE,FINNEXUS_LAYERED_KG_V3_0
news:5f8a25fa0d256ac5ab596c3498ed186d,News,"Nhu cầu Vonfram vượt kỳ vọng, Masan High-Tech Materials (MSR) báo lãi năm 2021 cao gấp 5 lần năm trước",,2022-02-03,,5f8a25fa0d256ac5ab596c3498ed186d,validation,True,"{""category"": ""ket_qua_kinh_doanh"", ""content_length"": ""2474"", ""publication_time_resolution"": ""DATE_ONLY"", ""url"": ""https://cafef.vn/nhu-cau-vonfram-vuot-ky-vong-masan-high-tech-materials-msr-bao-lai-nam-2021-cao-gap-5-lan-nam-truoc-20220203164921009.chn""}",FINNEXUS_RESEARCH_DATASET_V17_1,FINNEXUS_TEMPORAL_KG_V1_0,CORE,FINNEXUS_LAYERED_KG_V3_0
news:5f90fd2eda4125085aef33e4d1425af1,News,BIDV rao bán khoản nợ xấu ngàn tỷ của chủ dự án nhà máy điện phân chì kẽm Bắc Kạn,,2021-01-11,,5f90fd2eda4125085aef33e4d1425af1,train,True,"{""category"": ""ngan_hang"", ""content_length"": ""1760"", ""publication_time_resolution"": ""DATE_ONLY"", ""url"": ""https://vietstock.vn/2021/01/bidv-rao-ban-khoan-no-xau-ngan-ty-cua-chu-du-an-nha-may-dien-phan-chi-kem-bac-kan-757-818406.htm""}",FINNEXUS_RESEARCH_DATASET_V17_1,FINNEXUS_TEMPORAL_KG_V1_0,CORE,FINNEXUS_LAYERED_KG_V3_0
news:60cfc9f34613d9940476e68f2eac54f3,News,"Top10 tăng/giảm tháng 6: Cổ phiếu DGW vượt đỉnh sau 5 năm lên sàn, TNI bất ngờ với chuỗi giảm sàn",,2020-07-03,,60cfc9f34613d9940476e68f2eac54f3,train,True,"{""category"": ""chung_khoan"", ""content_length"": ""4752"", ""publication_time_resolution"": ""DATE_ONLY"", ""url"": ""https://vietnambiz.vn/top10-tang-giam-thang-6-co-phieu-dgw-vuot-dinh-sau-5-nam-len-san-tni-bat-ngo-voi-chuoi-giam-san-20200703063412581.htm""}",FINNEXUS_RESEARCH_DATASET_V17_1,FINNEXUS_TEMPORAL_KG_V1_0,CORE,FINNEXUS_LAYERED_KG_V3_0
news:60fb3f6a57c001e4c75f45950dd24741,News,"Cổ phiếu chạm đỉnh lịch sử, Dragon Capital chớp thời cơ thoái vốn tại Gelex",,2021-06-11,,60fb3f6a57c001e4c75f45950dd24741,train,True,"{""category"": ""chung_khoan"", ""content_length"": ""1767"", ""publication_time_resolution"": ""DATE_ONLY"", ""url"": ""https://cafef.vn/co-phieu-cham-dinh-lich-su-dragon-capital-chop-thoi-co-thoai-von-tai-gelex-20210611090745156.chn""}",FINNEXUS_RESEARCH_DATASET_V17_1,FINNEXUS_TEMPORAL_KG_V1_0,CORE,FINNEXUS_LAYERED_KG_V3_0
news:618f2473c7e217f6cc10bf4aa4d36b1b,News,"Cổ phiếu tâm điểm 26/11: SHB, PDR, HDG",,2021-11-25,,618f2473c7e217f6cc10bf4aa4d36b1b,train,True,"{""category"": ""ngan_hang"", ""content_length"": ""2381"", ""publication_time_resolution"": ""DATE_ONLY"", ""url"": ""https://vietnambiz.vn/co-phieu-tam-diem-26-11-shb-pdr-hdg-20211125185336548.htm""}",FINNEXUS_RESEARCH_DATASET_V17_1,FINNEXUS_TEMPORAL_KG_V1_0,CORE,FINNEXUS_LAYERED_KG_V3_0
news:61a12ef7e68546c1d21831e0fcdbcf08,News,FPT Capital muốn bán ra 1 triệu cổ phiếu TPB,,2022-11-02,,61a12ef7e68546c1d21831e0fcdbcf08,test,True,"{""category"": ""ket_qua_kinh_doanh"", ""content_length"": ""2283"", ""publication_time_resolution"": ""DATE_ONLY"", ""url"": ""https://vietnambiz.vn/fpt-capital-muon-ban-ra-1-trieu-co-phieu-tpb-2022112204045754.htm""}",FINNEXUS_RESEARCH_DATASET_V17_1,FINNEXUS_TEMPORAL_KG_V1_0,CORE,FINNEXUS_LAYERED_KG_V3_0
news:62851de03d650746e24cf88ca9010c69,News,"VPB, VDS, DQC, NKG, ASD, HSA, HLT, NPS: Thông tin giao dịch lượng lớn cổ phiếu",,2020-04-11,,62851de03d650746e24cf88ca9010c69,train,True,"{""category"": ""ngan_hang"", ""content_length"": ""1936"", ""publication_time_resolution"": ""DATE_ONLY"", ""url"": ""https://cafef.vn/vpb-vds-dqc-nkg-asd-hsa-hlt-nps-thong-tin-giao-dich-luong-lon-co-phieu-20200411094247568.chn""}",FINNEXUS_RESEARCH_DATASET_V17_1,FINNEXUS_TEMPORAL_KG_V1_0,CORE,FINNEXUS_LAYERED_KG_V3_0
news:628b31f90f3eebf2ee861acf0e02dcce,News,"HQC, NVL, SHB, TVB, CC1, CKG, FTS, QTP, BMP, LCG, LSS, PVM, HAX, GND, TPS, APT, VTE, TNT, DIH: Thông tin giao dịch lượng lớn cổ phiếu",,2021-03-11,,628b31f90f3eebf2ee861acf0e02dcce,train,True,"{""category"": ""co_tuc_phat_hanh"", ""content_length"": ""4454"", ""publication_time_resolution"": ""DATE_ONLY"", ""url"": ""https://cafef.vn/hqc-nvl-shb-tvb-cc1-ckg-fts-qtp-bmp-lcg-lss-pvm-hax-gnd-tps-apt-vte-tnt-dih-thong-tin-giao-dich-luong-lon-co-phieu-2021031018134941.chn""}",FINNEXUS_RESEARCH_DATASET_V17_1,FINNEXUS_TEMPORAL_KG_V1_0,CORE,FINNEXUS_LAYERED_KG_V3_0
news:629fbab7fd6b3a0eebd4b739703b830a,News,"TCH, TTB, DXP, NBB, HDC, TCM, VCI, VFS, VC9, VIG: Thông tin giao dịch lượng lớn cổ phiếu",,2020-10-07,,629fbab7fd6b3a0eebd4b739703b830a,train,True,"{""category"": ""chung_khoan"", ""content_length"": ""2158"", ""publication_time_resolution"": ""DATE_ONLY"", ""url"": ""https://cafef.vn/tch-ttb-dxp-nbb-hdc-tcm-vci-vfs-vc9-vig-thong-tin-giao-dich-luong-lon-co-phieu-20201006173235912.chn""}",FINNEXUS_RESEARCH_DATASET_V17_1,FINNEXUS_TEMPORAL_KG_V1_0,CORE,FINNEXUS_LAYERED_KG_V3_0
news:62e649fd82624096099f90e93dbc6ca6,News,"Cổ phiếu tâm điểm ngày 28/11: L14, MBG, JVC, DGC",,2019-11-27,,62e649fd82624096099f90e93dbc6ca6,train,True,"{""category"": ""ngan_hang"", ""content_length"": ""3810"", ""publication_time_resolution"": ""DATE_ONLY"", ""url"": ""https://vietnambiz.vn/co-phieu-tam-diem-ngay-28-11-l14-mbg-jvc-dgc-20191127203426572.htm""}",FINNEXUS_RESEARCH_DATASET_V17_1,FINNEXUS_TEMPORAL_KG_V1_0,CORE,FINNEXUS_LAYERED_KG_V3_0
news:63039b46d865a8c15d01876e98916b67,News,"HPG, HSG, ITA, PGC, FDC, ITC, DHC, HAP: Thông tin giao dịch lượng lớn cổ phiếu",,2021-10-05,,63039b46d865a8c15d01876e98916b67,train,True,"{""category"": ""chung_khoan"", ""content_length"": ""2257"", ""publication_time_resolution"": ""DATE_ONLY"", ""url"": ""https://cafef.vn/hpg-hsg-ita-pgc-fdc-itc-dhc-hap-thong-tin-giao-dich-luong-lon-co-phieu-20211005080432159.chn""}",FINNEXUS_RESEARCH_DATASET_V17_1,FINNEXUS_TEMPORAL_KG_V1_0,CORE,FINNEXUS_LAYERED_KG_V3_0
news:6316e9d4516dcbeda9bf49a2c7a43d9b,News,"Cổ phiếu tâm điểm 5/11: TCB, STB, ANV",,2021-11-04,,6316e9d4516dcbeda9bf49a2c7a43d9b,train,True,"{""category"": ""ngan_hang"", ""content_length"": ""2012"", ""publication_time_resolution"": ""DATE_ONLY"", ""url"": ""https://vietnambiz.vn/co-phieu-tam-diem-5-11-tcb-stb-20211104184634248.htm""}",FINNEXUS_RESEARCH_DATASET_V17_1,FINNEXUS_TEMPORAL_KG_V1_0,CORE,FINNEXUS_LAYERED_KG_V3_0
news:6323a193bcef8a09509e974a448b3d1a,News,"Mới mua xong 20 triệu cổ phiếu HPG, con trai Chủ tịch Trần Đình Long muốn mua thêm 20 triệu cp nữa",,2020-03-25,,6323a193bcef8a09509e974a448b3d1a,train,True,"{""category"": ""chung_khoan"", ""content_length"": ""2344"", ""publication_time_resolution"": ""DATE_ONLY"", ""url"": ""https://vietnambiz.vn/moi-mua-xong-20-trieu-co-phieu-hpg-con-trai-chu-tich-tran-dinh-long-muon-mua-them-20-trieu-cp-nua-20200325083838607.htm""}",FINNEXUS_RESEARCH_DATASET_V17_1,FINNEXUS_TEMPORAL_KG_V1_0,CORE,FINNEXUS_LAYERED_KG_V3_0
news:636fdc1f4fb5a083ec3577cf98d6e0dc,News,"Giao dịch khối ngoại 7/1: Đảo chiều xả cổ phiếu trên HOSE, tập trung mã VCB",,2020-01-07,,636fdc1f4fb5a083ec3577cf98d6e0dc,train,True,"{""category"": ""chung_khoan"", ""content_length"": ""2106"", ""publication_time_resolution"": ""DATE_ONLY"", ""url"": ""https://vietnambiz.vn/giao-dich-khoi-ngoai-7-1-dao-chieu-xa-co-phieu-tren-hose-tap-trung-ma-vcb-20200107202809267.htm""}",FINNEXUS_RESEARCH_DATASET_V17_1,FINNEXUS_TEMPORAL_KG_V1_0,CORE,FINNEXUS_LAYERED_KG_V3_0
news:63956e1b49c931ec7a482757b45752bb,News,BSC ra mắt tính năng chứng khoán trên BIDV SmartBanking,,2021-10-15,,63956e1b49c931ec7a482757b45752bb,train,True,"{""category"": ""ngan_hang"", ""content_length"": ""1391"", ""publication_time_resolution"": ""DATE_ONLY"", ""url"": ""https://cafef.vn/bsc-ra-mat-tinh-nang-chung-khoan-tren-bidv-smartbanking-20211015105744457.chn""}",FINNEXUS_RESEARCH_DATASET_V17_1,FINNEXUS_TEMPORAL_KG_V1_0,CORE,FINNEXUS_LAYERED_KG_V3_0
news:63a91f53aa7b01631a1bb94a12890dd6,News,"Gas Petrolimex (PGC) đặt mục tiêu LNTT đi ngang, ước đạt 192 tỷ đồng trong năm 2019",,2019-04-22,,63a91f53aa7b01631a1bb94a12890dd6,train,True,"{""category"": ""co_tuc_phat_hanh"", ""content_length"": ""832"", ""publication_time_resolution"": ""DATE_ONLY"", ""url"": ""https://cafef.vn/gas-petrolimex-pgc-dat-muc-tieu-lntt-di-ngang-uoc-dat-192-ty-dong-trong-nam-2019-20190422110725289.chn""}",FINNEXUS_RESEARCH_DATASET_V17_1,FINNEXUS_TEMPORAL_KG_V1_0,CORE,FINNEXUS_LAYERED_KG_V3_0
news:63d9c94731bc0918ff0ce1534f2132a9,News,"Phiên 4/6: Khối ngoại tiếp tục bán ròng hơn 1.500 tỷ đồng, tập trung “hỏa lực” vào MBB, HPG",,2021-06-04,,63d9c94731bc0918ff0ce1534f2132a9,train,True,"{""category"": ""chung_khoan"", ""content_length"": ""736"", ""publication_time_resolution"": ""DATE_ONLY"", ""url"": ""https://cafef.vn/phien-4-6-khoi-ngoai-tiep-tuc-ban-rong-hon-1500-ty-dong-tap-trung-hoa-luc-vao-mbb-hpg-20210604151114282.chn""}",FINNEXUS_RESEARCH_DATASET_V17_1,FINNEXUS_TEMPORAL_KG_V1_0,CORE,FINNEXUS_LAYERED_KG_V3_0
news:641f317c3322e18d4925e7f675922673,News,"Sắc xanh phủ nhóm ngân hàng, STB gần tăng kịch trần",,2022-07-28,,641f317c3322e18d4925e7f675922673,test,True,"{""category"": ""ngan_hang"", ""content_length"": ""1970"", ""publication_time_resolution"": ""DATE_ONLY"", ""url"": ""https://vietnambiz.vn/sac-xanh-phu-nhom-ngan-hang-stb-gan-tang-kich-tran-2022728155612632.htm""}",FINNEXUS_RESEARCH_DATASET_V17_1,FINNEXUS_TEMPORAL_KG_V1_0,CORE,FINNEXUS_LAYERED_KG_V3_0
news:6423492468ef0ae5b8d8e0c4bd804f9f,News,Lãnh đạo Hoa Sen đăng kí thoái vốn,,2020-06-03,,6423492468ef0ae5b8d8e0c4bd804f9f,train,True,"{""category"": ""chung_khoan"", ""content_length"": ""1300"", ""publication_time_resolution"": ""DATE_ONLY"", ""url"": ""https://vietnambiz.vn/lanh-dao-hoa-sen-dang-ki-thoai-von-20200603182804305.htm""}",FINNEXUS_RESEARCH_DATASET_V17_1,FINNEXUS_TEMPORAL_KG_V1_0,CORE,FINNEXUS_LAYERED_KG_V3_0
news:642d9dba739f8edc93594e94d5f81cd4,News,"Thị giá trên 60.000 đồng, Viconship (VSC) chào bán 55 triệu cổ phiếu giá 10.000 đồng cho cổ đông hiện hữu",,2021-10-12,,642d9dba739f8edc93594e94d5f81cd4,train,True,"{""category"": ""co_tuc_phat_hanh"", ""content_length"": ""1653"", ""publication_time_resolution"": ""DATE_ONLY"", ""url"": ""https://cafef.vn/thi-gia-tren-60000-dong-viconship-vsc-chao-ban-55-trieu-co-phieu-gia-10000-dong-cho-co-dong-hien-huu-20211012095447293.chn""}",FINNEXUS_RESEARCH_DATASET_V17_1,FINNEXUS_TEMPORAL_KG_V1_0,CORE,FINNEXUS_LAYERED_KG_V3_0
news:649604a787a0ddffba002d627756012f,News,Thép Nam Kim (NKG): Sắp phát hành hơn 36 triệu cổ phiếu chia thưởng và cổ tức năm 2020,,2021-07-13,,649604a787a0ddffba002d627756012f,train,True,"{""category"": ""co_tuc_phat_hanh"", ""content_length"": ""1086"", ""publication_time_resolution"": ""DATE_ONLY"", ""url"": ""https://cafef.vn/thep-nam-kim-nkg-sap-phat-hanh-hon-36-trieu-co-phieu-chia-thuong-va-co-tuc-nam-2020-20210712202246774.chn""}",FINNEXUS_RESEARCH_DATASET_V17_1,FINNEXUS_TEMPORAL_KG_V1_0,CORE,FINNEXUS_LAYERED_KG_V3_0
news:64b5e7ecb908fbf2aa1062e9ad559cec,News,"Khối ngoại bán ròng phiên thứ 4 liên tiếp, 'xả' mạnh NLG và KDH",,2022-09-26,,64b5e7ecb908fbf2aa1062e9ad559cec,test,True,"{""category"": ""chung_khoan"", ""content_length"": ""1741"", ""publication_time_resolution"": ""DATE_ONLY"", ""url"": ""https://cafef.vn/khoi-ngoai-ban-rong-phien-thu-4-lien-tiep-xa-manh-nlg-va-kdh-20220926204659662.chn""}",FINNEXUS_RESEARCH_DATASET_V17_1,FINNEXUS_TEMPORAL_KG_V1_0,CORE,FINNEXUS_LAYERED_KG_V3_0
news:64ffacb94b2400df805cc5ce7173fa85,News,"Con trai Chủ tịch Trần Đình Long đã mua thành công 5 triệu cổ phiếu HPG, ước tính chi gần 235 tỷ đồng",,2021-08-19,,64ffacb94b2400df805cc5ce7173fa85,train,True,"{""category"": ""bat_dong_san"", ""content_length"": ""2192"", ""publication_time_resolution"": ""DATE_ONLY"", ""url"": ""https://cafef.vn/con-trai-chu-tich-tran-dinh-long-da-mua-thanh-cong-5-trieu-co-phieu-hpg-uoc-tinh-chi-gan-235-ty-dong-20210819111722015.chn""}",FINNEXUS_RESEARCH_DATASET_V17_1,FINNEXUS_TEMPORAL_KG_V1_0,CORE,FINNEXUS_LAYERED_KG_V3_0
news:6541c193d97359441f9da611d0654752,News,Vietinbank Securities công bố quyết định bổ nhiệm Phó Tổng Giám Đốc,,2022-03-31,,6541c193d97359441f9da611d0654752,validation,True,"{""category"": ""ngan_hang"", ""content_length"": ""1676"", ""publication_time_resolution"": ""DATE_ONLY"", ""url"": ""https://cafef.vn/vietinbank-securities-cong-bo-quyet-dinh-bo-nhiem-pho-tong-giam-doc-2022033110133884.chn""}",FINNEXUS_RESEARCH_DATASET_V17_1,FINNEXUS_TEMPORAL_KG_V1_0,CORE,FINNEXUS_LAYERED_KG_V3_0
news:65da0e8da7c80eb37788c1b5858e6e2d,News,Lãnh đạo Hòa Phát đăng ký bán 1 triệu cổ phiếu HPG,,2022-02-15,,65da0e8da7c80eb37788c1b5858e6e2d,validation,True,"{""category"": ""ket_qua_kinh_doanh"", ""content_length"": ""2810"", ""publication_time_resolution"": ""DATE_ONLY"", ""url"": ""https://vietnambiz.vn/lanh-dao-hoa-phat-dang-ky-ban-1-trieu-co-phieu-hpg-du-thu-46-ty-dong-20220215153554528.htm""}",FINNEXUS_RESEARCH_DATASET_V17_1,FINNEXUS_TEMPORAL_KG_V1_0,CORE,FINNEXUS_LAYERED_KG_V3_0
news:65e80aee5c67c0dc977b2eeab678b55d,News,"Chứng khoán SHS được chấp thuận chào bán 325,3 triệu cp để tăng vốn lên 6.500 tỷ đồng",,2022-03-23,,65e80aee5c67c0dc977b2eeab678b55d,validation,True,"{""category"": ""co_tuc_phat_hanh"", ""content_length"": ""1614"", ""publication_time_resolution"": ""DATE_ONLY"", ""url"": ""https://vietnambiz.vn/chung-khoan-shs-duoc-chap-thuan-chao-ban-3253-trieu-cp-de-tang-von-len-6500-ty-dong-20220323174614805.htm""}",FINNEXUS_RESEARCH_DATASET_V17_1,FINNEXUS_TEMPORAL_KG_V1_0,CORE,FINNEXUS_LAYERED_KG_V3_0
news:6682b5223144df93f4ebd054293b8a37,News,"Cổ phiếu tâm điểm 27/4: REE, HDC, ANV",,2022-04-26,,6682b5223144df93f4ebd054293b8a37,validation,True,"{""category"": ""chung_khoan"", ""content_length"": ""1887"", ""publication_time_resolution"": ""DATE_ONLY"", ""url"": ""https://vietnambiz.vn/co-phieu-tam-diem-274-ree-hdc-anv-2022426185724836.htm""}",FINNEXUS_RESEARCH_DATASET_V17_1,FINNEXUS_TEMPORAL_KG_V1_0,CORE,FINNEXUS_LAYERED_KG_V3_0
news:66e1c18df707c3c298948a5531d00b61,News,SIC đăng kí mua 225.000 cổ phiếu VNM,,2020-07-27,,66e1c18df707c3c298948a5531d00b61,train,True,"{""category"": ""chung_khoan"", ""content_length"": ""1430"", ""publication_time_resolution"": ""DATE_ONLY"", ""url"": ""https://vietnambiz.vn/sic-dang-ki-mua-225000-co-phieu-vnm-20200727163137599.htm""}",FINNEXUS_RESEARCH_DATASET_V17_1,FINNEXUS_TEMPORAL_KG_V1_0,CORE,FINNEXUS_LAYERED_KG_V3_0
news:67088831cfd8cf3ffff408e05aeb2d09,News,"Novaland (NVL) phát hành hơn 4 triệu cổ phiếu chuyển đổi trái phiếu quốc tế, muốn vay thêm 1.398 tỷ đồng",,2021-03-20,,67088831cfd8cf3ffff408e05aeb2d09,train,True,"{""category"": ""co_tuc_phat_hanh"", ""content_length"": ""1641"", ""publication_time_resolution"": ""DATE_ONLY"", ""url"": ""https://cafef.vn/novaland-nvl-phat-hanh-hon-4-trieu-co-phieu-chuyen-doi-trai-phieu-quoc-te-muon-vay-them-1398-ty-dong-20210319231733973.chn""}",FINNEXUS_RESEARCH_DATASET_V17_1,FINNEXUS_TEMPORAL_KG_V1_0,CORE,FINNEXUS_LAYERED_KG_V3_0
news:6720fa0acc3012811993bf3e9ce56e36,News,"Giao dịch khối ngoại (11/10): Tiếp tục rút ròng gần 80 tỉ đồng, tâm điểm bán cổ phiếu VIC",,2019-10-11,,6720fa0acc3012811993bf3e9ce56e36,train,True,"{""category"": ""chung_khoan"", ""content_length"": ""2226"", ""publication_time_resolution"": ""DATE_ONLY"", ""url"": ""https://vietnambiz.vn/giao-dich-khoi-ngoai-11-10-tiep-tuc-rut-rong-gan-80-ti-dong-tam-diem-ban-co-phieu-vic-20191011165550256.htm""}",FINNEXUS_RESEARCH_DATASET_V17_1,FINNEXUS_TEMPORAL_KG_V1_0,CORE,FINNEXUS_LAYERED_KG_V3_0
news:678ed1059ba86493bc20530c5c081911,News,"Bị cắt margin, Petrolimex thay luôn báo cáo kiểm toán bị ngoại trừ, lợi nhuận sau thuế tăng 108 tỷ",,2019-10-14,,678ed1059ba86493bc20530c5c081911,train,True,"{""category"": ""co_tuc_phat_hanh"", ""content_length"": ""4019"", ""publication_time_resolution"": ""DATE_ONLY"", ""url"": ""https://cafef.vn/bi-cat-margin-petrolimex-thay-luon-bao-cao-kiem-toan-bi-ngoai-tru-loi-nhuan-sau-thue-tang-108-ty-20191014112150312.chn""}",FINNEXUS_RESEARCH_DATASET_V17_1,FINNEXUS_TEMPORAL_KG_V1_0,CORE,FINNEXUS_LAYERED_KG_V3_0
news:67950e36ec3ed758a8e9b155c6d981e5,News,Cổ phiếu tăng mạnh Cơ điện lạnh REE vẫn muốn mua 1 triệu cổ phiếu quỹ để làm nguồn thưởng cho cán bộ cấp cao,,2020-11-02,,67950e36ec3ed758a8e9b155c6d981e5,train,True,"{""category"": ""ket_qua_kinh_doanh"", ""content_length"": ""1155"", ""publication_time_resolution"": ""DATE_ONLY"", ""url"": ""https://cafef.vn/co-phieu-tang-manh-co-dien-lanh-ree-van-muon-mua-1-trieu-co-phieu-quy-de-lam-nguon-thuong-cho-can-bo-cap-cao-2020110217424349.chn""}",FINNEXUS_RESEARCH_DATASET_V17_1,FINNEXUS_TEMPORAL_KG_V1_0,CORE,FINNEXUS_LAYERED_KG_V3_0
news:68ae433d8bd45659f274e3073667ed3b,News,VNDirect dự báo VN-Index cán mốc 1.180 điểm năm 2021,,2020-12-17,,68ae433d8bd45659f274e3073667ed3b,train,True,"{""category"": ""co_tuc_phat_hanh"", ""content_length"": ""2633"", ""publication_time_resolution"": ""DATE_ONLY"", ""url"": ""https://vietnambiz.vn/vndirect-du-bao-vn-index-can-moc-1180-diem-nam-2021-20201217075027956.htm""}",FINNEXUS_RESEARCH_DATASET_V17_1,FINNEXUS_TEMPORAL_KG_V1_0,CORE,FINNEXUS_LAYERED_KG_V3_0
news:68bd653dc20114a3cf696bc8497db2bf,News,Cổ phiếu VND tăng mạnh sau tin VNDirect được chấp thuận tăng vốn lên hơn 12.000 tỷ đồng,,2022-02-25,,68bd653dc20114a3cf696bc8497db2bf,validation,True,"{""category"": ""co_tuc_phat_hanh"", ""content_length"": ""1803"", ""publication_time_resolution"": ""DATE_ONLY"", ""url"": ""https://vietnambiz.vn/co-phieu-vnd-tang-manh-sau-tin-vndirect-duoc-chap-thuan-tang-von-len-hon-12000-ty-dong-20220225134920501.htm""}",FINNEXUS_RESEARCH_DATASET_V17_1,FINNEXUS_TEMPORAL_KG_V1_0,CORE,FINNEXUS_LAYERED_KG_V3_0
news:68c6283825aae9ce9eef2b7e939e8fcc,News,"Quỹ VEIL bán ròng ba tuần liên tiếp, ACB trở thành khoản đầu tư lớn nhất",,2022-07-27,,68c6283825aae9ce9eef2b7e939e8fcc,test,True,"{""category"": ""chung_khoan"", ""content_length"": ""1573"", ""publication_time_resolution"": ""DATE_ONLY"", ""url"": ""https://vietnambiz.vn/quy-veil-ban-rong-ba-tuan-lien-tiep-acb-tro-thanh-khoan-dau-tu-lon-nhat-2022727211715350.htm""}",FINNEXUS_RESEARCH_DATASET_V17_1,FINNEXUS_TEMPORAL_KG_V1_0,CORE,FINNEXUS_LAYERED_KG_V3_0
news:68f00845f65a8785e160cb425112357a,News,Pyn Elite Fund chốt lời hàng triệu cổ phiếu BSI và VND,,2021-01-07,,68f00845f65a8785e160cb425112357a,train,True,"{""category"": ""ngan_hang"", ""content_length"": ""1689"", ""publication_time_resolution"": ""DATE_ONLY"", ""url"": ""https://vietnambiz.vn/pyn-elite-fund-chot-loi-hang-trieu-co-phieu-bsi-va-vnd-20210107154846627.htm""}",FINNEXUS_RESEARCH_DATASET_V17_1,FINNEXUS_TEMPORAL_KG_V1_0,CORE,FINNEXUS_LAYERED_KG_V3_0
news:6986a62e174b9abd0a4711e636f814f0,News,"Novaland tăng mạnh, ông Bùi Thành Nhơn đăng ký bán bớt 12 triệu cổ phiếu",,2021-01-07,,6986a62e174b9abd0a4711e636f814f0,train,True,"{""category"": ""ket_qua_kinh_doanh"", ""content_length"": ""1204"", ""publication_time_resolution"": ""DATE_ONLY"", ""url"": ""https://cafef.vn/novaland-tang-manh-ong-bui-thanh-nhon-dang-ky-ban-bot-12-trieu-co-phieu-20210107144300775.chn""}",FINNEXUS_RESEARCH_DATASET_V17_1,FINNEXUS_TEMPORAL_KG_V1_0,CORE,FINNEXUS_LAYERED_KG_V3_0
news:69941bd79cc2c10d862b18ec3caf8072,News,"Arisaig Asia Consumer Fund gom thêm 1,7 triệu cổ phiếu Thế giới Di động",,2020-09-06,,69941bd79cc2c10d862b18ec3caf8072,train,True,"{""category"": ""chung_khoan"", ""content_length"": ""1834"", ""publication_time_resolution"": ""DATE_ONLY"", ""url"": ""https://cafef.vn/arisaig-asia-consumer-fund-gom-them-17-trieu-co-phieu-the-gioi-di-dong-20200905095804296.chn""}",FINNEXUS_RESEARCH_DATASET_V17_1,FINNEXUS_TEMPORAL_KG_V1_0,CORE,FINNEXUS_LAYERED_KG_V3_0
news:69c4b544ae0e9c908bd840dda5e8ea1b,News,"FPT Retail: 6 tháng đầu năm đạt 158 tỷ đồng LNST, doanh thu online tăng trưởng 41%",,2019-07-19,,69c4b544ae0e9c908bd840dda5e8ea1b,train,True,"{""category"": ""ket_qua_kinh_doanh"", ""content_length"": ""2744"", ""publication_time_resolution"": ""DATE_ONLY"", ""url"": ""https://cafef.vn/fpt-retail-6-thang-dau-nam-dat-158-ty-dong-lnst-doanh-thu-online-tang-truong-41-20190719083350312.chn""}",FINNEXUS_RESEARCH_DATASET_V17_1,FINNEXUS_TEMPORAL_KG_V1_0,CORE,FINNEXUS_LAYERED_KG_V3_0
news:6a00c362b5aa90e51adf62edc6099b96,News,"PLX, EVF, PNJ, MCG, ATG, CLX, DC4: Thông tin giao dịch lượng lớn cổ phiếu",,2022-03-25,,6a00c362b5aa90e51adf62edc6099b96,validation,True,"{""category"": ""bat_dong_san"", ""content_length"": ""1623"", ""publication_time_resolution"": ""DATE_ONLY"", ""url"": ""https://cafef.vn/plx-evf-pnj-mcg-atg-clx-dc4-thong-tin-giao-dich-luong-lon-co-phieu-20220324183832758.chn""}",FINNEXUS_RESEARCH_DATASET_V17_1,FINNEXUS_TEMPORAL_KG_V1_0,CORE,FINNEXUS_LAYERED_KG_V3_0
news:6ac861ceba5f81fbe6a3ee8671afa26e,News,"GEX liên tiếp lập đỉnh mới, Dragon Capital bán ra cổ phiếu, không còn là cổ đông lớn",,2021-11-05,,6ac861ceba5f81fbe6a3ee8671afa26e,train,True,"{""category"": ""ket_qua_kinh_doanh"", ""content_length"": ""2106"", ""publication_time_resolution"": ""DATE_ONLY"", ""url"": ""https://cafef.vn/gex-lien-tiep-lap-dinh-moi-dragon-capital-ban-ra-co-phieu-khong-con-la-co-dong-lon-2021110509164687.chn""}",FINNEXUS_RESEARCH_DATASET_V17_1,FINNEXUS_TEMPORAL_KG_V1_0,CORE,FINNEXUS_LAYERED_KG_V3_0
news:6ae3648de52b7d1c4d4c72c5408d2d8a,News,"Cổ phiếu tâm điểm 6/9: BID, FRT, DGC",,2022-09-05,,6ae3648de52b7d1c4d4c72c5408d2d8a,test,True,"{""category"": ""ket_qua_kinh_doanh"", ""content_length"": ""2418"", ""publication_time_resolution"": ""DATE_ONLY"", ""url"": ""https://vietnambiz.vn/co-phieu-tam-diem-69-bid-frt-dgc-20229517149128.htm""}",FINNEXUS_RESEARCH_DATASET_V17_1,FINNEXUS_TEMPORAL_KG_V1_0,CORE,FINNEXUS_LAYERED_KG_V3_0
news:6ae442ff922239943eb6a6d977b9d096,News,"Chứng khoán VNDIRECT nới ""room"" ngoại lên 100%",,2021-11-15,,6ae442ff922239943eb6a6d977b9d096,train,True,"{""category"": ""chung_khoan"", ""content_length"": ""1757"", ""publication_time_resolution"": ""DATE_ONLY"", ""url"": ""https://cafef.vn/chung-khoan-vndirect-noi-room-ngoai-len-100-20211115173006853.chn""}",FINNEXUS_RESEARCH_DATASET_V17_1,FINNEXUS_TEMPORAL_KG_V1_0,CORE,FINNEXUS_LAYERED_KG_V3_0
news:6b41a58c70ea9846788f980d25ca8f24,News,"Cổ phiếu tâm điểm ngày 3/2: VHM, BID, PC1",,2021-02-02,,6b41a58c70ea9846788f980d25ca8f24,train,True,"{""category"": ""ket_qua_kinh_doanh"", ""content_length"": ""2758"", ""publication_time_resolution"": ""DATE_ONLY"", ""url"": ""https://vietnambiz.vn/co-phieu-tam-diem-ngay-3-2-vhm-bid-pc1-20210202193421006.htm""}",FINNEXUS_RESEARCH_DATASET_V17_1,FINNEXUS_TEMPORAL_KG_V1_0,CORE,FINNEXUS_LAYERED_KG_V3_0
news:6b558e1c32e6a03678311ae5e96b0c9e,News,PV Power (POW) ước doanh thu nửa đầu năm giảm 10% xuống còn 15.524 tỷ đồng,,2020-07-13,,6b558e1c32e6a03678311ae5e96b0c9e,train,True,"{""category"": ""ket_qua_kinh_doanh"", ""content_length"": ""1429"", ""publication_time_resolution"": ""DATE_ONLY"", ""url"": ""https://cafef.vn/pv-power-pow-uoc-doanh-thu-nua-dau-nam-giam-10-xuong-con-15524-ty-dong-20200713114658034.chn""}",FINNEXUS_RESEARCH_DATASET_V17_1,FINNEXUS_TEMPORAL_KG_V1_0,CORE,FINNEXUS_LAYERED_KG_V3_0
news:6bab0d12574a7789c26e0805b102becf,News,Masan Group (MSN) phát hành gần 6 triệu cổ phiếu ESOP giá 10.000 đồng/cp,,2019-06-15,,6bab0d12574a7789c26e0805b102becf,train,True,"{""category"": ""co_tuc_phat_hanh"", ""content_length"": ""836"", ""publication_time_resolution"": ""DATE_ONLY"", ""url"": ""https://cafef.vn/masan-group-msn-phat-hanh-gan-6-trieu-co-phieu-esop-gia-10000-dong-cp-2019061511211089.chn""}",FINNEXUS_RESEARCH_DATASET_V17_1,FINNEXUS_TEMPORAL_KG_V1_0,CORE,FINNEXUS_LAYERED_KG_V3_0
news:6c00fb347d90cd3ef51be56227a00a5b,News,"ĐHĐCĐ Vietjet (VJC): Đặt mục tiêu doanh thu hợp nhất 32.270 tỷ, chia cổ tức 20% và chào bán riêng lẻ 54 triệu cổ phiếu",,2022-05-28,,6c00fb347d90cd3ef51be56227a00a5b,test,True,"{""category"": ""co_tuc_phat_hanh"", ""content_length"": ""6569"", ""publication_time_resolution"": ""DATE_ONLY"", ""url"": ""https://cafef.vn/dhdcd-vietjet-vjc-dat-muc-tieu-doanh-thu-hop-nhat-32270-ty-chia-co-tuc-20-va-chao-ban-rieng-le-54-trieu-co-phieu-20220528174031013.chn""}",FINNEXUS_RESEARCH_DATASET_V17_1,FINNEXUS_TEMPORAL_KG_V1_0,CORE,FINNEXUS_LAYERED_KG_V3_0
news:6c30f101946368bf16d195175e86ee45,News,"Dòng tiền thông minh 18/7: NĐT cá nhân mua ròng hơn 610 tỷ đồng, tập trung gom MWG, SHB",,2022-07-18,,6c30f101946368bf16d195175e86ee45,test,True,"{""category"": ""ngan_hang"", ""content_length"": ""3491"", ""publication_time_resolution"": ""DATE_ONLY"", ""url"": ""https://vietnambiz.vn/dong-tien-thong-minh-187-ndt-ca-nhan-mua-rong-hon-610-ty-dong-tap-trung-gom-mwg-shb-202271882149607.htm""}",FINNEXUS_RESEARCH_DATASET_V17_1,FINNEXUS_TEMPORAL_KG_V1_0,CORE,FINNEXUS_LAYERED_KG_V3_0
news:6c8289c87b52d5a0ee4c9440aee35939,News,"VNDirect định chào bán 220 triệu cổ phiếu, tăng nguồn cho vay ký quỹ",,2021-03-12,,6c8289c87b52d5a0ee4c9440aee35939,train,True,"{""category"": ""co_tuc_phat_hanh"", ""content_length"": ""1910"", ""publication_time_resolution"": ""DATE_ONLY"", ""url"": ""https://vietnambiz.vn/vndirect-dinh-chao-ban-220-trieu-co-phieu-tang-nguon-cho-vay-ky-quy-20210312085956512.htm""}",FINNEXUS_RESEARCH_DATASET_V17_1,FINNEXUS_TEMPORAL_KG_V1_0,CORE,FINNEXUS_LAYERED_KG_V3_0
news:6cfb839f625232c14bb464c6c7f24fa2,News,"Cổ đông lớn nhất tại Chứng khoán SSI muốn bán 15,3 triệu cp trên đỉnh lịch sử",,2021-08-15,,6cfb839f625232c14bb464c6c7f24fa2,train,True,"{""category"": ""co_tuc_phat_hanh"", ""content_length"": ""1660"", ""publication_time_resolution"": ""DATE_ONLY"", ""url"": ""https://vietnambiz.vn/co-dong-lon-nhat-tai-chung-khoan-ssi-muon-ban-153-trieu-cp-tren-dinh-lich-su-20210815140357935.htm""}",FINNEXUS_RESEARCH_DATASET_V17_1,FINNEXUS_TEMPORAL_KG_V1_0,CORE,FINNEXUS_LAYERED_KG_V3_0
news:6d2a4a88de76d115d038bfa4c51645c5,News,VNDIRECT: “Ngành BĐS Khu công nghiệp sẽ phục hồi mạnh mẽ sau đại dịch Covid-19 nhờ làn sóng dịch chuyển nhà máy khỏi Trung Quốc”,,2020-04-27,,6d2a4a88de76d115d038bfa4c51645c5,train,True,"{""category"": ""ket_qua_kinh_doanh"", ""content_length"": ""4042"", ""publication_time_resolution"": ""DATE_ONLY"", ""url"": ""https://cafef.vn/vndirect-nganh-bds-khu-cong-nghiep-se-phuc-hoi-manh-me-sau-dai-dich-covid-19-nho-lan-song-dich-chuyen-nha-may-khoi-trung-quoc-20200426171706422.chn""}",FINNEXUS_RESEARCH_DATASET_V17_1,FINNEXUS_TEMPORAL_KG_V1_0,CORE,FINNEXUS_LAYERED_KG_V3_0
news:6d5be141aa1014f19feead6fec29c6c6,News,"Cổ phiếu tâm điểm ngày 30/10: IMP, GVR, LPB",,2020-10-29,,6d5be141aa1014f19feead6fec29c6c6,train,True,"{""category"": ""ket_qua_kinh_doanh"", ""content_length"": ""2055"", ""publication_time_resolution"": ""DATE_ONLY"", ""url"": ""https://vietnambiz.vn/co-phieu-tam-diem-ngay-30-10-imp-gvr-lpb-20201029213716317.htm""}",FINNEXUS_RESEARCH_DATASET_V17_1,FINNEXUS_TEMPORAL_KG_V1_0,CORE,FINNEXUS_LAYERED_KG_V3_0
news:6de1b4b0aa41c7e87db2136dfc5502ef,News,"Yếu tố nào làm nên thành công của VCSC, cổ phiếu chứng khoán thị giá cao nhất thị trường?",,2021-06-21,,6de1b4b0aa41c7e87db2136dfc5502ef,train,True,"{""category"": ""co_tuc_phat_hanh"", ""content_length"": ""4201"", ""publication_time_resolution"": ""DATE_ONLY"", ""url"": ""https://cafef.vn/yeu-to-nao-lam-nen-thanh-cong-cua-vcsc-co-phieu-chung-khoan-thi-gia-cao-nhat-thi-truong-20210621142446007.chn""}",FINNEXUS_RESEARCH_DATASET_V17_1,FINNEXUS_TEMPORAL_KG_V1_0,CORE,FINNEXUS_LAYERED_KG_V3_0
news:6dedebeda5f8656b09e4f46bfea416a3,News,Petrolimex muốn bán thêm 8 triệu cổ phiếu quỹ,,2021-07-21,,6dedebeda5f8656b09e4f46bfea416a3,train,True,"{""category"": ""chung_khoan"", ""content_length"": ""1808"", ""publication_time_resolution"": ""DATE_ONLY"", ""url"": ""https://vietnambiz.vn/petrolimex-muon-ban-them-8-trieu-co-phieu-quy-2021072022204513.htm""}",FINNEXUS_RESEARCH_DATASET_V17_1,FINNEXUS_TEMPORAL_KG_V1_0,CORE,FINNEXUS_LAYERED_KG_V3_0
news:6e11bca7c3a3d658b8fb931da96dcd61,News,Thế Giới Di Động (MWG) đạt kỷ lục doanh thu trong một quý,,2022-05-01,,6e11bca7c3a3d658b8fb931da96dcd61,validation,True,"{""category"": ""ket_qua_kinh_doanh"", ""content_length"": ""3630"", ""publication_time_resolution"": ""DATE_ONLY"", ""url"": ""https://cafef.vn/the-gioi-di-dong-mwg-dat-ky-luc-doanh-thu-trong-mot-quy-20220430205926476.chn""}",FINNEXUS_RESEARCH_DATASET_V17_1,FINNEXUS_TEMPORAL_KG_V1_0,CORE,FINNEXUS_LAYERED_KG_V3_0
news:6e5c269519b59d4564a2967a79b6de37,News,PV Power (POW) ước đạt tổng doanh thu gần 21 nghìn tỷ đồng trong 9 tháng đầu năm,,2022-10-10,,6e5c269519b59d4564a2967a79b6de37,test,True,"{""category"": ""ket_qua_kinh_doanh"", ""content_length"": ""2983"", ""publication_time_resolution"": ""DATE_ONLY"", ""url"": ""https://cafef.vn/pv-power-pow-uoc-dat-tong-doanh-thu-gan-21-nghin-ty-dong-trong-9-thang-dau-nam-20221010150808129.chn""}",FINNEXUS_RESEARCH_DATASET_V17_1,FINNEXUS_TEMPORAL_KG_V1_0,CORE,FINNEXUS_LAYERED_KG_V3_0
news:6e7f8feadbfd8e372f35467f893c5af2,News,Tổ chức nào có nhiều cổ phiếu VIC để bán như vậy?,,2022-02-15,,6e7f8feadbfd8e372f35467f893c5af2,validation,True,"{""category"": ""co_tuc_phat_hanh"", ""content_length"": ""3007"", ""publication_time_resolution"": ""DATE_ONLY"", ""url"": ""https://vietnambiz.vn/to-chuc-nao-co-nhieu-co-phieu-vic-de-ban-nhu-vay-20220215083515824.htm""}",FINNEXUS_RESEARCH_DATASET_V17_1,FINNEXUS_TEMPORAL_KG_V1_0,CORE,FINNEXUS_LAYERED_KG_V3_0
news:6ea80b6b07d9f80021a0953f0de0f4e5,News,"KIM Vietnam Growth Fund đã bán bớt cổ phiếu GEX, NKG và mua thêm cổ phiếu VCI",,2020-09-21,,6ea80b6b07d9f80021a0953f0de0f4e5,train,True,"{""category"": ""chung_khoan"", ""content_length"": ""2193"", ""publication_time_resolution"": ""DATE_ONLY"", ""url"": ""https://cafef.vn/kim-vietnam-growth-fund-da-ban-bot-co-phieu-gex-nkg-va-mua-them-co-phieu-vci-20200921173945553.chn""}",FINNEXUS_RESEARCH_DATASET_V17_1,FINNEXUS_TEMPORAL_KG_V1_0,CORE,FINNEXUS_LAYERED_KG_V3_0
news:6eedffd6ba03bca2ea517628ee00df73,News,Nhóm quĩ KIM không còn là cổ đông lớn của Chứng khoán Bản Việt (VCI),,2020-09-11,,6eedffd6ba03bca2ea517628ee00df73,train,True,"{""category"": ""chung_khoan"", ""content_length"": ""1339"", ""publication_time_resolution"": ""DATE_ONLY"", ""url"": ""https://vietnambiz.vn/nhom-qui-kim-khong-con-la-co-dong-lon-cua-chung-khoan-ban-viet-vci-20200911074011546.htm""}",FINNEXUS_RESEARCH_DATASET_V17_1,FINNEXUS_TEMPORAL_KG_V1_0,CORE,FINNEXUS_LAYERED_KG_V3_0
news:6f0fdf9db55141e247e9756def242c3a,News,Phát Đạt (PDR) tiếp tục chi trả cổ tức đợt 2/2020 bằng cổ phiếu với tỷ lệ 10%,,2021-03-19,,6f0fdf9db55141e247e9756def242c3a,train,True,"{""category"": ""co_tuc_phat_hanh"", ""content_length"": ""1665"", ""publication_time_resolution"": ""DATE_ONLY"", ""url"": ""https://cafef.vn/phat-dat-pdr-tiep-tuc-chi-tra-co-tuc-dot-2-2020-bang-co-phieu-voi-ty-le-10-20210319124439231.chn""}",FINNEXUS_RESEARCH_DATASET_V17_1,FINNEXUS_TEMPORAL_KG_V1_0,CORE,FINNEXUS_LAYERED_KG_V3_0
news:6fa7007c1cd0d0be5e3ae1ea2624e052,News,FPT Online (FOC) chốt danh sách cổ đông nhận cổ tức bằng tiền tỷ lệ 200%,,2021-04-02,,6fa7007c1cd0d0be5e3ae1ea2624e052,train,True,"{""category"": ""co_tuc_phat_hanh"", ""content_length"": ""948"", ""publication_time_resolution"": ""DATE_ONLY"", ""url"": ""https://cafef.vn/fpt-online-foc-chot-danh-sach-co-dong-nhan-co-tuc-bang-tien-ty-le-200-20210402110731269.chn""}",FINNEXUS_RESEARCH_DATASET_V17_1,FINNEXUS_TEMPORAL_KG_V1_0,CORE,FINNEXUS_LAYERED_KG_V3_0
news:6fbde1f6681a547f1c0c85c575450795,News,Xuất hiện giao dịch khủng cổ phiếu ACB với giá 28.000 đồng/cp phiên sáng nay,,2020-08-18,,6fbde1f6681a547f1c0c85c575450795,train,True,"{""category"": ""co_tuc_phat_hanh"", ""content_length"": ""1488"", ""publication_time_resolution"": ""DATE_ONLY"", ""url"": ""https://vietnambiz.vn/ai-da-thoa-thuan-14-trieu-co-phieu-acb-voi-gia-28000-dong-cp-phien-sang-nay-20200818105925617.htm""}",FINNEXUS_RESEARCH_DATASET_V17_1,FINNEXUS_TEMPORAL_KG_V1_0,CORE,FINNEXUS_LAYERED_KG_V3_0
news:6fe96546f62e7a037bf4cd3844d2ef50,News,"PV Gas ước tính lợi nhuận trước thuế 9 tháng khoảng 14.000 tỷ đồng, tăng 62%",,2022-09-27,,6fe96546f62e7a037bf4cd3844d2ef50,test,True,"{""category"": ""ket_qua_kinh_doanh"", ""content_length"": ""2557"", ""publication_time_resolution"": ""DATE_ONLY"", ""url"": ""https://cafef.vn/pv-gas-uoc-tinh-loi-nhuan-truoc-thue-9-thang-khoang-14000-ty-dong-tang-62-20220927072403435.chn""}",FINNEXUS_RESEARCH_DATASET_V17_1,FINNEXUS_TEMPORAL_KG_V1_0,CORE,FINNEXUS_LAYERED_KG_V3_0
news:70ad351fc3807403fd9c10754ddddedb,News,"Viettel Construction đạt doanh thu 635 tỷ đồng trong tháng 8, tăng trưởng 21% so với cùng kỳ năm trước",,2021-09-13,,70ad351fc3807403fd9c10754ddddedb,train,True,"{""category"": ""ket_qua_kinh_doanh"", ""content_length"": ""2709"", ""publication_time_resolution"": ""DATE_ONLY"", ""url"": ""https://cafef.vn/viettel-construction-dat-doanh-thu-635-ty-dong-trong-thang-8-tang-truong-21-so-voi-cung-ky-nam-truoc-20210913100127011.chn""}",FINNEXUS_RESEARCH_DATASET_V17_1,FINNEXUS_TEMPORAL_KG_V1_0,CORE,FINNEXUS_LAYERED_KG_V3_0
news:70dd34295fce2237c9b28d528f1a6446,News,"VNM ETF thêm mới IDC, ITA, VHC, KDH và VPI vào danh mục trong kỳ cơ cấu quý 4/2021, tỷ trọng cổ phiếu Việt Nam tăng cao kỷ lục",,2021-12-11,,70dd34295fce2237c9b28d528f1a6446,train,True,"{""category"": ""chung_khoan"", ""content_length"": ""1730"", ""publication_time_resolution"": ""DATE_ONLY"", ""url"": ""https://cafef.vn/vnm-etf-them-moi-idc-ita-vhc-kdh-va-vpi-vao-danh-muc-trong-ky-co-cau-quy-4-2021-ty-trong-co-phieu-viet-nam-tang-cao-ky-luc-20211211080059316.chn""}",FINNEXUS_RESEARCH_DATASET_V17_1,FINNEXUS_TEMPORAL_KG_V1_0,CORE,FINNEXUS_LAYERED_KG_V3_0
news:710315c88a30241403c0c1758f2263f8,News,"STB bất ngờ giảm sâu, VnIndex mất hơn 4 điểm cuối phiên",,2020-10-27,,710315c88a30241403c0c1758f2263f8,train,True,"{""category"": ""ket_qua_kinh_doanh"", ""content_length"": ""4282"", ""publication_time_resolution"": ""DATE_ONLY"", ""url"": ""https://cafef.vn/vnindex-tiep-tuc-giam-sau-phien-bat-ngo-giam-sau-hom-qua-co-phieu-ngan-hang-dieu-chinh-20201027084917709.chn""}",FINNEXUS_RESEARCH_DATASET_V17_1,FINNEXUS_TEMPORAL_KG_V1_0,CORE,FINNEXUS_LAYERED_KG_V3_0
news:714ccdfd69fb5ec40c16d4dad1d81e59,News,"Dòng tiền thông minh 11/10: NĐT cá nhân đẩy mạnh mua ròng phiên thị trường hồi phục, tâm điểm NLG, TCB",,2022-10-11,,714ccdfd69fb5ec40c16d4dad1d81e59,test,True,"{""category"": ""ngan_hang"", ""content_length"": ""2892"", ""publication_time_resolution"": ""DATE_ONLY"", ""url"": ""https://vietnambiz.vn/dong-tien-thong-minh-1110-ndt-ca-nhan-day-manh-mua-rong-phien-thi-truong-hoi-phuc-tam-diem-nlg-tcb-2022101183438130.htm""}",FINNEXUS_RESEARCH_DATASET_V17_1,FINNEXUS_TEMPORAL_KG_V1_0,CORE,FINNEXUS_LAYERED_KG_V3_0
news:71622d6fe22b3e12fdfb78a060ccc74d,News,"Cổ phiếu tâm điểm ngày 28/2: CTG, SHB, MWG, DTD",,2020-02-28,,71622d6fe22b3e12fdfb78a060ccc74d,train,True,"{""category"": ""ngan_hang"", ""content_length"": ""3311"", ""publication_time_resolution"": ""DATE_ONLY"", ""url"": ""https://vietnambiz.vn/co-phieu-tam-diem-ngay-28-2-ctg-shb-mwg-dtd-20200228064124768.htm""}",FINNEXUS_RESEARCH_DATASET_V17_1,FINNEXUS_TEMPORAL_KG_V1_0,CORE,FINNEXUS_LAYERED_KG_V3_0
news:716aa38bd0c70237618d99eac982c52a,News,Chứng khoán SSI muốn bán hơn 1 triệu cổ phiếu PAN khi giá tăng mạnh,,2020-12-16,,716aa38bd0c70237618d99eac982c52a,train,True,"{""category"": ""co_tuc_phat_hanh"", ""content_length"": ""1809"", ""publication_time_resolution"": ""DATE_ONLY"", ""url"": ""https://vietnambiz.vn/chung-khoan-ssi-muon-ban-hon-1-trieu-co-phieu-pan-khi-gia-tang-manh-20201216154946697.htm""}",FINNEXUS_RESEARCH_DATASET_V17_1,FINNEXUS_TEMPORAL_KG_V1_0,CORE,FINNEXUS_LAYERED_KG_V3_0
news:71f2c22711553f2483a2edf8de2d1273,News,"MWG, HSC, CTI, BVH, FMC, CVT, NHT: Thông tin giao dịch lượng lớn cổ phiếu",,2020-12-01,,71f2c22711553f2483a2edf8de2d1273,train,True,"{""category"": ""chung_khoan"", ""content_length"": ""1974"", ""publication_time_resolution"": ""DATE_ONLY"", ""url"": ""https://cafef.vn/mwg-hsc-cti-bvh-fmc-cvt-nht-thong-tin-giao-dich-luong-lon-co-phieu-20201130175503941.chn""}",FINNEXUS_RESEARCH_DATASET_V17_1,FINNEXUS_TEMPORAL_KG_V1_0,CORE,FINNEXUS_LAYERED_KG_V3_0
news:72fd6f5b948e4803304bd0a431f1af30,News,VNDirect: Nhiều động lực hỗ trợ tích cực cho thị trường chứng khoán Việt Nam trong tháng 9,,2022-08-31,,72fd6f5b948e4803304bd0a431f1af30,test,True,"{""category"": ""co_tuc_phat_hanh"", ""content_length"": ""4820"", ""publication_time_resolution"": ""DATE_ONLY"", ""url"": ""https://cafef.vn/vndirect-nhieu-dong-luc-ho-tro-tich-cuc-cho-thi-truong-chung-khoan-viet-nam-trong-thang-9-20220831104721323.chn""}",FINNEXUS_RESEARCH_DATASET_V17_1,FINNEXUS_TEMPORAL_KG_V1_0,CORE,FINNEXUS_LAYERED_KG_V3_0
news:7315b89b71ca3ccac9f48a222ee37120,News,"Giá cổ phiếu REE vượt mọi thời đại, gia đình nữ Chủ tịch có thêm nghìn tỷ",,2022-05-29,,7315b89b71ca3ccac9f48a222ee37120,test,True,"{""category"": ""bat_dong_san"", ""content_length"": ""3937"", ""publication_time_resolution"": ""DATE_ONLY"", ""url"": ""https://cafef.vn/gia-co-phieu-ree-vuot-moi-thoi-dai-gia-dinh-nu-chu-tich-co-them-nghin-ty-2022052912290854.chn""}",FINNEXUS_RESEARCH_DATASET_V17_1,FINNEXUS_TEMPORAL_KG_V1_0,CORE,FINNEXUS_LAYERED_KG_V3_0
news:7342ab3ab63e0553abb77327a2294d42,News,"Phiên 7/10: Khối ngoại đẩy mạnh bán ròng 628 tỷ đồng, tâm điểm bán HPG, SBT",,2021-10-07,,7342ab3ab63e0553abb77327a2294d42,train,True,"{""category"": ""bat_dong_san"", ""content_length"": ""2761"", ""publication_time_resolution"": ""DATE_ONLY"", ""url"": ""https://cafef.vn/phien-7-10-khoi-ngoai-day-manh-ban-rong-628-ty-dong-tam-diem-ban-hpg-sbt-20211007153835259.chn""}",FINNEXUS_RESEARCH_DATASET_V17_1,FINNEXUS_TEMPORAL_KG_V1_0,CORE,FINNEXUS_LAYERED_KG_V3_0
news:73635cf7579d3f074bf799c959f6777a,News,"VNM, VPB, HRC, NAF, HQC, HDG, BOT, CGP, HRB: Thông tin giao dịch lượng lớn cổ phiếu",,2019-09-10,,73635cf7579d3f074bf799c959f6777a,train,True,"{""category"": ""ngan_hang"", ""content_length"": ""2327"", ""publication_time_resolution"": ""DATE_ONLY"", ""url"": ""https://cafef.vn/vnm-vpb-hrc-naf-hqc-hdg-bot-cgp-hrb-thong-tin-giao-dich-luong-lon-co-phieu-20190910073352984.chn""}",FINNEXUS_RESEARCH_DATASET_V17_1,FINNEXUS_TEMPORAL_KG_V1_0,CORE,FINNEXUS_LAYERED_KG_V3_0
news:738644c9b9e2095b5e9c1191cd555e88,News,"Dược phẩm Imexpharm (IMP): Lợi nhuận quý 1/2021 đạt 42 tỷ đồng, chuẩn bị chia cổ tức bằng tiền tỷ lệ 15%",,2021-05-21,,738644c9b9e2095b5e9c1191cd555e88,train,True,"{""category"": ""co_tuc_phat_hanh"", ""content_length"": ""630"", ""publication_time_resolution"": ""DATE_ONLY"", ""url"": ""https://cafef.vn/duoc-pham-imexpharm-imp-loi-nhuan-quy-1-2021-dat-42-ty-dong-chuan-bi-chia-co-tuc-bang-tien-ty-le-15-20210521071302735.chn""}",FINNEXUS_RESEARCH_DATASET_V17_1,FINNEXUS_TEMPORAL_KG_V1_0,CORE,FINNEXUS_LAYERED_KG_V3_0
news:73d2afb0559b682f65f91280ddd60b9c,News,"FPT, VNM, CII, QCG, TVS, PTL, TCI, CKG, OPC, LGL, THP: Thông tin giao dịch lượng lớn cổ phiếu",,2021-12-29,,73d2afb0559b682f65f91280ddd60b9c,validation,True,"{""category"": ""chung_khoan"", ""content_length"": ""2905"", ""publication_time_resolution"": ""DATE_ONLY"", ""url"": ""https://cafef.vn/fpt-vnm-cii-qcg-tvs-ptl-tci-ckg-opc-lgl-thp-thong-tin-giao-dich-luong-lon-co-phieu-20211229085141851.chn""}",FINNEXUS_RESEARCH_DATASET_V17_1,FINNEXUS_TEMPORAL_KG_V1_0,CORE,FINNEXUS_LAYERED_KG_V3_0
news:73feb66c827f63c791ff02758472c896,News,"Phiên 18/2: Khối ngoại tiếp tục gom gần 620 tỷ đồng trên sàn HOSE, tâm điểm HPG",,2021-02-18,,73feb66c827f63c791ff02758472c896,train,True,"{""category"": ""chung_khoan"", ""content_length"": ""2549"", ""publication_time_resolution"": ""DATE_ONLY"", ""url"": ""https://vietnambiz.vn/phien-18-2-khoi-ngoai-tiep-tuc-gom-gan-620-ty-dong-tren-san-hose-tam-diem-hpg-20210218160555845.htm""}",FINNEXUS_RESEARCH_DATASET_V17_1,FINNEXUS_TEMPORAL_KG_V1_0,CORE,FINNEXUS_LAYERED_KG_V3_0
news:74101bf3daadb611ad5c25fb8bb53cd1,News,Hóa dầu Petrolimex (PLC) chốt quyền nhận cổ tức bằng tiền tỷ lệ 15%,,2020-07-07,,74101bf3daadb611ad5c25fb8bb53cd1,train,True,"{""category"": ""co_tuc_phat_hanh"", ""content_length"": ""987"", ""publication_time_resolution"": ""DATE_ONLY"", ""url"": ""https://cafef.vn/hoa-dau-petrolimex-plc-chot-quyen-nhan-co-tuc-bang-tien-ty-le-15-20200707164557029.chn""}",FINNEXUS_RESEARCH_DATASET_V17_1,FINNEXUS_TEMPORAL_KG_V1_0,CORE,FINNEXUS_LAYERED_KG_V3_0
news:7424652acde8f70baf109a5d5a9b77cc,News,Vietnam Airlines: “Bằng mọi giải pháp sẽ duy trì niêm yết cổ phiếu HVN trên sàn HOSE”,,2022-09-14,,7424652acde8f70baf109a5d5a9b77cc,test,True,"{""category"": ""phap_ly"", ""content_length"": ""7282"", ""publication_time_resolution"": ""DATE_ONLY"", ""url"": ""https://cafef.vn/vietnam-airlines-bang-moi-giai-phap-se-duy-tri-niem-yet-co-phieu-hvn-tren-san-hose-20220914144556427.chn""}",FINNEXUS_RESEARCH_DATASET_V17_1,FINNEXUS_TEMPORAL_KG_V1_0,CORE,FINNEXUS_LAYERED_KG_V3_0
news:7427ecd048bc870fbec6eb25fa19c889,News,"NVL, FPT, PGD, PGC, TNI, NKG, BII, WSS, DIC, HDC, EPC: Thông tin giao dịch lượng lớn cổ phiếu",,2020-01-16,,7427ecd048bc870fbec6eb25fa19c889,train,True,"{""category"": ""bat_dong_san"", ""content_length"": ""3086"", ""publication_time_resolution"": ""DATE_ONLY"", ""url"": ""https://cafef.vn/nvl-fpt-pgd-pgc-tni-nkg-bii-wss-dic-hdc-epc-thong-tin-giao-dich-luong-lon-co-phieu-20200116085150384.chn""}",FINNEXUS_RESEARCH_DATASET_V17_1,FINNEXUS_TEMPORAL_KG_V1_0,CORE,FINNEXUS_LAYERED_KG_V3_0
news:7432887098f025d0f72eec76194aa79b,News,"SSI Research khuyên chốt lời khi VN-Index lên 1.580 điểm trong tháng 1, điểm tên 10 mã cổ phiếu đáng ""xuống tiền""",,2022-01-10,,7432887098f025d0f72eec76194aa79b,validation,True,"{""category"": ""co_tuc_phat_hanh"", ""content_length"": ""7496"", ""publication_time_resolution"": ""DATE_ONLY"", ""url"": ""https://cafef.vn/ssi-research-khuyen-chot-loi-khi-vn-index-len-1580-diem-trong-thang-1-diem-ten-10-ma-co-phieu-dang-xuong-tien-20220108182045277.chn""}",FINNEXUS_RESEARCH_DATASET_V17_1,FINNEXUS_TEMPORAL_KG_V1_0,CORE,FINNEXUS_LAYERED_KG_V3_0
news:743c64aade430e64207cea60d0ebe759,News,"Ước lãi kỷ lục năm 2021, Đạm Cà Mau (DCM) đặt kế hoạch lợi nhuận năm 2022 sụt giảm 72%",,2022-01-10,,743c64aade430e64207cea60d0ebe759,validation,True,"{""category"": ""ket_qua_kinh_doanh"", ""content_length"": ""1566"", ""publication_time_resolution"": ""DATE_ONLY"", ""url"": ""https://cafef.vn/uoc-lai-ky-luc-nam-2021-dam-ca-mau-dcm-dat-ke-hoach-loi-nhuan-nam-2022-sut-giam-72-20220110100452443.chn""}",FINNEXUS_RESEARCH_DATASET_V17_1,FINNEXUS_TEMPORAL_KG_V1_0,CORE,FINNEXUS_LAYERED_KG_V3_0
news:74db602b932b4b086bed477fb0371a37,News,"VNDIRECT: “Sự lạc quan không kéo dài sang nửa cuối năm, VN-Index kết thúc năm 2019 ở vùng 990 điểm”",,2019-04-17,,74db602b932b4b086bed477fb0371a37,train,True,"{""category"": ""ket_qua_kinh_doanh"", ""content_length"": ""3563"", ""publication_time_resolution"": ""DATE_ONLY"", ""url"": ""https://cafef.vn/vndirect-su-lac-quan-khong-keo-dai-sang-nua-cuoi-nam-vn-index-ket-thuc-nam-2019-o-vung-990-diem-20190417092707567.chn""}",FINNEXUS_RESEARCH_DATASET_V17_1,FINNEXUS_TEMPORAL_KG_V1_0,CORE,FINNEXUS_LAYERED_KG_V3_0
news:74e57d483ae8753b3036e41b379c76ba,News,"Giao dịch lớn cổ phiếu (23/8): HTP, GDT, VSC, ACL, ACB, HT1, NTF, FIR",,2022-08-23,,74e57d483ae8753b3036e41b379c76ba,test,True,"{""category"": ""ngan_hang"", ""content_length"": ""1638"", ""publication_time_resolution"": ""DATE_ONLY"", ""url"": ""https://vietnambiz.vn/giao-dich-lon-co-phieu-htp-gdt-vsc-acl-acb-ht1-ntf-fir-2022823183630526.htm""}",FINNEXUS_RESEARCH_DATASET_V17_1,FINNEXUS_TEMPORAL_KG_V1_0,CORE,FINNEXUS_LAYERED_KG_V3_0
news:75229995dc0e77cb508687b782f1e522,News,"HVN, DXG và nhiều tên tuổi lớn không được giao dịch ký quỹ trong quý 2",,2021-04-06,,75229995dc0e77cb508687b782f1e522,train,True,"{""category"": ""phap_ly"", ""content_length"": ""1010"", ""publication_time_resolution"": ""DATE_ONLY"", ""url"": ""https://cafef.vn/hvn-dxg-va-nhieu-ten-tuoi-lon-khong-duoc-giao-dich-ky-quy-trong-quy-2-20210406215620951.chn""}",FINNEXUS_RESEARCH_DATASET_V17_1,FINNEXUS_TEMPORAL_KG_V1_0,CORE,FINNEXUS_LAYERED_KG_V3_0
news:759321218ba9cdb374f17ca6143839b7,News,"VNDIRECT đánh giá thời điểm khó khăn nhất với thị trường đã qua, VN-Index sẽ vượt 1.000 điểm vào cuối năm 2019",,2019-07-08,,759321218ba9cdb374f17ca6143839b7,train,True,"{""category"": ""co_tuc_phat_hanh"", ""content_length"": ""2634"", ""publication_time_resolution"": ""DATE_ONLY"", ""url"": ""https://cafef.vn/vndirect-danh-gia-thoi-diem-kho-khan-nhat-voi-thi-truong-da-qua-vn-index-se-vuot-1000-diem-vao-cuoi-nam-2019-20190708175950968.chn""}",FINNEXUS_RESEARCH_DATASET_V17_1,FINNEXUS_TEMPORAL_KG_V1_0,CORE,FINNEXUS_LAYERED_KG_V3_0
news:75aaa14550aa40e4a41e88fbfda68fbc,News,"MWG, TIP, LHC, AFX, VE2, CIG, VDP: Thông tin giao dịch lượng lớn cổ phiếu",,2022-04-08,,75aaa14550aa40e4a41e88fbfda68fbc,validation,True,"{""category"": ""chung_khoan"", ""content_length"": ""1720"", ""publication_time_resolution"": ""DATE_ONLY"", ""url"": ""https://cafef.vn/mwg-tip-lhc-afx-ve2-cig-vdp-thong-tin-giao-dich-luong-lon-co-phieu-20220407224440959.chn""}",FINNEXUS_RESEARCH_DATASET_V17_1,FINNEXUS_TEMPORAL_KG_V1_0,CORE,FINNEXUS_LAYERED_KG_V3_0
news:7638008eae5b06bfd367c9934292b9a8,News,"Tăng điểm 10 phiên liên tiếp, cổ phiếu Masan Meatlife (MML) lên đỉnh 79.500 đồng/cp, chính thức gia nhập câu lạc bộ ""tỷ đô"" vốn hóa",,2021-07-21,,7638008eae5b06bfd367c9934292b9a8,train,True,"{""category"": ""co_tuc_phat_hanh"", ""content_length"": ""4187"", ""publication_time_resolution"": ""DATE_ONLY"", ""url"": ""https://cafef.vn/tang-diem-10-phien-lien-tiep-co-phieu-masan-meatlife-mml-len-dinh-79500-dong-cp-chinh-thuc-gia-nhap-cau-lac-bo-ty-do-von-hoa-20210721004723008.chn""}",FINNEXUS_RESEARCH_DATASET_V17_1,FINNEXUS_TEMPORAL_KG_V1_0,CORE,FINNEXUS_LAYERED_KG_V3_0
news:769ce90b95792e855faa536744a91689,News,Điểm tựa tăng trưởng tiếp theo của Vinamilk là gì?,,2022-05-10,,769ce90b95792e855faa536744a91689,validation,True,"{""category"": ""ket_qua_kinh_doanh"", ""content_length"": ""5993"", ""publication_time_resolution"": ""DATE_ONLY"", ""url"": ""https://cafef.vn/diem-tua-tang-truong-tiep-theo-cua-vinamilk-la-gi-20220509173358311.chn""}",FINNEXUS_RESEARCH_DATASET_V17_1,FINNEXUS_TEMPORAL_KG_V1_0,CORE,FINNEXUS_LAYERED_KG_V3_0
news:76b2456312469bda5d7bb1e790dfc922,News,"PDR dự kiến chia cổ tức 36,3% bằng cổ phiếu",,2022-03-07,,76b2456312469bda5d7bb1e790dfc922,validation,True,"{""category"": ""co_tuc_phat_hanh"", ""content_length"": ""5009"", ""publication_time_resolution"": ""DATE_ONLY"", ""url"": ""https://cafef.vn/pdr-du-kien-chia-co-tuc-363-bang-co-phieu-20220307124119334.chn""}",FINNEXUS_RESEARCH_DATASET_V17_1,FINNEXUS_TEMPORAL_KG_V1_0,CORE,FINNEXUS_LAYERED_KG_V3_0
news:76c866eee518d0ce15b5176546e2d42f,News,"VCSC: Ngành bia hồi phục và đẩy mạnh ra mắt sản phẩm mới cao cấp, lợi nhuận Sabeco sẽ tăng trưởng 2 chữ số trong năm 2020",,2020-12-16,,76c866eee518d0ce15b5176546e2d42f,train,True,"{""category"": ""ket_qua_kinh_doanh"", ""content_length"": ""3055"", ""publication_time_resolution"": ""DATE_ONLY"", ""url"": ""https://cafef.vn/vcsc-nganh-bia-hoi-phuc-va-day-manh-ra-mat-san-pham-moi-cao-cap-loi-nhuan-sabeco-se-tang-truong-2-chu-so-trong-nam-2020-20201216005600842.chn""}",FINNEXUS_RESEARCH_DATASET_V17_1,FINNEXUS_TEMPORAL_KG_V1_0,CORE,FINNEXUS_LAYERED_KG_V3_0
news:7721d7fd8ebd9dd3b43ccaed8d26c91c,News,"Hàng loạt cổ phiếu thỏa thuận đột biến phiên 13/11, ai đã trao tay gần 47,4 triệu cổ phiếu CTG?",,2019-11-13,,7721d7fd8ebd9dd3b43ccaed8d26c91c,train,True,"{""category"": ""chung_khoan"", ""content_length"": ""2260"", ""publication_time_resolution"": ""DATE_ONLY"", ""url"": ""https://vietnambiz.vn/hang-loat-co-phieu-thoa-thuan-dot-bien-phien-13-11-ai-da-trao-tay-gan-474-trieu-co-phieu-ctg-20191113154609029.htm""}",FINNEXUS_RESEARCH_DATASET_V17_1,FINNEXUS_TEMPORAL_KG_V1_0,CORE,FINNEXUS_LAYERED_KG_V3_0
news:7736e9b8c8a3215f2de2667018d62bd2,News,FPT Telecom (FOX) chốt quyền phát hành gần 25 triệu cổ phiếu trả cổ tức năm 2019,,2020-06-05,,7736e9b8c8a3215f2de2667018d62bd2,train,True,"{""category"": ""co_tuc_phat_hanh"", ""content_length"": ""2337"", ""publication_time_resolution"": ""DATE_ONLY"", ""url"": ""https://cafef.vn/fpt-telecom-fox-chot-quyen-phat-hanh-gan-25-trieu-co-phieu-tra-co-tuc-nam-2019-20200604204138652.chn""}",FINNEXUS_RESEARCH_DATASET_V17_1,FINNEXUS_TEMPORAL_KG_V1_0,CORE,FINNEXUS_LAYERED_KG_V3_0
news:779f9f3daeb656ff323506e62cf34127,News,"Tuần 12 - 15/4: NĐT cá nhân bán ròng hơn 850 tỷ đồng, tập trung xả NVL, VIC, GEX nhưng gom mạnh HPG, DIG",,2022-04-16,,779f9f3daeb656ff323506e62cf34127,validation,True,"{""category"": ""co_tuc_phat_hanh"", ""content_length"": ""4902"", ""publication_time_resolution"": ""DATE_ONLY"", ""url"": ""https://vietnambiz.vn/tuan-12-154-ndt-ca-nhan-ban-rong-hon-850-ty-dong-tap-trung-xa-nvl-vic-gex-nhung-gom-manh-hpg-dig-2022416112332312.htm""}",FINNEXUS_RESEARCH_DATASET_V17_1,FINNEXUS_TEMPORAL_KG_V1_0,CORE,FINNEXUS_LAYERED_KG_V3_0
news:77b0ad558ab349eba65ec2f933be055a,News,"Ngoại thương và Phát triển Đầu tư TP. HCM (FDC): Quý II/2021 lợi nhuận đạt 25,6 tỷ đồng",,2021-08-04,,77b0ad558ab349eba65ec2f933be055a,train,True,"{""category"": ""ket_qua_kinh_doanh"", ""content_length"": ""1305"", ""publication_time_resolution"": ""DATE_ONLY"", ""url"": ""https://www.tinnhanhchungkhoan.vn/ngoai-thuong-va-phat-trien-dau-tu-tp-hcm-fdc-quy-ii2021-loi-nhuan-dat-256-ty-dong-post276334.html""}",FINNEXUS_RESEARCH_DATASET_V17_1,FINNEXUS_TEMPORAL_KG_V1_0,CORE,FINNEXUS_LAYERED_KG_V3_0
news:77b64211c92a36b8720f8ac6faea02dc,News,Nhóm Gelex tiếp tục mua thêm hơn 16% vốn Thủy điện Nậm Mu,,2021-01-06,,77b64211c92a36b8720f8ac6faea02dc,train,True,"{""category"": ""bat_dong_san"", ""content_length"": ""1507"", ""publication_time_resolution"": ""DATE_ONLY"", ""url"": ""https://vietnambiz.vn/nhom-gelex-tiep-tuc-mua-them-hon-16-von-thuy-dien-nam-mu-20210106162027924.htm""}",FINNEXUS_RESEARCH_DATASET_V17_1,FINNEXUS_TEMPORAL_KG_V1_0,CORE,FINNEXUS_LAYERED_KG_V3_0
news:77dd091c6a5c36dae8a4dcb31982e965,News,"Techcombank được The Asian Banker vinh danh giải thưởng ""Ngân hàng cung cấp giải pháp tài trợ chuỗi cung ứng tốt nhất Việt Nam""",,2022-07-28,,77dd091c6a5c36dae8a4dcb31982e965,test,True,"{""category"": ""ngan_hang"", ""content_length"": ""2790"", ""publication_time_resolution"": ""DATE_ONLY"", ""url"": ""https://www.tinnhanhchungkhoan.vn/techcombank-duoc-the-asian-banker-vinh-danh-giai-thuong-ngan-hang-cung-cap-giai-phap-tai-tro-chuoi-cung-ung-tot-nhat-viet-nam-post302587.html""}",FINNEXUS_RESEARCH_DATASET_V17_1,FINNEXUS_TEMPORAL_KG_V1_0,CORE,FINNEXUS_LAYERED_KG_V3_0
news:78d08b3a42c14c3b73323ae7906e2fd0,News,Vietnam Airlines đã hoàn tất thoái 49% vốn tại Cambodia Angkor Air,,2020-04-25,,78d08b3a42c14c3b73323ae7906e2fd0,train,True,"{""category"": ""ket_qua_kinh_doanh"", ""content_length"": ""2126"", ""publication_time_resolution"": ""DATE_ONLY"", ""url"": ""https://cafef.vn/vietnam-airlines-da-hoan-tat-thoai-49-von-tai-cambodia-angkor-air-2020042509511539.chn""}",FINNEXUS_RESEARCH_DATASET_V17_1,FINNEXUS_TEMPORAL_KG_V1_0,CORE,FINNEXUS_LAYERED_KG_V3_0
news:79635be852b1303b9eda88082963b577,News,"VCB vượt đỉnh, VN-Index bứt phá hơn 5 điểm trong phiên chiều",,2019-10-08,,79635be852b1303b9eda88082963b577,train,True,"{""category"": ""ngan_hang"", ""content_length"": ""4221"", ""publication_time_resolution"": ""DATE_ONLY"", ""url"": ""https://cafef.vn/vn-index-hoi-phuc-len-vung-985-diem-vcs-tiep-tuc-bi-ban-manh-20191008101413296.chn""}",FINNEXUS_RESEARCH_DATASET_V17_1,FINNEXUS_TEMPORAL_KG_V1_0,CORE,FINNEXUS_LAYERED_KG_V3_0
news:79721f750f1e62e9d7a88f9977ea1c45,News,"Thua lỗ quý 1 nhưng cổ phiếu vẫn tăng “phi mã”, điều gì đang diễn ra với PVD?",,2019-05-11,,79721f750f1e62e9d7a88f9977ea1c45,train,True,"{""category"": ""ket_qua_kinh_doanh"", ""content_length"": ""3602"", ""publication_time_resolution"": ""DATE_ONLY"", ""url"": ""https://cafef.vn/thua-lo-quy-1-nhung-co-phieu-van-tang-phi-ma-dieu-gi-dang-dien-ra-voi-pvd-20190511102810742.chn""}",FINNEXUS_RESEARCH_DATASET_V17_1,FINNEXUS_TEMPORAL_KG_V1_0,CORE,FINNEXUS_LAYERED_KG_V3_0
news:79d224b0eae17be3e4fce27c78b59a8b,News,"Dragon Capital đã bán hơn 1,5 triệu cổ phiếu HPG, không còn là cổ đông lớn tại Hòa Phát",,2022-04-02,,79d224b0eae17be3e4fce27c78b59a8b,validation,True,"{""category"": ""ket_qua_kinh_doanh"", ""content_length"": ""1839"", ""publication_time_resolution"": ""DATE_ONLY"", ""url"": ""https://cafef.vn/dragon-capital-da-ban-hon-15-trieu-co-phieu-hpg-khong-con-la-co-dong-lon-tai-hoa-phat-20220401174144474.chn""}",FINNEXUS_RESEARCH_DATASET_V17_1,FINNEXUS_TEMPORAL_KG_V1_0,CORE,FINNEXUS_LAYERED_KG_V3_0
news:7a09ae19d33b0bdabb1d28a3bde652d5,News,"Quỹ ngoại quy mô 4 tỷ USD vừa mua 1,3 triệu cổ phiếu MWG",,2022-01-15,,7a09ae19d33b0bdabb1d28a3bde652d5,validation,True,"{""category"": ""chung_khoan"", ""content_length"": ""1619"", ""publication_time_resolution"": ""DATE_ONLY"", ""url"": ""https://vietnambiz.vn/quy-ngoai-quy-mo-4-ty-usd-vua-mua-13-trieu-co-phieu-mwg-20220114213709516.htm""}",FINNEXUS_RESEARCH_DATASET_V17_1,FINNEXUS_TEMPORAL_KG_V1_0,CORE,FINNEXUS_LAYERED_KG_V3_0
news:7a2dd5c327ab8d0f0dccc1f5e247e568,News,"VPBank lãi trước thuế gần 9.400 tỷ đồng trong 9 tháng, đạt 92% kế hoạch cả năm",,2020-10-20,,7a2dd5c327ab8d0f0dccc1f5e247e568,train,True,"{""category"": ""ket_qua_kinh_doanh"", ""content_length"": ""4431"", ""publication_time_resolution"": ""DATE_ONLY"", ""url"": ""https://cafef.vn/vpbank-lai-truoc-thue-gan-9400-ty-dong-trong-9-thang-dat-92-ke-hoach-ca-nam-20201020103323615.chn""}",FINNEXUS_RESEARCH_DATASET_V17_1,FINNEXUS_TEMPORAL_KG_V1_0,CORE,FINNEXUS_LAYERED_KG_V3_0
news:7a4edb0f1172075ae56e67fa48a03686,News,"ACB và SHB có kế hoạch chuyển sàn, HNX sắp sạch bóng doanh nghiệp vốn hóa tỷ đô",,2020-08-25,,7a4edb0f1172075ae56e67fa48a03686,train,True,"{""category"": ""co_tuc_phat_hanh"", ""content_length"": ""4599"", ""publication_time_resolution"": ""DATE_ONLY"", ""url"": ""https://cafef.vn/acb-va-shb-co-ke-hoach-chuyen-san-hnx-sap-sach-bong-doanh-nghiep-von-hoa-ty-do-20200824222524403.chn""}",FINNEXUS_RESEARCH_DATASET_V17_1,FINNEXUS_TEMPORAL_KG_V1_0,CORE,FINNEXUS_LAYERED_KG_V3_0
news:7a544c8253883b303053f0a1bbb00ba9,News,Dòng tiền thông minh 23/9: Tự doanh CTCK tập trung gom cổ phiếu STB phiên tăng trần,,2020-09-23,,7a544c8253883b303053f0a1bbb00ba9,train,True,"{""category"": ""ngan_hang"", ""content_length"": ""4257"", ""publication_time_resolution"": ""DATE_ONLY"", ""url"": ""https://vietnambiz.vn/dong-tien-thong-minh-23-9-tu-doanh-ctck-tap-trung-gom-co-phieu-stb-phien-tang-tran-2020092307491061.htm""}",FINNEXUS_RESEARCH_DATASET_V17_1,FINNEXUS_TEMPORAL_KG_V1_0,CORE,FINNEXUS_LAYERED_KG_V3_0
news:7a7796a62a9d4a5a5681971e5ab52fb1,News,"Hồi phục hậu Covid-19, VNDIRECT báo lãi quý 2 tăng trưởng 247%",,2020-07-21,,7a7796a62a9d4a5a5681971e5ab52fb1,train,True,"{""category"": ""ket_qua_kinh_doanh"", ""content_length"": ""1758"", ""publication_time_resolution"": ""DATE_ONLY"", ""url"": ""https://cafef.vn/hoi-phuc-hau-covid-19-vndirect-bao-lai-quy-2-tang-truong-247-20200720220703908.chn""}",FINNEXUS_RESEARCH_DATASET_V17_1,FINNEXUS_TEMPORAL_KG_V1_0,CORE,FINNEXUS_LAYERED_KG_V3_0
news:7a88c0f604df1b01e5c2638c7acad5e1,News,PV Drilling sẽ trả cổ tức năm 2021 trước 30/9,,2022-07-04,,7a88c0f604df1b01e5c2638c7acad5e1,test,True,"{""category"": ""co_tuc_phat_hanh"", ""content_length"": ""1454"", ""publication_time_resolution"": ""DATE_ONLY"", ""url"": ""https://cafef.vn/pv-drilling-se-tra-co-tuc-nam-2021-truoc-30-9-20220704133246431.chn""}",FINNEXUS_RESEARCH_DATASET_V17_1,FINNEXUS_TEMPORAL_KG_V1_0,CORE,FINNEXUS_LAYERED_KG_V3_0
news:7aa9feb4441f148ac10d6da4b4612d36,News,"“Nhóm VinGroup” kéo VN-Index giảm gần 3 điểm, cổ phiếu ngân hàng ngược dòng bứt phá",,2020-02-17,,7aa9feb4441f148ac10d6da4b4612d36,train,True,"{""category"": ""ngan_hang"", ""content_length"": ""3499"", ""publication_time_resolution"": ""DATE_ONLY"", ""url"": ""https://cafef.vn/tam-ly-than-trong-bao-trum-thi-truong-vn-index-giam-diem-boi-anh-huong-tu-nhom-bluechips-20200217100925017.chn""}",FINNEXUS_RESEARCH_DATASET_V17_1,FINNEXUS_TEMPORAL_KG_V1_0,CORE,FINNEXUS_LAYERED_KG_V3_0
news:7aad0531b892e0a7add1f8ad019a99c2,News,"Không chỉ cho HAGL mượn hàng ngàn tỷ, Bầu Đức còn cam kết có đủ khả năng tự thực hiện toàn bộ nghĩa vụ trong vụ kiện với FPT Capital",,2019-04-01,,7aad0531b892e0a7add1f8ad019a99c2,train,True,"{""category"": ""phap_ly"", ""content_length"": ""4924"", ""publication_time_resolution"": ""DATE_ONLY"", ""url"": ""https://cafef.vn/khong-chi-cho-hagl-muon-hang-ngan-ty-bau-duc-con-cam-ket-co-du-kha-nang-tu-thuc-hien-toan-bo-nghia-vu-trong-vu-kien-voi-fpt-capital-20190331003816695.chn""}",FINNEXUS_RESEARCH_DATASET_V17_1,FINNEXUS_TEMPORAL_KG_V1_0,CORE,FINNEXUS_LAYERED_KG_V3_0
news:7b610070271e5ce3a6d7d365ddb4bd8e,News,Gelex (GEX) dự kiến bán 6 triệu cổ phiếu quỹ từ 24/3,,2021-03-15,,7b610070271e5ce3a6d7d365ddb4bd8e,train,True,"{""category"": ""ket_qua_kinh_doanh"", ""content_length"": ""1259"", ""publication_time_resolution"": ""DATE_ONLY"", ""url"": ""https://cafef.vn/gelex-gex-du-kien-ban-6-trieu-co-phieu-quy-tu-24-3-20210315155554983.chn""}",FINNEXUS_RESEARCH_DATASET_V17_1,FINNEXUS_TEMPORAL_KG_V1_0,CORE,FINNEXUS_LAYERED_KG_V3_0
news:7b8edef2c583d4d4e0de16cb92c9ffeb,News,"Phiên 15/10: Khối ngoại tiếp tục bán ròng gần 280 tỷ đồng, tập trung bán MSN, SAB",,2020-10-15,,7b8edef2c583d4d4e0de16cb92c9ffeb,train,True,"{""category"": ""chung_khoan"", ""content_length"": ""862"", ""publication_time_resolution"": ""DATE_ONLY"", ""url"": ""https://cafef.vn/phien-15-10-khoi-ngoai-tiep-tuc-ban-rong-gan-280-ty-dong-tap-trung-ban-msn-sab-2020101515120799.chn""}",FINNEXUS_RESEARCH_DATASET_V17_1,FINNEXUS_TEMPORAL_KG_V1_0,CORE,FINNEXUS_LAYERED_KG_V3_0
news:7c2aa05579f0f1744d8a7cefcdcdafd5,News,Một công ty Gas của Nhật Bản chi hơn nghìn tỷ đồng của cổ phiếu PGD,,2020-01-16,,7c2aa05579f0f1744d8a7cefcdcdafd5,train,True,"{""category"": ""ket_qua_kinh_doanh"", ""content_length"": ""1637"", ""publication_time_resolution"": ""DATE_ONLY"", ""url"": ""https://cafef.vn/mot-cong-ty-gas-cua-nhat-ban-chi-hon-nghin-ty-dong-cua-co-phieu-pgd-20200116094000618.chn""}",FINNEXUS_RESEARCH_DATASET_V17_1,FINNEXUS_TEMPORAL_KG_V1_0,CORE,FINNEXUS_LAYERED_KG_V3_0
news:7c40c09d2f74365fbfa5856c387836fc,News,Vingroup bác thông tin bán Vinschool và VinMec,,2020-09-11,,7c40c09d2f74365fbfa5856c387836fc,train,True,"{""category"": ""bat_dong_san"", ""content_length"": ""1614"", ""publication_time_resolution"": ""DATE_ONLY"", ""url"": ""https://cafef.vn/vingroup-bac-thong-tin-ban-vinschool-va-vinmec-20200911162024131.chn""}",FINNEXUS_RESEARCH_DATASET_V17_1,FINNEXUS_TEMPORAL_KG_V1_0,CORE,FINNEXUS_LAYERED_KG_V3_0
news:7c9a047d4684560a8b775c2e7d6a9ef1,News,Lãnh đạo Hòa Phát muốn bán cổ phiếu HPG giải quyết nhu cầu tài chính cá nhân,,2022-03-23,,7c9a047d4684560a8b775c2e7d6a9ef1,validation,True,"{""category"": ""chung_khoan"", ""content_length"": ""1172"", ""publication_time_resolution"": ""DATE_ONLY"", ""url"": ""https://vietnambiz.vn/lanh-dao-hoa-phat-muon-ban-co-phieu-hpg-giai-quyet-nhu-cau-tai-chinh-ca-nhan-2022032211065139.htm""}",FINNEXUS_RESEARCH_DATASET_V17_1,FINNEXUS_TEMPORAL_KG_V1_0,CORE,FINNEXUS_LAYERED_KG_V3_0
news:7ca1c123de9f54a344b5c0896b831041,News,Hai công ty liên quan đến lãnh đạo Tập đoàn Masan đăng ký mua 7 triệu cổ phiếu MSN,,2020-12-28,,7ca1c123de9f54a344b5c0896b831041,train,True,"{""category"": ""chung_khoan"", ""content_length"": ""1478"", ""publication_time_resolution"": ""DATE_ONLY"", ""url"": ""https://vietnambiz.vn/hai-cong-ty-lien-quan-den-lanh-dao-tap-doan-masan-dang-ky-mua-7-trieu-co-phieu-msn-20201228185538715.htm""}",FINNEXUS_RESEARCH_DATASET_V17_1,FINNEXUS_TEMPORAL_KG_V1_0,CORE,FINNEXUS_LAYERED_KG_V3_0
news:7cb4073f74606e6cf8ee9a2080c16bed,News,"Trước thềm chuyển sàn, Viettel Construction (CTR) lãi ròng kỷ lục 375 tỷ đồng trong năm 2021, vượt 36% kế hoạch đề ra",,2022-02-05,,7cb4073f74606e6cf8ee9a2080c16bed,validation,True,"{""category"": ""ket_qua_kinh_doanh"", ""content_length"": ""2589"", ""publication_time_resolution"": ""DATE_ONLY"", ""url"": ""https://cafef.vn/truoc-them-chuyen-san-viettel-construction-ctr-lai-rong-ky-luc-375-ty-dong-trong-nam-2021-vuot-36-ke-hoach-de-ra-20220203111943382.chn""}",FINNEXUS_RESEARCH_DATASET_V17_1,FINNEXUS_TEMPORAL_KG_V1_0,CORE,FINNEXUS_LAYERED_KG_V3_0
news:7d31dfb9a3f40577bacc6070cafbab3d,News,"Giao dịch khối ngoại 20/1: Mua ròng 532 tỉ đồng toàn thị trường, thỏa thuận khủng cổ phiếu MWG",,2020-01-20,,7d31dfb9a3f40577bacc6070cafbab3d,train,True,"{""category"": ""chung_khoan"", ""content_length"": ""2470"", ""publication_time_resolution"": ""DATE_ONLY"", ""url"": ""https://vietnambiz.vn/giao-dich-khoi-ngoai-20-1-mua-rong-532-ti-dong-toan-thi-truong-thoa-thuan-khung-co-phieu-mwg-20200121074947012.htm""}",FINNEXUS_RESEARCH_DATASET_V17_1,FINNEXUS_TEMPORAL_KG_V1_0,CORE,FINNEXUS_LAYERED_KG_V3_0
news:7d71bdcc54e1d277558848e203964479,News,"Thị trường chứng khoán (16/9): VIC, VHM kéo tụt chỉ số, VN-Index xanh nhẹ phiên đáo hạn phái sinh",,2021-09-16,,7d71bdcc54e1d277558848e203964479,train,True,"{""category"": ""ngan_hang"", ""content_length"": ""4577"", ""publication_time_resolution"": ""DATE_ONLY"", ""url"": ""https://vietnambiz.vn/thi-truong-chung-khoan-16-9-vic-keo-tut-chi-so-vn-index-giao-dich-quanh-tham-chieu-20210916095452517.htm""}",FINNEXUS_RESEARCH_DATASET_V17_1,FINNEXUS_TEMPORAL_KG_V1_0,CORE,FINNEXUS_LAYERED_KG_V3_0
news:7d83d338c68c1369fc7c4b282f1669e7,News,"Phiên 8/11: Khối ngoại đồng loạt mua ròng 542 tỷ đồng trên cả 3 sàn, tập trung ""gom"" HPG và VHM",,2021-11-08,,7d83d338c68c1369fc7c4b282f1669e7,train,True,"{""category"": ""ngan_hang"", ""content_length"": ""2905"", ""publication_time_resolution"": ""DATE_ONLY"", ""url"": ""https://cafef.vn/phien-8-11-khoi-ngoai-dong-loat-mua-rong-542-ty-dong-tren-ca-3-san-tap-trung-gom-hpg-va-vhm-20211108153634296.chn""}",FINNEXUS_RESEARCH_DATASET_V17_1,FINNEXUS_TEMPORAL_KG_V1_0,CORE,FINNEXUS_LAYERED_KG_V3_0
news:7e9081433c80da27db2de169008254d3,News,Con trai Chủ tịch Trần Đình Long phải dừng mua 5 triệu cổ phiếu HPG,,2021-06-03,,7e9081433c80da27db2de169008254d3,train,True,"{""category"": ""chung_khoan"", ""content_length"": ""2897"", ""publication_time_resolution"": ""DATE_ONLY"", ""url"": ""https://vietnambiz.vn/ubck-yeu-cau-con-trai-ong-tran-dinh-long-dung-mua-5-trieu-co-phieu-hpg-20210603065933339.htm""}",FINNEXUS_RESEARCH_DATASET_V17_1,FINNEXUS_TEMPORAL_KG_V1_0,CORE,FINNEXUS_LAYERED_KG_V3_0
news:7ec421fd88af4a742e22d478ff33d65d,News,"Nhu cầu lớn kèm giá cước cao, nhóm cảng biển - vận tải biển tiếp tục báo lãi ấn tượng, Vinalines và Hải An tăng bằng lần",,2021-08-04,,7ec421fd88af4a742e22d478ff33d65d,train,True,"{""category"": ""ket_qua_kinh_doanh"", ""content_length"": ""2186"", ""publication_time_resolution"": ""DATE_ONLY"", ""url"": ""https://cafef.vn/nhom-cang-bien-van-tai-bien-tiep-tuc-bao-lai-an-tuong-vinalines-va-hai-an-tang-bang-lan-20210802165108257.chn""}",FINNEXUS_RESEARCH_DATASET_V17_1,FINNEXUS_TEMPORAL_KG_V1_0,CORE,FINNEXUS_LAYERED_KG_V3_0
news:7f1ced019c781e707ba80fc753f61f39,News,"Quĩ tỉ đô từ Australia vừa mua 2,3 triệu cổ phiếu FPT",,2020-07-16,,7f1ced019c781e707ba80fc753f61f39,train,True,"{""category"": ""ngan_hang"", ""content_length"": ""1140"", ""publication_time_resolution"": ""DATE_ONLY"", ""url"": ""https://vietnambiz.vn/qui-ti-do-tu-australia-vua-mua-23-trieu-co-phieu-fpt-20200716074031337.htm""}",FINNEXUS_RESEARCH_DATASET_V17_1,FINNEXUS_TEMPORAL_KG_V1_0,CORE,FINNEXUS_LAYERED_KG_V3_0
news:7f24defd509a493a79a2dc38adb10c56,News,TPB và VND bị loại khỏi danh mục VNFin Lead kì tháng 1/2020,,2020-01-21,,7f24defd509a493a79a2dc38adb10c56,train,True,"{""category"": ""co_tuc_phat_hanh"", ""content_length"": ""1858"", ""publication_time_resolution"": ""DATE_ONLY"", ""url"": ""https://vietnambiz.vn/tpb-va-vnd-bi-loai-khoi-danh-muc-vnfin-lead-ki-thang-1-2020-20200121112807168.htm""}",FINNEXUS_RESEARCH_DATASET_V17_1,FINNEXUS_TEMPORAL_KG_V1_0,CORE,FINNEXUS_LAYERED_KG_V3_0
news:7faabee75f2d62b7affc4e3223cbbd26,News,"Sau FTSE Vietnam ETF, đến lượt VNM ETF thêm POW vào danh mục trong kỳ review quý 2/2019",,2019-06-15,,7faabee75f2d62b7affc4e3223cbbd26,train,True,"{""category"": ""chung_khoan"", ""content_length"": ""1325"", ""publication_time_resolution"": ""DATE_ONLY"", ""url"": ""https://cafef.vn/sau-ftse-vietnam-etf-den-luot-vnm-etf-them-pow-vao-danh-muc-trong-ky-review-quy-2-2019-20190615053322078.chn""}",FINNEXUS_RESEARCH_DATASET_V17_1,FINNEXUS_TEMPORAL_KG_V1_0,CORE,FINNEXUS_LAYERED_KG_V3_0
news:7fde36614a5594fef3dc06826a60f289,News,"Cổ phiếu Masan tăng vọt, CTD giảm sâu, HBC tìm về mệnh giá",,2019-12-24,,7fde36614a5594fef3dc06826a60f289,train,True,"{""category"": ""ket_qua_kinh_doanh"", ""content_length"": ""3111"", ""publication_time_resolution"": ""DATE_ONLY"", ""url"": ""https://cafef.vn/vnindex-mat-4-diem-no-luc-tang-gia-may-phien-do-song-do-be-20191224113147467.chn""}",FINNEXUS_RESEARCH_DATASET_V17_1,FINNEXUS_TEMPORAL_KG_V1_0,CORE,FINNEXUS_LAYERED_KG_V3_0
news:8063fd415263b100f866094e791357b7,News,Điện lực dầu khí Nhơn Trạch 2 (NT2) lỗ 6 tỷ đồng trong quý do dừng nhà máy để trung tu,,2020-10-20,,8063fd415263b100f866094e791357b7,train,True,"{""category"": ""ket_qua_kinh_doanh"", ""content_length"": ""2382"", ""publication_time_resolution"": ""DATE_ONLY"", ""url"": ""https://cafef.vn/dien-luc-dau-khi-nhon-trach-2-nt2-lo-6-ty-dong-trong-quy-do-dung-nha-may-de-trung-tu-20201020111453303.chn""}",FINNEXUS_RESEARCH_DATASET_V17_1,FINNEXUS_TEMPORAL_KG_V1_0,CORE,FINNEXUS_LAYERED_KG_V3_0
news:80c2d4b28e727d76d6cc56e7597e756c,News,"Alibaba và Baring đầu tư 400 triệu USD vào The CrownX của Masan, định giá 7,3 tỷ USD",,2021-05-18,,80c2d4b28e727d76d6cc56e7597e756c,train,True,"{""category"": ""co_tuc_phat_hanh"", ""content_length"": ""4236"", ""publication_time_resolution"": ""DATE_ONLY"", ""url"": ""https://cafef.vn/alibaba-va-baring-dau-tu-400-trieu-usd-vao-the-crownx-cua-masan-dinh-gia-69-ty-usd-20210518093707949.chn""}",FINNEXUS_RESEARCH_DATASET_V17_1,FINNEXUS_TEMPORAL_KG_V1_0,CORE,FINNEXUS_LAYERED_KG_V3_0
news:80cc79ac2cefd56a53fc6ef7a86f7b8b,News,"Mất gần 50% giá trị trong nửa năm, Gelex muốn mua 29 triệu cổ phiếu quỹ",,2020-03-17,,80cc79ac2cefd56a53fc6ef7a86f7b8b,train,True,"{""category"": ""ket_qua_kinh_doanh"", ""content_length"": ""1600"", ""publication_time_resolution"": ""DATE_ONLY"", ""url"": ""https://cafef.vn/mat-gan-50-gia-tri-trong-nua-nam-gelex-muon-mua-29-trieu-co-phieu-quy-20200317100235625.chn""}",FINNEXUS_RESEARCH_DATASET_V17_1,FINNEXUS_TEMPORAL_KG_V1_0,CORE,FINNEXUS_LAYERED_KG_V3_0
news:80d636d0efc9a74c69b77119e39709f7,News,"Sacombank sẽ bán 81,5 triệu cổ phiếu quỹ từ 1/7, chủ yếu giao dịch khớp lệnh",,2021-06-22,,80d636d0efc9a74c69b77119e39709f7,train,True,"{""category"": ""ngan_hang"", ""content_length"": ""960"", ""publication_time_resolution"": ""DATE_ONLY"", ""url"": ""https://cafef.vn/sacombank-se-ban-815-trieu-co-phieu-quy-tu-1-7-chu-yeu-giao-dich-khop-lenh-20210622174318722.chn""}",FINNEXUS_RESEARCH_DATASET_V17_1,FINNEXUS_TEMPORAL_KG_V1_0,CORE,FINNEXUS_LAYERED_KG_V3_0
news:80e17111de3aeffd27827fb3558db8a2,News,"Phiên 1/7: VN-Index bứt phá, khối ngoại trở lại bán ròng, tâm điểm xả VPB",,2021-07-01,,80e17111de3aeffd27827fb3558db8a2,train,True,"{""category"": ""ngan_hang"", ""content_length"": ""3599"", ""publication_time_resolution"": ""DATE_ONLY"", ""url"": ""https://vietnambiz.vn/phien-1-7-vn-index-but-pha-khoi-ngoai-tro-lai-ban-rong-tam-diem-xa-vpb-20210701160728514.htm""}",FINNEXUS_RESEARCH_DATASET_V17_1,FINNEXUS_TEMPORAL_KG_V1_0,CORE,FINNEXUS_LAYERED_KG_V3_0
news:8150680b59099c6b544ab2219371f5aa,News,"Dược Hậu Giang (DHG) đặt kế hoạch thận trọng sau khi về với người Nhật, sự hỗ trợ từ Taisho sẽ chỉ rõ nét từ năm 2022",,2020-07-19,,8150680b59099c6b544ab2219371f5aa,train,True,"{""category"": ""ket_qua_kinh_doanh"", ""content_length"": ""2887"", ""publication_time_resolution"": ""DATE_ONLY"", ""url"": ""https://cafef.vn/duoc-hau-giang-dhg-dat-ke-hoach-than-trong-sau-khi-ve-voi-nguoi-nhat-su-ho-tro-tu-taisho-se-chi-ro-net-tu-nam-2022-2020071612122308.chn""}",FINNEXUS_RESEARCH_DATASET_V17_1,FINNEXUS_TEMPORAL_KG_V1_0,CORE,FINNEXUS_LAYERED_KG_V3_0
news:81a9cc54f5f7786de9a840e6b53e5094,News,"TCB, GEX, SP2, ADP, NNG, SDG, CET, CTC, PSG, PNG, TNC, HDP, XHC, LGM, ONW: Thông tin giao dịch lượng lớn cổ phiếu",,2022-04-19,,81a9cc54f5f7786de9a840e6b53e5094,validation,True,"{""category"": ""ngan_hang"", ""content_length"": ""3953"", ""publication_time_resolution"": ""DATE_ONLY"", ""url"": ""https://cafef.vn/tcb-gex-sp2-adp-nng-sdg-cet-ctc-psg-png-tnc-hdp-xhc-lgm-onw-thong-tin-giao-dich-luong-lon-co-phieu-20220418184108925.chn""}",FINNEXUS_RESEARCH_DATASET_V17_1,FINNEXUS_TEMPORAL_KG_V1_0,CORE,FINNEXUS_LAYERED_KG_V3_0
news:81be0b9eafb960fe5108d8c8841d4fcf,News,"Cổ phiếu nóng BSR, POW, OIL: Hàng hiếm ngày ấy và bây giờ",,2020-06-03,,81be0b9eafb960fe5108d8c8841d4fcf,train,True,"{""category"": ""co_tuc_phat_hanh"", ""content_length"": ""4357"", ""publication_time_resolution"": ""DATE_ONLY"", ""url"": ""https://vietnambiz.vn/co-phieu-nong-bsr-pow-oil-hang-hiem-ngay-ay-va-bay-gio-20200603075958556.htm""}",FINNEXUS_RESEARCH_DATASET_V17_1,FINNEXUS_TEMPORAL_KG_V1_0,CORE,FINNEXUS_LAYERED_KG_V3_0
news:81dbbda9d88c5e3e018007f4defae414,News,Phiên 24/12: Khối ngoại gom ròng bộ ba cổ phiếu 'họ Vingroup' nhưng bán ròng trăm tỷ đồng mã HPG,,2021-12-24,,81dbbda9d88c5e3e018007f4defae414,validation,True,"{""category"": ""bat_dong_san"", ""content_length"": ""3587"", ""publication_time_resolution"": ""DATE_ONLY"", ""url"": ""https://vietnambiz.vn/phien-24-12-khoi-ngoai-gom-rong-bo-ba-co-phieu-ho-vingroup-nhung-ban-rong-tram-ty-dong-ma-hpg-2021122416111702.htm""}",FINNEXUS_RESEARCH_DATASET_V17_1,FINNEXUS_TEMPORAL_KG_V1_0,CORE,FINNEXUS_LAYERED_KG_V3_0
news:81f08d945e6703bc5a4df959ccddc2ca,News,PV Power (POW) sắp chi 700 tỷ đồng trả cổ tức,,2020-11-09,,81f08d945e6703bc5a4df959ccddc2ca,train,True,"{""category"": ""co_tuc_phat_hanh"", ""content_length"": ""936"", ""publication_time_resolution"": ""DATE_ONLY"", ""url"": ""https://cafef.vn/pv-power-pow-sap-chi-700-ty-dong-tra-co-tuc-20201109090046068.chn""}",FINNEXUS_RESEARCH_DATASET_V17_1,FINNEXUS_TEMPORAL_KG_V1_0,CORE,FINNEXUS_LAYERED_KG_V3_0
news:8235057f061e8fd32d796a50355872a1,News,"Phát đạt (PDR) huy động thêm 110 tỷ trái phiếu lãi suất 13%/năm, nhà đầu tư ngoại mua một nửa",,2019-11-20,,8235057f061e8fd32d796a50355872a1,train,True,"{""category"": ""co_tuc_phat_hanh"", ""content_length"": ""1717"", ""publication_time_resolution"": ""DATE_ONLY"", ""url"": ""https://cafef.vn/phat-dat-pdr-huy-dong-them-110-ty-trai-phieu-lai-suat-13-nam-nha-dau-tu-ngoai-mua-mot-nua-20191119214451049.chn""}",FINNEXUS_RESEARCH_DATASET_V17_1,FINNEXUS_TEMPORAL_KG_V1_0,CORE,FINNEXUS_LAYERED_KG_V3_0
news:82690db615824eb1b8265d8f7a577d09,News,"ĐHĐCĐ Thuỷ sản Nam Việt (ANV): Đã xuất lô hàng thử nghiệm cho đợt POR16 của Mỹ, khi nào xong dự án Bình Phú sẽ tính đến phân phối qua Alibaba",,2019-05-18,,82690db615824eb1b8265d8f7a577d09,train,True,"{""category"": ""co_tuc_phat_hanh"", ""content_length"": ""8068"", ""publication_time_resolution"": ""DATE_ONLY"", ""url"": ""https://cafef.vn/dhdcd-thuy-san-nam-viet-anv-da-xuat-lo-hang-thu-nghiem-cho-dot-por16-cua-my-khi-nao-xong-du-an-binh-phu-se-tinh-den-phan-phoi-qua-alibaba-20190517171945296.chn""}",FINNEXUS_RESEARCH_DATASET_V17_1,FINNEXUS_TEMPORAL_KG_V1_0,CORE,FINNEXUS_LAYERED_KG_V3_0
news:827324c7150dac1a17cd7042c3c8c8bd,News,Phiên 16/9: Khối ngoại bán ròng mạnh với tâm điểm rút ròng trên 1.100 tỷ đồng khỏi cổ phiếu VIC,,2021-09-16,,827324c7150dac1a17cd7042c3c8c8bd,train,True,"{""category"": ""ngan_hang"", ""content_length"": ""4033"", ""publication_time_resolution"": ""DATE_ONLY"", ""url"": ""https://vietnambiz.vn/phien-16-9-khoi-ngoai-ban-rong-manh-voi-tam-diem-rut-rong-tren-1100-ty-dong-khoi-co-phieu-vic-20210916155911897.htm""}",FINNEXUS_RESEARCH_DATASET_V17_1,FINNEXUS_TEMPORAL_KG_V1_0,CORE,FINNEXUS_LAYERED_KG_V3_0
news:835a31b15a2fccc1067c284d1ac2c398,News,Cổ phiếu Gelex giảm sâu kéo MHC lỗ 127 tỷ trong quý 1,,2020-04-25,,835a31b15a2fccc1067c284d1ac2c398,train,True,"{""category"": ""ket_qua_kinh_doanh"", ""content_length"": ""1386"", ""publication_time_resolution"": ""DATE_ONLY"", ""url"": ""https://cafef.vn/co-phieu-gelex-giam-sau-keo-mhc-lo-127-ty-trong-quy-1-20200424200255765.chn""}",FINNEXUS_RESEARCH_DATASET_V17_1,FINNEXUS_TEMPORAL_KG_V1_0,CORE,FINNEXUS_LAYERED_KG_V3_0
news:8376c4e342eef4f500995ec71f1133ea,News,"Phiên 26/5: Khối ngoại trở lại mua ròng, tập trung “gom” PLX, VHM",,2021-05-26,,8376c4e342eef4f500995ec71f1133ea,train,True,"{""category"": ""chung_khoan"", ""content_length"": ""791"", ""publication_time_resolution"": ""DATE_ONLY"", ""url"": ""https://cafef.vn/phien-26-5-khoi-ngoai-tro-lai-mua-rong-tap-trung-gom-plx-vhm-20210526152227555.chn""}",FINNEXUS_RESEARCH_DATASET_V17_1,FINNEXUS_TEMPORAL_KG_V1_0,CORE,FINNEXUS_LAYERED_KG_V3_0
news:8425b26bb4b008489424e3fb47931ea8,News,Vietjet nằm trong top 12 thế giới về tỷ trọng doanh thu phụ trợ vận chuyển hàng không,,2019-09-19,,8425b26bb4b008489424e3fb47931ea8,train,True,"{""category"": ""ket_qua_kinh_doanh"", ""content_length"": ""1134"", ""publication_time_resolution"": ""DATE_ONLY"", ""url"": ""https://cafef.vn/doanh-thu-phu-tro-vietjet-nam-trong-top-12-hang-cao-nhat-the-gioi-20190903193214203.chn""}",FINNEXUS_RESEARCH_DATASET_V17_1,FINNEXUS_TEMPORAL_KG_V1_0,CORE,FINNEXUS_LAYERED_KG_V3_0
news:84633c815064411877866ad2bfc07900,News,Chứng khoán SHS chốt danh sách cổ đông chào bán 103 triệu cổ phiếu giá 13.500 đồng,,2021-08-12,,84633c815064411877866ad2bfc07900,train,True,"{""category"": ""co_tuc_phat_hanh"", ""content_length"": ""2417"", ""publication_time_resolution"": ""DATE_ONLY"", ""url"": ""https://cafef.vn/chung-khoan-shs-chot-danh-sach-co-dong-chao-ban-103-trieu-co-phieu-gia-13500-dong-20210812104940492.chn""}",FINNEXUS_RESEARCH_DATASET_V17_1,FINNEXUS_TEMPORAL_KG_V1_0,CORE,FINNEXUS_LAYERED_KG_V3_0
news:850ed09425ad03fc4905252192aab845,News,"Cổ phiếu tâm điểm 28/7: STB, DRC, NKG, VOS",,2022-07-27,,850ed09425ad03fc4905252192aab845,test,True,"{""category"": ""co_tuc_phat_hanh"", ""content_length"": ""2522"", ""publication_time_resolution"": ""DATE_ONLY"", ""url"": ""https://vietnambiz.vn/co-phieu-tam-diem-287-drc-2022727193328530.htm""}",FINNEXUS_RESEARCH_DATASET_V17_1,FINNEXUS_TEMPORAL_KG_V1_0,CORE,FINNEXUS_LAYERED_KG_V3_0
news:85272bdb3f5ee67b27d9a32389f6c3bc,News,VNDirect: Không thấy rủi ro vỡ nợ của các công ty BĐS niêm yết trong ít nhất một năm tới,,2022-08-31,,85272bdb3f5ee67b27d9a32389f6c3bc,test,True,"{""category"": ""co_tuc_phat_hanh"", ""content_length"": ""4117"", ""publication_time_resolution"": ""DATE_ONLY"", ""url"": ""https://cafef.vn/vndirect-khong-thay-rui-ro-vo-no-cua-cac-cong-ty-bds-niem-yet-trong-it-nhat-mot-nam-toi-20220831110250317.chn""}",FINNEXUS_RESEARCH_DATASET_V17_1,FINNEXUS_TEMPORAL_KG_V1_0,CORE,FINNEXUS_LAYERED_KG_V3_0
news:8567ebbe2cfb3c4d55dd49609c4d181a,News,"Trung Quốc khủng hoảng thiếu điện, Hòa Phát và Xi măng Bỉm Sơn được kỳ vọng ""ngư ông đắc lợi""",,2021-10-15,,8567ebbe2cfb3c4d55dd49609c4d181a,train,True,"{""category"": ""chung_khoan"", ""content_length"": ""2653"", ""publication_time_resolution"": ""DATE_ONLY"", ""url"": ""https://cafef.vn/trung-quoc-khung-hoang-thieu-dien-hoa-phat-va-xi-mang-bim-son-ky-vong-se-ngu-ong-dac-loi-20211014110856434.chn""}",FINNEXUS_RESEARCH_DATASET_V17_1,FINNEXUS_TEMPORAL_KG_V1_0,CORE,FINNEXUS_LAYERED_KG_V3_0
news:858c7016063e1c5f17c821edccb451c2,News,"VNDIRECT: VN-Index tiến tới đỉnh mới 1.480 điểm trong tháng 11, đã đến lúc bàn về câu chuyện đầu tư cổ phiếu tầm nhìn tới năm 2022",,2021-11-03,,858c7016063e1c5f17c821edccb451c2,train,True,"{""category"": ""ket_qua_kinh_doanh"", ""content_length"": ""5044"", ""publication_time_resolution"": ""DATE_ONLY"", ""url"": ""https://cafef.vn/vndirect-vn-index-tien-toi-dinh-moi-1480-diem-trong-thang-11-da-den-luc-ban-ve-cau-chuyen-dau-tu-co-phieu-tam-nhin-toi-nam-2022-20211103004329381.chn""}",FINNEXUS_RESEARCH_DATASET_V17_1,FINNEXUS_TEMPORAL_KG_V1_0,CORE,FINNEXUS_LAYERED_KG_V3_0
news:85a108d65dafaecafdb2ddda43d810af,News,"Dragon Capital: ""Chi phí đầu vào tăng mạnh khiến lợi nhuận Hòa Phát trở nên khó dự báo""",,2022-03-14,,85a108d65dafaecafdb2ddda43d810af,validation,True,"{""category"": ""co_tuc_phat_hanh"", ""content_length"": ""4028"", ""publication_time_resolution"": ""DATE_ONLY"", ""url"": ""https://cafef.vn/dragon-capital-chi-phi-dau-vao-tang-manh-khien-loi-nhuan-hoa-phat-tro-nen-kho-du-bao-2022031322103639.chn""}",FINNEXUS_RESEARCH_DATASET_V17_1,FINNEXUS_TEMPORAL_KG_V1_0,CORE,FINNEXUS_LAYERED_KG_V3_0
news:85ee5fdbe549f496f22fc87241eb99d1,News,"Gần 147 triệu cổ phiếu VIX sắp được niêm yết bổ sung, cổ phiếu tăng 70% so với thời điểm chốt quyền",,2021-11-22,,85ee5fdbe549f496f22fc87241eb99d1,train,True,"{""category"": ""co_tuc_phat_hanh"", ""content_length"": ""2123"", ""publication_time_resolution"": ""DATE_ONLY"", ""url"": ""https://cafef.vn/gan-147-trieu-co-phieu-vix-sap-duoc-niem-yet-bo-sung-co-dong-lai-35-lan-ngay-khi-co-phieu-ve-tai-khoan-20211122095006642.chn""}",FINNEXUS_RESEARCH_DATASET_V17_1,FINNEXUS_TEMPORAL_KG_V1_0,CORE,FINNEXUS_LAYERED_KG_V3_0
news:85ff1ea87cdfe44802f790b78495ceb2,News,"REE, BWE, HVH, RIC, TDH: Thông tin giao dịch lượng lớn cổ phiếu",,2020-02-11,,85ff1ea87cdfe44802f790b78495ceb2,train,True,"{""category"": ""chung_khoan"", ""content_length"": ""1123"", ""publication_time_resolution"": ""DATE_ONLY"", ""url"": ""https://cafef.vn/ree-bwe-hvh-ric-tdh-thong-tin-giao-dich-luong-lon-co-phieu-20200211074102501.chn""}",FINNEXUS_RESEARCH_DATASET_V17_1,FINNEXUS_TEMPORAL_KG_V1_0,CORE,FINNEXUS_LAYERED_KG_V3_0
news:86c03f97ce730e66a6c84d3161ef9aae,News,"VDSC: Hàng tồn tích luỹ mạnh, Thép Nam Kim (NKG) có thể đạt đỉnh lợi nhuận trong quý 2/2021",,2021-05-20,,86c03f97ce730e66a6c84d3161ef9aae,train,True,"{""category"": ""ket_qua_kinh_doanh"", ""content_length"": ""2677"", ""publication_time_resolution"": ""DATE_ONLY"", ""url"": ""https://cafef.vn/vdsc-hang-ton-tich-luy-manh-thep-nam-kim-nkg-co-the-dat-dinh-loi-nhuan-trong-quy-2-2021-20210519095644771.chn""}",FINNEXUS_RESEARCH_DATASET_V17_1,FINNEXUS_TEMPORAL_KG_V1_0,CORE,FINNEXUS_LAYERED_KG_V3_0
news:8707a693a2f2691b3a2bd8df1e005fe0,News,"Khối ngoại mua ròng phiên thứ 4 liên tiếp trên HoSE, tập trung gom HPG",,2022-08-15,,8707a693a2f2691b3a2bd8df1e005fe0,test,True,"{""category"": ""chung_khoan"", ""content_length"": ""1614"", ""publication_time_resolution"": ""DATE_ONLY"", ""url"": ""https://cafef.vn/khoi-ngoai-mua-rong-phien-thu-4-lien-tiep-tren-hose-tap-trung-gom-hpg-20220815181317131.chn""}",FINNEXUS_RESEARCH_DATASET_V17_1,FINNEXUS_TEMPORAL_KG_V1_0,CORE,FINNEXUS_LAYERED_KG_V3_0
news:87593a2702dde0cc70f9779e69436e48,News,Nhóm quĩ KIM hạ tỉ lệ sở hữu tại Thép Nam Kim,,2020-09-11,,87593a2702dde0cc70f9779e69436e48,train,True,"{""category"": ""chung_khoan"", ""content_length"": ""1418"", ""publication_time_resolution"": ""DATE_ONLY"", ""url"": ""https://vietnambiz.vn/nhom-qui-kim-ha-ti-le-so-huu-tai-thep-nam-kim-20200911101142344.htm""}",FINNEXUS_RESEARCH_DATASET_V17_1,FINNEXUS_TEMPORAL_KG_V1_0,CORE,FINNEXUS_LAYERED_KG_V3_0
news:8761cab604a41de8c08c6c0312e16337,News,"Cơ điện lạnh REE tiếp tục bán bớt 5 triệu cổ phiếu, giảm tỷ lệ sở hữu tại Nhiệt điện Quảng Ninh",,2021-02-19,,8761cab604a41de8c08c6c0312e16337,train,True,"{""category"": ""ket_qua_kinh_doanh"", ""content_length"": ""1422"", ""publication_time_resolution"": ""DATE_ONLY"", ""url"": ""https://cafef.vn/co-dien-lanh-ree-tiep-tuc-ban-bot-5-trieu-co-phieu-giam-ty-le-so-huu-tai-nhiet-dien-quang-ninh-20210218154412244.chn""}",FINNEXUS_RESEARCH_DATASET_V17_1,FINNEXUS_TEMPORAL_KG_V1_0,CORE,FINNEXUS_LAYERED_KG_V3_0
news:877793ebf0993c9a58bc139d5890ee33,News,Sao Mai Group (ASM) thông qua phương án phát hành 78 triệu cổ phiếu trả cổ tức,,2021-11-08,,877793ebf0993c9a58bc139d5890ee33,train,True,"{""category"": ""co_tuc_phat_hanh"", ""content_length"": ""1154"", ""publication_time_resolution"": ""DATE_ONLY"", ""url"": ""https://cafef.vn/sao-mai-group-asm-thong-qua-phuong-an-phat-hanh-78-trieu-co-phieu-tra-co-tuc-20211108133958787.chn""}",FINNEXUS_RESEARCH_DATASET_V17_1,FINNEXUS_TEMPORAL_KG_V1_0,CORE,FINNEXUS_LAYERED_KG_V3_0
news:879dadc9276b9f6bc706c9b04ce57ba3,News,Tập đoàn Khang Điền (KDH) liên tiếp đạt 2 giải thưởng uy tín,,2022-08-09,,879dadc9276b9f6bc706c9b04ce57ba3,test,True,"{""category"": ""ket_qua_kinh_doanh"", ""content_length"": ""4538"", ""publication_time_resolution"": ""DATE_ONLY"", ""url"": ""https://www.tinnhanhchungkhoan.vn/tap-doan-khang-dien-kdh-lien-tiep-dat-2-giai-thuong-uy-tin-post303314.html""}",FINNEXUS_RESEARCH_DATASET_V17_1,FINNEXUS_TEMPORAL_KG_V1_0,CORE,FINNEXUS_LAYERED_KG_V3_0
news:87dc5155a43fe7ce4c36c78f14ba8976,News,Pyn Elite Fund tăng mạnh tỷ trọng Vinhomes và chứng chỉ quỹ VFMVN Diamond ETF trong tháng 1,,2021-02-05,,87dc5155a43fe7ce4c36c78f14ba8976,train,True,"{""category"": ""ket_qua_kinh_doanh"", ""content_length"": ""2818"", ""publication_time_resolution"": ""DATE_ONLY"", ""url"": ""https://cafef.vn/pyn-elite-fund-tang-manh-ty-trong-vinhomes-va-chung-chi-quy-vfmvn-diamond-etf-trong-thang-1-20210204215016829.chn""}",FINNEXUS_RESEARCH_DATASET_V17_1,FINNEXUS_TEMPORAL_KG_V1_0,CORE,FINNEXUS_LAYERED_KG_V3_0
news:87ea7715611f37bd72f5a2db1c4c0a13,News,"VNM, HPG, NLG, TDG, PHC, GEX, TTF, SDG, QNS, NPS: Thông tin giao dịch lượng lớn cổ phiếu",,2019-08-06,,87ea7715611f37bd72f5a2db1c4c0a13,train,True,"{""category"": ""chung_khoan"", ""content_length"": ""2498"", ""publication_time_resolution"": ""DATE_ONLY"", ""url"": ""https://cafef.vn/vnm-hpg-nlg-tdg-phc-gex-ttf-sdg-qns-nps-thong-tin-giao-dich-luong-lon-co-phieu-20190806092628556.chn""}",FINNEXUS_RESEARCH_DATASET_V17_1,FINNEXUS_TEMPORAL_KG_V1_0,CORE,FINNEXUS_LAYERED_KG_V3_0
news:88a2d859fbb0ed21140cb8ceef8153d1,News,"REE: Lợi nhuận nửa đầu năm đạt 942 tỷ, tăng 38% và thực hiện 53% chỉ tiêu năm",,2021-07-30,,88a2d859fbb0ed21140cb8ceef8153d1,train,True,"{""category"": ""ket_qua_kinh_doanh"", ""content_length"": ""680"", ""publication_time_resolution"": ""DATE_ONLY"", ""url"": ""https://cafef.vn/ree-loi-nhuan-nua-dau-nam-dat-942-ty-tang-38-va-thuc-hien-53-chi-tieu-nam-20210730071350406.chn""}",FINNEXUS_RESEARCH_DATASET_V17_1,FINNEXUS_TEMPORAL_KG_V1_0,CORE,FINNEXUS_LAYERED_KG_V3_0
news:88ac06542b6ec2fdd37f4f1964249ad6,News,Mẹ CEO Gelex đã mua 15 triệu cổ phiếu GEX,,2020-11-24,,88ac06542b6ec2fdd37f4f1964249ad6,train,True,"{""category"": ""co_tuc_phat_hanh"", ""content_length"": ""1336"", ""publication_time_resolution"": ""DATE_ONLY"", ""url"": ""https://vietnambiz.vn/me-ceo-gelex-da-mua-15-trieu-co-phieu-gex-20201124101811389.htm""}",FINNEXUS_RESEARCH_DATASET_V17_1,FINNEXUS_TEMPORAL_KG_V1_0,CORE,FINNEXUS_LAYERED_KG_V3_0
news:893dfadc1d73d386ce45b75308e5f6da,News,CEO SSI: Mục tiêu lớn nhất là xây dựng thị trường vốn lớn mạnh và thu hút đầu tư,,2021-01-07,,893dfadc1d73d386ce45b75308e5f6da,train,True,"{""category"": ""chung_khoan"", ""content_length"": ""3760"", ""publication_time_resolution"": ""DATE_ONLY"", ""url"": ""https://cafef.vn/ceo-ssi-muc-tieu-lon-nhat-la-xay-dung-thi-truong-von-lon-manh-va-thu-hut-dau-tu-20210107150446872.chn""}",FINNEXUS_RESEARCH_DATASET_V17_1,FINNEXUS_TEMPORAL_KG_V1_0,CORE,FINNEXUS_LAYERED_KG_V3_0
news:894f00bb5a1938f7b9071cccff76f28e,News,"Chứng khoán SSI: Lãi sau thuế công ty mẹ tăng gấp 2,6 lần trong quý 4/2021, dư nợ margin đạt kỷ lục gần 23.000 tỷ đồng",,2022-01-19,,894f00bb5a1938f7b9071cccff76f28e,validation,True,"{""category"": ""co_tuc_phat_hanh"", ""content_length"": ""2392"", ""publication_time_resolution"": ""DATE_ONLY"", ""url"": ""https://cafef.vn/chung-khoan-ssi-lai-sau-thue-cong-ty-me-tang-gap-26-lan-trong-quy-4-2021-du-no-margin-dat-ky-luc-gan-23000-ty-dong-20220119231853791.chn""}",FINNEXUS_RESEARCH_DATASET_V17_1,FINNEXUS_TEMPORAL_KG_V1_0,CORE,FINNEXUS_LAYERED_KG_V3_0
news:8953f3507de48564630c580557c9dba4,News,"Phiên 3/11: Giữa sóng bán tháo, khối ngoại bất ngờ quay lại mua ròng 280 tỷ đồng, gom mạnh HPG",,2021-11-03,,8953f3507de48564630c580557c9dba4,train,True,"{""category"": ""ngan_hang"", ""content_length"": ""3966"", ""publication_time_resolution"": ""DATE_ONLY"", ""url"": ""https://vietnambiz.vn/phien-3-11-giua-song-ban-thao-khoi-ngoai-bat-ngo-quay-lai-mua-rong-280-ty-dong-gom-manh-hpg-20211103161532367.htm""}",FINNEXUS_RESEARCH_DATASET_V17_1,FINNEXUS_TEMPORAL_KG_V1_0,CORE,FINNEXUS_LAYERED_KG_V3_0
news:89a4e9502efaa9091821db81ed6c0fcf,News,"Khối ngoại bán ròng gần 1.700 tỷ đồng trong phiên giao dịch cuối tháng 5, tập trung bán HPG và cổ phiếu ngân hàng",,2021-05-31,,89a4e9502efaa9091821db81ed6c0fcf,train,True,"{""category"": ""ngan_hang"", ""content_length"": ""840"", ""publication_time_resolution"": ""DATE_ONLY"", ""url"": ""https://cafef.vn/khoi-ngoai-ban-rong-gan-1700-ty-dong-trong-phien-giao-dich-cuoi-thang-5-tap-trung-ban-hpg-va-co-phieu-ngan-hang-20210531153012058.chn""}",FINNEXUS_RESEARCH_DATASET_V17_1,FINNEXUS_TEMPORAL_KG_V1_0,CORE,FINNEXUS_LAYERED_KG_V3_0
news:8a99f54f14f4c78c19d127913cd3a095,News,Bất động sản Phát Đạt (PDR) chốt danh sách cổ đông phát hành gần 43 triệu cổ phiếu trả cổ tức,,2020-05-13,,8a99f54f14f4c78c19d127913cd3a095,train,True,"{""category"": ""co_tuc_phat_hanh"", ""content_length"": ""1423"", ""publication_time_resolution"": ""DATE_ONLY"", ""url"": ""https://cafef.vn/bat-dong-san-phat-dat-pdr-chot-danh-sach-co-dong-phat-hanh-gan-43-trieu-co-phieu-tra-co-tuc-20200513110117701.chn""}",FINNEXUS_RESEARCH_DATASET_V17_1,FINNEXUS_TEMPORAL_KG_V1_0,CORE,FINNEXUS_LAYERED_KG_V3_0
news:8aa30e3f0a770271e97c4fd46703e2b2,News,"Chứng khoán VIX báo lãi quý 1/2022 giảm 16%, cho vay margin hơn 2.330 tỷ đồng",,2022-04-20,,8aa30e3f0a770271e97c4fd46703e2b2,validation,True,"{""category"": ""co_tuc_phat_hanh"", ""content_length"": ""1741"", ""publication_time_resolution"": ""DATE_ONLY"", ""url"": ""https://cafef.vn/chung-khoan-vix-bao-lai-quy-1-2022-giam-16-cho-vay-margin-hon-2330-ty-dong-20220420114654456.chn""}",FINNEXUS_RESEARCH_DATASET_V17_1,FINNEXUS_TEMPORAL_KG_V1_0,CORE,FINNEXUS_LAYERED_KG_V3_0
news:8aa4be69dd26c43348a834d35836b77a,News,"Sau VinHomes, Quỹ GIC của Chính phủ Singapore đầu tư tiếp 500 triệu USD vào công ty mẹ của Vinmart",,2019-09-09,,8aa4be69dd26c43348a834d35836b77a,train,True,"{""category"": ""ket_qua_kinh_doanh"", ""content_length"": ""1566"", ""publication_time_resolution"": ""DATE_ONLY"", ""url"": ""https://cafef.vn/quy-chinh-phu-singapore-gic-dau-tu-500-trieu-usd-vao-cong-ty-me-cua-vinmart-20190909175436906.chn""}",FINNEXUS_RESEARCH_DATASET_V17_1,FINNEXUS_TEMPORAL_KG_V1_0,CORE,FINNEXUS_LAYERED_KG_V3_0
news:8afc3b29db0c6d37cecdeac7f0c61d00,News,"Thế giới Di động: Lợi nhuận 2 tháng đầu năm vẫn tăng tốt 16% lên 845 tỷ đồng, song tham chiến cho Bách Hoá Xanh đang bị chậm lại bởi COVID-19",,2020-03-20,,8afc3b29db0c6d37cecdeac7f0c61d00,train,True,"{""category"": ""ket_qua_kinh_doanh"", ""content_length"": ""4926"", ""publication_time_resolution"": ""DATE_ONLY"", ""url"": ""https://cafef.vn/the-gioi-di-dong-loi-nhuan-2-thang-dau-nam-van-tang-tot-16-len-845-ty-dong-song-tham-chien-cho-bach-hoa-xanh-dang-bi-cham-lai-boi-covid-19-20200306075359019.chn""}",FINNEXUS_RESEARCH_DATASET_V17_1,FINNEXUS_TEMPORAL_KG_V1_0,CORE,FINNEXUS_LAYERED_KG_V3_0
news:8b117e5dc9737933e25bc2755bdc0322,News,"Cổ phiếu ngân hàng tuần qua: VPB dẫn đầu cả về tăng giá lẫn thanh khoản, 8 tổ chức chi gần 2.900 tỷ mua 143 triệu cổ phiếu Nam A Bank",,2022-02-26,,8b117e5dc9737933e25bc2755bdc0322,validation,True,"{""category"": ""co_tuc_phat_hanh"", ""content_length"": ""3496"", ""publication_time_resolution"": ""DATE_ONLY"", ""url"": ""https://vietnambiz.vn/co-phieu-ngan-hang-tuan-qua-vpb-dan-dau-ca-ve-tang-gia-lan-thanh-khoan-8-to-chuc-chi-gan-2900-ty-mua-143-trieu-co-phieu-nam-a-bank-20220226155439977.htm""}",FINNEXUS_RESEARCH_DATASET_V17_1,FINNEXUS_TEMPORAL_KG_V1_0,CORE,FINNEXUS_LAYERED_KG_V3_0
news:8b1e2dcdce98480984d16415265fbd6a,News,Chứng khoán HSC chuyển nhượng hơn 2 triệu cổ phần tại Quản lý quỹ VFM cho Dargon Capital,,2019-09-19,,8b1e2dcdce98480984d16415265fbd6a,train,True,"{""category"": ""ket_qua_kinh_doanh"", ""content_length"": ""1019"", ""publication_time_resolution"": ""DATE_ONLY"", ""url"": ""https://cafef.vn/chung-khoan-hsc-chuyen-nhuong-hon-2-trieu-co-phan-tai-quan-ly-quy-vfm-cho-dargon-capital-20190919161729218.chn""}",FINNEXUS_RESEARCH_DATASET_V17_1,FINNEXUS_TEMPORAL_KG_V1_0,CORE,FINNEXUS_LAYERED_KG_V3_0
news:8b283e5da49c6d174fdfb6edfcf55c69,News,"Giao dịch lớn cổ phiếu SD8, SRA, NSG, MEG, LHC, DGC, DBT, HTC, TIG, TNT, IDI",,2022-03-08,,8b283e5da49c6d174fdfb6edfcf55c69,validation,True,"{""category"": ""chung_khoan"", ""content_length"": ""2753"", ""publication_time_resolution"": ""DATE_ONLY"", ""url"": ""https://vietnambiz.vn/giao-dich-lon-co-phieu-sd8-sra-nsg-meg-lhc-dgc-dbt-htc-tig-tnt-idi-20220308080905739.htm""}",FINNEXUS_RESEARCH_DATASET_V17_1,FINNEXUS_TEMPORAL_KG_V1_0,CORE,FINNEXUS_LAYERED_KG_V3_0
news:8b2cddc77dc6628669353dd1fd7bdabd,News,PTI đã giúp VNDirect phất lên như thế...,,2022-08-04,,8b2cddc77dc6628669353dd1fd7bdabd,test,True,"{""category"": ""co_tuc_phat_hanh"", ""content_length"": ""4829"", ""publication_time_resolution"": ""DATE_ONLY"", ""url"": ""https://cafef.vn/pti-da-giup-vndirect-phat-len-nhu-the-20220804162624215.chn""}",FINNEXUS_RESEARCH_DATASET_V17_1,FINNEXUS_TEMPORAL_KG_V1_0,CORE,FINNEXUS_LAYERED_KG_V3_0
news:8b3c2a103ce917e077d778e102d87b9b,News,"PV GAS ước đạt doanh thu 80.000 tỷ trong năm 2021, lợi nhuận vượt 19% kế hoạch cả năm",,2021-12-18,,8b3c2a103ce917e077d778e102d87b9b,validation,True,"{""category"": ""ket_qua_kinh_doanh"", ""content_length"": ""3496"", ""publication_time_resolution"": ""DATE_ONLY"", ""url"": ""https://cafef.vn/pv-gas-uoc-dat-doanh-thu-80000-ty-trong-nam-2021-loi-nhuan-vuot-19-ke-hoach-ca-nam-20211218150313768.chn""}",FINNEXUS_RESEARCH_DATASET_V17_1,FINNEXUS_TEMPORAL_KG_V1_0,CORE,FINNEXUS_LAYERED_KG_V3_0
news:8b596018528984650be215a58c5a4fa4,News,"DXG, VIB, NKG: Lãnh đạo và người nhà bán cổ phiếu trước phiên giảm sàn, ở vùng đỉnh lịch sử",,2021-06-12,,8b596018528984650be215a58c5a4fa4,train,True,"{""category"": ""co_tuc_phat_hanh"", ""content_length"": ""4052"", ""publication_time_resolution"": ""DATE_ONLY"", ""url"": ""https://vietnambiz.vn/dxg-vib-nkg-lanh-dao-va-nguoi-nha-ban-co-phieu-truoc-phien-giam-san-o-vung-dinh-lich-su-20210611190714637.htm""}",FINNEXUS_RESEARCH_DATASET_V17_1,FINNEXUS_TEMPORAL_KG_V1_0,CORE,FINNEXUS_LAYERED_KG_V3_0
news:8c1d8cf96489cf13e34d5ce69a2c88fb,News,"ĐHĐCĐ Gelex: Việc mua cổ phần doanh nghiệp nhà nước được thực hiện đúng luật, CEO Nguyễn Văn Tuấn cam kết mua 10 triệu cổ phiếu để đầu tư lâu dài",,2022-05-13,,8c1d8cf96489cf13e34d5ce69a2c88fb,validation,True,"{""category"": ""co_tuc_phat_hanh"", ""content_length"": ""9061"", ""publication_time_resolution"": ""DATE_ONLY"", ""url"": ""https://cafef.vn/dhdcd-gelex-viec-mua-co-phan-doanh-nghiep-nha-nuoc-duoc-thuc-hien-dung-luat-ceo-nguyen-van-tuan-cam-ket-mua-10-trieu-co-phieu-de-dau-tu-lau-dai-20220513081801601.chn""}",FINNEXUS_RESEARCH_DATASET_V17_1,FINNEXUS_TEMPORAL_KG_V1_0,CORE,FINNEXUS_LAYERED_KG_V3_0
news:8c547b7e4bf7ef82a74da9c88a8edb8b,News,PNJ chốt quyền chia cổ tức bằng tiền đợt 2/2021 tỷ lệ 6%,,2022-06-03,,8c547b7e4bf7ef82a74da9c88a8edb8b,test,True,"{""category"": ""co_tuc_phat_hanh"", ""content_length"": ""1177"", ""publication_time_resolution"": ""DATE_ONLY"", ""url"": ""https://cafef.vn/pnj-chot-quyen-chia-co-tuc-bang-tien-dot-2-2021-ty-le-6-20220602223919994.chn""}",FINNEXUS_RESEARCH_DATASET_V17_1,FINNEXUS_TEMPORAL_KG_V1_0,CORE,FINNEXUS_LAYERED_KG_V3_0
news:8c865576aab6d819c39007d16667a1e3,News,"Chứng khoán VIX báo lãi quý II giảm gần 46%, giảm gần 1.700 tỷ đồng cho vay margin",,2022-07-15,,8c865576aab6d819c39007d16667a1e3,test,True,"{""category"": ""co_tuc_phat_hanh"", ""content_length"": ""1449"", ""publication_time_resolution"": ""DATE_ONLY"", ""url"": ""https://vietnambiz.vn/chung-khoan-vix-bao-lai-quy-ii-giam-gan-46-giam-gan-1700-ty-dong-cho-vay-margin-202271581947716.htm""}",FINNEXUS_RESEARCH_DATASET_V17_1,FINNEXUS_TEMPORAL_KG_V1_0,CORE,FINNEXUS_LAYERED_KG_V3_0
news:8ca4fded40a690f59399db98eae64b78,News,"Đạm Phú Mỹ (DPM): Giá phân bón tăng mạnh, lợi nhuận quý 1 tăng 74% so với cùng kỳ 2020",,2021-04-28,,8ca4fded40a690f59399db98eae64b78,train,True,"{""category"": ""ket_qua_kinh_doanh"", ""content_length"": ""1325"", ""publication_time_resolution"": ""DATE_ONLY"", ""url"": ""https://cafef.vn/dam-phu-my-dpm-gia-phan-bon-tang-quy-1-tang-74-so-voi-cung-ky-2020-20210428152454696.chn""}",FINNEXUS_RESEARCH_DATASET_V17_1,FINNEXUS_TEMPORAL_KG_V1_0,CORE,FINNEXUS_LAYERED_KG_V3_0
news:8cd33de01c84d8f72c6491a69bb7ac35,News,"Các CTCK Hàn Quốc tăng tốc cho vay margin, dư nợ của Mirae Asset lớn hơn SSI và HSC cộng lại, Bản Việt ra khỏi Top10",,2020-07-21,,8cd33de01c84d8f72c6491a69bb7ac35,train,True,"{""category"": ""co_tuc_phat_hanh"", ""content_length"": ""5072"", ""publication_time_resolution"": ""DATE_ONLY"", ""url"": ""https://cafef.vn/cac-ctck-han-quoc-tang-toc-cho-vay-margin-du-no-cua-mirae-asset-lon-hon-ssi-va-hsc-cong-lai-ban-viet-ra-khoi-top10-20200721105333893.chn""}",FINNEXUS_RESEARCH_DATASET_V17_1,FINNEXUS_TEMPORAL_KG_V1_0,CORE,FINNEXUS_LAYERED_KG_V3_0
news:8cf94e29057560fab9e9ce8afc2d4419,News,"Phiên 4/7: Khối tự doanh giao dịch dè dặt, tập trung mua STB, DGC và BID",,2022-07-04,,8cf94e29057560fab9e9ce8afc2d4419,test,True,"{""category"": ""chung_khoan"", ""content_length"": ""1921"", ""publication_time_resolution"": ""DATE_ONLY"", ""url"": ""https://vietnambiz.vn/phien-47-khoi-tu-doanh-mua-rong-29-ty-dong-co-phieu-san-hose-uu-tien-long-phai-sinh-khi-vn-index-giam-diem-2022742096802.htm""}",FINNEXUS_RESEARCH_DATASET_V17_1,FINNEXUS_TEMPORAL_KG_V1_0,CORE,FINNEXUS_LAYERED_KG_V3_0
news:8d0a6b501b9567c61dee073877fd8ea8,News,"Thêm một doanh nghiệp thép lỗ kỷ lục trong quý 3, con số chỉ kém 2 “ông lớn” Hòa Phát và Hoa Sen Group",,2022-10-29,,8d0a6b501b9567c61dee073877fd8ea8,test,True,"{""category"": ""ket_qua_kinh_doanh"", ""content_length"": ""3027"", ""publication_time_resolution"": ""DATE_ONLY"", ""url"": ""https://cafef.vn/them-mot-doanh-nghiep-thep-lo-ky-luc-trong-quy-3-con-so-chi-kem-2-ong-lon-hoa-phat-va-hoa-sen-group-20221029113931702.chn""}",FINNEXUS_RESEARCH_DATASET_V17_1,FINNEXUS_TEMPORAL_KG_V1_0,CORE,FINNEXUS_LAYERED_KG_V3_0
news:8d19909019c2350c54e11d331a67033a,News,"Giao dịch thỏa thuận khủng FPT, GAB, EIB, PLX phiên 1/7",,2020-07-01,,8d19909019c2350c54e11d331a67033a,train,True,"{""category"": ""co_tuc_phat_hanh"", ""content_length"": ""2080"", ""publication_time_resolution"": ""DATE_ONLY"", ""url"": ""https://vietnambiz.vn/giao-dich-thoa-thuan-khung-fpt-gab-eib-plx-phien-1-7-20200701174033877.htm""}",FINNEXUS_RESEARCH_DATASET_V17_1,FINNEXUS_TEMPORAL_KG_V1_0,CORE,FINNEXUS_LAYERED_KG_V3_0
news:8d3469ebf147f2533cac78edeca5e582,News,Cổ phiếu VND của VNDirect dừng giao dịch trên HOSE từ ngày 30/3,,2021-03-23,,8d3469ebf147f2533cac78edeca5e582,train,True,"{""category"": ""chung_khoan"", ""content_length"": ""1375"", ""publication_time_resolution"": ""DATE_ONLY"", ""url"": ""https://vietnambiz.vn/co-phieu-vnd-cua-vndirect-dung-giao-dich-tren-hose-tu-ngay-30-3-20210323173641534.htm""}",FINNEXUS_RESEARCH_DATASET_V17_1,FINNEXUS_TEMPORAL_KG_V1_0,CORE,FINNEXUS_LAYERED_KG_V3_0
news:8d5651dd1e42e2f04dd404d2b4f7f155,News,"VIC hồi phục ngoạn mục cuối phiên, VN-Index thu hẹp đà giảm xuống còn hơn 16 điểm",,2022-07-11,,8d5651dd1e42e2f04dd404d2b4f7f155,test,True,"{""category"": ""ngan_hang"", ""content_length"": ""3397"", ""publication_time_resolution"": ""DATE_ONLY"", ""url"": ""https://cafef.vn/vic-hoi-phuc-ngoan-muc-cuoi-phien-vn-index-thu-hep-da-giam-xuong-con-hon-16-diem-20220711153018979.chn""}",FINNEXUS_RESEARCH_DATASET_V17_1,FINNEXUS_TEMPORAL_KG_V1_0,CORE,FINNEXUS_LAYERED_KG_V3_0
news:8d7294aab395f76ae79a1a9f0d5f0610,News,"Bất động sản Phát Đạt (PDR): Quý 1 doanh thu hụt nghìn tỷ, lãi ròng vẫn tăng 3% so với cùng kỳ",,2020-04-22,,8d7294aab395f76ae79a1a9f0d5f0610,train,True,"{""category"": ""co_tuc_phat_hanh"", ""content_length"": ""1806"", ""publication_time_resolution"": ""DATE_ONLY"", ""url"": ""https://cafef.vn/bat-dong-san-phat-dat-pdr-quy-1-doanh-thu-hut-nghin-ty-lai-rong-van-tang-3-so-voi-cung-ky-20200421181803065.chn""}",FINNEXUS_RESEARCH_DATASET_V17_1,FINNEXUS_TEMPORAL_KG_V1_0,CORE,FINNEXUS_LAYERED_KG_V3_0
news:8ddb6a532d52a6744c78ba4aca91b5eb,News,VCSC: Cao su Phước Hoà (PHR) sẽ thu khoảng 898 tỷ thu nhập bồi thường đất tại KCN VSIP III trong năm 2021,,2021-03-10,,8ddb6a532d52a6744c78ba4aca91b5eb,train,True,"{""category"": ""ket_qua_kinh_doanh"", ""content_length"": ""2607"", ""publication_time_resolution"": ""DATE_ONLY"", ""url"": ""https://cafef.vn/vcsc-cao-su-phuoc-hoa-phr-se-thu-khoang-898-ty-thu-nhap-boi-thuong-dat-tai-kcn-vsip-iii-trong-nam-2021-20210308152856159.chn""}",FINNEXUS_RESEARCH_DATASET_V17_1,FINNEXUS_TEMPORAL_KG_V1_0,CORE,FINNEXUS_LAYERED_KG_V3_0
news:8e7035729d9e4a160ea3cbb18618b274,News,"CRE, STB, VGC, SIC, MPT, VNF, DNC, TDP, CT3: Thông tin giao dịch lượng lớn cổ phiếu",,2019-05-22,,8e7035729d9e4a160ea3cbb18618b274,train,True,"{""category"": ""ngan_hang"", ""content_length"": ""1737"", ""publication_time_resolution"": ""DATE_ONLY"", ""url"": ""https://cafef.vn/cre-stb-vgc-sic-mpt-vnf-dnc-tdp-ct3-thong-tin-giao-dich-luong-lon-co-phieu-20190522084517187.chn""}",FINNEXUS_RESEARCH_DATASET_V17_1,FINNEXUS_TEMPORAL_KG_V1_0,CORE,FINNEXUS_LAYERED_KG_V3_0
news:8ea3e4d22ca8c7cf34d469457a2caa9e,News,Petrolimex (PLX) ước lãi trước thuế giảm 78% xuống chỉ còn 1.268 tỷ đồng trong năm 2020,,2021-01-14,,8ea3e4d22ca8c7cf34d469457a2caa9e,train,True,"{""category"": ""ket_qua_kinh_doanh"", ""content_length"": ""1836"", ""publication_time_resolution"": ""DATE_ONLY"", ""url"": ""https://cafef.vn/petrolimex-plx-uoc-lai-truoc-thue-giam-78-xuong-chi-con-1268-ty-dong-trong-nam-2020-20210113181847435.chn""}",FINNEXUS_RESEARCH_DATASET_V17_1,FINNEXUS_TEMPORAL_KG_V1_0,CORE,FINNEXUS_LAYERED_KG_V3_0
news:8ec43d060a06bb026f289a173c373729,News,"FPT liên tục phá đỉnh, Norges Bank ""chốt lãi"" 1 triệu cổ phiếu",,2021-02-18,,8ec43d060a06bb026f289a173c373729,train,True,"{""category"": ""chung_khoan"", ""content_length"": ""1661"", ""publication_time_resolution"": ""DATE_ONLY"", ""url"": ""https://cafef.vn/fpt-lien-tuc-pha-dinh-norges-bank-chot-lai-1-trieu-co-phieu-20210218173228574.chn""}",FINNEXUS_RESEARCH_DATASET_V17_1,FINNEXUS_TEMPORAL_KG_V1_0,CORE,FINNEXUS_LAYERED_KG_V3_0
news:8eee804ae67792318158f348c2551e02,News,"Hóa chất Đức Giang tập trung acid phosphoric điện tử, ghi nhận một phần lợi nhuận bất động sản trong 2021",,2020-11-13,,8eee804ae67792318158f348c2551e02,train,True,"{""category"": ""ket_qua_kinh_doanh"", ""content_length"": ""4355"", ""publication_time_resolution"": ""DATE_ONLY"", ""url"": ""https://cafef.vn/hoa-chat-duc-giang-tap-trung-acid-phosphoric-dien-tu-ghi-nhan-mot-phan-loi-nhuan-bat-dong-san-trong-2021-20201113100353912.chn""}",FINNEXUS_RESEARCH_DATASET_V17_1,FINNEXUS_TEMPORAL_KG_V1_0,CORE,FINNEXUS_LAYERED_KG_V3_0
news:9051e31a6c4110bb4e117b8ec715a8ef,News,"Thị phần môi giới HNX quý 3: VPS củng cố vị trí số 1, HSC và SHS bất ngờ bị loại khỏi top 10",,2022-10-05,,9051e31a6c4110bb4e117b8ec715a8ef,test,True,"{""category"": ""chung_khoan"", ""content_length"": ""1512"", ""publication_time_resolution"": ""DATE_ONLY"", ""url"": ""https://cafef.vn/thi-phan-moi-gioi-hnx-quy-3-vps-cung-co-vi-tri-so-1-hsc-va-shs-bat-ngo-bi-loai-khoi-top-10-20221005152910454.chn""}",FINNEXUS_RESEARCH_DATASET_V17_1,FINNEXUS_TEMPORAL_KG_V1_0,CORE,FINNEXUS_LAYERED_KG_V3_0
news:9056b3e13f035e51a0b56b0a0c78a25e,News,"DBC, HDG, HDC, KDC, DHC, NKG, SKG, TNI, TMS, CMX, SFI, DAH, CET: Thông tin giao dịch lượng lớn cổ phiếu",,2020-08-07,,9056b3e13f035e51a0b56b0a0c78a25e,train,True,"{""category"": ""chung_khoan"", ""content_length"": ""2835"", ""publication_time_resolution"": ""DATE_ONLY"", ""url"": ""https://cafef.vn/dbc-hdg-hdc-kdc-dhc-nkg-skg-tni-tms-cmx-sfi-dah-cet-thong-tin-giao-dich-luong-lon-co-phieu-20200807090345247.chn""}",FINNEXUS_RESEARCH_DATASET_V17_1,FINNEXUS_TEMPORAL_KG_V1_0,CORE,FINNEXUS_LAYERED_KG_V3_0
news:909f927e86f88f602a3856e2aeb2ef52,News,"Thị phần HOSE: VPS soán ngôi á vương của HSC trong quý IV, SSI tiếp tục dẫn đầu cả năm 2020",,2021-01-06,,909f927e86f88f602a3856e2aeb2ef52,train,True,"{""category"": ""chung_khoan"", ""content_length"": ""2522"", ""publication_time_resolution"": ""DATE_ONLY"", ""url"": ""https://vietnambiz.vn/thi-phan-hose-vps-soan-ngoi-a-vuong-cua-hsc-trong-quy-iv-ssi-tiep-tuc-dan-dau-ca-nam-2020-20210106204435119.htm""}",FINNEXUS_RESEARCH_DATASET_V17_1,FINNEXUS_TEMPORAL_KG_V1_0,CORE,FINNEXUS_LAYERED_KG_V3_0
news:90d65ed1cfea7829decb2386f0ee8a94,News,Khối ngoại bán thỏa thuận nghìn tỷ đồng cổ phiếu VIC của Vingroup trong sáng nay,,2021-07-21,,90d65ed1cfea7829decb2386f0ee8a94,train,True,"{""category"": ""ngan_hang"", ""content_length"": ""1703"", ""publication_time_resolution"": ""DATE_ONLY"", ""url"": ""https://vietnambiz.vn/khoi-ngoai-ban-thoa-thuan-nghin-ty-co-phieu-vic-cua-vingroup-trong-sang-nay-20210721122332341.htm""}",FINNEXUS_RESEARCH_DATASET_V17_1,FINNEXUS_TEMPORAL_KG_V1_0,CORE,FINNEXUS_LAYERED_KG_V3_0
news:90d90858476e35d8d2c857a066ef1869,News,"Đặc cách cho cổ phiếu Vietnam Airlines là 'trái với quy định chung, tạo sự ỷ lại'",,2021-09-27,,90d90858476e35d8d2c857a066ef1869,train,True,"{""category"": ""co_tuc_phat_hanh"", ""content_length"": ""3929"", ""publication_time_resolution"": ""DATE_ONLY"", ""url"": ""https://vietnambiz.vn/dac-cach-cho-co-phieu-vietnam-airlines-trai-voi-quy-dinh-chung-tao-su-y-lai-20210927175304883.htm""}",FINNEXUS_RESEARCH_DATASET_V17_1,FINNEXUS_TEMPORAL_KG_V1_0,CORE,FINNEXUS_LAYERED_KG_V3_0
news:90e73339133b7a3644d765038e942fc7,News,"SSI sẽ phát hành 6 chứng quyền đảm bảo (CW) với 4 cổ phiếu MWG, HPG, FPT và MBB",,2019-06-07,,90e73339133b7a3644d765038e942fc7,train,True,"{""category"": ""phap_ly"", ""content_length"": ""5862"", ""publication_time_resolution"": ""DATE_ONLY"", ""url"": ""https://cafef.vn/ssi-se-phat-hanh-6-chung-quyen-dam-bao-cw-voi-4-co-phieu-mwg-hpg-fpt-va-hpg-20190607084412511.chn""}",FINNEXUS_RESEARCH_DATASET_V17_1,FINNEXUS_TEMPORAL_KG_V1_0,CORE,FINNEXUS_LAYERED_KG_V3_0
news:91bc6613ff53569c18d406b15167b616,News,"Review ETF tháng 3: Bán loạt cổ phiếu lớn chi ngàn tỷ mua vào VND, NLG, FTS, DXG, SZC, HUT",,2022-02-23,,91bc6613ff53569c18d406b15167b616,validation,True,"{""category"": ""chung_khoan"", ""content_length"": ""1221"", ""publication_time_resolution"": ""DATE_ONLY"", ""url"": ""https://cafef.vn/review-etf-thang-3-ban-loat-co-phieu-lon-chi-ngan-ty-mua-vao-vnd-nlg-fts-dxg-szc-hut-20220223105259774.chn""}",FINNEXUS_RESEARCH_DATASET_V17_1,FINNEXUS_TEMPORAL_KG_V1_0,CORE,FINNEXUS_LAYERED_KG_V3_0
news:92692d5306dcfa8a5f3144254650c020,News,"Cổ phiếu tâm điểm 29/11: VPB, PDR, FCN",,2021-11-28,,92692d5306dcfa8a5f3144254650c020,train,True,"{""category"": ""ngan_hang"", ""content_length"": ""1693"", ""publication_time_resolution"": ""DATE_ONLY"", ""url"": ""https://vietnambiz.vn/co-phieu-tam-diem-29-11-vpb-pdr-fcn-20211127224427717.htm""}",FINNEXUS_RESEARCH_DATASET_V17_1,FINNEXUS_TEMPORAL_KG_V1_0,CORE,FINNEXUS_LAYERED_KG_V3_0
news:929707c5e171c2194d61096de7a0af02,News,"Vận tải và Xếp dỡ Hải An (HAH): Năm 2020 dự kiến doanh thu tăng 21%, lãi đi ngang",,2020-04-06,,929707c5e171c2194d61096de7a0af02,train,True,"{""category"": ""ket_qua_kinh_doanh"", ""content_length"": ""2928"", ""publication_time_resolution"": ""DATE_ONLY"", ""url"": ""https://cafef.vn/van-tai-va-xep-do-hai-an-hah-nam-2020-du-kien-doanh-thu-tang-21-lai-di-ngang-20200406101030577.chn""}",FINNEXUS_RESEARCH_DATASET_V17_1,FINNEXUS_TEMPORAL_KG_V1_0,CORE,FINNEXUS_LAYERED_KG_V3_0
news:92bbec37fc873c167248071484effeac,News,Công ty của mẹ ông Nguyễn Văn Tuấn muốn bán 10 triệu cp GEX,,2021-03-12,,92bbec37fc873c167248071484effeac,train,True,"{""category"": ""chung_khoan"", ""content_length"": ""948"", ""publication_time_resolution"": ""DATE_ONLY"", ""url"": ""https://vietnambiz.vn/cong-ty-cua-me-ong-nguyen-van-tuan-muon-ban-10-trieu-cp-gex-2021031215161376.htm""}",FINNEXUS_RESEARCH_DATASET_V17_1,FINNEXUS_TEMPORAL_KG_V1_0,CORE,FINNEXUS_LAYERED_KG_V3_0
news:92e8bd19f91e19d8daa2c89d43e003ec,News,Gelex sang tay nội bộ 40 triệu cổ phiếu Viglacera cho công ty con,,2019-09-26,,92e8bd19f91e19d8daa2c89d43e003ec,train,True,"{""category"": ""ket_qua_kinh_doanh"", ""content_length"": ""2048"", ""publication_time_resolution"": ""DATE_ONLY"", ""url"": ""https://cafef.vn/gelex-sang-tay-noi-bo-40-trieu-co-phieu-viglacera-cho-cong-ty-con-201909251520153.chn""}",FINNEXUS_RESEARCH_DATASET_V17_1,FINNEXUS_TEMPORAL_KG_V1_0,CORE,FINNEXUS_LAYERED_KG_V3_0
news:930f7a1209ce503dd252f379a2163906,News,"Cổ phiếu tâm điểm ngày 3/7: PHR, CTR, DHC",,2020-07-02,,930f7a1209ce503dd252f379a2163906,train,True,"{""category"": ""ket_qua_kinh_doanh"", ""content_length"": ""2497"", ""publication_time_resolution"": ""DATE_ONLY"", ""url"": ""https://vietnambiz.vn/co-phieu-tam-diem-ngay-3-7-phr-ctr-dhc-20200702174740895.htm""}",FINNEXUS_RESEARCH_DATASET_V17_1,FINNEXUS_TEMPORAL_KG_V1_0,CORE,FINNEXUS_LAYERED_KG_V3_0
news:934598274b01d492552c7de936c4781d,News,"FPT đã vào khảo sát hệ thống HoSE, Bộ Tài chính thành lập Ban Chỉ đạo xử lý sự cố nghẽn lệnh",,2021-03-30,,934598274b01d492552c7de936c4781d,train,True,"{""category"": ""bat_dong_san"", ""content_length"": ""5630"", ""publication_time_resolution"": ""DATE_ONLY"", ""url"": ""https://cafef.vn/fpt-da-vao-khao-sat-he-thong-hose-bo-tai-chinh-thanh-lap-ban-chi-dao-xu-ly-su-co-nghen-lenh-20210330170344521.chn""}",FINNEXUS_RESEARCH_DATASET_V17_1,FINNEXUS_TEMPORAL_KG_V1_0,CORE,FINNEXUS_LAYERED_KG_V3_0
news:93bbc7d2dbb4a7e60ac286dd87fdeacd,News,Động thái đầu tiên của Masan sau khi nhận sáp nhập Vinmart: Chi 645 tỷ đồng thâu tóm Bột giặt NET,,2019-12-24,,93bbc7d2dbb4a7e60ac286dd87fdeacd,train,True,"{""category"": ""ket_qua_kinh_doanh"", ""content_length"": ""2715"", ""publication_time_resolution"": ""DATE_ONLY"", ""url"": ""https://cafef.vn/dong-thai-dau-tien-cua-masan-sau-khi-nhan-sap-nhap-vinmart-chao-mua-cong-khai-60-co-phan-bot-giat-net-20191224112141513.chn""}",FINNEXUS_RESEARCH_DATASET_V17_1,FINNEXUS_TEMPORAL_KG_V1_0,CORE,FINNEXUS_LAYERED_KG_V3_0
news:93ee1e60cfc3cd2e62eac2bd51615286,News,Dòng tiền thông minh 7/10: Tự doanh CTCK mua vào trăm tỉ đồng cổ phiếu HPG,,2020-10-07,,93ee1e60cfc3cd2e62eac2bd51615286,train,True,"{""category"": ""ngan_hang"", ""content_length"": ""4715"", ""publication_time_resolution"": ""DATE_ONLY"", ""url"": ""https://vietnambiz.vn/dong-tien-thong-minh-7-10-tu-doanh-ctck-mua-vao-tram-ti-dong-co-phieu-hpg-20201007084618755.htm""}",FINNEXUS_RESEARCH_DATASET_V17_1,FINNEXUS_TEMPORAL_KG_V1_0,CORE,FINNEXUS_LAYERED_KG_V3_0
news:943452048037d2815f2b440ffe2b9cdc,News,"Cổ phiếu tâm điểm 23/8: CTG, GEX, SMC",,2022-08-22,,943452048037d2815f2b440ffe2b9cdc,test,True,"{""category"": ""ket_qua_kinh_doanh"", ""content_length"": ""3411"", ""publication_time_resolution"": ""DATE_ONLY"", ""url"": ""https://vietnambiz.vn/co-phieu-tam-diem-238-ctg-gex-smc-2022822192044384.htm""}",FINNEXUS_RESEARCH_DATASET_V17_1,FINNEXUS_TEMPORAL_KG_V1_0,CORE,FINNEXUS_LAYERED_KG_V3_0
news:94436af64b32123d5b705301939a2584,News,"Loạt cổ phiếu ngân hàng lập đỉnh khi KQKD khởi sắc, VPB dẫn đầu thanh khoản toàn ngành",,2022-01-28,,94436af64b32123d5b705301939a2584,validation,True,"{""category"": ""ngan_hang"", ""content_length"": ""2240"", ""publication_time_resolution"": ""DATE_ONLY"", ""url"": ""https://vietnambiz.vn/loat-co-phieu-ngan-hang-lap-dinh-khi-kqkd-khoi-sac-vpb-dan-dau-thanh-khoan-toan-nganh-20220128172201902.htm""}",FINNEXUS_RESEARCH_DATASET_V17_1,FINNEXUS_TEMPORAL_KG_V1_0,CORE,FINNEXUS_LAYERED_KG_V3_0
news:9460e8cbf5f7285895eaee551a97ae01,News,Vietnam Airlines thanh lý 5 máy bay A321; khả năng hoạt động liên tục phụ thuộc vào hỗ trợ của Chính phủ và gia hạn các khoản vay,,2020-04-11,,9460e8cbf5f7285895eaee551a97ae01,train,True,"{""category"": ""ket_qua_kinh_doanh"", ""content_length"": ""3363"", ""publication_time_resolution"": ""DATE_ONLY"", ""url"": ""https://cafef.vn/vietnam-airlines-thanh-ly-5-may-bay-a321-kha-nang-hoat-dong-lien-tuc-phu-thuoc-vao-ho-tro-cua-chinh-phu-va-gia-han-cac-khoan-vay-20200411130737849.chn""}",FINNEXUS_RESEARCH_DATASET_V17_1,FINNEXUS_TEMPORAL_KG_V1_0,CORE,FINNEXUS_LAYERED_KG_V3_0
news:94ed84b1c449f4494480faf7637b9b19,News,"Xuất khẩu phân bón tăng mạnh, cổ phiếu Đạm Cà Mau (DCM) lên mức cao nhất kể từ khi niêm yết",,2020-12-22,,94ed84b1c449f4494480faf7637b9b19,train,True,"{""category"": ""co_tuc_phat_hanh"", ""content_length"": ""4542"", ""publication_time_resolution"": ""DATE_ONLY"", ""url"": ""https://cafef.vn/xuat-khau-phan-bon-tang-manh-co-phieu-dam-ca-mau-dcm-len-muc-cao-nhat-ke-tu-khi-niem-yet-20201222211358139.chn""}",FINNEXUS_RESEARCH_DATASET_V17_1,FINNEXUS_TEMPORAL_KG_V1_0,CORE,FINNEXUS_LAYERED_KG_V3_0
news:94f66ea4dc76ae91b5b5f683160863f2,News,"Phiên 14/4: Khối ngoại bán ròng hơn 1.000 tỷ đồng, tập trung bán VHM, VNM, CRE",,2021-04-14,,94f66ea4dc76ae91b5b5f683160863f2,train,True,"{""category"": ""chung_khoan"", ""content_length"": ""661"", ""publication_time_resolution"": ""DATE_ONLY"", ""url"": ""https://cafef.vn/phien-14-4-khoi-ngoai-ban-rong-hon-1000-ty-dong-tap-trung-ban-vhm-vnm-cre-20210414151805099.chn""}",FINNEXUS_RESEARCH_DATASET_V17_1,FINNEXUS_TEMPORAL_KG_V1_0,CORE,FINNEXUS_LAYERED_KG_V3_0
news:953b762c351c13418b4abb9a9ce2f9d9,News,"Hoà Phát bán 8,8 triệu tấn thép năm 2021, tháng kỷ lục bán hơn 1 triệu tấn",,2022-01-10,,953b762c351c13418b4abb9a9ce2f9d9,validation,True,"{""category"": ""bat_dong_san"", ""content_length"": ""2470"", ""publication_time_resolution"": ""DATE_ONLY"", ""url"": ""https://cafef.vn/hoa-phat-ban-88-trieu-tan-thep-nam-2021-thang-ky-luc-ban-hon-1-trieu-tan-20220110093736193.chn""}",FINNEXUS_RESEARCH_DATASET_V17_1,FINNEXUS_TEMPORAL_KG_V1_0,CORE,FINNEXUS_LAYERED_KG_V3_0
news:953e6ef7c4b114aa14821a4a173c411b,News,"Các công ty sản xuất thịt lợn như CP, Vissan, Dabaco, Masan MeatLife sẽ kinh doanh ra sao trong năm 2022?",,2022-06-07,,953e6ef7c4b114aa14821a4a173c411b,test,True,"{""category"": ""ket_qua_kinh_doanh"", ""content_length"": ""4405"", ""publication_time_resolution"": ""DATE_ONLY"", ""url"": ""https://cafef.vn/cac-cong-ty-san-xuat-thit-lon-nhu-cp-vissan-dabaco-masan-meatlife-se-kinh-doanh-ra-sao-trong-nam-2022-20220607101951433.chn""}",FINNEXUS_RESEARCH_DATASET_V17_1,FINNEXUS_TEMPORAL_KG_V1_0,CORE,FINNEXUS_LAYERED_KG_V3_0
news:95404525435dbf7e4b859b5f879ac535,News,"Trái phiếu chuyển đổi, công cụ giúp Vingroup và Novaland huy động về hàng trăm triệu USD trong những năm qua",,2021-09-08,,95404525435dbf7e4b859b5f879ac535,train,True,"{""category"": ""co_tuc_phat_hanh"", ""content_length"": ""4597"", ""publication_time_resolution"": ""DATE_ONLY"", ""url"": ""https://cafef.vn/trai-phieu-chuyen-doi-cong-cu-giup-vingroup-va-novaland-huy-dong-ve-hang-tram-trieu-usd-trong-nhung-nam-qua-20210907135809783.chn""}",FINNEXUS_RESEARCH_DATASET_V17_1,FINNEXUS_TEMPORAL_KG_V1_0,CORE,FINNEXUS_LAYERED_KG_V3_0
news:957d92bae938bc9ce00ad6486ea0e6a5,News,"Vinhomes vừa phát hành xong hơn 6.500 tỷ đồng trái phiếu, một phần nhằm mục đích cơ cấu tài chính",,2021-12-01,,957d92bae938bc9ce00ad6486ea0e6a5,train,True,"{""category"": ""co_tuc_phat_hanh"", ""content_length"": ""1354"", ""publication_time_resolution"": ""DATE_ONLY"", ""url"": ""https://cafef.vn/vinhomes-vua-phat-hanh-xong-hon-6500-ty-dong-trai-phieu-mot-phan-nham-muc-dich-dao-no-20211201100015048.chn""}",FINNEXUS_RESEARCH_DATASET_V17_1,FINNEXUS_TEMPORAL_KG_V1_0,CORE,FINNEXUS_LAYERED_KG_V3_0
news:95a10e4075f1eaf214618279655f0f10,News,"Hoa Sen (HSG) ước LNST 9 tháng đầu niên độ đạt 690 tỷ đồng, tăng 149% cùng kỳ năm trước",,2020-07-13,,95a10e4075f1eaf214618279655f0f10,train,True,"{""category"": ""co_tuc_phat_hanh"", ""content_length"": ""1804"", ""publication_time_resolution"": ""DATE_ONLY"", ""url"": ""https://cafef.vn/hoa-sen-hsg-uoc-lnst-9-thang-dau-nien-do-dat-690-ty-dong-tang-149-cung-ky-nam-truoc-20200713115532487.chn""}",FINNEXUS_RESEARCH_DATASET_V17_1,FINNEXUS_TEMPORAL_KG_V1_0,CORE,FINNEXUS_LAYERED_KG_V3_0
news:95bb5553ffed2c3529ad70407e53f8a2,News,"Gelex (GEX) bất ngờ sửa tài liệu cổ đông, dự kiến chi 426 tỷ đồng trả cổ tức năm 2021 và trả nợ trái phiếu trước hạn",,2022-05-10,,95bb5553ffed2c3529ad70407e53f8a2,validation,True,"{""category"": ""co_tuc_phat_hanh"", ""content_length"": ""1908"", ""publication_time_resolution"": ""DATE_ONLY"", ""url"": ""https://cafef.vn/gelex-gex-bat-ngo-sua-tai-lieu-co-dong-du-kien-chi-426-ty-dong-tra-co-tuc-nam-2021-20220509222225763.chn""}",FINNEXUS_RESEARCH_DATASET_V17_1,FINNEXUS_TEMPORAL_KG_V1_0,CORE,FINNEXUS_LAYERED_KG_V3_0
news:9673e71ddcd894a17de9a35c75b0e93c,News,"ĐHĐCĐ Vincom Retail (VRE): sẽ mở rộng 3 triệu m2 mặt sàn bán lẻ, mục tiêu 2.400 tỷ lợi nhuận 2022",,2022-05-10,,9673e71ddcd894a17de9a35c75b0e93c,validation,True,"{""category"": ""co_tuc_phat_hanh"", ""content_length"": ""2998"", ""publication_time_resolution"": ""DATE_ONLY"", ""url"": ""https://cafef.vn/dhdcd-vincom-retail-vre-se-mo-rong-3-trieu-m-mat-san-ban-le-chua-co-ke-hoach-chia-co-tuc-vi-can-giu-lai-dong-tien-20220510103534987.chn""}",FINNEXUS_RESEARCH_DATASET_V17_1,FINNEXUS_TEMPORAL_KG_V1_0,CORE,FINNEXUS_LAYERED_KG_V3_0
news:967a6ee0fcfc98695077b9ea7d60ff6c,News,"Thị phần môi giới HOSE quí III: SSI tiếp tục dẫn đầu, VPS vượt mặt VNDirect, Bản Việt lọt Top3",,2020-10-06,,967a6ee0fcfc98695077b9ea7d60ff6c,train,True,"{""category"": ""chung_khoan"", ""content_length"": ""2126"", ""publication_time_resolution"": ""DATE_ONLY"", ""url"": ""https://vietnambiz.vn/thi-phan-moi-gioi-hose-qui-iii-ssi-tiep-tuc-dan-dau-vps-vuot-mat-vndirect-ban-viet-lot-top3-20201006133518787.htm""}",FINNEXUS_RESEARCH_DATASET_V17_1,FINNEXUS_TEMPORAL_KG_V1_0,CORE,FINNEXUS_LAYERED_KG_V3_0
news:969c56bb41d1b4bd056931f294132250,News,Viettel Construction (CTR) ước lãi trước thuế 10 tháng đầu năm tăng trưởng hơn 25%,,2022-11-10,,969c56bb41d1b4bd056931f294132250,test,True,"{""category"": ""ket_qua_kinh_doanh"", ""content_length"": ""2185"", ""publication_time_resolution"": ""DATE_ONLY"", ""url"": ""https://cafef.vn/viettel-construction-ctr-uoc-lai-truoc-thue-10-thang-dau-nam-tang-truong-hon-25-20221110162235508.chn""}",FINNEXUS_RESEARCH_DATASET_V17_1,FINNEXUS_TEMPORAL_KG_V1_0,CORE,FINNEXUS_LAYERED_KG_V3_0
news:96b0acf61d4de19aa0eb0256b807bf40,News,"Cổ phiếu tâm điểm ngày 11/5: VCB, TCB, VHM, BCE",,2020-05-10,,96b0acf61d4de19aa0eb0256b807bf40,train,True,"{""category"": ""ngan_hang"", ""content_length"": ""3416"", ""publication_time_resolution"": ""DATE_ONLY"", ""url"": ""https://vietnambiz.vn/co-phieu-tam-diem-ngay-11-5-vcb-tcb-vhm-bce-20200510202411718.htm""}",FINNEXUS_RESEARCH_DATASET_V17_1,FINNEXUS_TEMPORAL_KG_V1_0,CORE,FINNEXUS_LAYERED_KG_V3_0
news:96bbc2299055b846fb1f26df7854edcd,News,"Phiên 2/12: Khối ngoại ""giải ngân"" thêm 2.200 tỷ đồng mua cổ phiếu, tập trung ""gom"" HPG và VHM",,2022-12-02,,96bbc2299055b846fb1f26df7854edcd,test,True,"{""category"": ""chung_khoan"", ""content_length"": ""2262"", ""publication_time_resolution"": ""DATE_ONLY"", ""url"": ""https://cafef.vn/phien-2-12-khoi-ngoai-giai-ngan-them-2200-ty-dong-mua-co-phieu-tap-trung-gom-hpg-va-vhm-20221202154655718.chn""}",FINNEXUS_RESEARCH_DATASET_V17_1,FINNEXUS_TEMPORAL_KG_V1_0,CORE,FINNEXUS_LAYERED_KG_V3_0
news:96c27a256c1c95202454819bf8efdc25,News,HSG: Lợi nhuận sau thuế hợp nhất NĐTC 2021-2022 đạt 251 tỷ đồng,,2022-10-29,,96c27a256c1c95202454819bf8efdc25,test,True,"{""category"": ""ket_qua_kinh_doanh"", ""content_length"": ""3897"", ""publication_time_resolution"": ""DATE_ONLY"", ""url"": ""https://cafef.vn/hsg-loi-nhuan-sau-thue-hop-nhat-ndtc-2021-2022-dat-251-ty-dong-20221029091807759.chn""}",FINNEXUS_RESEARCH_DATASET_V17_1,FINNEXUS_TEMPORAL_KG_V1_0,CORE,FINNEXUS_LAYERED_KG_V3_0
news:97240caf1886fab83092e481bb81fd46,News,"Vingroup thông tin chính thức về khả năng niêm yết VinFast tại Mỹ, nhắc đến SPAC là một trong các khả năng",,2021-04-14,,97240caf1886fab83092e481bb81fd46,train,True,"{""category"": ""co_tuc_phat_hanh"", ""content_length"": ""1228"", ""publication_time_resolution"": ""DATE_ONLY"", ""url"": ""https://cafef.vn/vingroup-thong-tin-chinh-thuc-ve-kha-nang-niem-yet-vinfast-tai-my-nhac-den-spac-la-mot-trong-cac-kha-nang-20210414105252822.chn""}",FINNEXUS_RESEARCH_DATASET_V17_1,FINNEXUS_TEMPORAL_KG_V1_0,CORE,FINNEXUS_LAYERED_KG_V3_0
news:9733809510a920a95e5b0a4d0e74818e,News,"PVD cho thuê giàn PV Drilling I, cổ phiếu lên mức cao nhất trong vòng 3 năm",,2021-03-01,,9733809510a920a95e5b0a4d0e74818e,train,True,"{""category"": ""ket_qua_kinh_doanh"", ""content_length"": ""2098"", ""publication_time_resolution"": ""DATE_ONLY"", ""url"": ""https://cafef.vn/pvd-cho-thue-gian-pv-drilling-i-co-phieu-len-muc-cao-nhat-trong-vong-3-nam-20210301171153419.chn""}",FINNEXUS_RESEARCH_DATASET_V17_1,FINNEXUS_TEMPORAL_KG_V1_0,CORE,FINNEXUS_LAYERED_KG_V3_0
news:97603ef6d5b7f7cfd442a6021c8861f1,News,"Chứng khoán SSI khắc phục lỗi hệ thống, đặt lệnh giao dịch bình thường trên HNX và UPCoM",,2020-08-18,,97603ef6d5b7f7cfd442a6021c8861f1,train,True,"{""category"": ""chung_khoan"", ""content_length"": ""1268"", ""publication_time_resolution"": ""DATE_ONLY"", ""url"": ""https://vietnambiz.vn/chung-khoan-ssi-khac-phuc-loi-he-thong-dat-lenh-giao-dich-binh-thuong-tren-hnx-va-upcom-20200818151334241.htm""}",FINNEXUS_RESEARCH_DATASET_V17_1,FINNEXUS_TEMPORAL_KG_V1_0,CORE,FINNEXUS_LAYERED_KG_V3_0
news:9800dabc01e8c77ce1a5cdf2bae4bb22,News,"Cổ phiếu NAV tăng gấp đôi trong hơn hai tháng, chủ tịch Nam Việt muốn thoái toàn bộ cổ phần",,2019-12-11,,9800dabc01e8c77ce1a5cdf2bae4bb22,train,True,"{""category"": ""chung_khoan"", ""content_length"": ""1238"", ""publication_time_resolution"": ""DATE_ONLY"", ""url"": ""https://vietnambiz.vn/co-phieu-nav-tang-gap-doi-trong-hon-hai-thang-chu-tich-nam-viet-muon-thoai-toan-bo-co-phan-20191210223539668.htm""}",FINNEXUS_RESEARCH_DATASET_V17_1,FINNEXUS_TEMPORAL_KG_V1_0,CORE,FINNEXUS_LAYERED_KG_V3_0
news:9872e433800f9be80060c2daf96051be,News,"Tuần 12 - 16/10: Vốn ngoại rút 1.800 tỉ đồng khỏi thị trường, đẩy mạnh xả MSN khi giá cổ phiếu dậy sóng",,2020-10-17,,9872e433800f9be80060c2daf96051be,train,True,"{""category"": ""ngan_hang"", ""content_length"": ""4467"", ""publication_time_resolution"": ""DATE_ONLY"", ""url"": ""https://vietnambiz.vn/tuan-12-16-10-von-ngoai-rut-1800-ti-dong-khoi-thi-truong-day-manh-xa-msn-khi-gia-co-phieu-day-song-20201017135205344.htm""}",FINNEXUS_RESEARCH_DATASET_V17_1,FINNEXUS_TEMPORAL_KG_V1_0,CORE,FINNEXUS_LAYERED_KG_V3_0
news:98e828e5ecf080d7ef426c97d9f7ed8c,News,Sau biến động lớn về sở hữu tại Savico: Cựu CEO VNDirect Nguyễn Hoàng Giang cùng đại diện DNP Water tham gia HĐQT,,2020-05-29,,98e828e5ecf080d7ef426c97d9f7ed8c,train,True,"{""category"": ""co_tuc_phat_hanh"", ""content_length"": ""7198"", ""publication_time_resolution"": ""DATE_ONLY"", ""url"": ""https://cafef.vn/sau-bien-dong-lon-ve-so-huu-tai-savico-cuu-ceo-vndirect-nguyen-hoang-giang-cung-dai-dien-dnp-water-tham-gia-hdqt-20200529103556386.chn""}",FINNEXUS_RESEARCH_DATASET_V17_1,FINNEXUS_TEMPORAL_KG_V1_0,CORE,FINNEXUS_LAYERED_KG_V3_0
news:999b93c7b0423fc3a4d2807985106891,News,"Chủ tịch VNDirect nói về ""sự màu nhiệm nhất của cuộc đời"" trong cơn khủng hoảng trên thị trường chứng khoán",,2022-11-15,,999b93c7b0423fc3a4d2807985106891,test,True,"{""category"": ""ngan_hang"", ""content_length"": ""3544"", ""publication_time_resolution"": ""DATE_ONLY"", ""url"": ""https://cafef.vn/chu-tich-vndirect-noi-ve-su-mau-nhiem-nhat-cua-cuoc-doi-trong-con-khung-hoang-tren-thi-truong-chung-khoan-20221115161413698.chn""}",FINNEXUS_RESEARCH_DATASET_V17_1,FINNEXUS_TEMPORAL_KG_V1_0,CORE,FINNEXUS_LAYERED_KG_V3_0
news:99bf2d52a5f66d3f06f9e73dcbb60de1,News,"Thị giá 126.000 đồng, Masan Consumer phát hành 7 triệu cổ phiếu ESOP giá 70.000 đồng",,2021-09-15,,99bf2d52a5f66d3f06f9e73dcbb60de1,train,True,"{""category"": ""co_tuc_phat_hanh"", ""content_length"": ""1372"", ""publication_time_resolution"": ""DATE_ONLY"", ""url"": ""https://cafef.vn/thi-gia-126000-dong-masan-consumer-phat-hanh-7-trieu-co-phieu-esop-gia-70000-dong-20210915142513129.chn""}",FINNEXUS_RESEARCH_DATASET_V17_1,FINNEXUS_TEMPORAL_KG_V1_0,CORE,FINNEXUS_LAYERED_KG_V3_0
news:9a58464721789afd3fac30226f856973,News,"Vietjet lỗ vận chuyển hàng không 2.111 tỷ trong 6 tháng, đẩy mạnh hoạt động tài chính và kinh doanh tàu bay để bù đắp",,2020-08-02,,9a58464721789afd3fac30226f856973,train,True,"{""category"": ""ket_qua_kinh_doanh"", ""content_length"": ""4048"", ""publication_time_resolution"": ""DATE_ONLY"", ""url"": ""https://cafef.vn/vietjet-bat-ngo-lai-nghin-ty-quy-2-nho-hoat-dong-tai-chinh-va-kinh-doanh-tau-bay-20200802091849384.chn""}",FINNEXUS_RESEARCH_DATASET_V17_1,FINNEXUS_TEMPORAL_KG_V1_0,CORE,FINNEXUS_LAYERED_KG_V3_0
news:9aaff2c232e9285216c4ba5a49ba2e64,News,"CTD, VNM, CEO, PTI, NHH, TVS, TAR, HMH, DNP, TDG: Thông tin giao dịch lượng lớn cổ phiếu",,2022-01-02,,9aaff2c232e9285216c4ba5a49ba2e64,validation,True,"{""category"": ""chung_khoan"", ""content_length"": ""2075"", ""publication_time_resolution"": ""DATE_ONLY"", ""url"": ""https://cafef.vn/ctd-vnm-ceo-pti-nhh-tvs-tar-hmh-dnp-tdg-thong-tin-giao-dich-luong-lon-co-phieu-20220101164312793.chn""}",FINNEXUS_RESEARCH_DATASET_V17_1,FINNEXUS_TEMPORAL_KG_V1_0,CORE,FINNEXUS_LAYERED_KG_V3_0
news:9b6e0374ffafa765812380074ab04383,News,"Vĩnh Hoàn (VHC) báo lãi tăng 79% trong quý 3, dành 190 tỷ đồng để đầu tư NLG, DXS, KBC... lỗ mất 41% vốn",,2022-10-20,,9b6e0374ffafa765812380074ab04383,test,True,"{""category"": ""co_tuc_phat_hanh"", ""content_length"": ""1144"", ""publication_time_resolution"": ""DATE_ONLY"", ""url"": ""https://cafef.vn/vinh-hoan-vhc-bao-lai-tang-79-trong-quy-3-danh-190-ty-dong-de-dau-tu-nlg-dxs-kbc-lo-mat-41-von-20221020174021874.chn""}",FINNEXUS_RESEARCH_DATASET_V17_1,FINNEXUS_TEMPORAL_KG_V1_0,CORE,FINNEXUS_LAYERED_KG_V3_0
news:9b978df5f39fbf9b589837720a847131,News,"Hợp tác với Walt Disney, lợi nhuận tháng 11 PNJ tăng trưởng 60% so với cùng kỳ năm trước",,2019-12-23,,9b978df5f39fbf9b589837720a847131,train,True,"{""category"": ""ket_qua_kinh_doanh"", ""content_length"": ""2223"", ""publication_time_resolution"": ""DATE_ONLY"", ""url"": ""https://cafef.vn/hop-tac-voi-walt-disney-loi-nhuan-thang-11-pnj-tang-truong-60-so-voi-cung-ky-nam-truoc-2019122322514867.chn""}",FINNEXUS_RESEARCH_DATASET_V17_1,FINNEXUS_TEMPORAL_KG_V1_0,CORE,FINNEXUS_LAYERED_KG_V3_0
news:9bbbe9069454198061070c02aba22eb3,News,"Sau 3 năm, vốn VinHomes lại lớn hơn Vingroup, giá trị của TCB vượt qua cả BIDV lẫn Vietinbank",,2021-07-05,,9bbbe9069454198061070c02aba22eb3,train,True,"{""category"": ""ngan_hang"", ""content_length"": ""1136"", ""publication_time_resolution"": ""DATE_ONLY"", ""url"": ""https://cafef.vn/sau-3-nam-von-vinhomes-lai-lon-hon-vingroup-gia-tri-cua-tcb-vuot-qua-ca-bidv-lan-vietinbank-20210705170256933.chn""}",FINNEXUS_RESEARCH_DATASET_V17_1,FINNEXUS_TEMPORAL_KG_V1_0,CORE,FINNEXUS_LAYERED_KG_V3_0
news:9bc5f584d71ee4818ef3b33167ce0b7b,News,"Vừa bán xong 30 triệu cổ phiếu HSG, công ty của ông Lê Phước Vũ đăng ký bán nốt 43 triệu cổ phiếu",,2020-12-01,,9bc5f584d71ee4818ef3b33167ce0b7b,train,True,"{""category"": ""chung_khoan"", ""content_length"": ""1515"", ""publication_time_resolution"": ""DATE_ONLY"", ""url"": ""https://cafef.vn/vua-ban-xong-30-trieu-co-phieu-hsg-cong-ty-cua-ong-le-phuoc-vu-dang-ky-ban-not-43-trieu-co-phieu-20201201172916587.chn""}",FINNEXUS_RESEARCH_DATASET_V17_1,FINNEXUS_TEMPORAL_KG_V1_0,CORE,FINNEXUS_LAYERED_KG_V3_0
news:9be5fc053c654edfa6ee044289979636,News,"PV Power (POW) ước đạt 3.100 tỷ LNTT hợp nhất năm 2019, cổ phiếu tiếp tục dò đáy",,2020-01-09,,9be5fc053c654edfa6ee044289979636,train,True,"{""category"": ""ket_qua_kinh_doanh"", ""content_length"": ""1845"", ""publication_time_resolution"": ""DATE_ONLY"", ""url"": ""https://cafef.vn/pv-power-pow-uoc-dat-3100-ty-lntt-hop-nhat-nam-2019-co-phieu-tiep-tuc-do-day-20200109165102533.chn""}",FINNEXUS_RESEARCH_DATASET_V17_1,FINNEXUS_TEMPORAL_KG_V1_0,CORE,FINNEXUS_LAYERED_KG_V3_0
news:9c57da428f1178c4ae3e6eeddc8e4d0f,News,"Phiên 22/6: Khối tự doanh tiếp tục mua ròng 329 tỷ đồng cổ phiếu sàn HOSE, tập trung MWG, FPT, PNJ",,2022-06-22,,9c57da428f1178c4ae3e6eeddc8e4d0f,test,True,"{""category"": ""chung_khoan"", ""content_length"": ""1375"", ""publication_time_resolution"": ""DATE_ONLY"", ""url"": ""https://vietnambiz.vn/phien-226-khoi-tu-doanh-tiep-tuc-mua-rong-329-ty-dong-co-phieu-san-hose-tap-trung-mwg-fpt-pnj-202262218297386.htm""}",FINNEXUS_RESEARCH_DATASET_V17_1,FINNEXUS_TEMPORAL_KG_V1_0,CORE,FINNEXUS_LAYERED_KG_V3_0
news:9c5f8ceca1ec67fd2d5cf0559a543c9d,News,CEO Gelex Nguyễn Văn Tuấn đăng ký mua tiếp 20 triệu cổ phiếu,,2020-08-31,,9c5f8ceca1ec67fd2d5cf0559a543c9d,train,True,"{""category"": ""chung_khoan"", ""content_length"": ""737"", ""publication_time_resolution"": ""DATE_ONLY"", ""url"": ""https://cafef.vn/ceo-gelex-nguyen-van-tuan-dang-ky-mua-tiep-20-trieu-co-phieu-2020083118165145.chn""}",FINNEXUS_RESEARCH_DATASET_V17_1,FINNEXUS_TEMPORAL_KG_V1_0,CORE,FINNEXUS_LAYERED_KG_V3_0
news:9c8e60ea88e85182d9933a8df560e7db,News,"PLX tăng mạnh, Petrolimex quyết định đưa tiếp 25 triệu cổ phiếu quỹ ra bán",,2021-02-19,,9c8e60ea88e85182d9933a8df560e7db,train,True,"{""category"": ""ket_qua_kinh_doanh"", ""content_length"": ""1116"", ""publication_time_resolution"": ""DATE_ONLY"", ""url"": ""https://cafef.vn/plx-tang-manh-petrolimex-quyet-dinh-dua-tiep-25-trieu-co-phieu-quy-ra-ban-20210219085254777.chn""}",FINNEXUS_RESEARCH_DATASET_V17_1,FINNEXUS_TEMPORAL_KG_V1_0,CORE,FINNEXUS_LAYERED_KG_V3_0
news:9cc767f8d161018715a82522c1eb7209,News,"Hải An (HAH) đặt kế hoạch lãi 550 tỷ đồng, nâng mức cổ tức năm 2021 lên 50%",,2022-03-09,,9cc767f8d161018715a82522c1eb7209,validation,True,"{""category"": ""co_tuc_phat_hanh"", ""content_length"": ""3318"", ""publication_time_resolution"": ""DATE_ONLY"", ""url"": ""https://cafef.vn/hai-an-hah-dat-ke-hoach-lai-550-ty-dong-nang-muc-co-tuc-nam-2021-len-50-20220309161234071.chn""}",FINNEXUS_RESEARCH_DATASET_V17_1,FINNEXUS_TEMPORAL_KG_V1_0,CORE,FINNEXUS_LAYERED_KG_V3_0
news:9ce17bb9bbd794bea37828a59aac069e,News,Pyn Elite Fund tiếp tục bán hơn 4 triệu cổ phiếu VND,,2021-01-21,,9ce17bb9bbd794bea37828a59aac069e,train,True,"{""category"": ""chung_khoan"", ""content_length"": ""1689"", ""publication_time_resolution"": ""DATE_ONLY"", ""url"": ""https://vietnambiz.vn/pyn-elite-fund-tiep-tuc-ban-hon-4-trieu-co-phieu-vnd-20210121084938773.htm""}",FINNEXUS_RESEARCH_DATASET_V17_1,FINNEXUS_TEMPORAL_KG_V1_0,CORE,FINNEXUS_LAYERED_KG_V3_0
news:9d8769c2b04e6edc0806325e6271cad5,News,Năm 2019 Đạm Phú Mỹ (DPM) lãi hơn 370 tỷ đồng giảm gần một nửa so với cùng kỳ,,2020-02-05,,9d8769c2b04e6edc0806325e6271cad5,train,True,"{""category"": ""ket_qua_kinh_doanh"", ""content_length"": ""2117"", ""publication_time_resolution"": ""DATE_ONLY"", ""url"": ""https://cafef.vn/nam-2019-dam-phu-my-dpm-lai-hon-370-ty-dong-giam-gan-mot-nua-so-voi-cung-ky-20200204162534324.chn""}",FINNEXUS_RESEARCH_DATASET_V17_1,FINNEXUS_TEMPORAL_KG_V1_0,CORE,FINNEXUS_LAYERED_KG_V3_0
news:9dde85b68496d36bea7abfdcdfdc961f,News,FPT chốt quyền tạm ứng cổ tức đợt 1/2022 bằng tiền tỷ lệ 10%,,2022-07-28,,9dde85b68496d36bea7abfdcdfdc961f,test,True,"{""category"": ""co_tuc_phat_hanh"", ""content_length"": ""2022"", ""publication_time_resolution"": ""DATE_ONLY"", ""url"": ""https://cafef.vn/fpt-chot-quyen-tam-ung-co-tuc-dot-1-2022-bang-tien-ty-le-10-20220728111313742.chn""}",FINNEXUS_RESEARCH_DATASET_V17_1,FINNEXUS_TEMPORAL_KG_V1_0,CORE,FINNEXUS_LAYERED_KG_V3_0
news:9e286cf1c0d78fd4e683ecb685c9e272,News,"Khối ngoại xả hơn 27 triệu cổ phiếu CTG, nhóm IFC tiếp tục thoái vốn tại VietinBank?",,2020-08-28,,9e286cf1c0d78fd4e683ecb685c9e272,train,True,"{""category"": ""ngan_hang"", ""content_length"": ""1976"", ""publication_time_resolution"": ""DATE_ONLY"", ""url"": ""https://vietnambiz.vn/khoi-ngoai-xa-hon-27-trieu-co-phieu-ctg-nhom-ifc-tiep-tuc-thoai-von-tai-vietinbank-20200828153347393.htm""}",FINNEXUS_RESEARCH_DATASET_V17_1,FINNEXUS_TEMPORAL_KG_V1_0,CORE,FINNEXUS_LAYERED_KG_V3_0
news:9f0d9c313678999d0bd458822fcd5c9d,News,"Viconship tạm ứng cổ tức tiền mặt 15%, đầu tư cảng nước sâu tại Lạch Huyện",,2020-10-01,,9f0d9c313678999d0bd458822fcd5c9d,train,True,"{""category"": ""co_tuc_phat_hanh"", ""content_length"": ""1329"", ""publication_time_resolution"": ""DATE_ONLY"", ""url"": ""https://cafef.vn/viconship-tam-ung-co-tuc-tien-mat-15-dau-tu-cang-nuoc-sau-tai-lach-huyen-20201001084936662.chn""}",FINNEXUS_RESEARCH_DATASET_V17_1,FINNEXUS_TEMPORAL_KG_V1_0,CORE,FINNEXUS_LAYERED_KG_V3_0
news:9f24ab2f6038b44a748ed9f8e35e5217,News,"Tranh thủ giá cổ phiếu giảm sâu, VNDIRECT chi gần 18 tỷ đồng trở thành cổ đông lớn của Tập đoàn CIENCO4",,2020-01-09,,9f24ab2f6038b44a748ed9f8e35e5217,train,True,"{""category"": ""chung_khoan"", ""content_length"": ""1498"", ""publication_time_resolution"": ""DATE_ONLY"", ""url"": ""https://cafef.vn/tranh-thu-gia-co-phieu-giam-sau-vndirect-chi-gan-18-ty-dong-tro-thanh-co-dong-lon-cua-tap-doan-cienco4-20200109165045549.chn""}",FINNEXUS_RESEARCH_DATASET_V17_1,FINNEXUS_TEMPORAL_KG_V1_0,CORE,FINNEXUS_LAYERED_KG_V3_0
news:9f37e3f28d0e2f9bad638fe857ccfd0b,News,Con trai Tổng Giám đốc của VPBank đăng ký mua 12 triệu cổ phiếu VPB,,2020-04-10,,9f37e3f28d0e2f9bad638fe857ccfd0b,train,True,"{""category"": ""co_tuc_phat_hanh"", ""content_length"": ""2541"", ""publication_time_resolution"": ""DATE_ONLY"", ""url"": ""https://cafef.vn/con-trai-tong-giam-doc-cua-vpbank-dang-ky-mua-12-trieu-co-phieu-vpb-2020041014205174.chn""}",FINNEXUS_RESEARCH_DATASET_V17_1,FINNEXUS_TEMPORAL_KG_V1_0,CORE,FINNEXUS_LAYERED_KG_V3_0
news:9f7b6ed7a58517c8c260b8317a7e6b95,News,"Tin kinh tế trước giờ giao dịch (3/6): Chứng khoán Mỹ hồi phục, Vingroup dồn lực đưa VinFast 'Mỹ tiến'",,2021-06-03,,9f7b6ed7a58517c8c260b8317a7e6b95,train,True,"{""category"": ""phap_ly"", ""content_length"": ""4970"", ""publication_time_resolution"": ""DATE_ONLY"", ""url"": ""https://vietnambiz.vn/tin-kinh-te-truoc-gio-giao-dich-3-6-chung-khoan-my-hoi-phuc-vingroup-don-luc-dua-vinfast-my-tien-2021060308180811.htm""}",FINNEXUS_RESEARCH_DATASET_V17_1,FINNEXUS_TEMPORAL_KG_V1_0,CORE,FINNEXUS_LAYERED_KG_V3_0
news:9fb6105e638d4cdfb62e60045adf30bd,News,"Doanh nghiệp tuần qua: PV Power sẽ đưa thêm công ty con lên sàn, Đạm Phú Mỹ chốt quyền chia cổ tức",,2022-07-10,,9fb6105e638d4cdfb62e60045adf30bd,test,True,"{""category"": ""co_tuc_phat_hanh"", ""content_length"": ""5994"", ""publication_time_resolution"": ""DATE_ONLY"", ""url"": ""https://cafef.vn/doanh-nghiep-tuan-qua-pv-power-se-dua-them-cong-ty-con-len-san-dam-phu-my-chot-quyen-chia-co-tuc-20220710093342585.chn""}",FINNEXUS_RESEARCH_DATASET_V17_1,FINNEXUS_TEMPORAL_KG_V1_0,CORE,FINNEXUS_LAYERED_KG_V3_0
news:9fc5a7176858f0f911368fca52f8a6a8,News,"7 tháng 2022, PNJ đạt doanh thu gần 21.000 tỷ đồng, tăng 71%",,2022-08-23,,9fc5a7176858f0f911368fca52f8a6a8,test,True,"{""category"": ""co_tuc_phat_hanh"", ""content_length"": ""1875"", ""publication_time_resolution"": ""DATE_ONLY"", ""url"": ""https://www.tinnhanhchungkhoan.vn/7-thang-2022-pnj-dat-doanh-thu-gan-21000-ty-dong-tang-71-post304278.html""}",FINNEXUS_RESEARCH_DATASET_V17_1,FINNEXUS_TEMPORAL_KG_V1_0,CORE,FINNEXUS_LAYERED_KG_V3_0
news:9fcfe18b0b322f767eeb51c8370c55b6,News,"Tuần 22-26/6: Khối ngoại bán ròng trở lại hơn 230 tỷ đồng, tiếp tục rút vốn VNM",,2020-06-27,,9fcfe18b0b322f767eeb51c8370c55b6,train,True,"{""category"": ""ngan_hang"", ""content_length"": ""2436"", ""publication_time_resolution"": ""DATE_ONLY"", ""url"": ""https://cafef.vn/tuan-22-26-6-khoi-ngoai-ban-rong-tro-lai-hon-230-ty-dong-tiep-tuc-rut-von-vnm-20200627083648013.chn""}",FINNEXUS_RESEARCH_DATASET_V17_1,FINNEXUS_TEMPORAL_KG_V1_0,CORE,FINNEXUS_LAYERED_KG_V3_0
news:9ff3bf47d55fc7645169a8ba70d1543b,News,"HoSE: Có 65 mã không được cấp margin tính đến 24/8, đa phần thuộc diện cảnh báo như DXG, GTN, HAG, HNG, HVN, YEG...",,2021-08-27,,9ff3bf47d55fc7645169a8ba70d1543b,train,True,"{""category"": ""ket_qua_kinh_doanh"", ""content_length"": ""682"", ""publication_time_resolution"": ""DATE_ONLY"", ""url"": ""https://cafef.vn/hose-co-65-ma-khong-duoc-cap-margin-tinh-den-24-8-da-phan-thuoc-dien-canh-bao-nhu-dxg-gtn-hag-hng-hvn-yeg-20210827104623672.chn""}",FINNEXUS_RESEARCH_DATASET_V17_1,FINNEXUS_TEMPORAL_KG_V1_0,CORE,FINNEXUS_LAYERED_KG_V3_0
news:a00fea8b171c82deb324b187105d32e3,News,"Thế giới Di động đạt 3.834 tỷ lãi ròng, mục tiêu 2020 tăng hơn 26% với đóng góp lớn từ Điện Máy Xanh",,2020-01-24,,a00fea8b171c82deb324b187105d32e3,train,True,"{""category"": ""ket_qua_kinh_doanh"", ""content_length"": ""2750"", ""publication_time_resolution"": ""DATE_ONLY"", ""url"": ""https://cafef.vn/the-gioi-di-dong-dat-3834-ty-lai-rong-muc-tieu-2020-tang-hon-26-voi-dong-gop-lon-tu-dien-may-xanh-20200124091011817.chn""}",FINNEXUS_RESEARCH_DATASET_V17_1,FINNEXUS_TEMPORAL_KG_V1_0,CORE,FINNEXUS_LAYERED_KG_V3_0
news:a0e660b5cdd424effb8be42e7999e4ef,News,Sếp Thế Giới Di Động đã mua 300.000 cổ phiếu MWG như đăng kí,,2020-04-07,,a0e660b5cdd424effb8be42e7999e4ef,train,True,"{""category"": ""ket_qua_kinh_doanh"", ""content_length"": ""2965"", ""publication_time_resolution"": ""DATE_ONLY"", ""url"": ""https://vietnambiz.vn/sep-the-gioi-di-dong-da-mua-300000-co-phieu-mwg-nhu-dang-ki-20200407182104581.htm""}",FINNEXUS_RESEARCH_DATASET_V17_1,FINNEXUS_TEMPORAL_KG_V1_0,CORE,FINNEXUS_LAYERED_KG_V3_0
news:a138fe92a0aa9d02be27b82ea984ce3e,News,"CEO của Chứng khoán FPT đăng ký bán 6,5 triệu cổ phiếu FTS",,2021-03-10,,a138fe92a0aa9d02be27b82ea984ce3e,train,True,"{""category"": ""co_tuc_phat_hanh"", ""content_length"": ""1294"", ""publication_time_resolution"": ""DATE_ONLY"", ""url"": ""https://cafef.vn/ceo-cua-chung-khoan-fpt-dang-ky-ban-65-trieu-co-phieu-fts-20210310084903076.chn""}",FINNEXUS_RESEARCH_DATASET_V17_1,FINNEXUS_TEMPORAL_KG_V1_0,CORE,FINNEXUS_LAYERED_KG_V3_0
news:a16e3198d04213122cce7b859c040454,News,"VNM, BCG, CMX, HID, APG, TVS, KSH, TCD, GDT, S4A, AMS, D11, ICG: Thông tin giao dịch lượng lớn cổ phiếu",,2020-03-06,,a16e3198d04213122cce7b859c040454,train,True,"{""category"": ""bat_dong_san"", ""content_length"": ""3569"", ""publication_time_resolution"": ""DATE_ONLY"", ""url"": ""https://cafef.vn/vnm-bcg-cmx-hid-apg-tvs-ksh-tcd-gdt-s4a-ams-d11-icg-thong-tin-giao-dich-luong-lon-co-phieu-20200305175542394.chn""}",FINNEXUS_RESEARCH_DATASET_V17_1,FINNEXUS_TEMPORAL_KG_V1_0,CORE,FINNEXUS_LAYERED_KG_V3_0
news:a1ab19dcf212de12d2988ec142606f3a,News,"PV Power đang trong quá trình định giá, xem xét phương án thoái vốn PV Machino",,2020-12-22,,a1ab19dcf212de12d2988ec142606f3a,train,True,"{""category"": ""ket_qua_kinh_doanh"", ""content_length"": ""2220"", ""publication_time_resolution"": ""DATE_ONLY"", ""url"": ""https://cafef.vn/pv-power-dang-trong-qua-trinh-dinh-gia-xem-xet-phuong-an-thoai-von-pv-machino-20201222110416217.chn""}",FINNEXUS_RESEARCH_DATASET_V17_1,FINNEXUS_TEMPORAL_KG_V1_0,CORE,FINNEXUS_LAYERED_KG_V3_0
news:a20c0c64da55d0f1a04f55e5632bf126,News,"HPG, FPT, VIB, QTP, SAM, PME, HVT, VCR, FRM, ND2, GMA, HRB, MHP: Thông tin giao dịch lượng lớn cổ phiếu",,2021-02-19,,a20c0c64da55d0f1a04f55e5632bf126,train,True,"{""category"": ""ngan_hang"", ""content_length"": ""3445"", ""publication_time_resolution"": ""DATE_ONLY"", ""url"": ""https://cafef.vn/hpg-fpt-vib-qtp-sam-pme-hvt-vcr-frm-nd2-gma-hrb-mhp-thong-tin-giao-dich-luong-lon-co-phieu-20210218182140824.chn""}",FINNEXUS_RESEARCH_DATASET_V17_1,FINNEXUS_TEMPORAL_KG_V1_0,CORE,FINNEXUS_LAYERED_KG_V3_0
news:a2aaf705fee428caf0e2ed6bb8592e3e,News,Người nhà lãnh đạo VPBank bán bớt cổ phiếu VPB,,2021-05-23,,a2aaf705fee428caf0e2ed6bb8592e3e,train,True,"{""category"": ""ket_qua_kinh_doanh"", ""content_length"": ""1529"", ""publication_time_resolution"": ""DATE_ONLY"", ""url"": ""https://vietnambiz.vn/nguoi-nha-lanh-dao-vpbank-ban-bot-co-phieu-vpb-20210523143910476.htm""}",FINNEXUS_RESEARCH_DATASET_V17_1,FINNEXUS_TEMPORAL_KG_V1_0,CORE,FINNEXUS_LAYERED_KG_V3_0
news:a2d2871265ce7b2277a185afb288c790,News,"Vinamilk không mua 17,5 triệu cổ phiếu quĩ vì giá đã bình ổn",,2020-07-01,,a2d2871265ce7b2277a185afb288c790,train,True,"{""category"": ""ket_qua_kinh_doanh"", ""content_length"": ""1644"", ""publication_time_resolution"": ""DATE_ONLY"", ""url"": ""https://vietnambiz.vn/vinamilk-khong-mua-175-trieu-co-phieu-qui-vi-gia-da-binh-on-20200701023553797.htm""}",FINNEXUS_RESEARCH_DATASET_V17_1,FINNEXUS_TEMPORAL_KG_V1_0,CORE,FINNEXUS_LAYERED_KG_V3_0
news:a2ff65ab9cf838358ca385dfcaaf7416,News,Gelex muốn chuyển nhượng toàn bộ 138 triệu cổ phiếu của Viglacera (VGC) cho công ty con,,2021-08-04,,a2ff65ab9cf838358ca385dfcaaf7416,train,True,"{""category"": ""co_tuc_phat_hanh"", ""content_length"": ""2116"", ""publication_time_resolution"": ""DATE_ONLY"", ""url"": ""https://cafef.vn/gelex-muon-chuyen-nhuong-toan-bo-138-trieu-co-phieu-cua-viglacera-vgc-cho-cong-ty-con-20210804111636838.chn""}",FINNEXUS_RESEARCH_DATASET_V17_1,FINNEXUS_TEMPORAL_KG_V1_0,CORE,FINNEXUS_LAYERED_KG_V3_0
news:a333df5de0e0fc0174e964e9e2bf2a63,News,"Mảng môi giới gặp khó, lợi nhuận Chứng khoán Bản Việt (VCSC) giảm 30% trong quý 2/2019",,2019-07-22,,a333df5de0e0fc0174e964e9e2bf2a63,train,True,"{""category"": ""ket_qua_kinh_doanh"", ""content_length"": ""1707"", ""publication_time_resolution"": ""DATE_ONLY"", ""url"": ""https://cafef.vn/mang-moi-gioi-gap-kho-loi-nhuan-chung-khoan-ban-viet-vcsc-giam-30-trong-quy-2-2019-20190722160333562.chn""}",FINNEXUS_RESEARCH_DATASET_V17_1,FINNEXUS_TEMPORAL_KG_V1_0,CORE,FINNEXUS_LAYERED_KG_V3_0
news:a3ea06ae208989b1c70cf332b5e62d82,News,"Chứng khoán Bản Việt (VCI): Tăng vốn 1.674 tỷ, ""nhá hàng"" đang có đến 40.000 tỷ ""deal"" lớn và sẽ đẩy mạnh mảng IB trở lại",,2021-03-19,,a3ea06ae208989b1c70cf332b5e62d82,train,True,"{""category"": ""co_tuc_phat_hanh"", ""content_length"": ""4077"", ""publication_time_resolution"": ""DATE_ONLY"", ""url"": ""https://cafef.vn/chung-khoan-ban-viet-vci-tang-von-1674-ty-nha-hang-dang-co-den-4000-ty-deal-lon-va-se-day-manh-mang-ib-tro-lai-20210319074109673.chn""}",FINNEXUS_RESEARCH_DATASET_V17_1,FINNEXUS_TEMPORAL_KG_V1_0,CORE,FINNEXUS_LAYERED_KG_V3_0
news:a40ca95740e9804dd617feb57443ffa2,News,"Khang Điền (KDH): Doanh thu chỉ bằng 1/6cùng kỳ, lợi nhuận vẫn tăng gấp rưỡi lên 300 tỷ nhờ thương vụ mua rẻ",,2022-05-01,,a40ca95740e9804dd617feb57443ffa2,validation,True,"{""category"": ""ket_qua_kinh_doanh"", ""content_length"": ""1996"", ""publication_time_resolution"": ""DATE_ONLY"", ""url"": ""https://cafef.vn/khang-dien-kdh-doanh-thu-chi-bang-1-6cung-ky-loi-nhuan-van-tang-gap-ruoi-len-300-ty-nho-thuong-vu-mua-re-20220429185519795.chn""}",FINNEXUS_RESEARCH_DATASET_V17_1,FINNEXUS_TEMPORAL_KG_V1_0,CORE,FINNEXUS_LAYERED_KG_V3_0
news:a4967f6d2ceeb0f725a34680def305b3,News,"ASM giảm sâu, người nhà của CEO Sao Mai Group tranh thủ đăng ký mua 5 triệu cổ phiếu",,2019-08-20,,a4967f6d2ceeb0f725a34680def305b3,train,True,"{""category"": ""chung_khoan"", ""content_length"": ""783"", ""publication_time_resolution"": ""DATE_ONLY"", ""url"": ""https://cafef.vn/asm-giam-sau-nguoi-nha-cua-ceo-sao-mai-group-tranh-thu-dang-ky-mua-5-trieu-co-phieu-20190820094920467.chn""}",FINNEXUS_RESEARCH_DATASET_V17_1,FINNEXUS_TEMPORAL_KG_V1_0,CORE,FINNEXUS_LAYERED_KG_V3_0
news:a49c1288d43c8ae84015d60b47602c8d,News,"PNJ đạt 721 tỷ LNST trong quý 1/2022, tăng 41% so với cùng kỳ",,2022-04-20,,a49c1288d43c8ae84015d60b47602c8d,validation,True,"{""category"": ""co_tuc_phat_hanh"", ""content_length"": ""1267"", ""publication_time_resolution"": ""DATE_ONLY"", ""url"": ""https://cafef.vn/pnj-dat-721-ty-lnst-trong-quy-1-2022-tang-41-so-voi-cung-ky-20220420121259632.chn""}",FINNEXUS_RESEARCH_DATASET_V17_1,FINNEXUS_TEMPORAL_KG_V1_0,CORE,FINNEXUS_LAYERED_KG_V3_0
news:a4e22400e36f23032f67001cea55850f,News,"Giao dịch khối ngoại 12/11: Bán ròng hơn 180 tỉ đồng toàn thị trường, xả trăm tỉ cổ phiếu VNM",,2019-11-12,,a4e22400e36f23032f67001cea55850f,train,True,"{""category"": ""chung_khoan"", ""content_length"": ""2138"", ""publication_time_resolution"": ""DATE_ONLY"", ""url"": ""https://vietnambiz.vn/giao-dich-khoi-ngoai-12-11-ban-rong-hon-180-ti-dong-toan-thi-truong-xa-tram-ti-co-phieu-vnm-20191112164525295.htm""}",FINNEXUS_RESEARCH_DATASET_V17_1,FINNEXUS_TEMPORAL_KG_V1_0,CORE,FINNEXUS_LAYERED_KG_V3_0
news:a4f7e3e9642cbac95cd8a56d5716df00,News,"Sau 3 quý liên tiếp lỗ vài nghìn tỷ, Vietnam Airlines chỉ còn lỗ gần 400 tỷ trong quý 4",,2021-02-01,,a4f7e3e9642cbac95cd8a56d5716df00,train,True,"{""category"": ""co_tuc_phat_hanh"", ""content_length"": ""2014"", ""publication_time_resolution"": ""DATE_ONLY"", ""url"": ""https://cafef.vn/sau-3-quy-lien-tiep-lo-vai-nghin-ty-vietnam-airlines-chi-con-lo-gan-400-ty-trong-quy-4-20210201185622756.chn""}",FINNEXUS_RESEARCH_DATASET_V17_1,FINNEXUS_TEMPORAL_KG_V1_0,CORE,FINNEXUS_LAYERED_KG_V3_0
news:a519d16bc4f68fd3a11c958722e9e74a,News,Sản lượng bán hàng của Hòa Phát tăng 2 tháng liên tiếp dù thép xây dựng giảm 17% so với cùng kỳ vì giãn cách xã hội,,2021-09-08,,a519d16bc4f68fd3a11c958722e9e74a,train,True,"{""category"": ""doanh_nghiep"", ""content_length"": ""1853"", ""publication_time_resolution"": ""DATE_ONLY"", ""url"": ""https://cafef.vn/san-luong-ban-hang-cua-hoa-phat-tang-3-thang-lien-tiep-du-thep-xay-dung-giam-17-so-voi-cung-ky-vi-gian-cach-xa-hoi-20210908120935627.chn""}",FINNEXUS_RESEARCH_DATASET_V17_1,FINNEXUS_TEMPORAL_KG_V1_0,CORE,FINNEXUS_LAYERED_KG_V3_0
news:a5c4eb92a770428e468cf9667166ef62,News,"SSI Research dự báo danh mục ETF kỳ quý 1/2022: Thêm vào lượng lớn cổ phiếu NLG, VND, CEO, PVD, VIX; Fubon tăng tỷ trọng VHM, HPG, HDB và ACB",,2022-02-28,,a5c4eb92a770428e468cf9667166ef62,validation,True,"{""category"": ""chung_khoan"", ""content_length"": ""1817"", ""publication_time_resolution"": ""DATE_ONLY"", ""url"": ""https://cafef.vn/ssi-research-du-bao-danh-muc-etf-ky-quy-1-2022-them-vao-luong-lon-co-phieu-nlg-vnd-ceo-pvd-vix-fubon-tang-ty-trong-vhm-hpg-hdb-va-acb-20220228101558724.chn""}",FINNEXUS_RESEARCH_DATASET_V17_1,FINNEXUS_TEMPORAL_KG_V1_0,CORE,FINNEXUS_LAYERED_KG_V3_0
news:a5da051ff95ed16150caedde32d1e776,News,"Hoàn tất phát hành ESOP, Masan Group tăng vốn lên 11.747 tỷ đồng",,2020-08-26,,a5da051ff95ed16150caedde32d1e776,train,True,"{""category"": ""co_tuc_phat_hanh"", ""content_length"": ""1788"", ""publication_time_resolution"": ""DATE_ONLY"", ""url"": ""https://cafef.vn/hoan-tat-phat-hanh-esop-masan-group-tang-von-len-11747-ty-dong-20200826105755278.chn""}",FINNEXUS_RESEARCH_DATASET_V17_1,FINNEXUS_TEMPORAL_KG_V1_0,CORE,FINNEXUS_LAYERED_KG_V3_0
news:a60a33dbeae888aa4b7ef0a292be7c58,News,"Masan huy động được 3,000 tỷ đồng từ phát hành trái phiếu",,2020-03-10,,a60a33dbeae888aa4b7ef0a292be7c58,train,True,"{""category"": ""co_tuc_phat_hanh"", ""content_length"": ""1813"", ""publication_time_resolution"": ""DATE_ONLY"", ""url"": ""https://vietstock.vn/2020/03/masan-huy-dong-duoc-3000-ty-dong-tu-phat-hanh-trai-phieu-3118-736198.htm""}",FINNEXUS_RESEARCH_DATASET_V17_1,FINNEXUS_TEMPORAL_KG_V1_0,CORE,FINNEXUS_LAYERED_KG_V3_0
news:a691982d05840c1c8cb9cce12df6e79a,News,"DXG, VDS, TCO, TVB, IMP, VE1, SSG, TMS, HAH, ELC, MAC, FGL, LMC: Thông tin giao dịch lượng lớn cổ phiếu",,2021-06-16,,a691982d05840c1c8cb9cce12df6e79a,train,True,"{""category"": ""chung_khoan"", ""content_length"": ""3417"", ""publication_time_resolution"": ""DATE_ONLY"", ""url"": ""https://cafef.vn/dxg-vds-tco-tvb-imp-ve1-ssg-tms-hah-elc-mac-fgl-lmc-thong-tin-giao-dich-luong-lon-co-phieu-20210616080600048.chn""}",FINNEXUS_RESEARCH_DATASET_V17_1,FINNEXUS_TEMPORAL_KG_V1_0,CORE,FINNEXUS_LAYERED_KG_V3_0
news:a6b78b571d8dba1d0af52475d1b0ac4d,News,"PENM III Germany bán hết 7 triệu cổ phiếu HPG, không còn là cổ đông của Tập đoàn Hòa Phát",,2021-03-10,,a6b78b571d8dba1d0af52475d1b0ac4d,train,True,"{""category"": ""chung_khoan"", ""content_length"": ""1814"", ""publication_time_resolution"": ""DATE_ONLY"", ""url"": ""https://cafef.vn/penm-iii-germany-ban-het-7-trieu-co-phieu-hpg-khong-con-la-co-dong-cua-tap-doan-hoa-phat-20210310082645338.chn""}",FINNEXUS_RESEARCH_DATASET_V17_1,FINNEXUS_TEMPORAL_KG_V1_0,CORE,FINNEXUS_LAYERED_KG_V3_0
news:a6bd8c52206252b69cbfff8c938c286a,News,"Phiên 15/2: Khối ngoại quay đầu mua ròng khớp lệnh hơn 1.000 tỷ đồng trên HOSE, tâm điểm STB, MSN",,2022-02-15,,a6bd8c52206252b69cbfff8c938c286a,validation,True,"{""category"": ""ngan_hang"", ""content_length"": ""3561"", ""publication_time_resolution"": ""DATE_ONLY"", ""url"": ""https://vietnambiz.vn/phien-15-2-khoi-ngoai-quay-dau-mua-rong-khop-lenh-hon-1000-ty-dong-tren-hose-tam-diem-stb-msn-20220215161029067.htm""}",FINNEXUS_RESEARCH_DATASET_V17_1,FINNEXUS_TEMPORAL_KG_V1_0,CORE,FINNEXUS_LAYERED_KG_V3_0
news:a6ce94c90e60c7acab24c3086f03e587,News,"Phiên 4/6: Khối ngoại bán ròng hơn 150 tỷ đồng, tập trung “xả” HPG và E1VFVN30",,2020-06-04,,a6ce94c90e60c7acab24c3086f03e587,train,True,"{""category"": ""chung_khoan"", ""content_length"": ""833"", ""publication_time_resolution"": ""DATE_ONLY"", ""url"": ""https://cafef.vn/phien-4-6-khoi-ngoai-ban-rong-hon-150-ty-dong-tap-trung-xa-hpg-va-e1vfvn30-20200604151904011.chn""}",FINNEXUS_RESEARCH_DATASET_V17_1,FINNEXUS_TEMPORAL_KG_V1_0,CORE,FINNEXUS_LAYERED_KG_V3_0
news:a6d042b7b85f55373b5d46406b5a86f5,News,Nhóm quỹ thuộc Dragon Capital chi 600 tỷ đồng mua cổ phiếu MWG phiên “hở room”,,2022-04-15,,a6d042b7b85f55373b5d46406b5a86f5,validation,True,"{""category"": ""co_tuc_phat_hanh"", ""content_length"": ""2178"", ""publication_time_resolution"": ""DATE_ONLY"", ""url"": ""https://cafef.vn/nhom-quy-thuoc-dragon-capital-chi-600-ty-dong-mua-co-phieu-mwg-phien-ho-room-20220415171118599.chn""}",FINNEXUS_RESEARCH_DATASET_V17_1,FINNEXUS_TEMPORAL_KG_V1_0,CORE,FINNEXUS_LAYERED_KG_V3_0
news:a6d7f04040eb19d5ea6684a29e78c718,News,"NĐT cá nhân bán ròng hơn 770 tỷ đồng trên HOSE trong tháng VN-Index hồi phục mạnh mẽ, tâm điểm SSI, VNM",,2022-09-06,,a6d7f04040eb19d5ea6684a29e78c718,test,True,"{""category"": ""ngan_hang"", ""content_length"": ""3682"", ""publication_time_resolution"": ""DATE_ONLY"", ""url"": ""https://vietnambiz.vn/ndt-ca-nhan-ban-rong-hon-770-ty-dong-tren-hose-trong-thang-8-tam-diem-ssi-vnm-202295214255525.htm""}",FINNEXUS_RESEARCH_DATASET_V17_1,FINNEXUS_TEMPORAL_KG_V1_0,CORE,FINNEXUS_LAYERED_KG_V3_0
news:a721c941026b78e401a42e058a104759,News,"Dòng tiền thông minh 7/6: NĐT cá nhân mua ròng gần 250 tỷ đồng phiên đầu tuần, tâm điểm STB, HPG",,2022-06-07,,a721c941026b78e401a42e058a104759,test,True,"{""category"": ""ngan_hang"", ""content_length"": ""3122"", ""publication_time_resolution"": ""DATE_ONLY"", ""url"": ""https://vietnambiz.vn/dong-tien-thong-minh-76-ndt-ca-nhan-mua-rong-gan-250-ty-dong-phien-dau-tuan-tam-diem-stb-hpg-20226781144965.htm""}",FINNEXUS_RESEARCH_DATASET_V17_1,FINNEXUS_TEMPORAL_KG_V1_0,CORE,FINNEXUS_LAYERED_KG_V3_0
news:a7b800c3adf7df13444662faf56e9102,News,"Ông Nguyễn Văn Tuấn vừa mua hơn 29 triệu cổ phiếu VIX, trở thành cổ đông lớn",,2021-10-12,,a7b800c3adf7df13444662faf56e9102,train,True,"{""category"": ""co_tuc_phat_hanh"", ""content_length"": ""1339"", ""publication_time_resolution"": ""DATE_ONLY"", ""url"": ""https://cafef.vn/ong-nguyen-van-tuan-vua-mua-hon-29-trieu-co-phieu-vix-tro-thanh-co-dong-lon-2021101208453133.chn""}",FINNEXUS_RESEARCH_DATASET_V17_1,FINNEXUS_TEMPORAL_KG_V1_0,CORE,FINNEXUS_LAYERED_KG_V3_0
news:a7c254603a34ec30b67d969345a7d429,News,"Dòng vốn ngoại tiếp tục rút ròng gần 3.200 tỷ đồng trong tháng 11, 'xả' mạnh MSN và HPG",,2020-12-01,,a7c254603a34ec30b67d969345a7d429,train,True,"{""category"": ""chung_khoan"", ""content_length"": ""3128"", ""publication_time_resolution"": ""DATE_ONLY"", ""url"": ""https://cafef.vn/dong-von-ngoai-tiep-tuc-rut-rong-gan-3200-ty-dong-trong-thang-11-xa-manh-msn-va-hpg-20201201160119712.chn""}",FINNEXUS_RESEARCH_DATASET_V17_1,FINNEXUS_TEMPORAL_KG_V1_0,CORE,FINNEXUS_LAYERED_KG_V3_0
news:a8329430d71fe1d328dd9fd06aa13dbe,News,"Chứng khoán Bản Việt muốn thoái hết hơn 29 triệu cổ phiếu DIG, dự tính lãi gần 130 tỉ đồng",,2020-11-24,,a8329430d71fe1d328dd9fd06aa13dbe,train,True,"{""category"": ""co_tuc_phat_hanh"", ""content_length"": ""1961"", ""publication_time_resolution"": ""DATE_ONLY"", ""url"": ""https://vietnambiz.vn/chung-khoan-ban-viet-muon-thoai-het-hon-29-trieu-co-phieu-dig-du-tinh-lai-gan-130-ti-dong-20201124145810917.htm""}",FINNEXUS_RESEARCH_DATASET_V17_1,FINNEXUS_TEMPORAL_KG_V1_0,CORE,FINNEXUS_LAYERED_KG_V3_0
news:a88bb3570aa7dc19096dabe6587aa12b,News,"Sau nhiều lần thoái vốn bất thành, VI Fund II lại đăng ký mua hơn 16 triệu cổ phần Gemadept",,2020-07-29,,a88bb3570aa7dc19096dabe6587aa12b,train,True,"{""category"": ""ket_qua_kinh_doanh"", ""content_length"": ""1474"", ""publication_time_resolution"": ""DATE_ONLY"", ""url"": ""https://cafef.vn/sau-nhieu-lan-thoai-von-bat-thanh-vi-fund-ii-lai-dang-ky-mua-hon-16-trieu-co-phan-gemadept-20200729174101033.chn""}",FINNEXUS_RESEARCH_DATASET_V17_1,FINNEXUS_TEMPORAL_KG_V1_0,CORE,FINNEXUS_LAYERED_KG_V3_0
news:a8ca4619de3eb3190d77c9a4e6c6bbe6,News,Norges Bank và Samsung Vietnam Securities bán bớt cổ phiếu MWG của Thế giới di động trong bối cảnh cổ phiếu lao dốc,,2019-11-30,,a8ca4619de3eb3190d77c9a4e6c6bbe6,train,True,"{""category"": ""ket_qua_kinh_doanh"", ""content_length"": ""1129"", ""publication_time_resolution"": ""DATE_ONLY"", ""url"": ""https://cafef.vn/norges-bank-va-samsung-vietnam-securities-ban-bot-co-phieu-mwg-cua-the-gioi-di-dong-trong-boi-canh-co-phieu-lao-doc-20191130101932471.chn""}",FINNEXUS_RESEARCH_DATASET_V17_1,FINNEXUS_TEMPORAL_KG_V1_0,CORE,FINNEXUS_LAYERED_KG_V3_0
news:a8e5a0d1b909f12266a8181902e43299,News,"Giám đốc Tư vấn Chứng khoán HSC: Nói không với ""bắt đáy"" và luôn tuân thủ một ""công thức kinh điển"" để kiếm lời trong chứng khoán",,2022-01-20,,a8e5a0d1b909f12266a8181902e43299,validation,True,"{""category"": ""phap_ly"", ""content_length"": ""3348"", ""publication_time_resolution"": ""DATE_ONLY"", ""url"": ""https://cafef.vn/giam-doc-tu-van-chung-khoan-hsc-noi-khong-voi-bat-day-va-luon-tuan-thu-mot-cong-thuc-kinh-dien-de-kiem-loi-trong-chung-khoan-20220120104540592.chn""}",FINNEXUS_RESEARCH_DATASET_V17_1,FINNEXUS_TEMPORAL_KG_V1_0,CORE,FINNEXUS_LAYERED_KG_V3_0
news:a94799de5716657e5271b7f56c4ff391,News,VPBank cân nhắc mua một Công ty chứng khoán,,2021-11-05,,a94799de5716657e5271b7f56c4ff391,train,True,"{""category"": ""co_tuc_phat_hanh"", ""content_length"": ""1484"", ""publication_time_resolution"": ""DATE_ONLY"", ""url"": ""https://cafef.vn/vpbank-can-nhac-mua-mot-cong-ty-chung-khoan-2021110510590906.chn""}",FINNEXUS_RESEARCH_DATASET_V17_1,FINNEXUS_TEMPORAL_KG_V1_0,CORE,FINNEXUS_LAYERED_KG_V3_0
news:aa4e6171a7b0f5c4cc4e08309a6e054a,News,"Vinamilk: Doanh thu quý III/2022 ổn định ở mức cao, chi nhánh nước ngoài tăng trưởng ấn tượng",,2022-10-28,,aa4e6171a7b0f5c4cc4e08309a6e054a,test,True,"{""category"": ""ket_qua_kinh_doanh"", ""content_length"": ""5080"", ""publication_time_resolution"": ""DATE_ONLY"", ""url"": ""https://cafef.vn/vinamilk-doanh-thu-quy-iii-2022-on-dinh-o-muc-cao-chi-nhanh-nuoc-ngoai-tang-truong-an-tuong-2022102819414978.chn""}",FINNEXUS_RESEARCH_DATASET_V17_1,FINNEXUS_TEMPORAL_KG_V1_0,CORE,FINNEXUS_LAYERED_KG_V3_0
news:ab2471503e522e4f793942f3f99494d6,News,Chứng khoán HSC (HCM) chi hơn 213 tỷ đồng trả nốt cổ tức còn lại năm 2019,,2020-06-27,,ab2471503e522e4f793942f3f99494d6,train,True,"{""category"": ""co_tuc_phat_hanh"", ""content_length"": ""1229"", ""publication_time_resolution"": ""DATE_ONLY"", ""url"": ""https://cafef.vn/chung-khoan-hsc-hcm-chi-hon-213-ty-dong-tra-not-co-tuc-con-lai-nam-2019-20200626165257716.chn""}",FINNEXUS_RESEARCH_DATASET_V17_1,FINNEXUS_TEMPORAL_KG_V1_0,CORE,FINNEXUS_LAYERED_KG_V3_0
news:ab2c45ae88848982a113dc93313c3aee,News,"CEO Gelex định mua 29 triệu cổ phiếu VIX, giá 10.000 đồng/cp",,2021-09-16,,ab2c45ae88848982a113dc93313c3aee,train,True,"{""category"": ""co_tuc_phat_hanh"", ""content_length"": ""2329"", ""publication_time_resolution"": ""DATE_ONLY"", ""url"": ""https://vietnambiz.vn/ceo-gelex-dinh-mua-29-trieu-co-phieu-vix-gia-10000-dong-cp-20210916102913021.htm""}",FINNEXUS_RESEARCH_DATASET_V17_1,FINNEXUS_TEMPORAL_KG_V1_0,CORE,FINNEXUS_LAYERED_KG_V3_0
news:ab510e8cacd1ab28b24b21f65314b273,News,"PNJ dự kiến phát hành 2.6 triệu cp ESOP, trả cổ tức 2019 tỷ lệ 18%",,2020-03-11,,ab510e8cacd1ab28b24b21f65314b273,train,True,"{""category"": ""co_tuc_phat_hanh"", ""content_length"": ""2686"", ""publication_time_resolution"": ""DATE_ONLY"", ""url"": ""https://vietstock.vn/2020/03/pnj-du-kien-phat-hanh-26-trieu-cp-esop-tra-co-tuc-2019-ty-le-18-737-736600.htm""}",FINNEXUS_RESEARCH_DATASET_V17_1,FINNEXUS_TEMPORAL_KG_V1_0,CORE,FINNEXUS_LAYERED_KG_V3_0
news:abbb46c28c0bdfa36cda2d4260358766,News,"VPB, PAN, NHH, CSC, SZB, THB, VRG, AGG, TTZ: Thông tin giao dịch lượng lớn cổ phiếu",,2021-07-30,,abbb46c28c0bdfa36cda2d4260358766,train,True,"{""category"": ""ngan_hang"", ""content_length"": ""2340"", ""publication_time_resolution"": ""DATE_ONLY"", ""url"": ""https://cafef.vn/vpb-pan-nhh-csc-szb-thb-vrg-agg-ttz-thong-tin-giao-dich-luong-lon-co-phieu-20210730080349337.chn""}",FINNEXUS_RESEARCH_DATASET_V17_1,FINNEXUS_TEMPORAL_KG_V1_0,CORE,FINNEXUS_LAYERED_KG_V3_0
news:ac5f80540d461eaae37fc40cc6ae5e5d,News,10 cổ phiếu tăng/giảm mạnh nhất tuần: HTN và DGW bứt phá,,2020-11-08,,ac5f80540d461eaae37fc40cc6ae5e5d,train,True,"{""category"": ""co_tuc_phat_hanh"", ""content_length"": ""4254"", ""publication_time_resolution"": ""DATE_ONLY"", ""url"": ""https://cafef.vn/10-co-phieu-tang-giam-manh-nhat-tuan-htn-va-dgw-but-pha-20201108163753584.chn""}",FINNEXUS_RESEARCH_DATASET_V17_1,FINNEXUS_TEMPORAL_KG_V1_0,CORE,FINNEXUS_LAYERED_KG_V3_0
news:acaab11cf406193f39568ae0afbfd35c,News,Cơ điện lạnh REE dự chi gần 500 tỷ đồng tạm ứng cổ tức năm 2019,,2020-02-11,,acaab11cf406193f39568ae0afbfd35c,train,True,"{""category"": ""co_tuc_phat_hanh"", ""content_length"": ""1168"", ""publication_time_resolution"": ""DATE_ONLY"", ""url"": ""https://cafef.vn/co-dien-lanh-ree-du-chi-gan-500-ty-dong-tam-ung-co-tuc-nam-2019-20200211101823861.chn""}",FINNEXUS_RESEARCH_DATASET_V17_1,FINNEXUS_TEMPORAL_KG_V1_0,CORE,FINNEXUS_LAYERED_KG_V3_0
news:acab07e568f21a2138a4f22806a93e33,News,"Giao dịch lớn cổ phiếu SVN, HSG, BAF, VAB, HTT, CAA",,2022-10-19,,acab07e568f21a2138a4f22806a93e33,test,True,"{""category"": ""ngan_hang"", ""content_length"": ""1546"", ""publication_time_resolution"": ""DATE_ONLY"", ""url"": ""https://vietnambiz.vn/giao-dich-lon-co-phieu-svn-hsg-baf-vab-htt-caa-20221019183558128.htm""}",FINNEXUS_RESEARCH_DATASET_V17_1,FINNEXUS_TEMPORAL_KG_V1_0,CORE,FINNEXUS_LAYERED_KG_V3_0
news:acc6d6a4328a0bd5e9d9be931fdd8e26,News,"Giá nguyên liệu tăng mạnh, Thép Hoà Phát tiếp tục điều chỉnh tăng giá bán",,2022-03-06,,acc6d6a4328a0bd5e9d9be931fdd8e26,validation,True,"{""category"": ""doanh_nghiep"", ""content_length"": ""1518"", ""publication_time_resolution"": ""DATE_ONLY"", ""url"": ""https://cafef.vn/gia-nguyen-lieu-tang-manh-thep-hoa-phat-tiep-tuc-dieu-chinh-tang-gia-ban-2022030610412851.chn""}",FINNEXUS_RESEARCH_DATASET_V17_1,FINNEXUS_TEMPORAL_KG_V1_0,CORE,FINNEXUS_LAYERED_KG_V3_0
news:acde322dcdc58c63dba5857090d02096,News,"Chuyển động quỹ đầu tư tuần 2-8/11: Dragon mua ACB, quỹ KIM bán NKG",,2020-11-09,,acde322dcdc58c63dba5857090d02096,train,True,"{""category"": ""co_tuc_phat_hanh"", ""content_length"": ""4275"", ""publication_time_resolution"": ""DATE_ONLY"", ""url"": ""https://cafef.vn/chuyen-dong-quy-dau-tu-tuan-2-8-11-dragon-mua-acb-quy-kim-ban-nkg-20201109103234162.chn""}",FINNEXUS_RESEARCH_DATASET_V17_1,FINNEXUS_TEMPORAL_KG_V1_0,CORE,FINNEXUS_LAYERED_KG_V3_0
news:aceee51c234a7cca06e43c6eec39a106,News,Vietjet thu 2.350 tỷ từ bán cổ phiếu quỹ,,2021-04-28,,aceee51c234a7cca06e43c6eec39a106,train,True,"{""category"": ""chung_khoan"", ""content_length"": ""881"", ""publication_time_resolution"": ""DATE_ONLY"", ""url"": ""https://vietnambiz.vn/vietjet-thu-2350-ty-tu-ban-co-phieu-quy-20210428154803322.htm""}",FINNEXUS_RESEARCH_DATASET_V17_1,FINNEXUS_TEMPORAL_KG_V1_0,CORE,FINNEXUS_LAYERED_KG_V3_0
news:ad0fef41d4a67d7588d1b2226c6506d6,News,"Cổ phiếu tâm điểm ngày 8/1: MPC, GAS, PVS",,2020-01-07,,ad0fef41d4a67d7588d1b2226c6506d6,train,True,"{""category"": ""ngan_hang"", ""content_length"": ""2779"", ""publication_time_resolution"": ""DATE_ONLY"", ""url"": ""https://vietnambiz.vn/co-phieu-tam-diem-ngay-8-1-mpc-gas-pvs-20200107210919133.htm""}",FINNEXUS_RESEARCH_DATASET_V17_1,FINNEXUS_TEMPORAL_KG_V1_0,CORE,FINNEXUS_LAYERED_KG_V3_0
news:ad162dccc5e6bfe47f2c2977e590c018,News,Sở Giao dịch Chứng khoán Tp.HCM vẫn là thành viên chính thức của Liên đoàn các Sở GDCK thế giới (WFE),,2022-11-28,,ad162dccc5e6bfe47f2c2977e590c018,test,True,"{""category"": ""ket_qua_kinh_doanh"", ""content_length"": ""2185"", ""publication_time_resolution"": ""DATE_ONLY"", ""url"": ""https://cafef.vn/so-giao-dich-chung-khoan-viet-nam-vnx-tro-lai-lam-thanh-vien-chinh-thuc-cua-lien-doan-cac-so-gdck-the-gioi-wfe-2022112811111059.chn""}",FINNEXUS_RESEARCH_DATASET_V17_1,FINNEXUS_TEMPORAL_KG_V1_0,CORE,FINNEXUS_LAYERED_KG_V3_0
news:ad2f410d0a1541385db03ec20df67df3,News,"Quỹ PENM đăng ký bán toàn bộ 76,5 triệu cổ phiếu HPG, ông Trần Đình Long sẽ chi khoảng 900 tỷ mua thoả thuận 24 triệu cổ phiếu từ Phó Chủ tịch HĐQT",,2020-11-24,,ad2f410d0a1541385db03ec20df67df3,train,True,"{""category"": ""ket_qua_kinh_doanh"", ""content_length"": ""2497"", ""publication_time_resolution"": ""DATE_ONLY"", ""url"": ""https://cafef.vn/ong-tran-dinh-long-se-chi-khoang-900-ty-mua-thoa-thuan-24-trieu-co-phieu-hpg-tu-giam-doc-noi-that-hoa-phat-20201124173437488.chn""}",FINNEXUS_RESEARCH_DATASET_V17_1,FINNEXUS_TEMPORAL_KG_V1_0,CORE,FINNEXUS_LAYERED_KG_V3_0
news:ad7bc76e0a578ecabc3953c254229912,News,"Cổ phiếu tăng nóng đưa loạt doanh nghiệp bất động sản gia nhập câu lạc bộ tỷ USD: Từ DIG, KDH, KBC... và mới nhất là NLG",,2021-11-03,,ad7bc76e0a578ecabc3953c254229912,train,True,"{""category"": ""co_tuc_phat_hanh"", ""content_length"": ""3871"", ""publication_time_resolution"": ""DATE_ONLY"", ""url"": ""https://cafef.vn/co-phieu-tang-nong-dua-loat-doanh-nghiep-bat-dong-san-gia-nhap-cau-lac-bo-ty-usd-tu-dig-kdh-kbc-va-moi-nhat-la-nlg-20211103124329369.chn""}",FINNEXUS_RESEARCH_DATASET_V17_1,FINNEXUS_TEMPORAL_KG_V1_0,CORE,FINNEXUS_LAYERED_KG_V3_0
news:adf8f9e4ba49be301a6f8ffda2920814,News,VinFast nhận chuyển nhượng lượng cổ phiếu Vingroup và VinHomes trị giá hơn 12.000 tỷ đồng,,2021-03-02,,adf8f9e4ba49be301a6f8ffda2920814,train,True,"{""category"": ""chung_khoan"", ""content_length"": ""1055"", ""publication_time_resolution"": ""DATE_ONLY"", ""url"": ""https://cafef.vn/vinfast-nhan-chuyen-nhuong-luong-co-phieu-vingroup-va-vinhomes-tri-gia-hon-14000-ty-dong-20210301232240383.chn""}",FINNEXUS_RESEARCH_DATASET_V17_1,FINNEXUS_TEMPORAL_KG_V1_0,CORE,FINNEXUS_LAYERED_KG_V3_0
news:ae633fe90aabd731b1313db85425e01e,News,"Cổ phiếu tâm điểm 22/6: FPT, ACV, VHC",,2022-06-21,,ae633fe90aabd731b1313db85425e01e,test,True,"{""category"": ""ket_qua_kinh_doanh"", ""content_length"": ""3124"", ""publication_time_resolution"": ""DATE_ONLY"", ""url"": ""https://vietnambiz.vn/co-phieu-tam-diem-226-fpt-acv-vhc-2022621173033879.htm""}",FINNEXUS_RESEARCH_DATASET_V17_1,FINNEXUS_TEMPORAL_KG_V1_0,CORE,FINNEXUS_LAYERED_KG_V3_0
news:afdaa89b695acfeef75d6cf0d98bbdba,News,"Vinamilk - Thương hiệu ""tỷ USD"" duy nhất trong Top 25 thương hiệu F&B dẫn đầu của Forbes Việt Nam",,2022-10-29,,afdaa89b695acfeef75d6cf0d98bbdba,test,True,"{""category"": ""bat_dong_san"", ""content_length"": ""6298"", ""publication_time_resolution"": ""DATE_ONLY"", ""url"": ""https://cafef.vn/vinamilk-thuong-hieu-ty-usd-duy-nhat-trong-top-25-thuong-hieu-fb-dan-dau-cua-forbes-viet-nam-202210290930375.chn""}",FINNEXUS_RESEARCH_DATASET_V17_1,FINNEXUS_TEMPORAL_KG_V1_0,CORE,FINNEXUS_LAYERED_KG_V3_0
news:b03070050f2614cb14f8de1b0c9161c1,News,"Sau 15 năm làm thuê cho Thế giới Di động, ông Trần Kinh Doanh rời công ty với khối tài sản trị giá ít nhất 1.200 tỷ đồng",,2022-04-02,,b03070050f2614cb14f8de1b0c9161c1,validation,True,"{""category"": ""ket_qua_kinh_doanh"", ""content_length"": ""2931"", ""publication_time_resolution"": ""DATE_ONLY"", ""url"": ""https://cafef.vn/sau-15-nam-lam-thue-cho-the-gioi-di-dong-ong-tran-kinh-doanh-roi-cong-ty-voi-khoi-tai-san-tri-gia-it-nhat-1200-ty-dong-20220401160716322.chn""}",FINNEXUS_RESEARCH_DATASET_V17_1,FINNEXUS_TEMPORAL_KG_V1_0,CORE,FINNEXUS_LAYERED_KG_V3_0
news:b0e888c180459b7abfa21d90d323a709,News,"Vinamilk đặt mục tiêu doanh thu tối thiểu 56,000 tỷ đồng, sẵn sàng M&A",,2019-03-26,,b0e888c180459b7abfa21d90d323a709,train,True,"{""category"": ""co_tuc_phat_hanh"", ""content_length"": ""3146"", ""publication_time_resolution"": ""DATE_ONLY"", ""url"": ""https://vietstock.vn/2019/03/vinamilk-dat-muc-tieu-doanh-thu-toi-thieu-56000-ty-dong-san-sang-ma-737-663151.htm""}",FINNEXUS_RESEARCH_DATASET_V17_1,FINNEXUS_TEMPORAL_KG_V1_0,CORE,FINNEXUS_LAYERED_KG_V3_0
news:b0ffcd60b149661ecdfea3d5fa67af3b,News,Ông Nguyễn Văn Tuấn đã mua khớp lệnh 10 triệu cổ phiếu GEX ở vùng đáy 7 tháng,,2022-05-24,,b0ffcd60b149661ecdfea3d5fa67af3b,test,True,"{""category"": ""co_tuc_phat_hanh"", ""content_length"": ""1899"", ""publication_time_resolution"": ""DATE_ONLY"", ""url"": ""https://vietnambiz.vn/ong-nguyen-van-tuan-da-mua-khop-lenh-10-trieu-co-phieu-gex-o-vung-day-7-thang-202252417572867.htm""}",FINNEXUS_RESEARCH_DATASET_V17_1,FINNEXUS_TEMPORAL_KG_V1_0,CORE,FINNEXUS_LAYERED_KG_V3_0
news:b11f0e45feb365cf234f0cdf1a917e69,News,Hòa Phát lập mốc kỷ lục bán hàng 300.000 tấn trong tháng 11,,2019-12-02,,b11f0e45feb365cf234f0cdf1a917e69,train,True,"{""category"": ""bat_dong_san"", ""content_length"": ""1690"", ""publication_time_resolution"": ""DATE_ONLY"", ""url"": ""https://cafef.vn/hoa-phat-lap-moc-ky-luc-ban-hang-300000-tan-trong-thang-11-20191202163747875.chn""}",FINNEXUS_RESEARCH_DATASET_V17_1,FINNEXUS_TEMPORAL_KG_V1_0,CORE,FINNEXUS_LAYERED_KG_V3_0
news:b1246710a062a3826e1ee5dbacc2667d,News,Nhìn cách VPBank 'chơi lớn' lần trở lại mảng chứng khoán để thấy đại gia nội thay đổi cục diện ngành chóng vánh thế nào,,2022-02-15,,b1246710a062a3826e1ee5dbacc2667d,validation,True,"{""category"": ""co_tuc_phat_hanh"", ""content_length"": ""5581"", ""publication_time_resolution"": ""DATE_ONLY"", ""url"": ""https://vietnambiz.vn/nhin-cach-vpbank-choi-lon-lan-tro-lai-mang-chung-khoan-de-thay-dai-gia-noi-thay-doi-cuc-dien-nganh-chong-vanh-the-nao-20220215204536804.htm""}",FINNEXUS_RESEARCH_DATASET_V17_1,FINNEXUS_TEMPORAL_KG_V1_0,CORE,FINNEXUS_LAYERED_KG_V3_0
news:b163e1fa858598efc59dfa7e2f38d201,News,"Chỉ 1 tuần sau khi bán ra lượng lớn cổ phiếu HPG, Norges Bank đã nhanh tay mua lại",,2021-02-24,,b163e1fa858598efc59dfa7e2f38d201,train,True,"{""category"": ""chung_khoan"", ""content_length"": ""1319"", ""publication_time_resolution"": ""DATE_ONLY"", ""url"": ""https://cafef.vn/chi-1-tuan-sau-khi-ban-ra-luong-lon-co-phieu-hpg-norges-bank-da-nhanh-tay-mua-lai-20210223170255145.chn""}",FINNEXUS_RESEARCH_DATASET_V17_1,FINNEXUS_TEMPORAL_KG_V1_0,CORE,FINNEXUS_LAYERED_KG_V3_0
news:b1c298a776dfe2d06e54cc5536dcc7ba,News,"Doanh nghiệp niêm yết sắp huy động gần 45.000 tỷ đồng qua phát hành tăng vốn, Vietnam Airlines và HAGL Agrico đầu bảng",,2021-04-16,,b1c298a776dfe2d06e54cc5536dcc7ba,train,True,"{""category"": ""co_tuc_phat_hanh"", ""content_length"": ""2540"", ""publication_time_resolution"": ""DATE_ONLY"", ""url"": ""https://cafef.vn/doanh-nghiep-niem-yet-sap-huy-dong-gan-45000-ty-dong-qua-phat-hanh-tang-von-vietnam-airlines-va-hagl-agrico-dau-bang-20210416174957656.chn""}",FINNEXUS_RESEARCH_DATASET_V17_1,FINNEXUS_TEMPORAL_KG_V1_0,CORE,FINNEXUS_LAYERED_KG_V3_0
news:b2037e97494f640df1d100b3f2e478be,News,"Tập đoàn Hòa Phát: Mục tiêu lãi 9.000 tỷ đồng năm 2020, kế hoạch doanh thu tăng 35% lên 86.000 tỷ đồng",,2020-06-09,,b2037e97494f640df1d100b3f2e478be,train,True,"{""category"": ""co_tuc_phat_hanh"", ""content_length"": ""2708"", ""publication_time_resolution"": ""DATE_ONLY"", ""url"": ""https://cafef.vn/tap-doan-hoa-phat-muc-tieu-lai-9000-ty-dong-nam-2020-ke-hoach-doanh-thu-tang-35-len-86000-ty-dong-20200609102809074.chn""}",FINNEXUS_RESEARCH_DATASET_V17_1,FINNEXUS_TEMPORAL_KG_V1_0,CORE,FINNEXUS_LAYERED_KG_V3_0
news:b216cb8be1614f2838c421d731b4b18c,News,"Phiên 21/4: Khối ngoại tích cực mua ròng 935 tỷ đồng trên HoSE, chủ yếu gom VRE, VNM",,2022-04-21,,b216cb8be1614f2838c421d731b4b18c,validation,True,"{""category"": ""chung_khoan"", ""content_length"": ""2115"", ""publication_time_resolution"": ""DATE_ONLY"", ""url"": ""https://cafef.vn/phien-21-4-khoi-ngoai-tich-cuc-mua-rong-935-ty-dong-tren-hose-chu-yeu-gom-vre-vnm-2022042115460181.chn""}",FINNEXUS_RESEARCH_DATASET_V17_1,FINNEXUS_TEMPORAL_KG_V1_0,CORE,FINNEXUS_LAYERED_KG_V3_0
news:b22a9b3c1e56bc338962f6abc41ced5d,News,Novaland (NVL) muốn huy động gần 5.900 tỷ đồng từ trái phiếu rót vốn cho công ty con,,2021-12-24,,b22a9b3c1e56bc338962f6abc41ced5d,validation,True,"{""category"": ""co_tuc_phat_hanh"", ""content_length"": ""2485"", ""publication_time_resolution"": ""DATE_ONLY"", ""url"": ""https://cafef.vn/novaland-nvl-muon-huy-dong-gan-5900-ty-dong-tu-trai-phieu-rot-von-cho-cong-ty-con-20211224153530019.chn""}",FINNEXUS_RESEARCH_DATASET_V17_1,FINNEXUS_TEMPORAL_KG_V1_0,CORE,FINNEXUS_LAYERED_KG_V3_0
news:b23f78eaddd857c876bb7081623e46c3,News,Dòng tiền cá nhân đưa MWG và FPT lên đỉnh lịch sử mới,,2022-04-03,,b23f78eaddd857c876bb7081623e46c3,validation,True,"{""category"": ""co_tuc_phat_hanh"", ""content_length"": ""5886"", ""publication_time_resolution"": ""DATE_ONLY"", ""url"": ""https://vietnambiz.vn/dong-tien-ca-nhan-dua-mwg-va-fpt-len-dinh-lich-su-moi-2022431849507.htm""}",FINNEXUS_RESEARCH_DATASET_V17_1,FINNEXUS_TEMPORAL_KG_V1_0,CORE,FINNEXUS_LAYERED_KG_V3_0
news:b245c76135e994574b05dff747f364a6,News,"MWG thành lập công ty con ""mở đường"" bán vốn và niêm yết Bách Hóa Xanh",,2022-04-14,,b245c76135e994574b05dff747f364a6,validation,True,"{""category"": ""co_tuc_phat_hanh"", ""content_length"": ""3169"", ""publication_time_resolution"": ""DATE_ONLY"", ""url"": ""https://cafef.vn/mwg-thanh-lap-cong-ty-con-mo-duong-ban-von-va-niem-yet-bach-hoa-xanh-20220414020951331.chn""}",FINNEXUS_RESEARCH_DATASET_V17_1,FINNEXUS_TEMPORAL_KG_V1_0,CORE,FINNEXUS_LAYERED_KG_V3_0
news:b25e014c125a28afd8ad20ce3f3655fa,News,"Vincom Retail (VRE) sáp nhập hai công ty con về bất động sản, tổng vốn hơn 6.100 tỷ đồng",,2021-06-21,,b25e014c125a28afd8ad20ce3f3655fa,train,True,"{""category"": ""co_tuc_phat_hanh"", ""content_length"": ""2864"", ""publication_time_resolution"": ""DATE_ONLY"", ""url"": ""https://cafef.vn/vincom-retail-vre-sap-nhap-hai-cong-ty-con-ve-bat-dong-san-tong-von-hon-6100-ty-dong-2021062110451514.chn""}",FINNEXUS_RESEARCH_DATASET_V17_1,FINNEXUS_TEMPORAL_KG_V1_0,CORE,FINNEXUS_LAYERED_KG_V3_0
news:b2d73b271a8edcddf0046a4a48c3af94,News,"VAFI: “Chính phủ nên bán vốn ở Vinamilk, Sabeco, FPT...để xây cảng nước sâu”",,2019-08-16,,b2d73b271a8edcddf0046a4a48c3af94,train,True,"{""category"": ""bat_dong_san"", ""content_length"": ""4584"", ""publication_time_resolution"": ""DATE_ONLY"", ""url"": ""https://cafef.vn/vafi-chinh-phu-nen-ban-von-o-vinamilk-sabeco-fptde-xay-cang-nuoc-sau-20190816194502222.chn""}",FINNEXUS_RESEARCH_DATASET_V17_1,FINNEXUS_TEMPORAL_KG_V1_0,CORE,FINNEXUS_LAYERED_KG_V3_0
news:b2eef1a10296ca8ec6b0b27be8ae1cee,News,"Cổ phiếu bán lẻ bứt tốc trong tuần thị trường đỏ lửa, MWG và DGW cùng lên đỉnh mới",,2021-07-11,,b2eef1a10296ca8ec6b0b27be8ae1cee,train,True,"{""category"": ""ket_qua_kinh_doanh"", ""content_length"": ""2650"", ""publication_time_resolution"": ""DATE_ONLY"", ""url"": ""https://vietnambiz.vn/co-phieu-ban-le-but-toc-trong-tuan-thi-truong-do-lua-mwg-va-dgw-cung-len-dinh-moi-20210711171227399.htm""}",FINNEXUS_RESEARCH_DATASET_V17_1,FINNEXUS_TEMPORAL_KG_V1_0,CORE,FINNEXUS_LAYERED_KG_V3_0
news:b3763f6f87053faf21249390ee98303b,News,"Thị trường chứng khoán 22/5: VN-Index giảm gần 10 điểm, HPG ngược dòng tăng giá",,2020-05-22,,b3763f6f87053faf21249390ee98303b,train,True,"{""category"": ""ngan_hang"", ""content_length"": ""4223"", ""publication_time_resolution"": ""DATE_ONLY"", ""url"": ""https://vietnambiz.vn/thi-truong-chung-khoan-22-5-co-phieu-nha-kido-tiep-tuc-tang-soc-vn-index-giam-sau-dau-phien-20200522093643423.htm""}",FINNEXUS_RESEARCH_DATASET_V17_1,FINNEXUS_TEMPORAL_KG_V1_0,CORE,FINNEXUS_LAYERED_KG_V3_0
news:b3d48287271290e199d933d37111b47a,News,"VNM bất ngờ tăng hơn 6%, VN-Index đóng cửa trên mốc 1.490 điểm",,2022-03-31,,b3d48287271290e199d933d37111b47a,validation,True,"{""category"": ""ngan_hang"", ""content_length"": ""4552"", ""publication_time_resolution"": ""DATE_ONLY"", ""url"": ""https://cafef.vn/bo-doi-flc-ros-tiep-tuc-giam-san-trang-ben-mua-vn-index-tien-gan-moc-1500-diem-voi-luc-keo-tu-nhom-bluechips-20220331100811664.chn""}",FINNEXUS_RESEARCH_DATASET_V17_1,FINNEXUS_TEMPORAL_KG_V1_0,CORE,FINNEXUS_LAYERED_KG_V3_0
news:b3ebb0729a32a711628f2418997c960a,News,Vinamilk chốt danh sách cổ đông phát hành 348 triệu cổ phiếu thưởng,,2020-08-25,,b3ebb0729a32a711628f2418997c960a,train,True,"{""category"": ""co_tuc_phat_hanh"", ""content_length"": ""1470"", ""publication_time_resolution"": ""DATE_ONLY"", ""url"": ""https://cafef.vn/vinamilk-chot-danh-sach-co-dong-phat-hanh-348-trieu-co-phieu-thuong-2020082511465406.chn""}",FINNEXUS_RESEARCH_DATASET_V17_1,FINNEXUS_TEMPORAL_KG_V1_0,CORE,FINNEXUS_LAYERED_KG_V3_0
news:b425e4b6f832cb1fd9dd8ad8776f5a11,News,Vingroup và các cổ đông VinFast trực tiếp sở hữu VinFast Singapore: lộ trình IPO tại Mỹ tiến thêm một bước quan trọng,,2021-12-04,,b425e4b6f832cb1fd9dd8ad8776f5a11,train,True,"{""category"": ""co_tuc_phat_hanh"", ""content_length"": ""2783"", ""publication_time_resolution"": ""DATE_ONLY"", ""url"": ""https://cafef.vn/phap-nhan-tai-singapore-se-so-huu-999-von-vinfast-lo-trinh-ipo-tai-my-tien-them-mot-buoc-quan-trong-20211204151941273.chn""}",FINNEXUS_RESEARCH_DATASET_V17_1,FINNEXUS_TEMPORAL_KG_V1_0,CORE,FINNEXUS_LAYERED_KG_V3_0
news:b4775dcf3c7dc3d25b43a1aba91891fb,News,"Cổ phiếu tâm điểm ngày 8/5: ACB, MPC, DRH",,2020-05-07,,b4775dcf3c7dc3d25b43a1aba91891fb,train,True,"{""category"": ""ngan_hang"", ""content_length"": ""2713"", ""publication_time_resolution"": ""DATE_ONLY"", ""url"": ""https://vietnambiz.vn/co-phieu-tam-diem-ngay-8-5-acb-mpc-drh-2020050718581716.htm""}",FINNEXUS_RESEARCH_DATASET_V17_1,FINNEXUS_TEMPORAL_KG_V1_0,CORE,FINNEXUS_LAYERED_KG_V3_0
news:b4e656e720b2414a14b43073f6031a52,News,VCSC: Việc tăng tốc mở rộng chuỗi nhà thuốc ảnh hưởng đến lợi nhuận của FPT Retail,,2020-03-02,,b4e656e720b2414a14b43073f6031a52,train,True,"{""category"": ""ket_qua_kinh_doanh"", ""content_length"": ""3058"", ""publication_time_resolution"": ""DATE_ONLY"", ""url"": ""https://cafef.vn/vcsc-viec-tang-toc-mo-rong-chuoi-nha-thuoc-anh-huong-den-loi-nhuan-cua-fpt-retail-20200229120051192.chn""}",FINNEXUS_RESEARCH_DATASET_V17_1,FINNEXUS_TEMPORAL_KG_V1_0,CORE,FINNEXUS_LAYERED_KG_V3_0
news:b53aaf586cf9ffda2018465a52ae00b3,News,Hòa Phát muốn đầu tư tiếp 60.000 tỷ đồng mở rộng khu liên hợp Dung Quất,,2020-02-11,,b53aaf586cf9ffda2018465a52ae00b3,train,True,"{""category"": ""ket_qua_kinh_doanh"", ""content_length"": ""3269"", ""publication_time_resolution"": ""DATE_ONLY"", ""url"": ""https://cafef.vn/hoa-phat-muon-dau-tu-tiep-60000-ty-dong-mo-rong-khu-lien-hop-dung-quat-20200211111358845.chn""}",FINNEXUS_RESEARCH_DATASET_V17_1,FINNEXUS_TEMPORAL_KG_V1_0,CORE,FINNEXUS_LAYERED_KG_V3_0
news:b5872a9eb0dae82198071d00da417be2,News,"Vietcombank bán xong 2,3 triệu cổ phiếu Vietnam Airlines, chốt lãi cho số cổ phiếu ưu đãi vừa mua thêm",,2019-03-22,,b5872a9eb0dae82198071d00da417be2,train,True,"{""category"": ""co_tuc_phat_hanh"", ""content_length"": ""1595"", ""publication_time_resolution"": ""DATE_ONLY"", ""url"": ""https://cafef.vn/vietcombank-ban-xong-23-trieu-co-phieu-vietnam-airlines-chot-lai-cho-so-co-phieu-uu-dai-vua-mua-them-20190322152426007.chn""}",FINNEXUS_RESEARCH_DATASET_V17_1,FINNEXUS_TEMPORAL_KG_V1_0,CORE,FINNEXUS_LAYERED_KG_V3_0
news:b5aa49f99e3432100aeb4dcf0dcb1b39,News,"Biên lợi nhuận lớn lại không tốn nhiều vốn, gần 150.000m2 văn phòng đều đặn mang về cho REE gần 500 tỷ đồng lợi nhuận/năm bất chấp đại dịch",,2022-03-14,,b5aa49f99e3432100aeb4dcf0dcb1b39,validation,True,"{""category"": ""ket_qua_kinh_doanh"", ""content_length"": ""2719"", ""publication_time_resolution"": ""DATE_ONLY"", ""url"": ""https://cafef.vn/bien-loi-nhuan-lon-lai-khong-ton-nhieu-von-gan-150000m2-van-phong-deu-dan-mang-ve-cho-ree-gan-500-ty-dong-loi-nhuan-nam-bat-chap-dai-dich-20220311152729476.chn""}",FINNEXUS_RESEARCH_DATASET_V17_1,FINNEXUS_TEMPORAL_KG_V1_0,CORE,FINNEXUS_LAYERED_KG_V3_0
news:b6a4f3cfce4dfeef97a30152236620b8,News,Nhóm cổ đông Nhật Bản hoàn tất mua 25 triệu cổ phiếu PLX,,2021-03-23,,b6a4f3cfce4dfeef97a30152236620b8,train,True,"{""category"": ""chung_khoan"", ""content_length"": ""1011"", ""publication_time_resolution"": ""DATE_ONLY"", ""url"": ""https://vietnambiz.vn/nhom-co-dong-nhat-ban-hoan-tat-mua-25-trieu-co-phieu-plx-20210323154514779.htm""}",FINNEXUS_RESEARCH_DATASET_V17_1,FINNEXUS_TEMPORAL_KG_V1_0,CORE,FINNEXUS_LAYERED_KG_V3_0
news:b6af123bb04c63379369e71a772a255c,News,"Bán đứt Vạn Đức Tiền Giang, Vĩnh Hoàn có thể thu về khoản lãi bất thường 100 tỷ đồng trong quý 2",,2019-06-20,,b6af123bb04c63379369e71a772a255c,train,True,"{""category"": ""co_tuc_phat_hanh"", ""content_length"": ""4718"", ""publication_time_resolution"": ""DATE_ONLY"", ""url"": ""https://cafef.vn/ban-dut-van-duc-tien-giang-vinh-hoan-co-the-thu-ve-khoan-lai-bat-thuong-100-ty-dong-trong-quy-2-20190620113601234.chn""}",FINNEXUS_RESEARCH_DATASET_V17_1,FINNEXUS_TEMPORAL_KG_V1_0,CORE,FINNEXUS_LAYERED_KG_V3_0
news:b708c2f86b9996ef50445b427450f798,News,Nhóm quỹ Dragon Capital giảm tỷ trọng nắm giữ cổ phiếu FPT Retail (FRT),,2020-05-19,,b708c2f86b9996ef50445b427450f798,train,True,"{""category"": ""ket_qua_kinh_doanh"", ""content_length"": ""1510"", ""publication_time_resolution"": ""DATE_ONLY"", ""url"": ""https://cafef.vn/nhom-quy-dragon-capital-giam-ty-trong-nam-giu-co-phieu-fpt-retail-frt-20200519140939728.chn""}",FINNEXUS_RESEARCH_DATASET_V17_1,FINNEXUS_TEMPORAL_KG_V1_0,CORE,FINNEXUS_LAYERED_KG_V3_0
news:b72e0f32c23006257d3b4fa83cec31bd,News,PVGas (GAS) đặt mục tiêu lãi sau thuế 6.636 tỷ đồng trong năm 2020,,2020-04-15,,b72e0f32c23006257d3b4fa83cec31bd,train,True,"{""category"": ""ket_qua_kinh_doanh"", ""content_length"": ""1529"", ""publication_time_resolution"": ""DATE_ONLY"", ""url"": ""https://cafef.vn/pvgas-gas-dat-muc-tieu-lai-sau-thue-6636-ty-dong-trong-nam-2020-2020041508532463.chn""}",FINNEXUS_RESEARCH_DATASET_V17_1,FINNEXUS_TEMPORAL_KG_V1_0,CORE,FINNEXUS_LAYERED_KG_V3_0
news:b774ad241f558b21b34955b25d784fbe,News,"Giao dịch khối ngoại 10/12: Đảo chiều bán ròng 267 tỉ đồng trên hai sàn phiên VN-Index mất gần 6 điểm, tập trung MSN",,2019-12-10,,b774ad241f558b21b34955b25d784fbe,train,True,"{""category"": ""chung_khoan"", ""content_length"": ""2662"", ""publication_time_resolution"": ""DATE_ONLY"", ""url"": ""https://vietnambiz.vn/giao-dich-khoi-ngoai-10-12-dao-chieu-ban-rong-267-ti-dong-tren-hai-san-phien-vn-index-mat-gan-6-diem-tap-trung-msn-20191210164532439.htm""}",FINNEXUS_RESEARCH_DATASET_V17_1,FINNEXUS_TEMPORAL_KG_V1_0,CORE,FINNEXUS_LAYERED_KG_V3_0
news:b79ab63a0c1f041b1aaa315f47689a86,News,"Sữa Mộc Châu: Cổ đông thống nhất kế hoạch chào bán cổ phần trị giá 1.200 tỷ đồng cho Vinamilk và GTN, nới room ngoại và niêm yết HoSE",,2020-07-19,,b79ab63a0c1f041b1aaa315f47689a86,train,True,"{""category"": ""co_tuc_phat_hanh"", ""content_length"": ""2656"", ""publication_time_resolution"": ""DATE_ONLY"", ""url"": ""https://cafef.vn/sua-moc-chau-co-dong-thong-nhat-ke-hoach-chao-ban-co-phan-tri-gia-1200-ty-dong-cho-vinamilk-va-gtn-noi-room-ngoai-va-niem-yet-hose-20200718105456674.chn""}",FINNEXUS_RESEARCH_DATASET_V17_1,FINNEXUS_TEMPORAL_KG_V1_0,CORE,FINNEXUS_LAYERED_KG_V3_0
news:b7c4e21af1d41ed0664e1e185b1c5b80,News,"VN-Index dự báo chạm mốc 1.700 -1760, Giám đốc Phân tích VNDirect chia sẻ 3 cổ phiếu tiềm năng cho năm 2022",,2021-12-04,,b7c4e21af1d41ed0664e1e185b1c5b80,train,True,"{""category"": ""ket_qua_kinh_doanh"", ""content_length"": ""4256"", ""publication_time_resolution"": ""DATE_ONLY"", ""url"": ""https://cafef.vn/vn-index-du-bao-cham-moc-1700-1760-giam-doc-phan-tich-vndiect-chia-se-3-co-phieu-tiem-nang-cho-nam-2022-20211204000329765.chn""}",FINNEXUS_RESEARCH_DATASET_V17_1,FINNEXUS_TEMPORAL_KG_V1_0,CORE,FINNEXUS_LAYERED_KG_V3_0
news:b8a435975234a13451a7c97e8ab5ce90,News,"VNDirect: Giá dầu không thể đoán định, rủi ro dần tăng với cổ phiếu dầu khí",,2022-03-23,,b8a435975234a13451a7c97e8ab5ce90,validation,True,"{""category"": ""ket_qua_kinh_doanh"", ""content_length"": ""2972"", ""publication_time_resolution"": ""DATE_ONLY"", ""url"": ""https://vietnambiz.vn/vndirect-gia-dau-khong-the-doan-dinh-rui-ro-dan-tang-voi-co-phieu-dau-khi-2022032217375847.htm""}",FINNEXUS_RESEARCH_DATASET_V17_1,FINNEXUS_TEMPORAL_KG_V1_0,CORE,FINNEXUS_LAYERED_KG_V3_0
news:b904495ae3ec925aaba214abf6b94fbd,News,"Dòng tiền thông minh 29/11: NĐT cá nhân mua ròng gần 1.900 tỷ đồng phiên điều chỉnh, tâm điểm VPB, HPG",,2021-11-29,,b904495ae3ec925aaba214abf6b94fbd,train,True,"{""category"": ""ngan_hang"", ""content_length"": ""4244"", ""publication_time_resolution"": ""DATE_ONLY"", ""url"": ""https://vietnambiz.vn/dong-tien-thong-minh-29-11-ndt-ca-nhan-mua-rong-gan-1900-ty-dong-phien-dieu-chinh-tam-diem-vpb-hpg-20211129065527661.htm""}",FINNEXUS_RESEARCH_DATASET_V17_1,FINNEXUS_TEMPORAL_KG_V1_0,CORE,FINNEXUS_LAYERED_KG_V3_0
news:b98d7274cf7427b74ce2721a154fa09e,News,"Vingroup: LNTT quý 2 đạt gần 4.900 tỷ đồng, doanh thu mảng bán lẻ tăng trưởng 74%",,2019-07-30,,b98d7274cf7427b74ce2721a154fa09e,train,True,"{""category"": ""ket_qua_kinh_doanh"", ""content_length"": ""2344"", ""publication_time_resolution"": ""DATE_ONLY"", ""url"": ""https://cafef.vn/vingroup-lntt-quy-2-dat-gan-4900-ty-dong-doanh-thu-mang-ban-le-tang-truong-74-20190730221101296.chn""}",FINNEXUS_RESEARCH_DATASET_V17_1,FINNEXUS_TEMPORAL_KG_V1_0,CORE,FINNEXUS_LAYERED_KG_V3_0
news:b9e5bd8575de2bb7ec8d14dbda48b5b2,News,"Vinhomes và Vincom Retail mua vào gần 27,4 triệu cổ phiếu quĩ, còn 14 phiên để thực hiện giao dịch",,2019-11-26,,b9e5bd8575de2bb7ec8d14dbda48b5b2,train,True,"{""category"": ""ket_qua_kinh_doanh"", ""content_length"": ""2084"", ""publication_time_resolution"": ""DATE_ONLY"", ""url"": ""https://vietnambiz.vn/vinhomes-va-vincom-retail-mua-vao-gan-274-trieu-co-phieu-qui-con-14-phien-de-thuc-hien-giao-dich-20191125234704248.htm""}",FINNEXUS_RESEARCH_DATASET_V17_1,FINNEXUS_TEMPORAL_KG_V1_0,CORE,FINNEXUS_LAYERED_KG_V3_0
news:ba633a60b1f0d7cf508f6beef4de7981,News,Chứng khoán SSI ra mắt gói phí giao dịch mới hấp dẫn,,2021-09-06,,ba633a60b1f0d7cf508f6beef4de7981,train,True,"{""category"": ""chung_khoan"", ""content_length"": ""2929"", ""publication_time_resolution"": ""DATE_ONLY"", ""url"": ""https://vietnambiz.vn/chung-khoan-ssi-ra-mat-goi-phi-giao-dich-moi-hap-dan-20210906115454993.htm""}",FINNEXUS_RESEARCH_DATASET_V17_1,FINNEXUS_TEMPORAL_KG_V1_0,CORE,FINNEXUS_LAYERED_KG_V3_0
news:ba6dc1c6a5fdac3f25fca30064f3e255,News,"HPG, VIB, DXG, TID, TVC, GIL, MSH, TIX, TLT, DHC, SGC: Thông tin giao dịch lượng lớn cổ phiếu",,2021-06-01,,ba6dc1c6a5fdac3f25fca30064f3e255,train,True,"{""category"": ""co_tuc_phat_hanh"", ""content_length"": ""2507"", ""publication_time_resolution"": ""DATE_ONLY"", ""url"": ""https://cafef.vn/hpg-vib-dxg-tid-tvc-gil-msh-tix-tlt-dhc-sgc-thong-tin-giao-dich-luong-lon-co-phieu-2021053118212536.chn""}",FINNEXUS_RESEARCH_DATASET_V17_1,FINNEXUS_TEMPORAL_KG_V1_0,CORE,FINNEXUS_LAYERED_KG_V3_0
news:ba75f6eb84ac68feefcdbed328b1ebd1,News,"PV Power (POW): Quý 1 lãi sau thuế đạt 566 tỷ đồng, tăng 12% so với cùng kỳ",,2021-05-04,,ba75f6eb84ac68feefcdbed328b1ebd1,train,True,"{""category"": ""ket_qua_kinh_doanh"", ""content_length"": ""2981"", ""publication_time_resolution"": ""DATE_ONLY"", ""url"": ""https://cafef.vn/pv-power-pow-quy-1-lai-sau-thue-dat-566-ty-dong-tang-12-so-voi-cung-ky-20210503225317231.chn""}",FINNEXUS_RESEARCH_DATASET_V17_1,FINNEXUS_TEMPORAL_KG_V1_0,CORE,FINNEXUS_LAYERED_KG_V3_0
news:babfa37830fcc932e9ee7645200100b7,News,"Mở lại đường bay Trung Quốc, cổ phiếu HVN của Vietnam Airlines cũng “cất cánh” tăng gần 80% chỉ sau 1 tháng",,2022-12-16,,babfa37830fcc932e9ee7645200100b7,test,True,"{""category"": ""chung_khoan"", ""content_length"": ""1694"", ""publication_time_resolution"": ""DATE_ONLY"", ""url"": ""https://cafef.vn/mo-lai-duong-bay-trung-quoc-co-phieu-hvn-cua-vietnam-airlines-cung-cat-canh-tang-gan-80-chi-sau-1-thang-20221216160015577.chn""}",FINNEXUS_RESEARCH_DATASET_V17_1,FINNEXUS_TEMPORAL_KG_V1_0,CORE,FINNEXUS_LAYERED_KG_V3_0
news:bacb8e23733f4a142af013e514f2bb60,News,"Cổ phiếu tâm điểm ngày 21/1: VCB, HPG, VJC, REE",,2020-01-21,,bacb8e23733f4a142af013e514f2bb60,train,True,"{""category"": ""ngan_hang"", ""content_length"": ""3099"", ""publication_time_resolution"": ""DATE_ONLY"", ""url"": ""https://vietnambiz.vn/co-phieu-tam-diem-ngay-21-1-vcb-hpg-vjc-ree-20200121071123262.htm""}",FINNEXUS_RESEARCH_DATASET_V17_1,FINNEXUS_TEMPORAL_KG_V1_0,CORE,FINNEXUS_LAYERED_KG_V3_0
news:bb096f3cd3bc5f9e07185540e1eee15c,News,"Phiên 5/7: Khối ngoại quay đầu bán ròng, tập trung bán CTG, HPG",,2021-07-05,,bb096f3cd3bc5f9e07185540e1eee15c,train,True,"{""category"": ""chung_khoan"", ""content_length"": ""875"", ""publication_time_resolution"": ""DATE_ONLY"", ""url"": ""https://cafef.vn/phien-5-7-khoi-ngoai-quay-dau-ban-rong-tap-trung-ban-ctg-hpg-2021070515223171.chn""}",FINNEXUS_RESEARCH_DATASET_V17_1,FINNEXUS_TEMPORAL_KG_V1_0,CORE,FINNEXUS_LAYERED_KG_V3_0
news:bbf1c0c65cac5e0221c792396ea40fe1,News,"PDR sẽ chinh phục doanh thu 9,000 tỷ đồng trong năm 2019",,2019-03-19,,bbf1c0c65cac5e0221c792396ea40fe1,train,True,"{""category"": ""co_tuc_phat_hanh"", ""content_length"": ""3870"", ""publication_time_resolution"": ""DATE_ONLY"", ""url"": ""https://vietstock.vn/2019/03/pdr-se-chinh-phuc-doanh-thu-9000-ty-dong-trong-nam-2019-737-661098.htm""}",FINNEXUS_RESEARCH_DATASET_V17_1,FINNEXUS_TEMPORAL_KG_V1_0,CORE,FINNEXUS_LAYERED_KG_V3_0
news:bc06a36d47c6213620805a9a0255f553,News,"Giảm gần 40% từ đầu năm, con gái của Chủ tịch PNJ đăng ký mua 2 triệu cổ phiếu",,2020-03-21,,bc06a36d47c6213620805a9a0255f553,train,True,"{""category"": ""co_tuc_phat_hanh"", ""content_length"": ""2440"", ""publication_time_resolution"": ""DATE_ONLY"", ""url"": ""https://cafef.vn/giam-gan-40-tu-dau-nam-con-gai-cua-chu-tich-pnj-dang-ky-mua-2-trieu-co-phieu-20200321094705546.chn""}",FINNEXUS_RESEARCH_DATASET_V17_1,FINNEXUS_TEMPORAL_KG_V1_0,CORE,FINNEXUS_LAYERED_KG_V3_0
news:bcefb6bf7d92827ef258dccd2c81610c,News,Lãnh đạo Viconship nói gì về phương án phát hành riêng lẻ giá thấp hơn 44% so thị giá?,,2022-09-14,,bcefb6bf7d92827ef258dccd2c81610c,test,True,"{""category"": ""co_tuc_phat_hanh"", ""content_length"": ""3433"", ""publication_time_resolution"": ""DATE_ONLY"", ""url"": ""https://cafef.vn/lanh-dao-viconship-noi-gi-ve-phuong-an-phat-hanh-rieng-le-gia-thap-hon-44-so-thi-gia-202209141416023.chn""}",FINNEXUS_RESEARCH_DATASET_V17_1,FINNEXUS_TEMPORAL_KG_V1_0,CORE,FINNEXUS_LAYERED_KG_V3_0
news:bd72ede8f98ec26f301a753ad7265064,News,"HQC, DGC, HAG, G36, SPB, PSI, QNC, DHC, LHG, TLD, TNI, L18, VSN, SD9, PMT, ATS: Thông tin giao dịch lượng lớn cổ phiếu",,2021-12-11,,bd72ede8f98ec26f301a753ad7265064,train,True,"{""category"": ""co_tuc_phat_hanh"", ""content_length"": ""3823"", ""publication_time_resolution"": ""DATE_ONLY"", ""url"": ""https://cafef.vn/hqc-dgc-hag-g36-spb-psi-qnc-dhc-lhg-tld-tni-l18-vsn-sd9-pmt-ats-thong-tin-giao-dich-luong-lon-co-phieu-2021121017371353.chn""}",FINNEXUS_RESEARCH_DATASET_V17_1,FINNEXUS_TEMPORAL_KG_V1_0,CORE,FINNEXUS_LAYERED_KG_V3_0
news:bd9f3c421a87b996e6f8d7932f88e9c0,News,"VNDIRECT: “Kinh tế Việt Nam hồi phục vững chắc, VN-Index dao động từ 840 đến 920 điểm trong nửa cuối năm”",,2020-07-07,,bd9f3c421a87b996e6f8d7932f88e9c0,train,True,"{""category"": ""ket_qua_kinh_doanh"", ""content_length"": ""4212"", ""publication_time_resolution"": ""DATE_ONLY"", ""url"": ""https://cafef.vn/vndirect-kinh-te-viet-nam-hoi-phuc-vung-chac-vn-index-dao-dong-tu-840-den-920-diem-trong-nua-cuoi-nam-20200707095644294.chn""}",FINNEXUS_RESEARCH_DATASET_V17_1,FINNEXUS_TEMPORAL_KG_V1_0,CORE,FINNEXUS_LAYERED_KG_V3_0
news:be441186b019ec2123f24df1dc375829,News,"REE, NLG, MBB, BVB, SFG, TMS, UNI, LM3: Thông tin giao dịch lượng lớn cổ phiếu",,2022-02-15,,be441186b019ec2123f24df1dc375829,validation,True,"{""category"": ""ngan_hang"", ""content_length"": ""1763"", ""publication_time_resolution"": ""DATE_ONLY"", ""url"": ""https://cafef.vn/ree-nlg-mbb-bvb-sfg-tms-uni-lm3-thong-tin-giao-dich-luong-lon-co-phieu-202202142256251.chn""}",FINNEXUS_RESEARCH_DATASET_V17_1,FINNEXUS_TEMPORAL_KG_V1_0,CORE,FINNEXUS_LAYERED_KG_V3_0
news:bf6bfb775aeb112f61829a3aea0ce246,News,"Ngành logistic khởi sắc, Viconship (VSC) báo lãi trước thuế kỷ lục 483 tỷ đồng, vượt luôn kế hoạch đã được điều chỉnh",,2022-03-02,,bf6bfb775aeb112f61829a3aea0ce246,validation,True,"{""category"": ""ket_qua_kinh_doanh"", ""content_length"": ""1293"", ""publication_time_resolution"": ""DATE_ONLY"", ""url"": ""https://cafef.vn/nganh-logistic-khoi-sac-viconship-vsc-bao-lai-truoc-thue-ky-luc-483-ty-dong-vuot-luon-ke-hoach-da-duoc-dieu-chinh-20220302114650285.chn""}",FINNEXUS_RESEARCH_DATASET_V17_1,FINNEXUS_TEMPORAL_KG_V1_0,CORE,FINNEXUS_LAYERED_KG_V3_0
news:bfdaedd9957691626ab815c9428a91ab,News,"HUT, HSG, OGC, SMC, VJC, VHE, TNA, TNS, MVY, NLS, TDP: Thông tin giao dịch lượng lớn cổ phiếu",,2020-01-15,,bfdaedd9957691626ab815c9428a91ab,train,True,"{""category"": ""chung_khoan"", ""content_length"": ""2501"", ""publication_time_resolution"": ""DATE_ONLY"", ""url"": ""https://cafef.vn/hut-hsg-ogc-smc-vjc-vhe-tna-tns-mvy-nls-tdp-thong-tin-giao-dich-luong-lon-co-phieu-20200115084023291.chn""}",FINNEXUS_RESEARCH_DATASET_V17_1,FINNEXUS_TEMPORAL_KG_V1_0,CORE,FINNEXUS_LAYERED_KG_V3_0
news:c02c8e10e1773b7015caf15f01b18320,News,"Thị trường chứng quyền 21 - 25/10: Nhộn nhịp chứng quyền MWG, họ Vingroup kém sắc",,2019-10-28,,c02c8e10e1773b7015caf15f01b18320,train,True,"{""category"": ""co_tuc_phat_hanh"", ""content_length"": ""5013"", ""publication_time_resolution"": ""DATE_ONLY"", ""url"": ""https://vietnambiz.vn/thi-truong-chung-quyen-21-25-10-nhon-nhip-chung-quyen-mwg-ho-vingroup-kem-sac-20191028002603265.htm""}",FINNEXUS_RESEARCH_DATASET_V17_1,FINNEXUS_TEMPORAL_KG_V1_0,CORE,FINNEXUS_LAYERED_KG_V3_0
news:c051ed326bbb0976a84b12896f8d267b,News,Phiên 25/2: Khối ngoại chốt lời trăm tỷ đồng mã VND sau thông tin tăng vốn,,2022-02-25,,c051ed326bbb0976a84b12896f8d267b,validation,True,"{""category"": ""co_tuc_phat_hanh"", ""content_length"": ""3330"", ""publication_time_resolution"": ""DATE_ONLY"", ""url"": ""https://vietnambiz.vn/phien-25-2-khoi-ngoai-chot-loi-tram-ty-dong-ma-vnd-sau-thong-tin-tang-von-20220225172859573.htm""}",FINNEXUS_RESEARCH_DATASET_V17_1,FINNEXUS_TEMPORAL_KG_V1_0,CORE,FINNEXUS_LAYERED_KG_V3_0
news:c069059a5e112dffe5115c25a3f81102,News,"ĐHCĐ Petrolimex: Quý II ước lãi 350 tỷ đồng, công ty nhiên liệu bay vẫn lỗ",,2020-06-26,,c069059a5e112dffe5115c25a3f81102,train,True,"{""category"": ""co_tuc_phat_hanh"", ""content_length"": ""9000"", ""publication_time_resolution"": ""DATE_ONLY"", ""url"": ""https://cafef.vn/dhcd-petrolimex-quy-ii-uoc-lai-350-ty-dong-ca-nam-dat-ke-hoach-lai-1570-ty-20200626101810215.chn""}",FINNEXUS_RESEARCH_DATASET_V17_1,FINNEXUS_TEMPORAL_KG_V1_0,CORE,FINNEXUS_LAYERED_KG_V3_0
news:c0b44730f0bc6343f323ab381279bf91,News,"FPT Online (FOC): Lợi nhuận sau thuế 2019 tiếp tục đi ngang, đạt 256 tỷ đồng",,2020-01-20,,c0b44730f0bc6343f323ab381279bf91,train,True,"{""category"": ""co_tuc_phat_hanh"", ""content_length"": ""1305"", ""publication_time_resolution"": ""DATE_ONLY"", ""url"": ""https://cafef.vn/fpt-online-foc-loi-nhuan-sau-thue-2019-tiep-tuc-di-ngang-dat-256-ty-dong-20200120110738017.chn""}",FINNEXUS_RESEARCH_DATASET_V17_1,FINNEXUS_TEMPORAL_KG_V1_0,CORE,FINNEXUS_LAYERED_KG_V3_0
news:c0c41140e6fc32041b3b243091d16286,News,"Phiên 24/11: Khối ngoại tiếp tục mua ròng hơn 100 tỷ đồng, tập trung “gom” HPG",,2020-11-24,,c0c41140e6fc32041b3b243091d16286,train,True,"{""category"": ""chung_khoan"", ""content_length"": ""758"", ""publication_time_resolution"": ""DATE_ONLY"", ""url"": ""https://cafef.vn/phien-24-11-khoi-ngoai-tiep-tuc-mua-rong-hon-100-ty-dong-tap-trung-gom-hpg-20201124161051222.chn""}",FINNEXUS_RESEARCH_DATASET_V17_1,FINNEXUS_TEMPORAL_KG_V1_0,CORE,FINNEXUS_LAYERED_KG_V3_0
news:c0f29d527e78e607fcd190a831ed6daa,News,"FCM, NKG, VPB, GEX, GSM, MIG, DRH, AST, CPI, GTA: Thông tin giao dịch lượng lớn cổ phiếu",,2019-07-27,,c0f29d527e78e607fcd190a831ed6daa,train,True,"{""category"": ""ngan_hang"", ""content_length"": ""2652"", ""publication_time_resolution"": ""DATE_ONLY"", ""url"": ""https://cafef.vn/fcm-nkg-vpb-gex-gsm-mig-drh-ast-cpi-gta-thong-tin-giao-dich-luong-lon-co-phieu-2019072708064725.chn""}",FINNEXUS_RESEARCH_DATASET_V17_1,FINNEXUS_TEMPORAL_KG_V1_0,CORE,FINNEXUS_LAYERED_KG_V3_0
news:c0f757cc3e0d3e3d9f99e34c3bcb2331,News,Tầm nhìn Masan sở hữu gần 8% cổ phần Masan MEATLife,,2019-11-12,,c0f757cc3e0d3e3d9f99e34c3bcb2331,train,True,"{""category"": ""co_tuc_phat_hanh"", ""content_length"": ""1099"", ""publication_time_resolution"": ""DATE_ONLY"", ""url"": ""https://vietnambiz.vn/tam-nhin-masan-so-huu-gan-8-co-phan-masan-meatlife-20191112165301966.htm""}",FINNEXUS_RESEARCH_DATASET_V17_1,FINNEXUS_TEMPORAL_KG_V1_0,CORE,FINNEXUS_LAYERED_KG_V3_0
news:c11c86c72986fa408ceaec8d7dde65d0,News,"Thị trường chứng quyền tuần (24 - 28/2): Nhóm Vingroup lao dốc, nhiều mã mất hơn 50% giá trị",,2020-03-01,,c11c86c72986fa408ceaec8d7dde65d0,train,True,"{""category"": ""co_tuc_phat_hanh"", ""content_length"": ""3754"", ""publication_time_resolution"": ""DATE_ONLY"", ""url"": ""https://vietnambiz.vn/thi-truong-chung-quyen-tuan-24-28-2-nhom-vingroup-lao-doc-nhieu-ma-mat-hon-50-gia-tri-20200301121003164.htm""}",FINNEXUS_RESEARCH_DATASET_V17_1,FINNEXUS_TEMPORAL_KG_V1_0,CORE,FINNEXUS_LAYERED_KG_V3_0
news:c135e51ca5f04ed3a0013bede574a9ec,News,"Cổ phiếu tâm điểm ngày 12/3: HDB, STB, DTD",,2021-03-11,,c135e51ca5f04ed3a0013bede574a9ec,train,True,"{""category"": ""ngan_hang"", ""content_length"": ""2061"", ""publication_time_resolution"": ""DATE_ONLY"", ""url"": ""https://vietnambiz.vn/co-phieu-tam-diem-ngay-12-3-hdb-stb-dtd-20210311192808118.htm""}",FINNEXUS_RESEARCH_DATASET_V17_1,FINNEXUS_TEMPORAL_KG_V1_0,CORE,FINNEXUS_LAYERED_KG_V3_0
news:c14c6d1393fe691674f9a1c703acf51b,News,"Tháng 8: Tổ chức trong nước tiếp tục bán ròng hơn 1.360 tỷ đồng, tập trung xả PLX, HPG",,2022-09-07,,c14c6d1393fe691674f9a1c703acf51b,test,True,"{""category"": ""ket_qua_kinh_doanh"", ""content_length"": ""4257"", ""publication_time_resolution"": ""DATE_ONLY"", ""url"": ""https://vietnambiz.vn/thang-8-to-chuc-trong-nuoc-tiep-tuc-ban-rong-hon-1360-ty-dong-tap-trung-xa-plx-hpg-20229613295384.htm""}",FINNEXUS_RESEARCH_DATASET_V17_1,FINNEXUS_TEMPORAL_KG_V1_0,CORE,FINNEXUS_LAYERED_KG_V3_0
news:c1566b08eedf1bc40f5b65164defe77a,News,"Cổ phiếu tâm điểm ngày 21/1: VIC, PVT, DRC",,2021-01-20,,c1566b08eedf1bc40f5b65164defe77a,train,True,"{""category"": ""ngan_hang"", ""content_length"": ""2819"", ""publication_time_resolution"": ""DATE_ONLY"", ""url"": ""https://vietnambiz.vn/co-phieu-tam-diem-ngay-21-1-vic-pvt-drc-20210120182243483.htm""}",FINNEXUS_RESEARCH_DATASET_V17_1,FINNEXUS_TEMPORAL_KG_V1_0,CORE,FINNEXUS_LAYERED_KG_V3_0
news:c1c49d811c198ff644b9a69d7f083ed7,News,Gelex (GEX) tiếp tục thông qua việc huy động thêm 300 tỷ trái phiếu trong năm 2021,,2021-05-18,,c1c49d811c198ff644b9a69d7f083ed7,train,True,"{""category"": ""co_tuc_phat_hanh"", ""content_length"": ""2153"", ""publication_time_resolution"": ""DATE_ONLY"", ""url"": ""https://cafef.vn/gelex-gex-tiep-tuc-thong-qua-viec-huy-dong-them-300-ty-trai-phieu-trong-nam-2021-20210518073609912.chn""}",FINNEXUS_RESEARCH_DATASET_V17_1,FINNEXUS_TEMPORAL_KG_V1_0,CORE,FINNEXUS_LAYERED_KG_V3_0
news:c22ed3b1dd8cf789e50ea4ce3e41313d,News,PV GAS: 5 tháng đầu năm ước đạt 4.500 tỷ LNTT,,2020-06-04,,c22ed3b1dd8cf789e50ea4ce3e41313d,train,True,"{""category"": ""ket_qua_kinh_doanh"", ""content_length"": ""2241"", ""publication_time_resolution"": ""DATE_ONLY"", ""url"": ""https://cafef.vn/pv-gas-5-thang-dau-nam-uoc-dat-4500-ty-lntt-20200604172017433.chn""}",FINNEXUS_RESEARCH_DATASET_V17_1,FINNEXUS_TEMPORAL_KG_V1_0,CORE,FINNEXUS_LAYERED_KG_V3_0
news:c25a14947ef860bdfa0ac7aeb13aec3f,News,"HDB, FIT, POM, BWE, LCG, HDG, VCP, SGR, KHW, VCW, SBS: Thông tin giao dịch lượng lớn cổ phiếu",,2021-01-03,,c25a14947ef860bdfa0ac7aeb13aec3f,train,True,"{""category"": ""ngan_hang"", ""content_length"": ""2442"", ""publication_time_resolution"": ""DATE_ONLY"", ""url"": ""https://cafef.vn/hdb-fit-pom-bwe-lcg-hdg-vcp-sgr-khw-vcw-sbs-thong-tin-giao-dich-luong-lon-co-phieu-2020123118005244.chn""}",FINNEXUS_RESEARCH_DATASET_V17_1,FINNEXUS_TEMPORAL_KG_V1_0,CORE,FINNEXUS_LAYERED_KG_V3_0
news:c2b18cf69042c85b3ff63a8271e3c544,News,"Đạm Cà Mau (DCM): Tăng công suất nhà máy lên 112%, dự đạt 300.000 tấn sản phẩm cho cao điểm vụ Đông Xuân",,2021-11-25,,c2b18cf69042c85b3ff63a8271e3c544,train,True,"{""category"": ""ket_qua_kinh_doanh"", ""content_length"": ""1967"", ""publication_time_resolution"": ""DATE_ONLY"", ""url"": ""https://cafef.vn/dam-ca-mau-dcm-tang-cong-suat-nha-may-len-112-du-dat-300000-tan-san-pham-cho-cao-diem-vu-dong-xuan-20211125111610715.chn""}",FINNEXUS_RESEARCH_DATASET_V17_1,FINNEXUS_TEMPORAL_KG_V1_0,CORE,FINNEXUS_LAYERED_KG_V3_0
news:c2e855ab154591ccc4f5573af8f8a727,News,"Masan (MSN): Nhóm nội bộ đã mua vào hơn 2 triệu cổ phiếu, tăng sở hữu lên 50,65% vốn",,2021-09-27,,c2e855ab154591ccc4f5573af8f8a727,train,True,"{""category"": ""chung_khoan"", ""content_length"": ""1960"", ""publication_time_resolution"": ""DATE_ONLY"", ""url"": ""https://cafef.vn/masan-msn-nhom-noi-bo-da-mua-vao-hon-2-trieu-co-phieu-tang-so-huu-len-5065-von-20210927154257615.chn""}",FINNEXUS_RESEARCH_DATASET_V17_1,FINNEXUS_TEMPORAL_KG_V1_0,CORE,FINNEXUS_LAYERED_KG_V3_0
news:c2f282f7d6ab90bb607bc04c26415be6,News,"Vietjet lỗ vận chuyển hàng không 1.440 tỷ đồng trong 6 tháng, mức tích cực so với các hãng trên thế giới",,2020-08-31,,c2f282f7d6ab90bb607bc04c26415be6,train,True,"{""category"": ""ket_qua_kinh_doanh"", ""content_length"": ""3350"", ""publication_time_resolution"": ""DATE_ONLY"", ""url"": ""https://cafef.vn/vietjet-lo-van-chuyen-hang-khong-1440-ty-dong-trong-6-thang-muc-tich-cuc-so-voi-cac-hang-tren-the-gioi-20200831190330903.chn""}",FINNEXUS_RESEARCH_DATASET_V17_1,FINNEXUS_TEMPORAL_KG_V1_0,CORE,FINNEXUS_LAYERED_KG_V3_0
news:c30f3ae309b40051c4385f0ced41a2c2,News,"Phiên 27/10: Khối ngoại tiếp tục bán ròng gần 170 tỷ đồng, tập trung bán MSN",,2020-10-27,,c30f3ae309b40051c4385f0ced41a2c2,train,True,"{""category"": ""chung_khoan"", ""content_length"": ""688"", ""publication_time_resolution"": ""DATE_ONLY"", ""url"": ""https://cafef.vn/phien-27-10-khoi-ngoai-tiep-tuc-ban-rong-gan-170-ty-dong-tap-trung-ban-msn-20201027151908193.chn""}",FINNEXUS_RESEARCH_DATASET_V17_1,FINNEXUS_TEMPORAL_KG_V1_0,CORE,FINNEXUS_LAYERED_KG_V3_0
news:c39f1cd09e33733af31c0f0ff4f15ddd,News,"MSN bất ngờ tăng trần, VN-Index giữ được mốc 890 điểm trong phiên cuối tuần",,2020-03-06,,c39f1cd09e33733af31c0f0ff4f15ddd,train,True,"{""category"": ""bat_dong_san"", ""content_length"": ""4280"", ""publication_time_resolution"": ""DATE_ONLY"", ""url"": ""https://cafef.vn/nhieu-bluechips-giam-sau-vn-index-mat-moc-890-diem-20200306095153582.chn""}",FINNEXUS_RESEARCH_DATASET_V17_1,FINNEXUS_TEMPORAL_KG_V1_0,CORE,FINNEXUS_LAYERED_KG_V3_0
news:c3b02638bbcd106016fbfc03aad2a9ac,News,"Khối ngoại bán ròng hơn 1.000 tỷ đồng tuần quỹ ETF cơ cấu danh mục, xả mạnh nhất cp STB",,2022-09-17,,c3b02638bbcd106016fbfc03aad2a9ac,test,True,"{""category"": ""bat_dong_san"", ""content_length"": ""3114"", ""publication_time_resolution"": ""DATE_ONLY"", ""url"": ""https://vietnambiz.vn/khoi-ngoai-ban-rong-hon-1000-ty-dong-tuan-quy-etf-co-cau-danh-muc-xa-manh-nhat-cp-stb-2022917134913239.htm""}",FINNEXUS_RESEARCH_DATASET_V17_1,FINNEXUS_TEMPORAL_KG_V1_0,CORE,FINNEXUS_LAYERED_KG_V3_0
news:c442a948d23d0afa91e589f7ca50b540,News,"Thị trường chứng khoán 22/4: Họ Vingroup kém sắc, VN-Index tăng hơn 2 điểm nhờ nhóm ngân hàng và bán lẻ",,2020-04-22,,c442a948d23d0afa91e589f7ca50b540,train,True,"{""category"": ""ket_qua_kinh_doanh"", ""content_length"": ""5177"", ""publication_time_resolution"": ""DATE_ONLY"", ""url"": ""https://vietnambiz.vn/thi-truong-chung-khoan-22-4-vn-index-giam-gan-9-diem-nhom-thep-khoi-sac-20200422095619772.htm""}",FINNEXUS_RESEARCH_DATASET_V17_1,FINNEXUS_TEMPORAL_KG_V1_0,CORE,FINNEXUS_LAYERED_KG_V3_0
news:c472170eb113439ddc2c18675dbfbb5b,News,Điện lực Dầu khí Nhơn Trạch 2 (NT2): Kế hoạch LNST 2020 giảm 18% xuống 620 tỷ đồng,,2020-03-20,,c472170eb113439ddc2c18675dbfbb5b,train,True,"{""category"": ""co_tuc_phat_hanh"", ""content_length"": ""2108"", ""publication_time_resolution"": ""DATE_ONLY"", ""url"": ""https://cafef.vn/dien-luc-dau-khi-nhon-trach-2-nt2-ke-hoach-lnst-2020-giam-18-xuong-620-ty-dong-2020032011313741.chn""}",FINNEXUS_RESEARCH_DATASET_V17_1,FINNEXUS_TEMPORAL_KG_V1_0,CORE,FINNEXUS_LAYERED_KG_V3_0
news:c4860dc362e1635eeca5cf5d8e6a6959,News,Đạm Phú Mỹ (DPM) chi tiếp hơn 270 tỷ đồng trả cổ tức cho cổ đông,,2020-07-24,,c4860dc362e1635eeca5cf5d8e6a6959,train,True,"{""category"": ""co_tuc_phat_hanh"", ""content_length"": ""944"", ""publication_time_resolution"": ""DATE_ONLY"", ""url"": ""https://cafef.vn/dam-phu-my-dpm-chi-tiep-hon-270-ty-dong-tra-co-tuc-cho-co-dong-20200723182558971.chn""}",FINNEXUS_RESEARCH_DATASET_V17_1,FINNEXUS_TEMPORAL_KG_V1_0,CORE,FINNEXUS_LAYERED_KG_V3_0
news:c48ae68a2add81b3e17b8a8aa7010c7e,News,"Phó Chủ tịch FPT muốn bán 2,3 triệu cổ phiếu",,2020-08-28,,c48ae68a2add81b3e17b8a8aa7010c7e,train,True,"{""category"": ""chung_khoan"", ""content_length"": ""2009"", ""publication_time_resolution"": ""DATE_ONLY"", ""url"": ""https://vietnambiz.vn/pho-chu-tich-fpt-muon-ban-23-trieu-co-phieu-20200828212926611.htm""}",FINNEXUS_RESEARCH_DATASET_V17_1,FINNEXUS_TEMPORAL_KG_V1_0,CORE,FINNEXUS_LAYERED_KG_V3_0
news:c4a58f1ab696bdf532d802ec23e29760,News,"Năm 2022, VPBank sẽ thực hiện 2 đợt tăng vốn lên 79.334 tỷ đồng, tiếp tục tìm kiếm các cơ hội M&A",,2022-04-15,,c4a58f1ab696bdf532d802ec23e29760,validation,True,"{""category"": ""co_tuc_phat_hanh"", ""content_length"": ""4589"", ""publication_time_resolution"": ""DATE_ONLY"", ""url"": ""https://www.tinnhanhchungkhoan.vn/nam-2022-vpbank-se-thuc-hien-2-dot-tang-von-len-79334-ty-dong-tiep-tuc-tim-kiem-cac-co-hoi-ma-post295313.html""}",FINNEXUS_RESEARCH_DATASET_V17_1,FINNEXUS_TEMPORAL_KG_V1_0,CORE,FINNEXUS_LAYERED_KG_V3_0
news:c4d160d20d5b776361e4ddd5ece8f454,News,REE đăng ký mua thêm 60 triệu cổ phiếu VSH để nâng sở hữu lên trên 50%,,2019-12-24,,c4d160d20d5b776361e4ddd5ece8f454,train,True,"{""category"": ""co_tuc_phat_hanh"", ""content_length"": ""1928"", ""publication_time_resolution"": ""DATE_ONLY"", ""url"": ""https://cafef.vn/ree-dang-ky-mua-them-60-trieu-co-phieu-vsh-de-nang-so-huu-len-tren-50-20191224093939326.chn""}",FINNEXUS_RESEARCH_DATASET_V17_1,FINNEXUS_TEMPORAL_KG_V1_0,CORE,FINNEXUS_LAYERED_KG_V3_0
news:c553edebff90e71ec7e155d5791fee36,News,"Cổ phiếu tâm điểm ngày 19/2: SSI, HSG, HDG, CTR",,2021-02-18,,c553edebff90e71ec7e155d5791fee36,train,True,"{""category"": ""ngan_hang"", ""content_length"": ""2223"", ""publication_time_resolution"": ""DATE_ONLY"", ""url"": ""https://vietnambiz.vn/co-phieu-tam-diem-ngay-19-2-ssi-hsg-hdg-ctr-20210218151817902.htm""}",FINNEXUS_RESEARCH_DATASET_V17_1,FINNEXUS_TEMPORAL_KG_V1_0,CORE,FINNEXUS_LAYERED_KG_V3_0
news:c55d4ec5eef2b34f64a22aeb872de72a,News,"Vinasun dự kiến thua lỗ, Chứng khoán HSC bán sạch 7,2 triệu cổ phiếu VNS",,2020-07-01,,c55d4ec5eef2b34f64a22aeb872de72a,train,True,"{""category"": ""ket_qua_kinh_doanh"", ""content_length"": ""1263"", ""publication_time_resolution"": ""DATE_ONLY"", ""url"": ""https://vietnambiz.vn/vinasun-du-kien-thua-lo-chung-khoan-hsc-ban-sach-72-trieu-co-phieu-vns-20200701162003362.htm""}",FINNEXUS_RESEARCH_DATASET_V17_1,FINNEXUS_TEMPORAL_KG_V1_0,CORE,FINNEXUS_LAYERED_KG_V3_0
news:c58205bfdbb87ef93511d0e20c20a971,News,"9 tháng đầu năm 2021, Vietjet đạt doanh thu hợp nhất 10.210 tỉ đồng",,2021-12-11,,c58205bfdbb87ef93511d0e20c20a971,train,True,"{""category"": ""ket_qua_kinh_doanh"", ""content_length"": ""3028"", ""publication_time_resolution"": ""DATE_ONLY"", ""url"": ""https://cafef.vn/9-thang-dau-nam-2021-vietjet-dat-doanh-thu-hop-nhat-10210-ti-dong-20211211113940184.chn""}",FINNEXUS_RESEARCH_DATASET_V17_1,FINNEXUS_TEMPORAL_KG_V1_0,CORE,FINNEXUS_LAYERED_KG_V3_0
news:c5b2ccb95fb1c769310e372f97605efa,News,"Giao dịch thỏa thuận khủng TCB, NVL, DIG, CRE phiên 25/12",,2019-12-25,,c5b2ccb95fb1c769310e372f97605efa,train,True,"{""category"": ""ngan_hang"", ""content_length"": ""1812"", ""publication_time_resolution"": ""DATE_ONLY"", ""url"": ""https://vietnambiz.vn/giao-dich-thoa-thuan-khung-tcb-nvl-dig-cre-phien-25-12-20191225232643664.htm""}",FINNEXUS_RESEARCH_DATASET_V17_1,FINNEXUS_TEMPORAL_KG_V1_0,CORE,FINNEXUS_LAYERED_KG_V3_0
news:c5e611c26d49e03d4a908c0b4734a716,News,"ANV tăng 33% từ đầu năm, Trợ lý TGĐ Thuỷ sản Nam Việt đăng ký bán bớt 3 triệu cổ phiếu",,2022-03-31,,c5e611c26d49e03d4a908c0b4734a716,validation,True,"{""category"": ""ket_qua_kinh_doanh"", ""content_length"": ""964"", ""publication_time_resolution"": ""DATE_ONLY"", ""url"": ""https://cafef.vn/anv-tang-33-tu-dau-nam-tro-ly-tgd-thuy-san-nam-viet-dang-ky-ban-bot-3-trieu-co-phieu-20220331084850861.chn""}",FINNEXUS_RESEARCH_DATASET_V17_1,FINNEXUS_TEMPORAL_KG_V1_0,CORE,FINNEXUS_LAYERED_KG_V3_0
news:c5ede845f2b3b75e2e1eae36ab513d35,News,Chứng khoán SHS báo lãi quý 3/2022 sụt giảm 64% so với cùng kỳ,,2022-10-20,,c5ede845f2b3b75e2e1eae36ab513d35,test,True,"{""category"": ""ket_qua_kinh_doanh"", ""content_length"": ""2197"", ""publication_time_resolution"": ""DATE_ONLY"", ""url"": ""https://cafef.vn/chung-khoan-shs-bao-lai-quy-3-2022-sut-giam-64-so-voi-cung-ky-20221020194953398.chn""}",FINNEXUS_RESEARCH_DATASET_V17_1,FINNEXUS_TEMPORAL_KG_V1_0,CORE,FINNEXUS_LAYERED_KG_V3_0
news:c601c8477d846ab97d8303a32679ad4e,News,"REE mua 49% cổ phần thủy điện Mường Hum, nâng danh mục doanh nghiệp điện lên 13",,2019-11-07,,c601c8477d846ab97d8303a32679ad4e,train,True,"{""category"": ""bat_dong_san"", ""content_length"": ""2126"", ""publication_time_resolution"": ""DATE_ONLY"", ""url"": ""https://cafef.vn/ree-mua-49-co-phan-thuy-dien-muong-hum-nang-danh-muc-doanh-nghiep-dien-len-13-20191107175658922.chn""}",FINNEXUS_RESEARCH_DATASET_V17_1,FINNEXUS_TEMPORAL_KG_V1_0,CORE,FINNEXUS_LAYERED_KG_V3_0
news:c60344e51b839354df8479ce837bbfa4,News,Chủ tịch Gelex mua xong 3 triệu cổ phiếu GEX trước phiên tăng trần,,2021-11-26,,c60344e51b839354df8479ce837bbfa4,train,True,"{""category"": ""chung_khoan"", ""content_length"": ""1192"", ""publication_time_resolution"": ""DATE_ONLY"", ""url"": ""https://vietnambiz.vn/chu-tich-gelex-mua-xong-3-trieu-co-phieu-gex-truoc-phien-tang-tran-20211126101445103.htm""}",FINNEXUS_RESEARCH_DATASET_V17_1,FINNEXUS_TEMPORAL_KG_V1_0,CORE,FINNEXUS_LAYERED_KG_V3_0
news:c674197cbbfe049b356251a0766311f4,News,Thách thức nào cho mục tiêu tăng trưởng 10% doanh thu 2020 của Vinamilk?,,2020-04-01,,c674197cbbfe049b356251a0766311f4,train,True,"{""category"": ""ket_qua_kinh_doanh"", ""content_length"": ""6074"", ""publication_time_resolution"": ""DATE_ONLY"", ""url"": ""https://cafef.vn/thach-thuc-nao-cho-muc-tieu-tang-truong-10-doanh-thu-2020-cua-vinamilk-20200329213725674.chn""}",FINNEXUS_RESEARCH_DATASET_V17_1,FINNEXUS_TEMPORAL_KG_V1_0,CORE,FINNEXUS_LAYERED_KG_V3_0
news:c68017772d923a515f1d526bd374ca5c,News,"GEX: CEO Nguyễn Văn Tuấn đã hoàn tất mua 30 triệu cổ phiếu, nâng sở hữu lên 17,7% vốn",,2021-06-04,,c68017772d923a515f1d526bd374ca5c,train,True,"{""category"": ""co_tuc_phat_hanh"", ""content_length"": ""1793"", ""publication_time_resolution"": ""DATE_ONLY"", ""url"": ""https://cafef.vn/gex-ceo-nguyen-van-tuan-da-hoan-tat-mua-30-trieu-co-phieu-nang-so-huu-len-177-von-20210604090945937.chn""}",FINNEXUS_RESEARCH_DATASET_V17_1,FINNEXUS_TEMPORAL_KG_V1_0,CORE,FINNEXUS_LAYERED_KG_V3_0
news:c6b58b9273a8659e230d8d0b745486c6,News,Dự báo danh mục VN30 tháng 4: FPT và VPB bị giảm tỷ trọng?,,2020-03-24,,c6b58b9273a8659e230d8d0b745486c6,train,True,"{""category"": ""chung_khoan"", ""content_length"": ""1276"", ""publication_time_resolution"": ""DATE_ONLY"", ""url"": ""https://cafef.vn/du-bao-danh-muc-vn30-thang-4-fpt-va-vpb-bi-giam-ty-trong-20200323215737687.chn""}",FINNEXUS_RESEARCH_DATASET_V17_1,FINNEXUS_TEMPORAL_KG_V1_0,CORE,FINNEXUS_LAYERED_KG_V3_0
news:c75f1ed157fd594ffb2ce577952940e1,News,Khang Điền (KDH) đặt kế hoạch lãi sau thuế 1.100 tỷ đồng trong năm 2020,,2020-04-14,,c75f1ed157fd594ffb2ce577952940e1,train,True,"{""category"": ""co_tuc_phat_hanh"", ""content_length"": ""1247"", ""publication_time_resolution"": ""DATE_ONLY"", ""url"": ""https://cafef.vn/khang-dien-kdh-dat-ke-hoach-lai-sau-thue-1100-ty-dong-trong-nam-2020-20200414160551208.chn""}",FINNEXUS_RESEARCH_DATASET_V17_1,FINNEXUS_TEMPORAL_KG_V1_0,CORE,FINNEXUS_LAYERED_KG_V3_0
news:c7af6d12e42aabf3956865e0d083b803,News,Gemadept sẽ phát hành hơn 100 triệu cổ phiếu cho cổ đông hiện hữu với giá 20.000 đồng/cp,,2022-06-23,,c7af6d12e42aabf3956865e0d083b803,test,True,"{""category"": ""co_tuc_phat_hanh"", ""content_length"": ""3799"", ""publication_time_resolution"": ""DATE_ONLY"", ""url"": ""https://cafef.vn/gemadept-se-phat-hanh-hon-100-trieu-co-phieu-cho-co-dong-hien-huu-voi-gia-20000-dong-cp-20220623101801151.chn""}",FINNEXUS_RESEARCH_DATASET_V17_1,FINNEXUS_TEMPORAL_KG_V1_0,CORE,FINNEXUS_LAYERED_KG_V3_0
news:c7bca3b08e3ef60eab529ecfceb68932,News,"Phiên 23/3: Khối ngoại mua ròng hơn 1.000 tỷ đồng trên HOSE, gom mạnh DGC",,2022-03-23,,c7bca3b08e3ef60eab529ecfceb68932,validation,True,"{""category"": ""chung_khoan"", ""content_length"": ""3224"", ""publication_time_resolution"": ""DATE_ONLY"", ""url"": ""https://vietnambiz.vn/phien-23-3-khoi-ngoai-mua-rong-hon-1000-ty-dong-tren-hose-gom-manh-dgc-20220323174550546.htm""}",FINNEXUS_RESEARCH_DATASET_V17_1,FINNEXUS_TEMPORAL_KG_V1_0,CORE,FINNEXUS_LAYERED_KG_V3_0
news:c8bac7d24d32deb6082be78ce36ef10e,News,"VOF VinaCapital gia tăng tỷ trọng FPT, đánh giá tích cực với triển vọng thị trường chứng khoán Việt Nam",,2021-03-13,,c8bac7d24d32deb6082be78ce36ef10e,train,True,"{""category"": ""ket_qua_kinh_doanh"", ""content_length"": ""3664"", ""publication_time_resolution"": ""DATE_ONLY"", ""url"": ""https://cafef.vn/vof-vinacapital-gia-tang-ty-trong-fpt-danh-gia-tich-cuc-voi-trien-vong-thi-truong-chung-khoan-viet-nam-20210312173815578.chn""}",FINNEXUS_RESEARCH_DATASET_V17_1,FINNEXUS_TEMPORAL_KG_V1_0,CORE,FINNEXUS_LAYERED_KG_V3_0
news:c8bfa7550ed8bd8926dc9605c50c1af6,News,"Cổ phiếu tâm điểm 27/9: TCH, KLB, CTR",,2021-09-26,,c8bfa7550ed8bd8926dc9605c50c1af6,train,True,"{""category"": ""ngan_hang"", ""content_length"": ""2316"", ""publication_time_resolution"": ""DATE_ONLY"", ""url"": ""https://vietnambiz.vn/co-phieu-tam-diem-27-9-tch-klb-ctr-20210926153333577.htm""}",FINNEXUS_RESEARCH_DATASET_V17_1,FINNEXUS_TEMPORAL_KG_V1_0,CORE,FINNEXUS_LAYERED_KG_V3_0
news:c8d06d6f0bd7c984b8b322367c3c79ee,News,"Liên tục bán ra, khoản đầu tư vào HPG của VEIL Dragon Capital giảm 200 triệu USD từ đầu năm",,2022-07-31,,c8d06d6f0bd7c984b8b322367c3c79ee,test,True,"{""category"": ""co_tuc_phat_hanh"", ""content_length"": ""4103"", ""publication_time_resolution"": ""DATE_ONLY"", ""url"": ""https://cafef.vn/lien-tuc-ban-ra-khoan-dau-tu-vao-hpg-cua-veil-dragon-capital-giam-200-trieu-usd-tu-dau-nam-20220729074907475.chn""}",FINNEXUS_RESEARCH_DATASET_V17_1,FINNEXUS_TEMPORAL_KG_V1_0,CORE,FINNEXUS_LAYERED_KG_V3_0
news:c985cd9b27ec993e30586340fd8f6453,News,"PV GAS ""bắt tay"" với tập đoàn năng lượng Mỹ đầu tư Kho cảng LNG Sơn Mỹ, vốn đầu tư lên đến 1,31 tỷ USD",,2021-09-23,,c985cd9b27ec993e30586340fd8f6453,train,True,"{""category"": ""bat_dong_san"", ""content_length"": ""1268"", ""publication_time_resolution"": ""DATE_ONLY"", ""url"": ""https://cafef.vn/pv-gas-bat-tay-voi-tap-doan-nang-luong-my-dau-tu-kho-cang-lng-son-my-von-dau-tu-len-den-131-ty-usd-20210923092802846.chn""}",FINNEXUS_RESEARCH_DATASET_V17_1,FINNEXUS_TEMPORAL_KG_V1_0,CORE,FINNEXUS_LAYERED_KG_V3_0
news:c99d1da74f9ab7c864d244a4c0ddbf2e,News,"Cổ phiếu tâm điểm ngày 29/10: VJC, VNM, NTL, HT1, DGW",,2019-10-28,,c99d1da74f9ab7c864d244a4c0ddbf2e,train,True,"{""category"": ""ngan_hang"", ""content_length"": ""3545"", ""publication_time_resolution"": ""DATE_ONLY"", ""url"": ""https://vietnambiz.vn/co-phieu-tam-diem-ngay-29-10-vjc-vnm-ntl-ht1-dgw-20191028174801982.htm""}",FINNEXUS_RESEARCH_DATASET_V17_1,FINNEXUS_TEMPORAL_KG_V1_0,CORE,FINNEXUS_LAYERED_KG_V3_0
news:c9db345968dfb155bf114562871d9375,News,"Không chỉ tăng cường M&A mảng hàng tiêu dùng biên lãi cao, Digiworld còn muốn thâm nhập vào mảng TV thông minh",,2019-08-12,,c9db345968dfb155bf114562871d9375,train,True,"{""category"": ""co_tuc_phat_hanh"", ""content_length"": ""3109"", ""publication_time_resolution"": ""DATE_ONLY"", ""url"": ""https://cafef.vn/khong-chi-tang-cuong-ma-mang-hang-tieu-dung-bien-lai-cao-digiworld-con-muon-tham-nhap-vao-mang-tv-thong-minh-20190810195602939.chn""}",FINNEXUS_RESEARCH_DATASET_V17_1,FINNEXUS_TEMPORAL_KG_V1_0,CORE,FINNEXUS_LAYERED_KG_V3_0
news:c9ff6642a0e1cefae51f4da2201077a4,News,PV Power muốn thoái sạch vốn tại EVN International (EIC),,2022-03-16,,c9ff6642a0e1cefae51f4da2201077a4,validation,True,"{""category"": ""ket_qua_kinh_doanh"", ""content_length"": ""2426"", ""publication_time_resolution"": ""DATE_ONLY"", ""url"": ""https://cafef.vn/pv-power-muon-thoai-sach-von-tai-evn-international-eic-20220316172246226.chn""}",FINNEXUS_RESEARCH_DATASET_V17_1,FINNEXUS_TEMPORAL_KG_V1_0,CORE,FINNEXUS_LAYERED_KG_V3_0
news:ca1ce3f6cfba2df602b5b477a56f5dab,News,"Thị trường chứng khoán 22/9: Hồi phục mạnh, STB tăng kịch trần với thanh khoản khủng",,2020-09-22,,ca1ce3f6cfba2df602b5b477a56f5dab,train,True,"{""category"": ""ngan_hang"", ""content_length"": ""4679"", ""publication_time_resolution"": ""DATE_ONLY"", ""url"": ""https://vietnambiz.vn/thi-truong-chung-khoan-22-9-dieu-chinh-ngay-dau-phien-mwg-nguoc-dong-tang-gia-20200922100202329.htm""}",FINNEXUS_RESEARCH_DATASET_V17_1,FINNEXUS_TEMPORAL_KG_V1_0,CORE,FINNEXUS_LAYERED_KG_V3_0
news:ca212224a33809820373facf26244333,News,Tự doanh CTCK và khối ngoại trao tay lượng lớn cổ phiếu CTG và BCM?,,2020-09-06,,ca212224a33809820373facf26244333,train,True,"{""category"": ""chung_khoan"", ""content_length"": ""2161"", ""publication_time_resolution"": ""DATE_ONLY"", ""url"": ""https://cafef.vn/tu-doanh-ctck-va-khoi-ngoai-trao-tay-luong-lon-co-phieu-ctg-va-bcm-20200906164700608.chn""}",FINNEXUS_RESEARCH_DATASET_V17_1,FINNEXUS_TEMPORAL_KG_V1_0,CORE,FINNEXUS_LAYERED_KG_V3_0
news:ca22aba6cbc4a282feb7110a5d709884,News,"Cổ phiếu tâm điểm ngày 7/4: HPG, FPT, NTC, QNS",,2020-04-06,,ca22aba6cbc4a282feb7110a5d709884,train,True,"{""category"": ""ngan_hang"", ""content_length"": ""2541"", ""publication_time_resolution"": ""DATE_ONLY"", ""url"": ""https://vietnambiz.vn/co-phieu-tam-diem-ngay-7-4-hpg-fpt-ntc-qns-20200406203650864.htm""}",FINNEXUS_RESEARCH_DATASET_V17_1,FINNEXUS_TEMPORAL_KG_V1_0,CORE,FINNEXUS_LAYERED_KG_V3_0
news:ca44e9e844f12c79b06cc15ae4c6c871,News,"Khối ngoại bán ròng kỷ lục gần 30.000 tỷ đồng trong nửa đầu năm 2021, tập trung ""xả"" HPG và nhiều cổ phiếu ngân hàng",,2021-07-01,,ca44e9e844f12c79b06cc15ae4c6c871,train,True,"{""category"": ""co_tuc_phat_hanh"", ""content_length"": ""5096"", ""publication_time_resolution"": ""DATE_ONLY"", ""url"": ""https://cafef.vn/khoi-ngoai-ban-rong-ky-luc-gan-30000-ty-dong-trong-nua-dau-nam-2021-tap-trung-xa-hpg-va-nhieu-co-phieu-ngan-hang-20210630175112247.chn""}",FINNEXUS_RESEARCH_DATASET_V17_1,FINNEXUS_TEMPORAL_KG_V1_0,CORE,FINNEXUS_LAYERED_KG_V3_0
news:ca6a16ce67da327454a91f3a6ddefda9,News,"Phiên 23/11: Khối ngoại tiếp tục gom gần 135 tỉ đồng, tập trung VHM",,2020-11-23,,ca6a16ce67da327454a91f3a6ddefda9,train,True,"{""category"": ""chung_khoan"", ""content_length"": ""2747"", ""publication_time_resolution"": ""DATE_ONLY"", ""url"": ""https://vietnambiz.vn/phien-23-11-khoi-ngoai-tiep-tuc-gom-gan-135-ti-dong-tap-trung-vhm-20201123163249228.htm""}",FINNEXUS_RESEARCH_DATASET_V17_1,FINNEXUS_TEMPORAL_KG_V1_0,CORE,FINNEXUS_LAYERED_KG_V3_0
news:ca71f1e156c67205f44b97312cb051f4,News,"Cổ phiếu tâm điểm 18/4: FRT, HAH, MIG",,2022-04-17,,ca71f1e156c67205f44b97312cb051f4,validation,True,"{""category"": ""ket_qua_kinh_doanh"", ""content_length"": ""1992"", ""publication_time_resolution"": ""DATE_ONLY"", ""url"": ""https://vietnambiz.vn/co-phieu-tam-diem-184-frt-hah-mig-2022417105659251.htm""}",FINNEXUS_RESEARCH_DATASET_V17_1,FINNEXUS_TEMPORAL_KG_V1_0,CORE,FINNEXUS_LAYERED_KG_V3_0
news:ca8b03dcc730b60f4c56f74a4e21e212,News,"VRE ""tím lịm"", loạt cổ phiếu bất động sản đảo chiều từ sàn lên trần, VN-Index tăng hơn 30 điểm",,2022-04-26,,ca8b03dcc730b60f4c56f74a4e21e212,validation,True,"{""category"": ""ngan_hang"", ""content_length"": ""4906"", ""publication_time_resolution"": ""DATE_ONLY"", ""url"": ""https://cafef.vn/co-phieu-tiep-tuc-do-deo-hang-loat-vn-index-giam-hon-47-diem-thung-moc-1270-20220426094809241.chn""}",FINNEXUS_RESEARCH_DATASET_V17_1,FINNEXUS_TEMPORAL_KG_V1_0,CORE,FINNEXUS_LAYERED_KG_V3_0
news:cae10d386155f18979f7505da1766fa8,News,"Giao dịch chứng khoán khối ngoại ngày 14/10: Bán ròng tới hơn 580 tỷ đồng, chủ yếu là MSN và TCB",,2020-10-14,,cae10d386155f18979f7505da1766fa8,train,True,"{""category"": ""chung_khoan"", ""content_length"": ""3187"", ""publication_time_resolution"": ""DATE_ONLY"", ""url"": ""https://www.tinnhanhchungkhoan.vn/giao-dich-chung-khoan-khoi-ngoai-ngay-1410-ban-rong-toi-hon-580-ty-dong-chu-yeu-la-msn-va-tcb-post252598.html""}",FINNEXUS_RESEARCH_DATASET_V17_1,FINNEXUS_TEMPORAL_KG_V1_0,CORE,FINNEXUS_LAYERED_KG_V3_0
news:cae47b32a24dc34b81fdb4754fc00de2,News,"Cổ phiếu tâm điểm ngày 19/10: FPT, ANV, AST",,2020-10-19,,cae47b32a24dc34b81fdb4754fc00de2,train,True,"{""category"": ""ket_qua_kinh_doanh"", ""content_length"": ""3020"", ""publication_time_resolution"": ""DATE_ONLY"", ""url"": ""https://vietnambiz.vn/co-phieu-tam-diem-ngay-19-10-fpt-anv-ast-20201019075158575.htm""}",FINNEXUS_RESEARCH_DATASET_V17_1,FINNEXUS_TEMPORAL_KG_V1_0,CORE,FINNEXUS_LAYERED_KG_V3_0
news:cba7f5192fefedb443cdeb48255acfc8,News,"Khi Vinamilk đi ngang suốt 5 năm, Sữa Quốc tế lột xác đầy khó hiểu: từ thua lỗ triền miên đến lãi cả nghìn tỷ, đứng top đầu ngành",,2022-02-05,,cba7f5192fefedb443cdeb48255acfc8,validation,True,"{""category"": ""ket_qua_kinh_doanh"", ""content_length"": ""3583"", ""publication_time_resolution"": ""DATE_ONLY"", ""url"": ""https://cafef.vn/khi-vinamilk-di-ngang-suot-5-nam-sua-quoc-te-lot-xac-day-kho-hieu-tu-thua-lo-trien-mien-den-lai-ca-nghin-ty-dung-top-dau-nganh-20220131085735415.chn""}",FINNEXUS_RESEARCH_DATASET_V17_1,FINNEXUS_TEMPORAL_KG_V1_0,CORE,FINNEXUS_LAYERED_KG_V3_0
news:cba8729aabd91cfeaa96c63e73c729fa,News,"Chứng khoán SHS muốn phát hành hơn 325 triệu cp với giá 12.000 đồng/cp, vốn gấp đôi vượt 6.500 tỷ đồng",,2021-12-10,,cba8729aabd91cfeaa96c63e73c729fa,train,True,"{""category"": ""co_tuc_phat_hanh"", ""content_length"": ""1640"", ""publication_time_resolution"": ""DATE_ONLY"", ""url"": ""https://vietnambiz.vn/chung-khoan-shs-muon-phat-hanh-hon-325-trieu-cp-voi-gia-12000-dong-cp-von-gap-doi-vuot-6500-ty-dong-2021121007374386.htm""}",FINNEXUS_RESEARCH_DATASET_V17_1,FINNEXUS_TEMPORAL_KG_V1_0,CORE,FINNEXUS_LAYERED_KG_V3_0
news:cbfc8881acfe6080073d99b525c8ef2f,News,"Phiên 6/10: Khối ngoại vẫn bán ròng hơn trăm tỉ đồng, chưa dừng xả VNM",,2020-10-06,,cbfc8881acfe6080073d99b525c8ef2f,train,True,"{""category"": ""chung_khoan"", ""content_length"": ""2203"", ""publication_time_resolution"": ""DATE_ONLY"", ""url"": ""https://vietnambiz.vn/phien-6-10-khoi-ngoai-van-ban-rong-hon-tram-ti-dong-chua-dung-xa-vnm-20201006170653443.htm""}",FINNEXUS_RESEARCH_DATASET_V17_1,FINNEXUS_TEMPORAL_KG_V1_0,CORE,FINNEXUS_LAYERED_KG_V3_0
news:cc12dea769d5269168a52aa3a7e7ff98,News,VCSC có thêm khoản vay hợp vốn 100 triệu USD từ các ngân hàng nước ngoài,,2022-05-13,,cc12dea769d5269168a52aa3a7e7ff98,validation,True,"{""category"": ""ket_qua_kinh_doanh"", ""content_length"": ""1815"", ""publication_time_resolution"": ""DATE_ONLY"", ""url"": ""https://cafef.vn/vcsc-co-them-khoan-vay-hop-von-100-trieu-usd-tu-cac-ngan-hang-nuoc-ngoai-20220513095014941.chn""}",FINNEXUS_RESEARCH_DATASET_V17_1,FINNEXUS_TEMPORAL_KG_V1_0,CORE,FINNEXUS_LAYERED_KG_V3_0
news:cc3c46fd9134187da132eac0de103299,News,Tổ chức liên quan đến Dragon Capital đã bán gần 900.000 cổ phiếu ACB,,2021-06-22,,cc3c46fd9134187da132eac0de103299,train,True,"{""category"": ""co_tuc_phat_hanh"", ""content_length"": ""1401"", ""publication_time_resolution"": ""DATE_ONLY"", ""url"": ""https://vietnambiz.vn/to-chuc-lien-quan-den-dragon-capital-ban-gan-900000-co-phieu-acb-2021062210365509.htm""}",FINNEXUS_RESEARCH_DATASET_V17_1,FINNEXUS_TEMPORAL_KG_V1_0,CORE,FINNEXUS_LAYERED_KG_V3_0
news:cc5c4ed95c7e77749b77b856ac77d65e,News,"HPG, HNG, SHB, LPB, FRT, GSM, GEX, NKG, SMB, HEM, THG, PTL, APG, SIP, KST, SKV, VCP, VTA: Thông tin giao dịch lượng lớn cổ phiếu",,2019-07-09,,cc5c4ed95c7e77749b77b856ac77d65e,train,True,"{""category"": ""ngan_hang"", ""content_length"": ""3893"", ""publication_time_resolution"": ""DATE_ONLY"", ""url"": ""https://cafef.vn/hpg-hng-shb-lpb-frt-gsm-gex-nkg-smb-hem-thg-ptl-apg-sip-kst-skv-vcp-vta-thong-tin-giao-dich-luong-lon-co-phieu-20190709074549921.chn""}",FINNEXUS_RESEARCH_DATASET_V17_1,FINNEXUS_TEMPORAL_KG_V1_0,CORE,FINNEXUS_LAYERED_KG_V3_0
news:cd2531fd00396bd12a4d454666c02f21,News,"Cổ phiếu ngân hàng đỏ lửa, TCB chạm đáy một năm",,2022-04-16,,cd2531fd00396bd12a4d454666c02f21,validation,True,"{""category"": ""ngan_hang"", ""content_length"": ""1592"", ""publication_time_resolution"": ""DATE_ONLY"", ""url"": ""https://vietnambiz.vn/co-phieu-ngan-hang-do-lua-tcb-cham-day-mot-nam-2022415181411825.htm""}",FINNEXUS_RESEARCH_DATASET_V17_1,FINNEXUS_TEMPORAL_KG_V1_0,CORE,FINNEXUS_LAYERED_KG_V3_0
news:cd64a98945d389474f4be0130b78fb38,News,"Sau thời kỳ thăng hoa, Hoà Phát (HPG) bất ngờ lỗ hơn 1.700 tỷ đồng trong quý 3/2022",,2022-10-28,,cd64a98945d389474f4be0130b78fb38,test,True,"{""category"": ""ket_qua_kinh_doanh"", ""content_length"": ""2047"", ""publication_time_resolution"": ""DATE_ONLY"", ""url"": ""https://cafef.vn/sau-thoi-ky-thang-hoa-hoa-phat-hpg-bat-ngo-lo-hon-1700-ty-dong-trong-quy-3-2022-20221028153455849.chn""}",FINNEXUS_RESEARCH_DATASET_V17_1,FINNEXUS_TEMPORAL_KG_V1_0,CORE,FINNEXUS_LAYERED_KG_V3_0
news:cd6bf8759b9b101b021d53ca12377f91,News,"Trở thành nhà phân phối mới của Apple, Digiworld và Petrosetco lãi lớn trong quý III",,2020-11-08,,cd6bf8759b9b101b021d53ca12377f91,train,True,"{""category"": ""co_tuc_phat_hanh"", ""content_length"": ""4268"", ""publication_time_resolution"": ""DATE_ONLY"", ""url"": ""https://cafef.vn/tro-thanh-nha-phan-phoi-moi-cua-apple-digiworld-va-petrosetco-lai-lon-trong-quy-iii-20201108162503787.chn""}",FINNEXUS_RESEARCH_DATASET_V17_1,FINNEXUS_TEMPORAL_KG_V1_0,CORE,FINNEXUS_LAYERED_KG_V3_0
news:cd6d1fcf0d85cf23e2a6aa129e073c99,News,"HDB, DAH, HAH, CCI, VDP, SRF: Thông tin giao dịch lượng lớn cổ phiếu",,2020-07-21,,cd6d1fcf0d85cf23e2a6aa129e073c99,train,True,"{""category"": ""ngan_hang"", ""content_length"": ""1755"", ""publication_time_resolution"": ""DATE_ONLY"", ""url"": ""https://cafef.vn/hdb-dah-hah-cci-vdp-srf-thong-tin-giao-dich-luong-lon-co-phieu-20200721082904283.chn""}",FINNEXUS_RESEARCH_DATASET_V17_1,FINNEXUS_TEMPORAL_KG_V1_0,CORE,FINNEXUS_LAYERED_KG_V3_0
news:cd757335c751b0a37aa374450a9bf801,News,VPBank nhận giải thưởng Best IR Bank Vietnam 2021,,2022-01-17,,cd757335c751b0a37aa374450a9bf801,validation,True,"{""category"": ""co_tuc_phat_hanh"", ""content_length"": ""6301"", ""publication_time_resolution"": ""DATE_ONLY"", ""url"": ""https://www.tinnhanhchungkhoan.vn/vpbank-nhan-giai-thuong-best-ir-bank-vietnam-2021-post289555.html""}",FINNEXUS_RESEARCH_DATASET_V17_1,FINNEXUS_TEMPORAL_KG_V1_0,CORE,FINNEXUS_LAYERED_KG_V3_0
news:cd8c44ac8d5600d5cc2b46ed74ff0cdb,News,"VNM, VPH, HDC, DHA, LM8, SVI, VSC, AME, SVN, SPI, PBK, KTT, TKC, IDJ: Thông tin giao dịch lượng lớn cổ phiếu",,2020-05-13,,cd8c44ac8d5600d5cc2b46ed74ff0cdb,train,True,"{""category"": ""bat_dong_san"", ""content_length"": ""2445"", ""publication_time_resolution"": ""DATE_ONLY"", ""url"": ""https://cafef.vn/vnm-vph-hdc-dha-lm8-svi-vsc-ame-svn-spi-pbk-ktt-tkc-idj-thong-tin-giao-dich-luong-lon-co-phieu-20200513093215638.chn""}",FINNEXUS_RESEARCH_DATASET_V17_1,FINNEXUS_TEMPORAL_KG_V1_0,CORE,FINNEXUS_LAYERED_KG_V3_0
news:cd96855dbae5121031608894f57d5c08,News,"Kỳ vọng doanh số điện thoại và laptop tiếp tục bứt phá, Digiworld đặt mục tiêu 300 tỷ đồng LNST năm 2021",,2020-12-16,,cd96855dbae5121031608894f57d5c08,train,True,"{""category"": ""ket_qua_kinh_doanh"", ""content_length"": ""2551"", ""publication_time_resolution"": ""DATE_ONLY"", ""url"": ""https://cafef.vn/ky-vong-doanh-so-dien-thoai-va-laptop-tiep-tuc-but-pha-digiworld-dat-muc-tieu-300-ty-dong-lnst-nam-2021-20201215182925998.chn""}",FINNEXUS_RESEARCH_DATASET_V17_1,FINNEXUS_TEMPORAL_KG_V1_0,CORE,FINNEXUS_LAYERED_KG_V3_0
news:cde2a920bb3351132a6903b486f2a378,News,"Bộ đôi quỹ ngoại tỷ đô không thể thiếu của những đợt IPO hot nhất 5 năm qua: Từ Novaland, Vietjet, FRT đến Hưng Thịnh...",,2022-07-09,,cde2a920bb3351132a6903b486f2a378,test,True,"{""category"": ""co_tuc_phat_hanh"", ""content_length"": ""5154"", ""publication_time_resolution"": ""DATE_ONLY"", ""url"": ""https://cafef.vn/bo-doi-quy-ngoai-ty-do-khong-the-thieu-cua-nhung-dot-ipo-hot-nhat-5-nam-qua-tu-novaland-vietjet-frt-den-hung-thinh-20220630015635866.chn""}",FINNEXUS_RESEARCH_DATASET_V17_1,FINNEXUS_TEMPORAL_KG_V1_0,CORE,FINNEXUS_LAYERED_KG_V3_0
news:cdf334bf104cadaac3bbb03f22e06983,News,"Dòng tiền thông minh (25/12): Tự doanh đảo chiều xả 163 tỉ đồng bất chấp khối ngoại mở rộng đà mua ròng, tập trung TCB và TPB",,2019-12-25,,cdf334bf104cadaac3bbb03f22e06983,train,True,"{""category"": ""bat_dong_san"", ""content_length"": ""3295"", ""publication_time_resolution"": ""DATE_ONLY"", ""url"": ""https://vietnambiz.vn/dong-tien-thong-minh-25-12-tu-doanh-dao-chieu-xa-163-ti-dong-bat-chap-khoi-ngoai-mo-rong-da-mua-rong-tap-trung-tcb-va-tpb-20191225081217568.htm""}",FINNEXUS_RESEARCH_DATASET_V17_1,FINNEXUS_TEMPORAL_KG_V1_0,CORE,FINNEXUS_LAYERED_KG_V3_0
news:ce45b65177b87fc95e5c0052d2f76ec0,News,ANV: Ngày GDKHQ trả cổ tức đợt 2 năm 2019 (10%),,2020-11-08,,ce45b65177b87fc95e5c0052d2f76ec0,train,True,"{""category"": ""co_tuc_phat_hanh"", ""content_length"": ""615"", ""publication_time_resolution"": ""DATE_ONLY"", ""url"": ""https://www.tinnhanhchungkhoan.vn/anv-ngay-gdkhq-tra-co-tuc-dot-2-nam-2019-10-post255243.html""}",FINNEXUS_RESEARCH_DATASET_V17_1,FINNEXUS_TEMPORAL_KG_V1_0,CORE,FINNEXUS_LAYERED_KG_V3_0
news:ce5228d3031961c675d7535635339728,News,"Cổ phiếu NVL xuống đáy lịch sử, Novaland lập “hat trick” giải trình",,2022-11-23,,ce5228d3031961c675d7535635339728,test,True,"{""category"": ""co_tuc_phat_hanh"", ""content_length"": ""3602"", ""publication_time_resolution"": ""DATE_ONLY"", ""url"": ""https://cafef.vn/co-phieu-nvl-xuong-day-lich-su-novaland-lap-hat-trick-giai-trinh-20221123150829064.chn""}",FINNEXUS_RESEARCH_DATASET_V17_1,FINNEXUS_TEMPORAL_KG_V1_0,CORE,FINNEXUS_LAYERED_KG_V3_0
news:ce68a109421ec38ee1ae7a87e25600e2,News,"Vinamilk chốt quyền cổ tức bằng tiền, tổng tỷ lệ 24,5%",,2022-06-17,,ce68a109421ec38ee1ae7a87e25600e2,test,True,"{""category"": ""co_tuc_phat_hanh"", ""content_length"": ""1446"", ""publication_time_resolution"": ""DATE_ONLY"", ""url"": ""https://cafef.vn/vinamilk-chot-quyen-co-tuc-bang-tien-tong-ty-le-245-20220617160354186.chn""}",FINNEXUS_RESEARCH_DATASET_V17_1,FINNEXUS_TEMPORAL_KG_V1_0,CORE,FINNEXUS_LAYERED_KG_V3_0
news:ce866d90945514f97d776ddc6b7f5c93,News,"Giá cước vận tải và cho thuê tàu ""đắt đỏ"", Hải An (HAH) báo lãi quý 1/2022 gấp 3 lần cùng kỳ năm trước",,2022-04-28,,ce866d90945514f97d776ddc6b7f5c93,validation,True,"{""category"": ""ket_qua_kinh_doanh"", ""content_length"": ""2453"", ""publication_time_resolution"": ""DATE_ONLY"", ""url"": ""https://cafef.vn/gia-cuoc-van-tai-va-cho-thue-tau-dat-do-hai-an-hah-bao-lai-quy-1-2022-tang-gap-3-lan-cung-ky-20220427174300784.chn""}",FINNEXUS_RESEARCH_DATASET_V17_1,FINNEXUS_TEMPORAL_KG_V1_0,CORE,FINNEXUS_LAYERED_KG_V3_0
news:cf1c08895270e32136a8049052ef94d8,News,"Tiềm năng nào ở HAH, HSG và MCH?",,2022-01-10,,cf1c08895270e32136a8049052ef94d8,validation,True,"{""category"": ""co_tuc_phat_hanh"", ""content_length"": ""8236"", ""publication_time_resolution"": ""DATE_ONLY"", ""url"": ""https://vietstock.vn/2022/01/tiem-nang-nao-o-hah-hsg-va-mch-145-923357.htm""}",FINNEXUS_RESEARCH_DATASET_V17_1,FINNEXUS_TEMPORAL_KG_V1_0,CORE,FINNEXUS_LAYERED_KG_V3_0
news:cfb1e8df250aba16bf2eb7150d29423f,News,"Vinamilk là Thương hiệu thực phẩm giá trị nhất Việt Nam với định giá hơn 2,8 tỷ USD",,2022-09-22,,cfb1e8df250aba16bf2eb7150d29423f,test,True,"{""category"": ""ket_qua_kinh_doanh"", ""content_length"": ""4103"", ""publication_time_resolution"": ""DATE_ONLY"", ""url"": ""https://cafef.vn/vinamilk-la-thuong-hieu-thuc-pham-gia-tri-nhat-viet-nam-voi-dinh-gia-hon-28-ty-usd-20220922173412086.chn""}",FINNEXUS_RESEARCH_DATASET_V17_1,FINNEXUS_TEMPORAL_KG_V1_0,CORE,FINNEXUS_LAYERED_KG_V3_0
news:d0215435cf5373ba8e1947d349a4bcf2,News,"VietinBank Securities sắp tăng vốn lên gần 1.500 tỷ đồng, bầu bổ sung thành viên hội đồng quản trị độc lập",,2022-07-04,,d0215435cf5373ba8e1947d349a4bcf2,test,True,"{""category"": ""co_tuc_phat_hanh"", ""content_length"": ""2434"", ""publication_time_resolution"": ""DATE_ONLY"", ""url"": ""https://vietnambiz.vn/vietinbank-securities-sap-tang-von-len-gan-1500-ty-dong-bau-bo-sung-thanh-vien-hoi-dong-quan-tri-doc-lap-202274103151764.htm""}",FINNEXUS_RESEARCH_DATASET_V17_1,FINNEXUS_TEMPORAL_KG_V1_0,CORE,FINNEXUS_LAYERED_KG_V3_0
news:d04b655212ad2cd5265ae31aba8473fd,News,"Cổ phiếu tâm điểm ngày 29/4: VNM, HCM, PAC",,2021-04-28,,d04b655212ad2cd5265ae31aba8473fd,train,True,"{""category"": ""ket_qua_kinh_doanh"", ""content_length"": ""2054"", ""publication_time_resolution"": ""DATE_ONLY"", ""url"": ""https://vietnambiz.vn/co-phieu-tam-diem-ngay-29-4-vnm-hcm-pac-2021042818493996.htm""}",FINNEXUS_RESEARCH_DATASET_V17_1,FINNEXUS_TEMPORAL_KG_V1_0,CORE,FINNEXUS_LAYERED_KG_V3_0
news:d06718cf4f5fb16f75df4aee1cb047e1,News,"Ngoài Chủ tịch Nguyễn Duy Hưng, những ai được mua cổ phiếu ESOP của SSI?",,2022-02-25,,d06718cf4f5fb16f75df4aee1cb047e1,validation,True,"{""category"": ""chung_khoan"", ""content_length"": ""1803"", ""publication_time_resolution"": ""DATE_ONLY"", ""url"": ""https://vietnambiz.vn/ngoai-chu-tich-nguyen-duy-hung-nhung-ai-duoc-mua-co-phieu-esop-cua-ssi-20220225110212059.htm""}",FINNEXUS_RESEARCH_DATASET_V17_1,FINNEXUS_TEMPORAL_KG_V1_0,CORE,FINNEXUS_LAYERED_KG_V3_0
news:d0c12bfee3c7967a897334aec2d56037,News,"VCB áp sát đỉnh lịch sử, VN-Index tăng hơn 9 điểm với dòng tiền lan tỏa nhiều nhóm ngành",,2019-06-20,,d0c12bfee3c7967a897334aec2d56037,train,True,"{""category"": ""ngan_hang"", ""content_length"": ""4219"", ""publication_time_resolution"": ""DATE_ONLY"", ""url"": ""https://cafef.vn/giao-dich-am-dam-vn-index-giang-co-quanh-moc-950-diem-20190620100731234.chn""}",FINNEXUS_RESEARCH_DATASET_V17_1,FINNEXUS_TEMPORAL_KG_V1_0,CORE,FINNEXUS_LAYERED_KG_V3_0
news:d0cbadd1eeba1d0e3fcaa71a8fcbf484,News,"Quí I có lãi, Thép Nam Kim dự chi hơn 70 tỉ đồng mua 10 triệu cổ phiếu quĩ",,2020-05-22,,d0cbadd1eeba1d0e3fcaa71a8fcbf484,train,True,"{""category"": ""ket_qua_kinh_doanh"", ""content_length"": ""1526"", ""publication_time_resolution"": ""DATE_ONLY"", ""url"": ""https://vietnambiz.vn/qui-i-co-lai-thep-nam-kim-du-chi-hon-70-ti-dong-mua-10-trieu-co-phieu-qui-20200522122259688.htm""}",FINNEXUS_RESEARCH_DATASET_V17_1,FINNEXUS_TEMPORAL_KG_V1_0,CORE,FINNEXUS_LAYERED_KG_V3_0
news:d0ec332dd2839717c3fba70656cfe0a9,News,"Giao dịch lớn cổ phiếu VIB, PMB, SVN, HEV, VHD, SMA, SMT, TVC, KKC, MAC, NAP, PTV, HEJ, G36, POM, NDN, KTT, DNP",,2021-12-23,,d0ec332dd2839717c3fba70656cfe0a9,validation,True,"{""category"": ""ngan_hang"", ""content_length"": ""5036"", ""publication_time_resolution"": ""DATE_ONLY"", ""url"": ""https://vietnambiz.vn/giao-dich-lon-co-phieu-vib-pmb-svn-hev-vhd-sma-smt-tvc-kkc-mac-nap-ptv-hej-g36-pom-ndn-ktt-dnp-20211223223555728.htm""}",FINNEXUS_RESEARCH_DATASET_V17_1,FINNEXUS_TEMPORAL_KG_V1_0,CORE,FINNEXUS_LAYERED_KG_V3_0
news:d0f64cac69242e92c33b4249860fb6fe,News,Thép Nam Kim dự chi 150 tỷ đầu tư dự án ống thép,,2019-11-25,,d0f64cac69242e92c33b4249860fb6fe,train,True,"{""category"": ""ket_qua_kinh_doanh"", ""content_length"": ""1354"", ""publication_time_resolution"": ""DATE_ONLY"", ""url"": ""https://cafef.vn/thep-nam-kim-du-chi-150-ty-dau-tu-du-an-ong-thep-20191125091223737.chn""}",FINNEXUS_RESEARCH_DATASET_V17_1,FINNEXUS_TEMPORAL_KG_V1_0,CORE,FINNEXUS_LAYERED_KG_V3_0
news:d1870edad2c2689cf4fca5e0b85413eb,News,"Tuần 13-17/7: Khối ngoại giảm bán ròng còn 297 tỷ đồng, tiếp tục rút VCB",,2020-07-18,,d1870edad2c2689cf4fca5e0b85413eb,train,True,"{""category"": ""chung_khoan"", ""content_length"": ""2513"", ""publication_time_resolution"": ""DATE_ONLY"", ""url"": ""https://cafef.vn/tuan-13-17-7-khoi-ngoai-giam-ban-rong-con-297-ty-dong-tiep-tuc-rut-vcb-20200718083116205.chn""}",FINNEXUS_RESEARCH_DATASET_V17_1,FINNEXUS_TEMPORAL_KG_V1_0,CORE,FINNEXUS_LAYERED_KG_V3_0
news:d19f61fe95dcea55f44fed0008d77138,News,"VCSC: Đất Xanh đang tập trung xử lý pháp lý Gem Riverside, giá cổ phiếu DXG đã điều chỉnh quá mức",,2019-05-26,,d19f61fe95dcea55f44fed0008d77138,train,True,"{""category"": ""ket_qua_kinh_doanh"", ""content_length"": ""3907"", ""publication_time_resolution"": ""DATE_ONLY"", ""url"": ""https://cafef.vn/vcsc-thu-tuc-phap-ly-keo-dai-co-the-khien-dat-xanh-dxg-phai-cham-tien-do-thu-tien-giam-gia-tri-hop-dong-20190525230100775.chn""}",FINNEXUS_RESEARCH_DATASET_V17_1,FINNEXUS_TEMPORAL_KG_V1_0,CORE,FINNEXUS_LAYERED_KG_V3_0
news:d1d37951a4022de1134994df4221bcfc,News,"KKR hoàn tất bán ra gần 32 triệu cổ phần Vinhomes (VHM), lãi hơn 1.000 tỷ đồng chỉ sau hơn 1 năm nắm giữ",,2021-09-15,,d1d37951a4022de1134994df4221bcfc,train,True,"{""category"": ""chung_khoan"", ""content_length"": ""1660"", ""publication_time_resolution"": ""DATE_ONLY"", ""url"": ""https://cafef.vn/kkr-hoan-tat-ban-ra-gan-32-trieu-co-phan-vinhomes-vhm-lai-hon-1000-ty-dong-chi-sau-hon-1-nam-nam-giu-20210915171357297.chn""}",FINNEXUS_RESEARCH_DATASET_V17_1,FINNEXUS_TEMPORAL_KG_V1_0,CORE,FINNEXUS_LAYERED_KG_V3_0
news:d1d9bdde5accccff5b8c3ba49d09030d,News,Tuần cuối tháng 5: Khối ngoại bán ròng 270 tỷ đồng do thỏa thuận mạnh tại VJC,,2019-06-01,,d1d9bdde5accccff5b8c3ba49d09030d,train,True,"{""category"": ""chung_khoan"", ""content_length"": ""2317"", ""publication_time_resolution"": ""DATE_ONLY"", ""url"": ""https://cafef.vn/tuan-cuoi-thang-5-khoi-ngoai-ban-rong-270-ty-dong-do-thoa-thuan-manh-tai-vjc-20190601153731526.chn""}",FINNEXUS_RESEARCH_DATASET_V17_1,FINNEXUS_TEMPORAL_KG_V1_0,CORE,FINNEXUS_LAYERED_KG_V3_0
news:d1db498a0657dfff1f8a3223f71ec89d,News,"Lãi hơn 1.100 tỷ đồng trong 9 tháng đầu năm, Hóa chất Đức Giang đặt tiếp mục tiêu lãi 600 tỷ đồng trong quý 4",,2021-10-22,,d1db498a0657dfff1f8a3223f71ec89d,train,True,"{""category"": ""ket_qua_kinh_doanh"", ""content_length"": ""1705"", ""publication_time_resolution"": ""DATE_ONLY"", ""url"": ""https://cafef.vn/lai-hon-1100-ty-dong-trong-9-thang-dau-nam-hoa-chat-duc-giang-dat-tiep-muc-tieu-lai-600-ty-dong-trong-quy-4-20211022173644185.chn""}",FINNEXUS_RESEARCH_DATASET_V17_1,FINNEXUS_TEMPORAL_KG_V1_0,CORE,FINNEXUS_LAYERED_KG_V3_0
news:d21549ff73edd950f47a4ed83eb8b956,News,VietinBank đặt mục tiêu lợi nhuận tăng 10-20% trong năm 2022,,2022-01-06,,d21549ff73edd950f47a4ed83eb8b956,validation,True,"{""category"": ""ket_qua_kinh_doanh"", ""content_length"": ""1364"", ""publication_time_resolution"": ""DATE_ONLY"", ""url"": ""https://vietstock.vn/2022/01/vietinbank-dat-muc-tieu-loi-nhuan-tang-10-20-trong-nam-2022-737-922715.htm""}",FINNEXUS_RESEARCH_DATASET_V17_1,FINNEXUS_TEMPORAL_KG_V1_0,CORE,FINNEXUS_LAYERED_KG_V3_0
news:d238f3948e877d58d2ac175b4d10f539,News,"Dòng tiền thông minh 26/5: NĐT cá nhân mua ròng trở lại phiên bùng nổ theo đà, tập trung gom HPG, DXG",,2022-05-26,,d238f3948e877d58d2ac175b4d10f539,test,True,"{""category"": ""ngan_hang"", ""content_length"": ""3248"", ""publication_time_resolution"": ""DATE_ONLY"", ""url"": ""https://vietnambiz.vn/dong-tien-thong-minh-265-ndt-ca-nhan-mua-rong-tro-lai-phien-bung-no-theo-da-tap-trung-gom-hpg-dxg-20225268198157.htm""}",FINNEXUS_RESEARCH_DATASET_V17_1,FINNEXUS_TEMPORAL_KG_V1_0,CORE,FINNEXUS_LAYERED_KG_V3_0
news:d27d6cb50a730f56742f3e9f82d0a240,News,REE muốn thâu tóm Thủy điện Vĩnh Sơn - Sông Hinh,,2019-12-24,,d27d6cb50a730f56742f3e9f82d0a240,train,True,"{""category"": ""co_tuc_phat_hanh"", ""content_length"": ""1547"", ""publication_time_resolution"": ""DATE_ONLY"", ""url"": ""https://vietnambiz.vn/ree-muon-thau-tom-thuy-dien-vinh-son-song-hinh-20191224155049842.htm""}",FINNEXUS_RESEARCH_DATASET_V17_1,FINNEXUS_TEMPORAL_KG_V1_0,CORE,FINNEXUS_LAYERED_KG_V3_0
news:d2839eec13bf7867d9c2866d608e629d,News,Gelex đặt bán hơn 6 triệu cổ phiếu quỹ từ 24/3,,2021-03-12,,d2839eec13bf7867d9c2866d608e629d,train,True,"{""category"": ""chung_khoan"", ""content_length"": ""868"", ""publication_time_resolution"": ""DATE_ONLY"", ""url"": ""https://vietnambiz.vn/gelex-dat-ban-hon-6-trieu-co-phieu-quy-tu-24-3-20210312161757267.htm""}",FINNEXUS_RESEARCH_DATASET_V17_1,FINNEXUS_TEMPORAL_KG_V1_0,CORE,FINNEXUS_LAYERED_KG_V3_0
news:d2c8ea5d27a8ccdf6a8568e824046fa9,News,"Phiên 7/10: Khối ngoại có phiên bán ròng mạnh nhất kể từ đầu tuần, tâm điểm HPG, SBT",,2021-10-07,,d2c8ea5d27a8ccdf6a8568e824046fa9,train,True,"{""category"": ""bat_dong_san"", ""content_length"": ""3936"", ""publication_time_resolution"": ""DATE_ONLY"", ""url"": ""https://vietnambiz.vn/phien-7-10-khoi-ngoai-co-phien-ban-rong-manh-nhat-ke-tu-dau-tuan-tam-diem-hpg-sbt-20211007155304249.htm""}",FINNEXUS_RESEARCH_DATASET_V17_1,FINNEXUS_TEMPORAL_KG_V1_0,CORE,FINNEXUS_LAYERED_KG_V3_0
news:d2ec1186da127b8e7a783f27c3d3476c,News,"Phiên 9/9: Đà bán ròng thu hẹp, khối ngoại chủ yếu xả HPG",,2020-09-09,,d2ec1186da127b8e7a783f27c3d3476c,train,True,"{""category"": ""chung_khoan"", ""content_length"": ""2303"", ""publication_time_resolution"": ""DATE_ONLY"", ""url"": ""https://vietnambiz.vn/phien-9-9-da-ban-rong-thu-hep-khoi-ngoai-chu-yeu-xa-hpg-20200909162608852.htm""}",FINNEXUS_RESEARCH_DATASET_V17_1,FINNEXUS_TEMPORAL_KG_V1_0,CORE,FINNEXUS_LAYERED_KG_V3_0
news:d338aaed712f2f2e1e1a337a51cbdd61,News,VCSC: VN-Index phát tín hiệu quay trở lại xu hướng tăng giá,,2021-06-21,,d338aaed712f2f2e1e1a337a51cbdd61,train,True,"{""category"": ""ngan_hang"", ""content_length"": ""2909"", ""publication_time_resolution"": ""DATE_ONLY"", ""url"": ""https://cafef.vn/vcsc-vn-index-phat-tin-hieu-quay-tro-lai-xu-huong-tang-gia-20210622162359935.chn""}",FINNEXUS_RESEARCH_DATASET_V17_1,FINNEXUS_TEMPORAL_KG_V1_0,CORE,FINNEXUS_LAYERED_KG_V3_0
news:d356e7d3302f6e7cc21c21c26ebe82f9,News,"Điện lực Dầu khí Nhơn Trạch 2 (NT2): Quý 1 lãi 179 tỷ đồng, đi ngang so với cùng kỳ",,2020-04-21,,d356e7d3302f6e7cc21c21c26ebe82f9,train,True,"{""category"": ""co_tuc_phat_hanh"", ""content_length"": ""1148"", ""publication_time_resolution"": ""DATE_ONLY"", ""url"": ""https://cafef.vn/dien-luc-dau-khi-nhon-trach-2-nt2-quy-1-lai-179-ty-dong-di-ngang-so-voi-cung-ky-2020042115082033.chn""}",FINNEXUS_RESEARCH_DATASET_V17_1,FINNEXUS_TEMPORAL_KG_V1_0,CORE,FINNEXUS_LAYERED_KG_V3_0
news:d39ff3720548cb93f0c322b7a886817f,News,"Cổ phiếu tâm điểm (23/6): HDB, VSC, AST",,2022-06-22,,d39ff3720548cb93f0c322b7a886817f,test,True,"{""category"": ""co_tuc_phat_hanh"", ""content_length"": ""3101"", ""publication_time_resolution"": ""DATE_ONLY"", ""url"": ""https://vietnambiz.vn/co-phieu-tam-diem-23-2-hdc-ctd-fcn-20220222191153383.htm""}",FINNEXUS_RESEARCH_DATASET_V17_1,FINNEXUS_TEMPORAL_KG_V1_0,CORE,FINNEXUS_LAYERED_KG_V3_0
news:d453322b0d0185ddb966743e62d2b7e4,News,Doanh thu tháng 7 của PV Power giảm 4% so với cùng kỳ,,2022-08-09,,d453322b0d0185ddb966743e62d2b7e4,test,True,"{""category"": ""ket_qua_kinh_doanh"", ""content_length"": ""4020"", ""publication_time_resolution"": ""DATE_ONLY"", ""url"": ""https://cafef.vn/doanh-thu-thang-7-cua-pv-power-giam-4-so-voi-cung-ky-20220809212912998.chn""}",FINNEXUS_RESEARCH_DATASET_V17_1,FINNEXUS_TEMPORAL_KG_V1_0,CORE,FINNEXUS_LAYERED_KG_V3_0
news:d47752d533e53380515be91ad24d9a99,News,"ANV giảm mạnh, Chủ tịch Navico tranh thủ đăng ký mua 2,8 triệu cổ phiếu",,2019-12-12,,d47752d533e53380515be91ad24d9a99,train,True,"{""category"": ""ket_qua_kinh_doanh"", ""content_length"": ""1249"", ""publication_time_resolution"": ""DATE_ONLY"", ""url"": ""https://cafef.vn/anv-giam-manh-chu-tich-navico-tranh-thu-dang-ky-mua-28-trieu-co-phieu-20191212100312781.chn""}",FINNEXUS_RESEARCH_DATASET_V17_1,FINNEXUS_TEMPORAL_KG_V1_0,CORE,FINNEXUS_LAYERED_KG_V3_0
news:d4964d330c3f2c9f0da27ec49143310f,News,"VNDIRECT: ""Nhu cầu thuê đất KCN tăng cao trong nửa cuối năm 2021 và sang cả năm 2022""",,2021-07-05,,d4964d330c3f2c9f0da27ec49143310f,train,True,"{""category"": ""ngan_hang"", ""content_length"": ""5219"", ""publication_time_resolution"": ""DATE_ONLY"", ""url"": ""https://cafef.vn/vndirect-nhu-cau-thue-dat-kcn-tang-cao-trong-nua-cuoi-nam-2021-va-sang-ca-nam-2022-20210705145251195.chn""}",FINNEXUS_RESEARCH_DATASET_V17_1,FINNEXUS_TEMPORAL_KG_V1_0,CORE,FINNEXUS_LAYERED_KG_V3_0
news:d4a754163d061f5c8b7ad2b90a2dd3d1,News,"Vĩnh Hoàn (VHC): Doanh thu tháng 4/2021 đạt 800 tỷ đồng, các thị trường xuất khẩu đồng loạt tăng tốt",,2021-05-21,,d4a754163d061f5c8b7ad2b90a2dd3d1,train,True,"{""category"": ""co_tuc_phat_hanh"", ""content_length"": ""2136"", ""publication_time_resolution"": ""DATE_ONLY"", ""url"": ""https://cafef.vn/vinh-hoan-vhc-doanh-thu-thang-4-2021-dat-800-ty-dong-cac-thi-truong-xuat-khau-dong-loat-tang-tot-20210520163614107.chn""}",FINNEXUS_RESEARCH_DATASET_V17_1,FINNEXUS_TEMPORAL_KG_V1_0,CORE,FINNEXUS_LAYERED_KG_V3_0
news:d4d32a1506f4a192da096af10464926a,News,"Masan Consumer (MCH) lãi hơn 5.500 tỷ đồng sau thuế năm 2021, có hơn 13.000 tỷ đồng đi gửi ngân hàng",,2022-01-28,,d4d32a1506f4a192da096af10464926a,validation,True,"{""category"": ""ket_qua_kinh_doanh"", ""content_length"": ""2074"", ""publication_time_resolution"": ""DATE_ONLY"", ""url"": ""https://cafef.vn/masan-consumer-mch-lai-hon-5500-ty-dong-sau-thue-nam-2021-co-hon-13000-ty-dong-di-gui-ngan-hang-20220128110327173.chn""}",FINNEXUS_RESEARCH_DATASET_V17_1,FINNEXUS_TEMPORAL_KG_V1_0,CORE,FINNEXUS_LAYERED_KG_V3_0
news:d4e740e98e2b11a80f3c7104722fb281,News,Quỹ đầu tư của MB muốn bán hết cổ phiếu MBB để giải thể quỹ,,2022-04-26,,d4e740e98e2b11a80f3c7104722fb281,validation,True,"{""category"": ""ket_qua_kinh_doanh"", ""content_length"": ""1681"", ""publication_time_resolution"": ""DATE_ONLY"", ""url"": ""https://vietnambiz.vn/quy-dau-tu-cua-mb-muon-ban-het-co-phieu-mbb-de-giai-the-quy-20224262179278.htm""}",FINNEXUS_RESEARCH_DATASET_V17_1,FINNEXUS_TEMPORAL_KG_V1_0,CORE,FINNEXUS_LAYERED_KG_V3_0
news:d54948a1589372ac4c4721007f8d0dfa,News,VCSC: Đầu tư sân bay Long Thành giúp đảm bảo tăng trưởng dài hạn của ACV nhưng sẽ tác động đến dòng tiền trong tương lai,,2019-12-01,,d54948a1589372ac4c4721007f8d0dfa,train,True,"{""category"": ""ket_qua_kinh_doanh"", ""content_length"": ""3079"", ""publication_time_resolution"": ""DATE_ONLY"", ""url"": ""https://cafef.vn/vcsc-dau-tu-san-bay-long-thanh-giup-dam-bao-tang-truong-dai-han-cua-acv-nhung-se-tac-dong-den-dong-tien-trong-tuong-lai-20191201100716609.chn""}",FINNEXUS_RESEARCH_DATASET_V17_1,FINNEXUS_TEMPORAL_KG_V1_0,CORE,FINNEXUS_LAYERED_KG_V3_0
news:d66f869f19baa9afca57470dc17ef75f,News,"ĐHĐCĐ Gemadept (GMD): Cảng nước sâu Gemalink đã hoàn thiện được 80% tiến độ, dự kiến hoàn vốn trong năm 2021 với lợi nhuận tối đa đạt 20 triệu USD",,2020-06-22,,d66f869f19baa9afca57470dc17ef75f,train,True,"{""category"": ""co_tuc_phat_hanh"", ""content_length"": ""5298"", ""publication_time_resolution"": ""DATE_ONLY"", ""url"": ""https://cafef.vn/dhdcd-gemadept-gmd-cang-nuoc-sau-gemalink-da-hoan-thien-duoc-80-tien-do-du-kien-hoan-von-trong-nam-2021-voi-loi-nhuan-toi-da-dat-20-trieu-usd-20200622112352742.chn""}",FINNEXUS_RESEARCH_DATASET_V17_1,FINNEXUS_TEMPORAL_KG_V1_0,CORE,FINNEXUS_LAYERED_KG_V3_0
news:d6805a545212f23b5a40a39c30289bd6,News,"Sau Digiworld, quỹ Phần Lan tiếp tục trở thành cổ đông lớn tại KSB với con số sở hữu 2,5 triệu cổ phiếu",,2020-09-16,,d6805a545212f23b5a40a39c30289bd6,train,True,"{""category"": ""bat_dong_san"", ""content_length"": ""2028"", ""publication_time_resolution"": ""DATE_ONLY"", ""url"": ""https://cafef.vn/sau-digiworld-quy-phan-lan-tiep-tuc-tro-thanh-co-dong-lon-tai-ksb-voi-con-so-so-huu-25-trieu-co-phieu-20200916101514662.chn""}",FINNEXUS_RESEARCH_DATASET_V17_1,FINNEXUS_TEMPORAL_KG_V1_0,CORE,FINNEXUS_LAYERED_KG_V3_0
news:d6fdc89e6691a2ae622b1048759fd61c,News,VietinBank Capital bị xử phạt do bố trí người chưa có chứng chỉ hành nghề chứng khoán thực hiện nghiệp vụ và hàng loạt vi phạm,,2019-11-13,,d6fdc89e6691a2ae622b1048759fd61c,train,True,"{""category"": ""phap_ly"", ""content_length"": ""1731"", ""publication_time_resolution"": ""DATE_ONLY"", ""url"": ""https://vietnambiz.vn/vietinbank-capital-bi-xu-phat-do-bo-tri-nguoi-chua-co-chung-chi-hanh-nghe-chung-khoan-thuc-hien-nghiep-vu-va-hang-loat-vi-pham-20191113130124806.htm""}",FINNEXUS_RESEARCH_DATASET_V17_1,FINNEXUS_TEMPORAL_KG_V1_0,CORE,FINNEXUS_LAYERED_KG_V3_0
news:d70ca094f72d4b88c1499182330d08aa,News,"Thế giới Di động (MWG): Lợi nhuận 4 tháng đầu năm tăng 26% lên 1.691 tỷ đồng, Điện Máy Xanh sẽ bán thêm xe đạp từ tháng 5/2021",,2021-05-26,,d70ca094f72d4b88c1499182330d08aa,train,True,"{""category"": ""ket_qua_kinh_doanh"", ""content_length"": ""3968"", ""publication_time_resolution"": ""DATE_ONLY"", ""url"": ""https://cafef.vn/the-gioi-di-dong-mwg-loi-nhuan-4-thang-dau-nam-tang-26-len-1691-ty-dong-dien-may-xanh-se-ban-them-xe-dap-tu-thang-5-2021-20210525141703864.chn""}",FINNEXUS_RESEARCH_DATASET_V17_1,FINNEXUS_TEMPORAL_KG_V1_0,CORE,FINNEXUS_LAYERED_KG_V3_0
news:d7570cb4b6cc4fd1a905b5978fc684f2,News,Hơn 182 triệu cổ phiếu FPT giao dịch từ ngày 19/7,,2022-07-10,,d7570cb4b6cc4fd1a905b5978fc684f2,test,True,"{""category"": ""co_tuc_phat_hanh"", ""content_length"": ""2346"", ""publication_time_resolution"": ""DATE_ONLY"", ""url"": ""https://cafef.vn/hon-182-trieu-co-phieu-fpt-giao-dich-tu-ngay-19-7-20220710122207666.chn""}",FINNEXUS_RESEARCH_DATASET_V17_1,FINNEXUS_TEMPORAL_KG_V1_0,CORE,FINNEXUS_LAYERED_KG_V3_0
news:d7604d925a18a2e55d85f5e023a698e6,News,"Phiên 9/9: Khối ngoại tiếp tục mua ròng 360 tỷ, tập trung “gom” VJC",,2019-09-09,,d7604d925a18a2e55d85f5e023a698e6,train,True,"{""category"": ""chung_khoan"", ""content_length"": ""1239"", ""publication_time_resolution"": ""DATE_ONLY"", ""url"": ""https://cafef.vn/phien-9-9-khoi-ngoai-tiep-tuc-mua-rong-360-ty-tap-trung-gom-vjc-20190909152552531.chn""}",FINNEXUS_RESEARCH_DATASET_V17_1,FINNEXUS_TEMPORAL_KG_V1_0,CORE,FINNEXUS_LAYERED_KG_V3_0
news:d76b958eb24d0d8447f14f65c4a04333,News,"Chủ tịch REE - bà Nguyễn Thị Mai Thanh: Năm 2021 cơ hội M&A cực kỳ lớn, dù cổ phiếu tăng phi mã nhưng vẫn chưa phản ánh đúng giá trị Công ty",,2021-03-30,,d76b958eb24d0d8447f14f65c4a04333,train,True,"{""category"": ""co_tuc_phat_hanh"", ""content_length"": ""4740"", ""publication_time_resolution"": ""DATE_ONLY"", ""url"": ""https://cafef.vn/chu-tich-ree-ba-nguyen-thi-mai-thanh-nam-2021-co-hoi-ma-cuc-ky-lon-du-co-phieu-tang-phi-ma-nhung-van-chua-phan-anh-dung-gia-tri-cong-ty-20210330093017571.chn""}",FINNEXUS_RESEARCH_DATASET_V17_1,FINNEXUS_TEMPORAL_KG_V1_0,CORE,FINNEXUS_LAYERED_KG_V3_0
news:d7da27b2bae8a584b45875bca4250cf1,News,PV Gas chốt quyền cổ tức bằng tiền mặt tỷ lệ 30%,,2022-06-17,,d7da27b2bae8a584b45875bca4250cf1,test,True,"{""category"": ""co_tuc_phat_hanh"", ""content_length"": ""2227"", ""publication_time_resolution"": ""DATE_ONLY"", ""url"": ""https://cafef.vn/pv-gas-chot-quyen-co-tuc-bang-tien-mat-ty-le-30-20220617221248992.chn""}",FINNEXUS_RESEARCH_DATASET_V17_1,FINNEXUS_TEMPORAL_KG_V1_0,CORE,FINNEXUS_LAYERED_KG_V3_0
news:d7e63808c525d6f6bd9095700328c794,News,Bảo Hiểm BIDV chốt quyền trả cổ tức bằng tiền tỷ lệ 15%,,2022-08-26,,d7e63808c525d6f6bd9095700328c794,test,True,"{""category"": ""co_tuc_phat_hanh"", ""content_length"": ""2515"", ""publication_time_resolution"": ""DATE_ONLY"", ""url"": ""https://cafef.vn/bao-hiem-bidv-chot-quyen-tra-co-tuc-bang-tien-ty-le-15-20220826093256904.chn""}",FINNEXUS_RESEARCH_DATASET_V17_1,FINNEXUS_TEMPORAL_KG_V1_0,CORE,FINNEXUS_LAYERED_KG_V3_0
news:d7ff23a302cb0ac73c0950fb4818a823,News,"Tổ chức trong nước mua ròng hơn 1.200 tỷ đồng cp ngân hàng trong tháng 3, DGC và MWG lọt Top bán ròng",,2022-04-03,,d7ff23a302cb0ac73c0950fb4818a823,validation,True,"{""category"": ""co_tuc_phat_hanh"", ""content_length"": ""6099"", ""publication_time_resolution"": ""DATE_ONLY"", ""url"": ""https://vietnambiz.vn/to-chuc-trong-nuoc-mua-rong-hon-1200-ty-dong-cp-ngan-hang-trong-thang-3-dgc-va-mwg-lot-top-ban-rong-202243202756402.htm""}",FINNEXUS_RESEARCH_DATASET_V17_1,FINNEXUS_TEMPORAL_KG_V1_0,CORE,FINNEXUS_LAYERED_KG_V3_0
news:d815cf3f51f07c3d9c2971268960ed53,News,Quỹ tỷ đô của Dragon Capital mua hơn 16 triệu cổ phiếu Vietcombank trong 3 tháng qua,,2020-08-13,,d815cf3f51f07c3d9c2971268960ed53,train,True,"{""category"": ""ngan_hang"", ""content_length"": ""1969"", ""publication_time_resolution"": ""DATE_ONLY"", ""url"": ""https://cafef.vn/quy-ty-do-cua-dragon-capital-mua-hon-16-trieu-co-phieu-vietcombank-trong-3-thang-qua-20200813151706419.chn""}",FINNEXUS_RESEARCH_DATASET_V17_1,FINNEXUS_TEMPORAL_KG_V1_0,CORE,FINNEXUS_LAYERED_KG_V3_0
news:d82f8aa7d640bb66aba91cc524a4f079,News,"HPG, PNJ, TTF, YEG, BKG, HIG, MHL, SCL, RCC, VAF, TV3, SDD: Thông tin giao dịch lượng lớn cổ phiếu",,2022-04-02,,d82f8aa7d640bb66aba91cc524a4f079,validation,True,"{""category"": ""co_tuc_phat_hanh"", ""content_length"": ""2792"", ""publication_time_resolution"": ""DATE_ONLY"", ""url"": ""https://cafef.vn/hpg-pnj-ttf-yeg-bkg-hig-mhl-scl-rcc-vaf-tv3-sdd-thong-tin-giao-dich-luong-lon-co-phieu-20220401212448101.chn""}",FINNEXUS_RESEARCH_DATASET_V17_1,FINNEXUS_TEMPORAL_KG_V1_0,CORE,FINNEXUS_LAYERED_KG_V3_0
news:d898991b0170a7405cf91b27b6078b7f,News,Novaland thông qua kế hoạch góp vốn gần 5.900 tỷ đồng vào các công ty con,,2022-03-02,,d898991b0170a7405cf91b27b6078b7f,validation,True,"{""category"": ""co_tuc_phat_hanh"", ""content_length"": ""1680"", ""publication_time_resolution"": ""DATE_ONLY"", ""url"": ""https://cafef.vn/novaland-thong-qua-ke-hoach-gop-von-gan-5900-ty-dong-vao-cac-cong-ty-con-20220302115536738.chn""}",FINNEXUS_RESEARCH_DATASET_V17_1,FINNEXUS_TEMPORAL_KG_V1_0,CORE,FINNEXUS_LAYERED_KG_V3_0
news:d8ba9fc7681fbe7e93e07f18e6ead43f,News,"VPB, GEX, TNA, TRC, DHC, TMS, CCI, HTG, EBA, SUM, SMA: Thông tin giao dịch lượng lớn cổ phiếu",,2020-07-14,,d8ba9fc7681fbe7e93e07f18e6ead43f,train,True,"{""category"": ""ngan_hang"", ""content_length"": ""2397"", ""publication_time_resolution"": ""DATE_ONLY"", ""url"": ""https://cafef.vn/vpb-gex-tna-trc-dhc-tms-cci-htg-eba-sum-sma-thong-tin-giao-dich-luong-lon-co-phieu-20200713175615284.chn""}",FINNEXUS_RESEARCH_DATASET_V17_1,FINNEXUS_TEMPORAL_KG_V1_0,CORE,FINNEXUS_LAYERED_KG_V3_0
news:d8d5e84521b1700e5ec126fe117af81a,News,Tỉ phú Nguyễn Thị Phương Thảo chi 1200 tỉ đồng mua cổ phiếu Vietjet,,2020-12-01,,d8d5e84521b1700e5ec126fe117af81a,train,True,"{""category"": ""chung_khoan"", ""content_length"": ""1325"", ""publication_time_resolution"": ""DATE_ONLY"", ""url"": ""https://cafef.vn/ti-phu-nguyen-thi-phuong-thao-chi-1200-ti-dong-mua-co-phieu-vietjet-20201201121452368.chn""}",FINNEXUS_RESEARCH_DATASET_V17_1,FINNEXUS_TEMPORAL_KG_V1_0,CORE,FINNEXUS_LAYERED_KG_V3_0
news:d90d598810e296ac359deccc7077f138,News,"FPT Online (FOC): Nửa đầu năm 2021 ghi nhận doanh thu 280 tỷ, lợi nhuận tăng 22% lên hơn 102 tỷ đồng",,2021-07-21,,d90d598810e296ac359deccc7077f138,train,True,"{""category"": ""co_tuc_phat_hanh"", ""content_length"": ""2705"", ""publication_time_resolution"": ""DATE_ONLY"", ""url"": ""https://cafef.vn/fpt-online-foc-nua-dau-nam-2021-ghi-nhan-doanh-thu-280-ty-loi-nhuan-tang-22-len-hon-102-ty-dong-20210720143840552.chn""}",FINNEXUS_RESEARCH_DATASET_V17_1,FINNEXUS_TEMPORAL_KG_V1_0,CORE,FINNEXUS_LAYERED_KG_V3_0
news:d9793ef469061aa179270b198119ac7c,News,BĐS Phát Đạt (PDR) thông qua phương án phát hành hơn 61 triệu cổ phiếu trả cổ tức,,2019-04-04,,d9793ef469061aa179270b198119ac7c,train,True,"{""category"": ""co_tuc_phat_hanh"", ""content_length"": ""1164"", ""publication_time_resolution"": ""DATE_ONLY"", ""url"": ""https://cafef.vn/bds-phat-dat-pdr-thong-qua-phuong-an-phat-hanh-hon-61-trieu-co-phieu-tra-co-tuc-2019040317294296.chn""}",FINNEXUS_RESEARCH_DATASET_V17_1,FINNEXUS_TEMPORAL_KG_V1_0,CORE,FINNEXUS_LAYERED_KG_V3_0
news:d97ceca235a85c4c0a4efd48092da657,News,Chứng khoán VIX (VIX) chốt danh sách phát hành gần 147 triệu cổ phiếu trả cổ tức và chào bán cho cổ đông hiện hữu,,2021-08-27,,d97ceca235a85c4c0a4efd48092da657,train,True,"{""category"": ""co_tuc_phat_hanh"", ""content_length"": ""1846"", ""publication_time_resolution"": ""DATE_ONLY"", ""url"": ""https://cafef.vn/chung-khoan-vix-vix-chot-danh-sach-phat-hanh-gan-147-trieu-co-phieu-tra-co-tuc-va-chao-ban-cho-co-dong-hien-huu-20210827110152208.chn""}",FINNEXUS_RESEARCH_DATASET_V17_1,FINNEXUS_TEMPORAL_KG_V1_0,CORE,FINNEXUS_LAYERED_KG_V3_0
news:d9f73bf0e338e78a9fdb02b9b227b885,News,"Chứng khoán SHS lãi trước thuế 722 tỷ đồng, thực hiện 96% kế hoạch năm 2021 sau 6 tháng",,2021-07-20,,d9f73bf0e338e78a9fdb02b9b227b885,train,True,"{""category"": ""co_tuc_phat_hanh"", ""content_length"": ""1950"", ""publication_time_resolution"": ""DATE_ONLY"", ""url"": ""https://vietnambiz.vn/chung-khoan-shs-lai-truoc-thue-722-ty-dong-thuc-hien-96-ke-hoach-nam-2021-sau-6-thang-20210720144506001.htm""}",FINNEXUS_RESEARCH_DATASET_V17_1,FINNEXUS_TEMPORAL_KG_V1_0,CORE,FINNEXUS_LAYERED_KG_V3_0
news:da63c97aa3e76c738093f7691de79121,News,"Tin kinh tế trước giờ giao dịch (24/5): Hoa Sen phát hành gần 44,5 triệu cp để trả cổ tức",,2021-05-24,,da63c97aa3e76c738093f7691de79121,train,True,"{""category"": ""co_tuc_phat_hanh"", ""content_length"": ""5491"", ""publication_time_resolution"": ""DATE_ONLY"", ""url"": ""https://vietnambiz.vn/tin-kinh-te-truoc-gio-giao-dich-24-5-hoa-sen-phat-hanh-gan-445-trieu-cp-de-tra-co-tuc-2021052408183344.htm""}",FINNEXUS_RESEARCH_DATASET_V17_1,FINNEXUS_TEMPORAL_KG_V1_0,CORE,FINNEXUS_LAYERED_KG_V3_0
news:da77aecf6e3e879331cfc0bd029fa4e1,News,"Phiên 14/1: Khối ngoại mua ròng gần 1.000 tỷ đồng, tập trung “gom” VIC, KBC",,2021-01-14,,da77aecf6e3e879331cfc0bd029fa4e1,train,True,"{""category"": ""chung_khoan"", ""content_length"": ""847"", ""publication_time_resolution"": ""DATE_ONLY"", ""url"": ""https://cafef.vn/phien-14-1-khoi-ngoai-mua-rong-gan-1000-ty-dong-tap-trung-gom-vic-kbc-20210114151503837.chn""}",FINNEXUS_RESEARCH_DATASET_V17_1,FINNEXUS_TEMPORAL_KG_V1_0,CORE,FINNEXUS_LAYERED_KG_V3_0
news:dae4292285883e7245defdba30ecf680,News,"Viconship chào bán 40 riêng lẻ cổ phiếu giá 20.000 đồng/cp, thấp hơn 45% thị giá",,2022-08-16,,dae4292285883e7245defdba30ecf680,test,True,"{""category"": ""co_tuc_phat_hanh"", ""content_length"": ""2469"", ""publication_time_resolution"": ""DATE_ONLY"", ""url"": ""https://cafef.vn/viconship-chao-ban-40-rieng-le-co-phieu-gia-20000-dong-cp-thap-hon-45-thi-gia-20220816101203948.chn""}",FINNEXUS_RESEARCH_DATASET_V17_1,FINNEXUS_TEMPORAL_KG_V1_0,CORE,FINNEXUS_LAYERED_KG_V3_0
news:db96ce4ad4a2dd64e7ad7d9ddd2d1c46,News,Tin chuyển giao công nghệ vắc xin COVID-19 đẩy giá cổ phiếu đối tác Vingroup tăng sốc gần 11% phiên qua,,2021-08-03,,db96ce4ad4a2dd64e7ad7d9ddd2d1c46,train,True,"{""category"": ""chung_khoan"", ""content_length"": ""2235"", ""publication_time_resolution"": ""DATE_ONLY"", ""url"": ""https://vietnambiz.vn/tin-chuyen-giao-cong-nghe-vac-xin-covid-19-day-gia-co-phieu-doi-tac-vingroup-tang-soc-gan-11-phien-qua-20210803090033071.htm""}",FINNEXUS_RESEARCH_DATASET_V17_1,FINNEXUS_TEMPORAL_KG_V1_0,CORE,FINNEXUS_LAYERED_KG_V3_0
news:dbf70921b4fd634ad14ee5e9c110282b,News,Chứng khoán SSI thông qua phương án phát hành 329 triệu cổ phiếu thưởng và chào bán cho cổ đông hiện hữu,,2021-06-04,,dbf70921b4fd634ad14ee5e9c110282b,train,True,"{""category"": ""co_tuc_phat_hanh"", ""content_length"": ""2121"", ""publication_time_resolution"": ""DATE_ONLY"", ""url"": ""https://cafef.vn/chung-khoan-ssi-thong-qua-phuong-an-phat-hanh-329-trieu-co-phieu-thuong-va-chao-ban-cho-co-dong-hien-huu-20210604160116978.chn""}",FINNEXUS_RESEARCH_DATASET_V17_1,FINNEXUS_TEMPORAL_KG_V1_0,CORE,FINNEXUS_LAYERED_KG_V3_0
news:dc054e55b248d8e11580d5cf65e74d3b,News,"Năm bứt phá ngoạn mục của VNDirect: Trở thành ‘Bluechip tỷ đô’, lợi nhuận cao nhất lịch sử",,2021-12-25,,dc054e55b248d8e11580d5cf65e74d3b,validation,True,"{""category"": ""co_tuc_phat_hanh"", ""content_length"": ""8315"", ""publication_time_resolution"": ""DATE_ONLY"", ""url"": ""https://cafef.vn/nam-but-pha-ngoan-muc-cua-vndirect-tro-thanh-bluechip-ty-do-loi-nhuan-cao-nhat-lich-su-20211224153350275.chn""}",FINNEXUS_RESEARCH_DATASET_V17_1,FINNEXUS_TEMPORAL_KG_V1_0,CORE,FINNEXUS_LAYERED_KG_V3_0
news:dc1c454471e7a58b81e97edd56164420,News,Người nhà lãnh đạo Chứng khoán SHS muốn bán tất 500.000 cp khi giá đạt đỉnh,,2021-04-15,,dc1c454471e7a58b81e97edd56164420,train,True,"{""category"": ""chung_khoan"", ""content_length"": ""1260"", ""publication_time_resolution"": ""DATE_ONLY"", ""url"": ""https://vietnambiz.vn/nguoi-nha-lanh-dao-chung-khoan-shs-muon-ban-tat-500000-cp-khi-gia-dat-dinh-20210415084843223.htm""}",FINNEXUS_RESEARCH_DATASET_V17_1,FINNEXUS_TEMPORAL_KG_V1_0,CORE,FINNEXUS_LAYERED_KG_V3_0
news:dc7a2dd6129a2ff53261a8e74c80b384,News,"Cổ phiếu tâm điểm 17/11: SHS, DGW, NTP",,2021-11-16,,dc7a2dd6129a2ff53261a8e74c80b384,train,True,"{""category"": ""ngan_hang"", ""content_length"": ""2030"", ""publication_time_resolution"": ""DATE_ONLY"", ""url"": ""https://vietnambiz.vn/co-phieu-tam-diem-17-11-shs-dgw-ntp-20211116182808465.htm""}",FINNEXUS_RESEARCH_DATASET_V17_1,FINNEXUS_TEMPORAL_KG_V1_0,CORE,FINNEXUS_LAYERED_KG_V3_0
news:dc9fd8d5c1e3e9ba104368bb22c1b260,News,"HSG, TNA, HTT, TGG, ACS: Thông tin giao dịch lượng lớn cổ phiếu",,2020-02-06,,dc9fd8d5c1e3e9ba104368bb22c1b260,train,True,"{""category"": ""chung_khoan"", ""content_length"": ""1077"", ""publication_time_resolution"": ""DATE_ONLY"", ""url"": ""https://cafef.vn/hsg-tna-htt-tgg-acs-thong-tin-giao-dich-luong-lon-co-phieu-20200206081832433.chn""}",FINNEXUS_RESEARCH_DATASET_V17_1,FINNEXUS_TEMPORAL_KG_V1_0,CORE,FINNEXUS_LAYERED_KG_V3_0
news:dcc0b00eaa735141ce62344b2e8b9788,News,VNDIRECT bổ nhiệm ông Đỗ Ngọc Quỳnh làm quyền tổng giám đốc,,2020-01-14,,dcc0b00eaa735141ce62344b2e8b9788,train,True,"{""category"": ""ket_qua_kinh_doanh"", ""content_length"": ""1983"", ""publication_time_resolution"": ""DATE_ONLY"", ""url"": ""https://cafef.vn/vndirect-bo-nhiem-ong-do-ngoc-quynh-lam-quyen-tong-giam-doc-20200114215130619.chn""}",FINNEXUS_RESEARCH_DATASET_V17_1,FINNEXUS_TEMPORAL_KG_V1_0,CORE,FINNEXUS_LAYERED_KG_V3_0
news:dd0a878017f127a9279cfd26061fecd3,News,"Những cổ phiếu ảnh hưởng nhiều nhất đến các chỉ số năm 2021: MSN, NVL đóng vai trò đầu kéo",,2022-01-01,,dd0a878017f127a9279cfd26061fecd3,validation,True,"{""category"": ""ngan_hang"", ""content_length"": ""2993"", ""publication_time_resolution"": ""DATE_ONLY"", ""url"": ""https://vietstock.vn/2022/01/nhung-co-phieu-anh-huong-nhieu-nhat-den-cac-chi-so-nam-2021-msn-nvl-dong-vai-tro-dau-keo-830-921742.htm""}",FINNEXUS_RESEARCH_DATASET_V17_1,FINNEXUS_TEMPORAL_KG_V1_0,CORE,FINNEXUS_LAYERED_KG_V3_0
news:dd129f716ba36cd2b08a6d4398731dfd,News,"VNDirect: ""Đà tăng của giá thép thiếu bền vững, định giá cổ phiếu thép đang ở mức cao nhất thập kỷ""",,2021-07-06,,dd129f716ba36cd2b08a6d4398731dfd,train,True,"{""category"": ""ket_qua_kinh_doanh"", ""content_length"": ""5060"", ""publication_time_resolution"": ""DATE_ONLY"", ""url"": ""https://cafef.vn/vndirect-da-tang-cua-gia-thep-thieu-ben-vung-dinh-gia-co-phieu-thep-dang-o-muc-cao-nhat-thap-ky-20210705172222473.chn""}",FINNEXUS_RESEARCH_DATASET_V17_1,FINNEXUS_TEMPORAL_KG_V1_0,CORE,FINNEXUS_LAYERED_KG_V3_0
news:dd9b71d306e4c3903994341746678418,News,"Nhiều dự án mới đồng loạt triển khai, lợi nhuận PVS được dự báo cải thiện trong năm 2019",,2019-05-24,,dd9b71d306e4c3903994341746678418,train,True,"{""category"": ""ket_qua_kinh_doanh"", ""content_length"": ""3569"", ""publication_time_resolution"": ""DATE_ONLY"", ""url"": ""https://cafef.vn/nhieu-du-an-moi-dong-loat-trien-khai-loi-nhuan-pvs-duoc-du-bao-cai-thien-trong-nam-2019-2019052411113576.chn""}",FINNEXUS_RESEARCH_DATASET_V17_1,FINNEXUS_TEMPORAL_KG_V1_0,CORE,FINNEXUS_LAYERED_KG_V3_0
news:ddd4fb23beca6e3c2ce934719ebb41c2,News,"Norges Bank vừa bán xong 7 triệu cổ phiếu HPG, đến lượt PENM III đăng ký bán nốt 7 triệu cổ phiếu còn lại",,2021-02-19,,ddd4fb23beca6e3c2ce934719ebb41c2,train,True,"{""category"": ""chung_khoan"", ""content_length"": ""1263"", ""publication_time_resolution"": ""DATE_ONLY"", ""url"": ""https://cafef.vn/norges-bank-vua-ban-xong-7-trieu-co-phieu-hpg-den-luot-penm-iii-dang-ky-ban-not-7-trieu-co-phieu-con-lai-20210218181625842.chn""}",FINNEXUS_RESEARCH_DATASET_V17_1,FINNEXUS_TEMPORAL_KG_V1_0,CORE,FINNEXUS_LAYERED_KG_V3_0
news:ddef7fef1476426cd7772dd56d720e94,News,"Cổ phiếu ngân hàng tuần qua: Một mã tăng 20%, VPBank dự kiến bán 15% cổ phần cho đối tác chiến lược nước ngoài",,2021-12-25,,ddef7fef1476426cd7772dd56d720e94,validation,True,"{""category"": ""co_tuc_phat_hanh"", ""content_length"": ""4232"", ""publication_time_resolution"": ""DATE_ONLY"", ""url"": ""https://vietnambiz.vn/co-phieu-ngan-hang-tuan-qua-mot-ma-tang-20-vpbank-du-kien-ban-15-co-phan-cho-doi-tac-chien-luoc-nuoc-ngoai-2021122511170764.htm""}",FINNEXUS_RESEARCH_DATASET_V17_1,FINNEXUS_TEMPORAL_KG_V1_0,CORE,FINNEXUS_LAYERED_KG_V3_0
news:de7605d6fcf0781ce949f5dbd938cff5,News,Dư nợ margin của SSI cuối quý I xấp xỉ 20.600 tỷ đồng,,2022-04-07,,de7605d6fcf0781ce949f5dbd938cff5,validation,True,"{""category"": ""ket_qua_kinh_doanh"", ""content_length"": ""2772"", ""publication_time_resolution"": ""DATE_ONLY"", ""url"": ""https://www.tinnhanhchungkhoan.vn/du-no-margin-cua-ssi-cuoi-quy-i-xap-xi-20600-ty-dong-post294820.html""}",FINNEXUS_RESEARCH_DATASET_V17_1,FINNEXUS_TEMPORAL_KG_V1_0,CORE,FINNEXUS_LAYERED_KG_V3_0
news:df18bf0a42d50ff75b74e3ae4854524b,News,"Mảng thuỷ điện và bất động sản tăng trưởng cao, Cơ điện lạnh (REE) báo lãi tăng gấp 3 lần trong quý 3/2022",,2022-10-28,,df18bf0a42d50ff75b74e3ae4854524b,test,True,"{""category"": ""ket_qua_kinh_doanh"", ""content_length"": ""2530"", ""publication_time_resolution"": ""DATE_ONLY"", ""url"": ""https://cafef.vn/mang-thuy-dien-va-bat-dong-san-tang-truong-cao-co-dien-lanh-ree-bao-lai-tang-gap-3-lan-trong-quy-3-2022-2022102816391725.chn""}",FINNEXUS_RESEARCH_DATASET_V17_1,FINNEXUS_TEMPORAL_KG_V1_0,CORE,FINNEXUS_LAYERED_KG_V3_0
news:df31a6656c6a076ba5912a40eb5030bd,News,"Thị phần môi giới HNX quý 4/2019: SSI tụt hạng, ACBS bất ngờ vươn lên vị trí số 1",,2020-01-09,,df31a6656c6a076ba5912a40eb5030bd,train,True,"{""category"": ""co_tuc_phat_hanh"", ""content_length"": ""1795"", ""publication_time_resolution"": ""DATE_ONLY"", ""url"": ""https://cafef.vn/thi-phan-moi-gioi-hnx-quy-4-2019-ssi-tut-hang-acbs-bat-ngo-vuon-len-vi-tri-so-1-20200109164555361.chn""}",FINNEXUS_RESEARCH_DATASET_V17_1,FINNEXUS_TEMPORAL_KG_V1_0,CORE,FINNEXUS_LAYERED_KG_V3_0
news:df6ff4e5792487ca6ae254d2c5d0c07f,News,"VIB, ABB, DQC, FTS, FIR, PLX, FDC, HAX, C47, ELC, HCI, TCO, TTC: Thông tin giao dịch lượng lớn cổ phiếu",,2021-06-20,,df6ff4e5792487ca6ae254d2c5d0c07f,train,True,"{""category"": ""ngan_hang"", ""content_length"": ""2735"", ""publication_time_resolution"": ""DATE_ONLY"", ""url"": ""https://cafef.vn/vib-abb-dqc-fts-fir-plx-fdc-hax-c47-elc-hci-tco-ttc-thong-tin-giao-dich-luong-lon-co-phieu-20210619175024444.chn""}",FINNEXUS_RESEARCH_DATASET_V17_1,FINNEXUS_TEMPORAL_KG_V1_0,CORE,FINNEXUS_LAYERED_KG_V3_0
news:df85e2f2a82926e5283ac7ffcf0e11ee,News,"Phiên 14/4: Khối ngoại bán ròng tới 1.015 tỷ đồng, tâm điểm VHM",,2021-04-14,,df85e2f2a82926e5283ac7ffcf0e11ee,train,True,"{""category"": ""chung_khoan"", ""content_length"": ""2685"", ""publication_time_resolution"": ""DATE_ONLY"", ""url"": ""https://vietnambiz.vn/phien-14-4-khoi-ngoai-ban-rong-toi-1015-ty-dong-tam-diem-vhm-20210414165613547.htm""}",FINNEXUS_RESEARCH_DATASET_V17_1,FINNEXUS_TEMPORAL_KG_V1_0,CORE,FINNEXUS_LAYERED_KG_V3_0
news:df8e6aa2ea83df97505ccdcee78920e1,News,Cổ phiếu SDI sẽ hủy giao dịch trên UPCoM vào ngày 27/12 để hoán đổi với VIC,,2019-12-10,,df8e6aa2ea83df97505ccdcee78920e1,train,True,"{""category"": ""co_tuc_phat_hanh"", ""content_length"": ""1594"", ""publication_time_resolution"": ""DATE_ONLY"", ""url"": ""https://vietnambiz.vn/co-phieu-sdi-se-huy-giao-dich-tren-upcom-vao-ngay-27-12-de-hoan-doi-voi-vic-20191210114818589.htm""}",FINNEXUS_RESEARCH_DATASET_V17_1,FINNEXUS_TEMPORAL_KG_V1_0,CORE,FINNEXUS_LAYERED_KG_V3_0
news:e0292c7e994ba9634ed16bbb4a030e42,News,"Dòng tiền thông minh (14/10): Tự doanh CTCK cùng khối ngoại bán ròng 147 tỉ đồng phiên cuối tuần, tiếp tục mua vào mã MBB",,2019-10-14,,e0292c7e994ba9634ed16bbb4a030e42,train,True,"{""category"": ""phap_ly"", ""content_length"": ""3813"", ""publication_time_resolution"": ""DATE_ONLY"", ""url"": ""https://vietnambiz.vn/dong-tien-thong-minh-14-10-tu-doanh-ctck-cung-khoi-ngoai-ban-rong-147-ti-dong-phien-cuoi-tuan-tiep-tuc-mua-vao-ma-mbb-20191014062100121.htm""}",FINNEXUS_RESEARCH_DATASET_V17_1,FINNEXUS_TEMPORAL_KG_V1_0,CORE,FINNEXUS_LAYERED_KG_V3_0
news:e02c21e1e138701bdfc62f7492ba7e27,News,Vietnam Airlines lỗ lớn do covid nhưng một mảng kinh doanh quan trọng vẫn đều đặn lãi cả nghìn tỷ đồng mỗi năm,,2022-05-28,,e02c21e1e138701bdfc62f7492ba7e27,test,True,"{""category"": ""co_tuc_phat_hanh"", ""content_length"": ""4343"", ""publication_time_resolution"": ""DATE_ONLY"", ""url"": ""https://cafef.vn/vietnam-airlines-lo-lon-do-covid-nhung-mot-mang-kinh-doanh-quan-trong-van-deu-dan-lai-ca-nghin-ty-dong-moi-nam-20220527170029112.chn""}",FINNEXUS_RESEARCH_DATASET_V17_1,FINNEXUS_TEMPORAL_KG_V1_0,CORE,FINNEXUS_LAYERED_KG_V3_0
news:e0c8473a8b84c9387850e6a8f0776482,News,Đầu tư Đỏ chưa thể thoái hết vốn khỏi Gelex,,2020-07-25,,e0c8473a8b84c9387850e6a8f0776482,train,True,"{""category"": ""chung_khoan"", ""content_length"": ""1607"", ""publication_time_resolution"": ""DATE_ONLY"", ""url"": ""https://vietnambiz.vn/dau-tu-do-chua-the-thoai-het-von-khoi-gelex-20200725073231682.htm""}",FINNEXUS_RESEARCH_DATASET_V17_1,FINNEXUS_TEMPORAL_KG_V1_0,CORE,FINNEXUS_LAYERED_KG_V3_0
news:e0dc7c9b7452ef3ad646a808f5a126aa,News,"Phiên 15/11: Khối ngoại tiếp tục mua ròng trăm tỷ trên HoSE, tập trung ""gom"" VHM, FUEVFVND",,2021-11-15,,e0dc7c9b7452ef3ad646a808f5a126aa,train,True,"{""category"": ""bat_dong_san"", ""content_length"": ""2945"", ""publication_time_resolution"": ""DATE_ONLY"", ""url"": ""https://cafef.vn/phien-15-11-khoi-ngoai-tiep-tuc-mua-rong-tram-ty-tren-hose-tap-trung-gom-vhm-fuevfvnd-20211115154650341.chn""}",FINNEXUS_RESEARCH_DATASET_V17_1,FINNEXUS_TEMPORAL_KG_V1_0,CORE,FINNEXUS_LAYERED_KG_V3_0
news:e19d456b5d4c3dca17af19bb620e4344,News,"Lượng khách giảm 22% trong quý 1, lỗ 989 tỷ thấp hơn kế hoạch dự kiến, Vietjet sẵn sàng trở lại với bầu trời",,2020-05-04,,e19d456b5d4c3dca17af19bb620e4344,train,True,"{""category"": ""ket_qua_kinh_doanh"", ""content_length"": ""3689"", ""publication_time_resolution"": ""DATE_ONLY"", ""url"": ""https://cafef.vn/luong-khach-giam-22-trong-quy-1-lo-989-ty-thap-hon-ke-hoach-du-kien-vietjet-san-sang-tro-lai-voi-bau-troi-20200504130611341.chn""}",FINNEXUS_RESEARCH_DATASET_V17_1,FINNEXUS_TEMPORAL_KG_V1_0,CORE,FINNEXUS_LAYERED_KG_V3_0
news:e1a8b7fb039faa8eb1afc9e73f8f45db,News,SSI Research ước tính lợi nhuận quý IV/2020 của 27 doanh nghiệp,,2021-01-13,,e1a8b7fb039faa8eb1afc9e73f8f45db,train,True,"{""category"": ""co_tuc_phat_hanh"", ""content_length"": ""11066"", ""publication_time_resolution"": ""DATE_ONLY"", ""url"": ""https://cafef.vn/ssi-research-uoc-tinh-loi-nhuan-quy-iv-2020-cua-27-doanh-nghiep-20210113130311728.chn""}",FINNEXUS_RESEARCH_DATASET_V17_1,FINNEXUS_TEMPORAL_KG_V1_0,CORE,FINNEXUS_LAYERED_KG_V3_0
news:e2247dfda4b6e31d4b6c28ea3bbe58d0,News,"Thép Nam Kim (NKG) đạt sản lượng bán hàng kỷ lục trong quý 1/2021, xuất khẩu tăng mạnh nhờ thị trường châu Âu và Mỹ",,2021-04-09,,e2247dfda4b6e31d4b6c28ea3bbe58d0,train,True,"{""category"": ""co_tuc_phat_hanh"", ""content_length"": ""2855"", ""publication_time_resolution"": ""DATE_ONLY"", ""url"": ""https://cafef.vn/thep-nam-kim-nkg-dat-san-luong-ban-hang-ky-luc-trong-quy-1-2021-xuat-khau-tang-manh-nho-thi-truong-chau-au-va-my-20210409091642543.chn""}",FINNEXUS_RESEARCH_DATASET_V17_1,FINNEXUS_TEMPORAL_KG_V1_0,CORE,FINNEXUS_LAYERED_KG_V3_0
news:e2638e40fe16d18eeeeed0d474f3aa44,News,"CII, VPH, NBB, VND, AAM, IDV, CTP, TAR, MST, CNN, PVR, SVH: Thông tin giao dịch lượng lớn cổ phiếu",,2019-04-03,,e2638e40fe16d18eeeeed0d474f3aa44,train,True,"{""category"": ""chung_khoan"", ""content_length"": ""3470"", ""publication_time_resolution"": ""DATE_ONLY"", ""url"": ""https://cafef.vn/cii-vph-nbb-vnd-aam-idv-ctp-tar-mst-cnn-pvr-svh-thong-tin-giao-dich-luong-lon-co-phieu-20190403174340851.chn""}",FINNEXUS_RESEARCH_DATASET_V17_1,FINNEXUS_TEMPORAL_KG_V1_0,CORE,FINNEXUS_LAYERED_KG_V3_0
news:e2d86c49664a7b27c02e0ba6bcacf0c2,News,"Vietinbank Securities đặt kế hoạch lợi nhuận trước thuế 215 tỷ đồng, tăng tỷ lệ cổ tức lên 12%",,2019-04-10,,e2d86c49664a7b27c02e0ba6bcacf0c2,train,True,"{""category"": ""co_tuc_phat_hanh"", ""content_length"": ""4099"", ""publication_time_resolution"": ""DATE_ONLY"", ""url"": ""https://cafef.vn/vietinbank-securities-dat-ke-hoach-loi-nhuan-truoc-thue-215-ty-dong-tang-ty-le-co-tuc-len-12-20190410101627057.chn""}",FINNEXUS_RESEARCH_DATASET_V17_1,FINNEXUS_TEMPORAL_KG_V1_0,CORE,FINNEXUS_LAYERED_KG_V3_0
news:e30ae3d1184c833e21df90f789165f0d,News,"DL1, TCB, PAN, NLG, SKG, VMG, KLM, VSC, TVD, VNP, AMS, CLX: Thông tin giao dịch lượng lớn cổ phiếu",,2021-09-23,,e30ae3d1184c833e21df90f789165f0d,train,True,"{""category"": ""ngan_hang"", ""content_length"": ""2819"", ""publication_time_resolution"": ""DATE_ONLY"", ""url"": ""https://cafef.vn/dl1-tcb-pan-nlg-skg-vmg-klm-vsc-tvd-vnp-ams-clx-thong-tin-giao-dich-luong-lon-co-phieu-20210922172626285.chn""}",FINNEXUS_RESEARCH_DATASET_V17_1,FINNEXUS_TEMPORAL_KG_V1_0,CORE,FINNEXUS_LAYERED_KG_V3_0
news:e34f6a557f9c0d4f21bc75952aeac23e,News,"Động lực tăng trưởng trong quý 4 của Digiworld gọi tên Iphone 14, World Cup, Nova Service và Achison",,2022-11-07,,e34f6a557f9c0d4f21bc75952aeac23e,test,True,"{""category"": ""ket_qua_kinh_doanh"", ""content_length"": ""3437"", ""publication_time_resolution"": ""DATE_ONLY"", ""url"": ""https://cafef.vn/dong-luc-tang-truong-trong-quy-4-cua-digiworld-goi-ten-iphone-14-world-cup-nova-service-va-achison-20221107155631221.chn""}",FINNEXUS_RESEARCH_DATASET_V17_1,FINNEXUS_TEMPORAL_KG_V1_0,CORE,FINNEXUS_LAYERED_KG_V3_0
news:e37a4defea24ebdb3b8c8025e1845c96,News,"HBC, HPG, SKG, VHC, LGC, MWG, BHA, BWS, PRO, AGP, HFS, VNT, POT: Thông tin giao dịch lượng lớn cổ phiếu",,2019-05-18,,e37a4defea24ebdb3b8c8025e1845c96,train,True,"{""category"": ""chung_khoan"", ""content_length"": ""2803"", ""publication_time_resolution"": ""DATE_ONLY"", ""url"": ""https://cafef.vn/hbc-hpg-skg-vhc-lgc-mwg-bha-bws-pro-agp-hfs-vnt-pot-thong-tin-giao-dich-luong-lon-co-phieu-20190517230215187.chn""}",FINNEXUS_RESEARCH_DATASET_V17_1,FINNEXUS_TEMPORAL_KG_V1_0,CORE,FINNEXUS_LAYERED_KG_V3_0
news:e38c52b480e13b1ec6dad672e027fb0d,News,Gelex chuyển thời gian trả cổ tức tiền mặt 2021 sang tháng 7,,2022-06-02,,e38c52b480e13b1ec6dad672e027fb0d,test,True,"{""category"": ""co_tuc_phat_hanh"", ""content_length"": ""1343"", ""publication_time_resolution"": ""DATE_ONLY"", ""url"": ""https://cafef.vn/gelex-chuyen-thoi-gian-tra-co-tuc-tien-mat-2021-sang-thang-7-20220602171254614.chn""}",FINNEXUS_RESEARCH_DATASET_V17_1,FINNEXUS_TEMPORAL_KG_V1_0,CORE,FINNEXUS_LAYERED_KG_V3_0
news:e3c033a2df1427f06b7ab7b77a5586a9,News,"Cổ phiếu tâm điểm (28/2): FRT, VGT, TNH",,2022-02-27,,e3c033a2df1427f06b7ab7b77a5586a9,validation,True,"{""category"": ""ngan_hang"", ""content_length"": ""2486"", ""publication_time_resolution"": ""DATE_ONLY"", ""url"": ""https://vietnambiz.vn/co-phieu-tam-diem-26-2-vgt-frt-tnh-20220226231740302.htm""}",FINNEXUS_RESEARCH_DATASET_V17_1,FINNEXUS_TEMPORAL_KG_V1_0,CORE,FINNEXUS_LAYERED_KG_V3_0
news:e3c9010859d067c858a71325e9774ba1,News,"Từ 29/12, Thế Giới Di Động nhận tiền mua hơn 10,6 triệu cổ phiếu ESOP giá 10.000 đồng/cp",,2019-12-24,,e3c9010859d067c858a71325e9774ba1,train,True,"{""category"": ""co_tuc_phat_hanh"", ""content_length"": ""2663"", ""publication_time_resolution"": ""DATE_ONLY"", ""url"": ""https://vietnambiz.vn/tu-29-12-the-gioi-di-dong-nhan-tien-mua-hon-106-trieu-co-phieu-esop-gia-10000-dong-cp-20191224183834704.htm""}",FINNEXUS_RESEARCH_DATASET_V17_1,FINNEXUS_TEMPORAL_KG_V1_0,CORE,FINNEXUS_LAYERED_KG_V3_0
news:e3e82ebae2919f6032a62c6075e3e674,News,"Cổ phiếu tâm điểm ngày 8/1: HAG, FPT, LHG",,2021-01-07,,e3e82ebae2919f6032a62c6075e3e674,train,True,"{""category"": ""ket_qua_kinh_doanh"", ""content_length"": ""2140"", ""publication_time_resolution"": ""DATE_ONLY"", ""url"": ""https://vietnambiz.vn/co-phieu-tam-diem-ngay-8-1-hag-fpt-lhg-20210107181655523.htm""}",FINNEXUS_RESEARCH_DATASET_V17_1,FINNEXUS_TEMPORAL_KG_V1_0,CORE,FINNEXUS_LAYERED_KG_V3_0
news:e44628656e7743cd2c8330d2c8259dd9,News,"Thị trường chứng khoán 7/4: VN-Index tăng gần 10 điểm, bộ đôi VHM và VRE tăng kịch trần",,2020-04-07,,e44628656e7743cd2c8330d2c8259dd9,train,True,"{""category"": ""ngan_hang"", ""content_length"": ""5180"", ""publication_time_resolution"": ""DATE_ONLY"", ""url"": ""https://vietnambiz.vn/thi-truong-chung-khoan-7-4-ap-luc-chot-loi-hang-bat-day-vn-index-giam-hon-6-diem-20200407095345212.htm""}",FINNEXUS_RESEARCH_DATASET_V17_1,FINNEXUS_TEMPORAL_KG_V1_0,CORE,FINNEXUS_LAYERED_KG_V3_0
news:e4594c3bfd1db286a281328bdd71ad36,News,"VNM, KBC, PNJ, GEX, VPR, HID, HDC, PC1, HID, MAC, D11: Thông tin giao dịch lượng lớn cổ phiếu",,2020-03-21,,e4594c3bfd1db286a281328bdd71ad36,train,True,"{""category"": ""bat_dong_san"", ""content_length"": ""3086"", ""publication_time_resolution"": ""DATE_ONLY"", ""url"": ""https://cafef.vn/vnm-kbc-pnj-vnd-gex-vpr-hid-hdc-pc1-hid-mac-d11-thong-tin-giao-dich-luong-lon-co-phieu-20200320163939269.chn""}",FINNEXUS_RESEARCH_DATASET_V17_1,FINNEXUS_TEMPORAL_KG_V1_0,CORE,FINNEXUS_LAYERED_KG_V3_0
news:e5a24cb1bbbd6d12e280098cdba1171f,News,"Cổ phiếu ngân hàng tuần qua: SHB tăng mạnh trong hai ngày cuối ở HNX, VPB và MSB đã chốt quyền cổ tức",,2021-10-09,,e5a24cb1bbbd6d12e280098cdba1171f,train,True,"{""category"": ""co_tuc_phat_hanh"", ""content_length"": ""4038"", ""publication_time_resolution"": ""DATE_ONLY"", ""url"": ""https://vietnambiz.vn/co-phieu-ngan-hang-tuan-qua-shb-tang-manh-trong-hai-ngay-cuoi-o-hnx-vpb-va-msb-da-chot-quyen-co-tuc-20211009124330757.htm""}",FINNEXUS_RESEARCH_DATASET_V17_1,FINNEXUS_TEMPORAL_KG_V1_0,CORE,FINNEXUS_LAYERED_KG_V3_0
news:e5bf989fe45fb8fb0438e739bd4cf7b0,News,"NVL, DIG, NSH, BCG, BWE, GEG, VCC, DSC, C4G, LSS, TCD, HMH, EID, CET, NGC: Thông tin giao dịch lượng lớn cổ phiếu",,2021-01-08,,e5bf989fe45fb8fb0438e739bd4cf7b0,train,True,"{""category"": ""bat_dong_san"", ""content_length"": ""3797"", ""publication_time_resolution"": ""DATE_ONLY"", ""url"": ""https://cafef.vn/nvl-dig-nsh-bcg-bwe-geg-vcc-dsc-c4g-lss-tcd-hmh-eid-cet-ngc-thong-tin-giao-dich-luong-lon-co-phieu-20210107171455811.chn""}",FINNEXUS_RESEARCH_DATASET_V17_1,FINNEXUS_TEMPORAL_KG_V1_0,CORE,FINNEXUS_LAYERED_KG_V3_0
news:e5e426917caa667594f1cfbd8a7de095,News,Petrolimex ước lãi trước thuế 2020 giảm 78%,,2021-01-13,,e5e426917caa667594f1cfbd8a7de095,train,True,"{""category"": ""ket_qua_kinh_doanh"", ""content_length"": ""1575"", ""publication_time_resolution"": ""DATE_ONLY"", ""url"": ""https://vietstock.vn/2021/01/petrolimex-uoc-doanh-thu-nam-2020-dat-123-ngan-ty-dong-737-818981.htm""}",FINNEXUS_RESEARCH_DATASET_V17_1,FINNEXUS_TEMPORAL_KG_V1_0,CORE,FINNEXUS_LAYERED_KG_V3_0
news:e65328f745ffbd381708aa3a6eb62913,News,"Phiên 15/11: Khối ngoại trở lại mua ròng nhóm bất động sản trong nhịp điều chỉnh, tập trung gom cổ phiếu VHM",,2021-11-15,,e65328f745ffbd381708aa3a6eb62913,train,True,"{""category"": ""ngan_hang"", ""content_length"": ""3884"", ""publication_time_resolution"": ""DATE_ONLY"", ""url"": ""https://vietnambiz.vn/phien-15-11-khoi-ngoai-tro-lai-mua-rong-nhom-bat-dong-san-trong-nhip-dieu-chinh-tap-trung-gom-co-phieu-vhm-20211115162726422.htm""}",FINNEXUS_RESEARCH_DATASET_V17_1,FINNEXUS_TEMPORAL_KG_V1_0,CORE,FINNEXUS_LAYERED_KG_V3_0
news:e6a908a905dce3257260d2b793ded52e,News,"HCM, HAG, SKG, NAV, CKG, TCL, SCJ, SPV: Thông tin giao dịch lượng lớn cổ phiếu",,2020-11-10,,e6a908a905dce3257260d2b793ded52e,train,True,"{""category"": ""chung_khoan"", ""content_length"": ""1870"", ""publication_time_resolution"": ""DATE_ONLY"", ""url"": ""https://cafef.vn/hcm-hag-skg-nav-ckg-tcl-scj-spv-thong-tin-giao-dich-luong-lon-co-phieu-20201110180200303.chn""}",FINNEXUS_RESEARCH_DATASET_V17_1,FINNEXUS_TEMPORAL_KG_V1_0,CORE,FINNEXUS_LAYERED_KG_V3_0
news:e6cfa67a79f535a1a938e737899f459b,News,"Room ngoại “ế” hàng triệu cổ phiếu, phải chăng MWG đã hết “hot” trong mắt nhà đầu tư nước ngoài?",,2022-07-13,,e6cfa67a79f535a1a938e737899f459b,test,True,"{""category"": ""co_tuc_phat_hanh"", ""content_length"": ""4971"", ""publication_time_resolution"": ""DATE_ONLY"", ""url"": ""https://cafef.vn/room-ngoai-e-hang-trieu-co-phieu-phai-chang-mwg-da-het-hot-trong-mat-nha-dau-tu-nuoc-ngoai-20220713112658514.chn""}",FINNEXUS_RESEARCH_DATASET_V17_1,FINNEXUS_TEMPORAL_KG_V1_0,CORE,FINNEXUS_LAYERED_KG_V3_0
news:e74483ac9955493dd28e9d98bf77d78a,News,"Phiên 21/5: Khối ngoại tiếp tục bán ròng hơn 175 tỷ đồng, tập trung bán HPG",,2021-05-21,,e74483ac9955493dd28e9d98bf77d78a,train,True,"{""category"": ""chung_khoan"", ""content_length"": ""889"", ""publication_time_resolution"": ""DATE_ONLY"", ""url"": ""https://cafef.vn/phien-21-5-khoi-ngoai-tiep-tuc-ban-rong-hon-175-ty-dong-tap-trung-ban-hpg-20210521151321149.chn""}",FINNEXUS_RESEARCH_DATASET_V17_1,FINNEXUS_TEMPORAL_KG_V1_0,CORE,FINNEXUS_LAYERED_KG_V3_0
news:e754a131ff69b78189b2c75829b0d3c0,News,"Cổ phiếu tâm điểm 23/12: DPM, PET, S99",,2021-12-22,,e754a131ff69b78189b2c75829b0d3c0,validation,True,"{""category"": ""ket_qua_kinh_doanh"", ""content_length"": ""3267"", ""publication_time_resolution"": ""DATE_ONLY"", ""url"": ""https://vietnambiz.vn/co-phieu-tam-diem-23-12-dpm-pet-s99-20211222194452962.htm""}",FINNEXUS_RESEARCH_DATASET_V17_1,FINNEXUS_TEMPORAL_KG_V1_0,CORE,FINNEXUS_LAYERED_KG_V3_0
news:e8047db353a59a4f7cf8880fe5e3322d,News,Digiworld (DGW) chốt danh sách cổ đông trả cổ tức bằng tiền và chia cổ phiếu thưởng tổng tỷ lệ 110%,,2021-08-12,,e8047db353a59a4f7cf8880fe5e3322d,train,True,"{""category"": ""co_tuc_phat_hanh"", ""content_length"": ""1416"", ""publication_time_resolution"": ""DATE_ONLY"", ""url"": ""https://cafef.vn/digiworld-dgw-chot-danh-sach-co-dong-tra-co-tuc-bang-tien-va-chia-co-phieu-thuong-tong-ty-le-110-20210812093212314.chn""}",FINNEXUS_RESEARCH_DATASET_V17_1,FINNEXUS_TEMPORAL_KG_V1_0,CORE,FINNEXUS_LAYERED_KG_V3_0
news:e85884a326dd3edf8f3f9364fef0ec5c,News,"KDH, HQC, VIB, SKG, PGC, DTT, GEG, HUB, VGL, DNP, DC2, CTB, DS3, BCF: Thông tin giao dịch lượng lớn cổ phiếu",,2022-03-23,,e85884a326dd3edf8f3f9364fef0ec5c,validation,True,"{""category"": ""ngan_hang"", ""content_length"": ""3595"", ""publication_time_resolution"": ""DATE_ONLY"", ""url"": ""https://cafef.vn/kdh-hqc-vib-skg-pgc-dtt-geg-hub-vgl-dnp-dc2-ctb-ds3-bcf-thong-tin-giao-dich-luong-lon-co-phieu-20220322222945101.chn""}",FINNEXUS_RESEARCH_DATASET_V17_1,FINNEXUS_TEMPORAL_KG_V1_0,CORE,FINNEXUS_LAYERED_KG_V3_0
news:e9398a5cd073f97c61a2328ba59d5e38,News,Hải An ước tính lãi sau thuế quý II tăng 79% với cùng kỳ 2021,,2022-06-29,,e9398a5cd073f97c61a2328ba59d5e38,test,True,"{""category"": ""co_tuc_phat_hanh"", ""content_length"": ""1755"", ""publication_time_resolution"": ""DATE_ONLY"", ""url"": ""https://cafef.vn/hai-an-uoc-tinh-lai-sau-thue-quy-ii-tang-79-voi-cung-ky-2021-20220629140336827.chn""}",FINNEXUS_RESEARCH_DATASET_V17_1,FINNEXUS_TEMPORAL_KG_V1_0,CORE,FINNEXUS_LAYERED_KG_V3_0
news:e9a2c8093877bd59d6556094ec5642e4,News,"Đầu tư Sao Á D.C mua thêm cổ phiếu HAH, trở lại làm cổ đông lớn tại Hải An",,2021-11-11,,e9a2c8093877bd59d6556094ec5642e4,train,True,"{""category"": ""ket_qua_kinh_doanh"", ""content_length"": ""1925"", ""publication_time_resolution"": ""DATE_ONLY"", ""url"": ""https://cafef.vn/dau-tu-sao-a-dc-mua-them-co-phieu-hah-tro-lai-lam-co-dong-lon-tai-hai-an-20211111102235725.chn""}",FINNEXUS_RESEARCH_DATASET_V17_1,FINNEXUS_TEMPORAL_KG_V1_0,CORE,FINNEXUS_LAYERED_KG_V3_0
news:e9ba4653db2389427af20a08fe39ea10,News,Novaland đồng hành cùng Đại học Phan Thiết nâng cao chất lượng nguồn nhân lực tại chỗ,,2019-03-26,,e9ba4653db2389427af20a08fe39ea10,train,True,"{""category"": ""bat_dong_san"", ""content_length"": ""3910"", ""publication_time_resolution"": ""DATE_ONLY"", ""url"": ""https://vietstock.vn/2019/03/novaland-dong-hanh-cung-dai-hoc-phan-thiet-nang-cao-chat-luong-nguon-nhan-luc-tai-cho-735-663281.htm""}",FINNEXUS_RESEARCH_DATASET_V17_1,FINNEXUS_TEMPORAL_KG_V1_0,CORE,FINNEXUS_LAYERED_KG_V3_0
news:e9bc935ad71b1e974ce0e2dcf929010a,News,Cổ phiếu PVDrilling (PVD) giảm sàn “trắng bên mua” sau thông tin ước lỗ quý 1/2022,,2022-04-21,,e9bc935ad71b1e974ce0e2dcf929010a,validation,True,"{""category"": ""ket_qua_kinh_doanh"", ""content_length"": ""3051"", ""publication_time_resolution"": ""DATE_ONLY"", ""url"": ""https://cafef.vn/co-phieu-pvdrilling-pvd-giam-san-trang-ben-mua-sau-thong-tin-uoc-lo-quy-1-2022-20220421153224725.chn""}",FINNEXUS_RESEARCH_DATASET_V17_1,FINNEXUS_TEMPORAL_KG_V1_0,CORE,FINNEXUS_LAYERED_KG_V3_0
news:e9c7ebf68d4baaa25250fc7d65fac21c,News,"Cổ phiếu tâm điểm 10/8: REE, TNG, HBC",,2022-08-09,,e9c7ebf68d4baaa25250fc7d65fac21c,test,True,"{""category"": ""chung_khoan"", ""content_length"": ""2435"", ""publication_time_resolution"": ""DATE_ONLY"", ""url"": ""https://vietnambiz.vn/co-phieu-tam-diem-108-ree-tng-hbc-20228918493611.htm""}",FINNEXUS_RESEARCH_DATASET_V17_1,FINNEXUS_TEMPORAL_KG_V1_0,CORE,FINNEXUS_LAYERED_KG_V3_0
news:ea1c91bb531bbd8f0d900c03eaabcd4d,News,Thêm hãng hàng không tạm dừng khai thác các chuyến bay đến và đi Hàn Quốc,,2020-03-04,,ea1c91bb531bbd8f0d900c03eaabcd4d,train,True,"{""category"": ""chung_khoan"", ""content_length"": ""2425"", ""publication_time_resolution"": ""DATE_ONLY"", ""url"": ""https://vietstock.vn/2020/03/vietjet-tam-dung-khai-thac-cac-chuyen-bay-den-va-di-han-quoc-737-734830.htm""}",FINNEXUS_RESEARCH_DATASET_V17_1,FINNEXUS_TEMPORAL_KG_V1_0,CORE,FINNEXUS_LAYERED_KG_V3_0
news:eacddd7c916b1d83068c99226b2a25e2,News,"SCR, PVI, GEX, VDS, NAF, LGC, DPG, C32, TTB, S55, PXM, TDP, IDJ: Thông tin giao dịch lượng lớn cổ phiếu",,2019-06-14,,eacddd7c916b1d83068c99226b2a25e2,train,True,"{""category"": ""bat_dong_san"", ""content_length"": ""2764"", ""publication_time_resolution"": ""DATE_ONLY"", ""url"": ""https://cafef.vn/scr-pvi-gex-vds-naf-lgc-dpg-c32-ttb-s55-pxm-tdp-idj-thong-tin-giao-dich-luong-lon-co-phieu-20190613181724359.chn""}",FINNEXUS_RESEARCH_DATASET_V17_1,FINNEXUS_TEMPORAL_KG_V1_0,CORE,FINNEXUS_LAYERED_KG_V3_0
news:eada8b991b784df136322da601a8cb0f,News,VPB: Vợ Phó Tổng bị phạt 40 triệu đồng do vi phạm thời gian bán cổ phiếu,,2019-03-26,,eada8b991b784df136322da601a8cb0f,train,True,"{""category"": ""phap_ly"", ""content_length"": ""1404"", ""publication_time_resolution"": ""DATE_ONLY"", ""url"": ""https://vietstock.vn/2019/03/vpb-vo-pho-tong-bi-phat-40-trieu-dong-do-vi-pham-thoi-gian-ban-co-phieu-739-663033.htm""}",FINNEXUS_RESEARCH_DATASET_V17_1,FINNEXUS_TEMPORAL_KG_V1_0,CORE,FINNEXUS_LAYERED_KG_V3_0
news:eaf529dbc9a8effbf811f0d5b115e504,News,"VDSC: Căng thẳng giữa Ukraine - Nga có thể mang lại lợi ích cho các công ty cá tra xuất sang Trung Quốc như Vĩnh Hoàn, Navico, I.D.I",,2022-03-10,,eaf529dbc9a8effbf811f0d5b115e504,validation,True,"{""category"": ""ket_qua_kinh_doanh"", ""content_length"": ""4106"", ""publication_time_resolution"": ""DATE_ONLY"", ""url"": ""https://cafef.vn/vdsc-cang-thang-giua-ukraine-nga-co-the-mang-lai-loi-ich-cho-cac-cong-ty-ca-tra-xuat-sang-trung-quoc-nhu-vinh-hoan-navico-idi-20220309172944682.chn""}",FINNEXUS_RESEARCH_DATASET_V17_1,FINNEXUS_TEMPORAL_KG_V1_0,CORE,FINNEXUS_LAYERED_KG_V3_0
news:eaf56fd6b05ab65b19aff700fb4e2c93,News,"C4G, MWG, MSB, PLX, PTL, RIC, TEG, AMV, HHG, IDC, DXG, HVN, VKC, TDM, BUD, QNU: Thông tin giao dịch lượng lớn cổ phiếu",,2021-09-11,,eaf56fd6b05ab65b19aff700fb4e2c93,train,True,"{""category"": ""ngan_hang"", ""content_length"": ""3912"", ""publication_time_resolution"": ""DATE_ONLY"", ""url"": ""https://cafef.vn/c4g-mwg-msb-plx-ptl-ric-teg-amv-hhg-idc-dxg-hvn-vkc-tdm-bud-qnu-thong-tin-giao-dich-luong-lon-co-phieu-20210911100024853.chn""}",FINNEXUS_RESEARCH_DATASET_V17_1,FINNEXUS_TEMPORAL_KG_V1_0,CORE,FINNEXUS_LAYERED_KG_V3_0
news:eb59b69e80a0ccdfeb2ebeb81643f19d,News,"VNDirect đặt chỉ tiêu lãi nghìn tỷ đồng, lo ngại giảm giá thị trường liên quan đến kỹ thuật, hệ thống giao dịch",,2021-03-12,,eb59b69e80a0ccdfeb2ebeb81643f19d,train,True,"{""category"": ""co_tuc_phat_hanh"", ""content_length"": ""2118"", ""publication_time_resolution"": ""DATE_ONLY"", ""url"": ""https://vietnambiz.vn/vndirect-dat-chi-tieu-lai-nghin-ty-dong-lo-ngai-rui-ro-giam-gia-thi-truong-lien-quan-den-ky-thuat-he-thong-giao-dich-20210312075205864.htm""}",FINNEXUS_RESEARCH_DATASET_V17_1,FINNEXUS_TEMPORAL_KG_V1_0,CORE,FINNEXUS_LAYERED_KG_V3_0
news:eb6d87dc19fddbe64e159e1123a0d821,News,VinaCapital tiếp tục giảm sở hữu tại FPT Retail,,2021-03-11,,eb6d87dc19fddbe64e159e1123a0d821,train,True,"{""category"": ""chung_khoan"", ""content_length"": ""1186"", ""publication_time_resolution"": ""DATE_ONLY"", ""url"": ""https://vietnambiz.vn/vinacapital-tiep-tuc-giam-so-huu-tai-fpt-retail-20210311111049036.htm""}",FINNEXUS_RESEARCH_DATASET_V17_1,FINNEXUS_TEMPORAL_KG_V1_0,CORE,FINNEXUS_LAYERED_KG_V3_0
news:eb9f81741dd9d69c40dcef8f435626b8,News,Pyn Elite Fund dự phóng vốn hóa MWG cùng hàng loạt cổ phiếu trong danh mục “tăng bằng lần” trong 3 năm tới,,2019-12-24,,eb9f81741dd9d69c40dcef8f435626b8,train,True,"{""category"": ""ket_qua_kinh_doanh"", ""content_length"": ""2427"", ""publication_time_resolution"": ""DATE_ONLY"", ""url"": ""https://cafef.vn/pyn-elite-fund-du-phong-von-hoa-mwg-cung-hang-loat-co-phieu-trong-danh-muc-tang-bang-lan-trong-3-nam-toi-20191224110635467.chn""}",FINNEXUS_RESEARCH_DATASET_V17_1,FINNEXUS_TEMPORAL_KG_V1_0,CORE,FINNEXUS_LAYERED_KG_V3_0
news:ecf78540ff9120db723c98e7dfb3dcce,News,Hoà Phát (HPG): Chốt ngày lấy ý kiến cổ đông liên quan đến việc con trai Chủ tịch Trần Đình Long muốn mua thêm 5 triệu cổ phần,,2021-06-11,,ecf78540ff9120db723c98e7dfb3dcce,train,True,"{""category"": ""chung_khoan"", ""content_length"": ""1989"", ""publication_time_resolution"": ""DATE_ONLY"", ""url"": ""https://cafef.vn/hoa-phat-hpg-chot-ngay-lay-y-kien-co-dong-lien-quan-den-viec-con-trai-chu-tich-tran-dinh-long-muon-mua-them-5-trieu-co-phan-20210611111842952.chn""}",FINNEXUS_RESEARCH_DATASET_V17_1,FINNEXUS_TEMPORAL_KG_V1_0,CORE,FINNEXUS_LAYERED_KG_V3_0
news:ed002db0198bf5834ee467733b1c057a,News,"Dòng tiền thông minh (12/11): Tự doanh CTCK nới rộng đà mua ròng bất chấp khối ngoại trở lại bán ròng, tập trung PLX",,2019-11-12,,ed002db0198bf5834ee467733b1c057a,train,True,"{""category"": ""chung_khoan"", ""content_length"": ""3861"", ""publication_time_resolution"": ""DATE_ONLY"", ""url"": ""https://vietnambiz.vn/dong-tien-thong-minh-12-11-tu-doanh-ctck-noi-rong-da-mua-rong-bat-chap-khoi-ngoai-tro-lai-ban-rong-tap-trung-plx-20191112074124146.htm""}",FINNEXUS_RESEARCH_DATASET_V17_1,FINNEXUS_TEMPORAL_KG_V1_0,CORE,FINNEXUS_LAYERED_KG_V3_0
news:edc99a49f92be9782a36a877d9c55ad5,News,"FPT Retail (FRT) đặt kế hoạch tăng 320% LNST lên 120 tỷ đồng, mở mới 150 cửa hàng dược Long Châu",,2021-04-07,,edc99a49f92be9782a36a877d9c55ad5,train,True,"{""category"": ""co_tuc_phat_hanh"", ""content_length"": ""2174"", ""publication_time_resolution"": ""DATE_ONLY"", ""url"": ""https://cafef.vn/fpt-retail-frt-dat-ke-hoach-tang-320-lnst-len-120-ty-dong-mo-moi-150-cua-hang-duoc-long-chau-20210406181350903.chn""}",FINNEXUS_RESEARCH_DATASET_V17_1,FINNEXUS_TEMPORAL_KG_V1_0,CORE,FINNEXUS_LAYERED_KG_V3_0
news:ee1d7ad011923e927c5119e5c35dfe36,News,"Vingroup đạt 3.400 tỷ LNTT trong quý 1, doanh thu từ VinFast, Vinsmart gần gấp 3 cùng kỳ",,2020-04-29,,ee1d7ad011923e927c5119e5c35dfe36,train,True,"{""category"": ""ket_qua_kinh_doanh"", ""content_length"": ""1851"", ""publication_time_resolution"": ""DATE_ONLY"", ""url"": ""https://cafef.vn/vingroup-dat-3400-ty-lntt-trong-quy-1-doanh-thu-tu-vinfast-vinsmart-gan-gap-3-cung-ky-20200429124720765.chn""}",FINNEXUS_RESEARCH_DATASET_V17_1,FINNEXUS_TEMPORAL_KG_V1_0,CORE,FINNEXUS_LAYERED_KG_V3_0
news:ee2f1fdc847b1ae749606a1d8defa600,News,Người nhà Giám đốc Kế toán Techcombank bán xong 267.500 cổ phiếu TCB,,2021-03-03,,ee2f1fdc847b1ae749606a1d8defa600,train,True,"{""category"": ""ngan_hang"", ""content_length"": ""1929"", ""publication_time_resolution"": ""DATE_ONLY"", ""url"": ""https://vietnambiz.vn/nguoi-nha-giam-doc-ke-toan-techcombank-ban-xong-267500-co-phieu-tcb-2021030222454641.htm""}",FINNEXUS_RESEARCH_DATASET_V17_1,FINNEXUS_TEMPORAL_KG_V1_0,CORE,FINNEXUS_LAYERED_KG_V3_0
news:ee466410aa28821fc4351fde2cad6466,News,"GAB, HDC, GEX, SGR, MHC, AGG, VSC: Thông tin giao dịch lượng lớn cổ phiếu",,2020-10-22,,ee466410aa28821fc4351fde2cad6466,train,True,"{""category"": ""bat_dong_san"", ""content_length"": ""1572"", ""publication_time_resolution"": ""DATE_ONLY"", ""url"": ""https://cafef.vn/gab-hdc-gex-sgr-mhc-agg-vsc-thong-tin-giao-dich-luong-lon-co-phieu-20201022175103397.chn""}",FINNEXUS_RESEARCH_DATASET_V17_1,FINNEXUS_TEMPORAL_KG_V1_0,CORE,FINNEXUS_LAYERED_KG_V3_0
news:eea883d705d1b5e6c6543297bf6a407d,News,"Digiworld lên kế hoạch lãi 200 tỷ đồng quý III, tăng 87%",,2022-07-18,,eea883d705d1b5e6c6543297bf6a407d,test,True,"{""category"": ""ket_qua_kinh_doanh"", ""content_length"": ""1642"", ""publication_time_resolution"": ""DATE_ONLY"", ""url"": ""https://cafef.vn/digiworld-len-ke-hoach-lai-200-ty-dong-quy-iii-tang-87-20220718110416469.chn""}",FINNEXUS_RESEARCH_DATASET_V17_1,FINNEXUS_TEMPORAL_KG_V1_0,CORE,FINNEXUS_LAYERED_KG_V3_0
news:eec8f6b502fb16fc83823b072d15857c,News,"Cổ phiếu tâm điểm ngày 11/12: ACB, HSG, DBC, NTL, NLG",,2019-12-10,,eec8f6b502fb16fc83823b072d15857c,train,True,"{""category"": ""ngan_hang"", ""content_length"": ""4938"", ""publication_time_resolution"": ""DATE_ONLY"", ""url"": ""https://vietnambiz.vn/co-phieu-tam-diem-ngay-11-12-acb-hsg-dbc-ntl-nlg-20191210172235311.htm""}",FINNEXUS_RESEARCH_DATASET_V17_1,FINNEXUS_TEMPORAL_KG_V1_0,CORE,FINNEXUS_LAYERED_KG_V3_0
news:eefa43a2e8f8939d8c1f0fd65ee71dd3,News,"Không chỉ Point of Life, Masan phát triển thêm mô hình ""mini mall"": Được xem là chìa khoá mở rộng quy mô, hướng đến mốc doanh thu kỷ lục 100.000 tỷ đồng năm 2022",,2022-04-14,,eefa43a2e8f8939d8c1f0fd65ee71dd3,validation,True,"{""category"": ""ket_qua_kinh_doanh"", ""content_length"": ""6440"", ""publication_time_resolution"": ""DATE_ONLY"", ""url"": ""https://cafef.vn/khong-chi-point-of-life-masan-phat-trien-them-mo-hinh-mini-mall-duoc-xem-la-chia-khoa-mo-rong-quy-mo-huong-den-moc-doanh-thu-ky-luc-100000-ty-dong-nam-2022-20220413150329661.chn""}",FINNEXUS_RESEARCH_DATASET_V17_1,FINNEXUS_TEMPORAL_KG_V1_0,CORE,FINNEXUS_LAYERED_KG_V3_0
news:ef05112514b3d60df9c915a4e81dd668,News,"Top10 tăng/giảm tuần 12 - 16/10: MSN và CTG tiếp tục thăng hoa, DBC có dấu hiệu phân phối?",,2020-10-18,,ef05112514b3d60df9c915a4e81dd668,train,True,"{""category"": ""ngan_hang"", ""content_length"": ""3865"", ""publication_time_resolution"": ""DATE_ONLY"", ""url"": ""https://vietnambiz.vn/top10-tang-giam-tuan-12-16-10-msn-va-ctg-tiep-tuc-thang-hoa-dbc-co-dau-hieu-phan-phoi-20201017110616894.htm""}",FINNEXUS_RESEARCH_DATASET_V17_1,FINNEXUS_TEMPORAL_KG_V1_0,CORE,FINNEXUS_LAYERED_KG_V3_0
news:ef373bae57c52973b0fa65904661fc41,News,FPT chốt danh sách cổ đông phát hành 118 triệu cổ phiếu trả cổ tức,,2021-05-18,,ef373bae57c52973b0fa65904661fc41,train,True,"{""category"": ""co_tuc_phat_hanh"", ""content_length"": ""1322"", ""publication_time_resolution"": ""DATE_ONLY"", ""url"": ""https://cafef.vn/fpt-chot-danh-sach-co-dong-phat-hanh-118-trieu-co-phieu-tra-co-tuc-20210518082427242.chn""}",FINNEXUS_RESEARCH_DATASET_V17_1,FINNEXUS_TEMPORAL_KG_V1_0,CORE,FINNEXUS_LAYERED_KG_V3_0
news:ef55ceda6e551db7642d22156eae1845,News,"Thị trường chứng quyền tuần (18 - 22/5): Nhóm HPG bùng nổ, chứng quyền ROS giảm sâu",,2020-05-24,,ef55ceda6e551db7642d22156eae1845,train,True,"{""category"": ""co_tuc_phat_hanh"", ""content_length"": ""3849"", ""publication_time_resolution"": ""DATE_ONLY"", ""url"": ""https://vietnambiz.vn/thi-truong-chung-quyen-tuan-18-22-5-nhom-hpg-bung-no-chung-quyen-ros-giam-sau-20200524160432256.htm""}",FINNEXUS_RESEARCH_DATASET_V17_1,FINNEXUS_TEMPORAL_KG_V1_0,CORE,FINNEXUS_LAYERED_KG_V3_0
news:ef7e8c22695c8be20cfcbcebc57a0384,News,"Thỏa thuận giá trần gần 5 triệu cổ phiếu MWG ngay đầu phiên 20/1, giá trị gần 600 tỉ đồng",,2020-01-20,,ef7e8c22695c8be20cfcbcebc57a0384,train,True,"{""category"": ""ket_qua_kinh_doanh"", ""content_length"": ""1993"", ""publication_time_resolution"": ""DATE_ONLY"", ""url"": ""https://vietnambiz.vn/thoa-thuan-gia-tran-gan-5-trieu-co-phieu-mwg-ngay-dau-phien-20-1-gia-tri-gan-600-ti-dong-20200120104642292.htm""}",FINNEXUS_RESEARCH_DATASET_V17_1,FINNEXUS_TEMPORAL_KG_V1_0,CORE,FINNEXUS_LAYERED_KG_V3_0
news:efb17b632284fa0c2c1aaaac361689a6,News,"Vingroup đăng ký bán ra hơn 100 triệu cổ phiếu VHM, ước tính thu về gần 12.000 tỷ đồng",,2021-08-16,,efb17b632284fa0c2c1aaaac361689a6,train,True,"{""category"": ""co_tuc_phat_hanh"", ""content_length"": ""2523"", ""publication_time_resolution"": ""DATE_ONLY"", ""url"": ""https://cafef.vn/vingroup-dang-ky-ban-ra-hon-100-tram-trieu-co-phieu-vhm-uoc-tinh-thu-ve-gan-12000-ty-dong-20210816124928877.chn""}",FINNEXUS_RESEARCH_DATASET_V17_1,FINNEXUS_TEMPORAL_KG_V1_0,CORE,FINNEXUS_LAYERED_KG_V3_0
news:efcf633ff9f61128432573403b7e4c39,News,"Thị trường chứng khoán Việt Nam tăng điểm phiên thứ 4 liên tiếp, vượt mốc 1.250, VCB trở thành ""đầu tàu"" nâng đỡ chỉ số chính",,2022-08-04,,efcf633ff9f61128432573403b7e4c39,test,True,"{""category"": ""ngan_hang"", ""content_length"": ""2962"", ""publication_time_resolution"": ""DATE_ONLY"", ""url"": ""https://cafef.vn/thi-truong-chung-khoan-viet-nam-tang-diem-phien-thu-4-lien-tiep-vuot-moc-1250-vcb-tro-thanh-dau-tau-nang-do-chi-so-chinh-20220804152919485.chn""}",FINNEXUS_RESEARCH_DATASET_V17_1,FINNEXUS_TEMPORAL_KG_V1_0,CORE,FINNEXUS_LAYERED_KG_V3_0
news:efe58d91aa75403be707897d9365b947,News,"Cổ phiếu tâm điểm 4/11: ACB, SSI, KDC",,2021-11-03,,efe58d91aa75403be707897d9365b947,train,True,"{""category"": ""ket_qua_kinh_doanh"", ""content_length"": ""3337"", ""publication_time_resolution"": ""DATE_ONLY"", ""url"": ""https://vietnambiz.vn/co-phieu-tam-diem-4-11-acb-ssi-kdc-20211103182225807.htm""}",FINNEXUS_RESEARCH_DATASET_V17_1,FINNEXUS_TEMPORAL_KG_V1_0,CORE,FINNEXUS_LAYERED_KG_V3_0
news:f06d36e537ab4e1fd839eb676664c3bb,News,Nam Kim bắt đầu bán hàng triệu cổ phiếu quỹ từ ngày 22/6,,2021-06-11,,f06d36e537ab4e1fd839eb676664c3bb,train,True,"{""category"": ""chung_khoan"", ""content_length"": ""921"", ""publication_time_resolution"": ""DATE_ONLY"", ""url"": ""https://vietnambiz.vn/nam-kim-bat-dau-ban-hang-trieu-co-phieu-quy-tu-ngay-22-6-20210611161933146.htm""}",FINNEXUS_RESEARCH_DATASET_V17_1,FINNEXUS_TEMPORAL_KG_V1_0,CORE,FINNEXUS_LAYERED_KG_V3_0
news:f07fc35f147a588da235c04861c47237,News,Chủ tịch Hòa Phát Trần Đình Long nói gì về việc giá quặng sắt liên tục tăng?,,2019-07-26,,f07fc35f147a588da235c04861c47237,train,True,"{""category"": ""ket_qua_kinh_doanh"", ""content_length"": ""5250"", ""publication_time_resolution"": ""DATE_ONLY"", ""url"": ""https://cafef.vn/chu-tich-hoa-phat-tran-dinh-long-noi-gi-ve-viec-gia-quang-sat-lien-tuc-tang-20190726115443843.chn""}",FINNEXUS_RESEARCH_DATASET_V17_1,FINNEXUS_TEMPORAL_KG_V1_0,CORE,FINNEXUS_LAYERED_KG_V3_0
news:f094a7f58a382597e21145e5f69818c8,News,"Giao dịch lớn cổ phiếu IDJ, XMC, BIG, DHC, VNM, CBS, BCG, DIG, LDG, PAC",,2022-11-11,,f094a7f58a382597e21145e5f69818c8,test,True,"{""category"": ""chung_khoan"", ""content_length"": ""1875"", ""publication_time_resolution"": ""DATE_ONLY"", ""url"": ""https://vietnambiz.vn/giao-dich-lon-co-phieu-idj-xmc-big-dhc-vnm-cbs-bcg-dig-ldg-pac-20221111184723406.htm""}",FINNEXUS_RESEARCH_DATASET_V17_1,FINNEXUS_TEMPORAL_KG_V1_0,CORE,FINNEXUS_LAYERED_KG_V3_0
news:f0c5926c920e5da89f8cb2250c4bb459,News,PV GasD (PGD) đặt kế hoạch LNST 2021 đi ngang với 204 tỷ đồng,,2021-02-05,,f0c5926c920e5da89f8cb2250c4bb459,train,True,"{""category"": ""co_tuc_phat_hanh"", ""content_length"": ""2134"", ""publication_time_resolution"": ""DATE_ONLY"", ""url"": ""https://cafef.vn/pv-gasd-pgd-dat-ke-hoach-lnst-2021-di-ngang-voi-204-ty-dong-2021020419152693.chn""}",FINNEXUS_RESEARCH_DATASET_V17_1,FINNEXUS_TEMPORAL_KG_V1_0,CORE,FINNEXUS_LAYERED_KG_V3_0
news:f0e42ef9f6a313f385316d975b89f74f,News,"Bán hết sản phẩm phân khu 2 Khu đô thị Nhơn Hội, PDR lên kế hoạch lãi trước thuế 1,500 tỷ năm 2020",,2020-03-06,,f0e42ef9f6a313f385316d975b89f74f,train,True,"{""category"": ""ket_qua_kinh_doanh"", ""content_length"": ""2294"", ""publication_time_resolution"": ""DATE_ONLY"", ""url"": ""https://vietstock.vn/2020/03/ban-het-san-pham-phan-khu-2-khu-do-thi-nhon-hoi-pdr-len-ke-hoach-lai-truoc-thue-1500-ty-nam-2020-737-735486.htm""}",FINNEXUS_RESEARCH_DATASET_V17_1,FINNEXUS_TEMPORAL_KG_V1_0,CORE,FINNEXUS_LAYERED_KG_V3_0
news:f1d6f37bba7e9e2eed06f09eb9b81cf0,News,VNDIRECT tư vấn phát hành thành công trên 9.400 tỷ đồng trái phiếu VietinBank,,2020-10-12,,f1d6f37bba7e9e2eed06f09eb9b81cf0,train,True,"{""category"": ""co_tuc_phat_hanh"", ""content_length"": ""1765"", ""publication_time_resolution"": ""DATE_ONLY"", ""url"": ""https://cafef.vn/vndirect-tu-van-phat-hanh-thanh-cong-tren-9400-ty-dong-trai-phieu-vietinbank-20201010110547615.chn""}",FINNEXUS_RESEARCH_DATASET_V17_1,FINNEXUS_TEMPORAL_KG_V1_0,CORE,FINNEXUS_LAYERED_KG_V3_0
news:f1fc98aab8c15557880461cd08a06a85,News,"HPG, HBC, PLX, VGC, DGC, PNG, TCD, POM, HIG, NED, CKG, SMC, NHA, CXA, SPV, DRI, NHP, VNT: Thông tin giao dịch lượng lớn cổ phiếu",,2021-02-24,,f1fc98aab8c15557880461cd08a06a85,train,True,"{""category"": ""chung_khoan"", ""content_length"": ""4362"", ""publication_time_resolution"": ""DATE_ONLY"", ""url"": ""https://cafef.vn/hpg-hbc-plx-vgc-dgc-png-tcd-pom-hig-ned-ckg-smc-nha-cxa-spv-dri-nhp-vnt-thong-tin-giao-dich-luong-lon-co-phieu-20210223175737441.chn""}",FINNEXUS_RESEARCH_DATASET_V17_1,FINNEXUS_TEMPORAL_KG_V1_0,CORE,FINNEXUS_LAYERED_KG_V3_0
news:f2121a88928b13c9150e9fac3e52192a,News,"Vietnam Airlines, BSR và Petrolimex lỗ nghìn tỷ cùng hàng loạt doanh nghiệp tên tuổi lỗ trăm tỷ trong nửa đầu 2020",,2020-08-06,,f2121a88928b13c9150e9fac3e52192a,train,True,"{""category"": ""ket_qua_kinh_doanh"", ""content_length"": ""7398"", ""publication_time_resolution"": ""DATE_ONLY"", ""url"": ""https://cafef.vn/vietnam-airlines-bsr-flc-va-petrolimex-lo-nghin-ty-cung-hang-loat-doanh-nghiep-ten-tuoi-lo-tram-ty-trong-nua-dau-2020-20200805175559028.chn""}",FINNEXUS_RESEARCH_DATASET_V17_1,FINNEXUS_TEMPORAL_KG_V1_0,CORE,FINNEXUS_LAYERED_KG_V3_0
news:f2f8cb6568dead060f55eeb5662cfb46,News,SSI Research ước tính lợi nhuận quý 2 của 25 doanh nghiệp niêm yết,,2019-07-08,,f2f8cb6568dead060f55eeb5662cfb46,train,True,"{""category"": ""ket_qua_kinh_doanh"", ""content_length"": ""1824"", ""publication_time_resolution"": ""DATE_ONLY"", ""url"": ""https://cafef.vn/ssi-research-uoc-tinh-loi-nhuan-quy-2-cua-25-doanh-nghiep-niem-yet-20190708164314437.chn""}",FINNEXUS_RESEARCH_DATASET_V17_1,FINNEXUS_TEMPORAL_KG_V1_0,CORE,FINNEXUS_LAYERED_KG_V3_0
news:f32278c0d1dbde3e4580bb210f50aa0e,News,"Vĩnh Hoàn và Navico chịu thuế 0,09 USD/kg khi xuất khẩu vào Mỹ",,2021-01-01,,f32278c0d1dbde3e4580bb210f50aa0e,train,True,"{""category"": ""chung_khoan"", ""content_length"": ""2574"", ""publication_time_resolution"": ""DATE_ONLY"", ""url"": ""https://cafef.vn/vinh-hoan-va-navico-chiu-thue-009-usd-kg-khi-xuat-khau-vao-my-20210101142851715.chn""}",FINNEXUS_RESEARCH_DATASET_V17_1,FINNEXUS_TEMPORAL_KG_V1_0,CORE,FINNEXUS_LAYERED_KG_V3_0
news:f37992c32ca8cc44085f7de9484200b6,News,"VRE, MWG, VGC, NTL, POM, CTI, ADS, CKG, PVR: Thông tin giao dịch lượng lớn cổ phiếu",,2021-03-02,,f37992c32ca8cc44085f7de9484200b6,train,True,"{""category"": ""chung_khoan"", ""content_length"": ""1835"", ""publication_time_resolution"": ""DATE_ONLY"", ""url"": ""https://cafef.vn/vre-mwg-vgc-ntl-pom-cti-ads-ckg-pvr-thong-tin-giao-dich-luong-lon-co-phieu-20210301172456017.chn""}",FINNEXUS_RESEARCH_DATASET_V17_1,FINNEXUS_TEMPORAL_KG_V1_0,CORE,FINNEXUS_LAYERED_KG_V3_0
news:f43d7ca66e17a9085cd1e7aa791b5276,News,"Ảnh hưởng từ Covid-19, lợi nhuận của FPT Online giảm 32% trong quý 2/2020",,2020-07-17,,f43d7ca66e17a9085cd1e7aa791b5276,train,True,"{""category"": ""co_tuc_phat_hanh"", ""content_length"": ""1722"", ""publication_time_resolution"": ""DATE_ONLY"", ""url"": ""https://cafef.vn/anh-huong-tu-covid-19-loi-nhuan-cia-fpt-online-giam-32-trong-quy-2-2020-20200717140402721.chn""}",FINNEXUS_RESEARCH_DATASET_V17_1,FINNEXUS_TEMPORAL_KG_V1_0,CORE,FINNEXUS_LAYERED_KG_V3_0
news:f4947674371f0baed7e90fe7f3d8d48c,News,"VNM tăng mạnh, Vinamilk quyết định đem toàn bộ cổ phiếu quỹ ra bán",,2020-12-22,,f4947674371f0baed7e90fe7f3d8d48c,train,True,"{""category"": ""co_tuc_phat_hanh"", ""content_length"": ""1125"", ""publication_time_resolution"": ""DATE_ONLY"", ""url"": ""https://cafef.vn/vnm-tang-manh-vinamilk-quyet-dinh-dem-toan-bo-co-phieu-quy-ra-ban-20201222083007357.chn""}",FINNEXUS_RESEARCH_DATASET_V17_1,FINNEXUS_TEMPORAL_KG_V1_0,CORE,FINNEXUS_LAYERED_KG_V3_0
news:f4b9219327466be37d6a08495950091f,News,"Novaland lãi khủng nhờ thoái vốn công ty con và đánh giá lại khoản đầu tư, chi gần 8.500 tỷ đồng thâu tóm hàng loạt công ty bất động sản",,2021-03-11,,f4b9219327466be37d6a08495950091f,train,True,"{""category"": ""ket_qua_kinh_doanh"", ""content_length"": ""3360"", ""publication_time_resolution"": ""DATE_ONLY"", ""url"": ""https://cafef.vn/novaland-lai-khung-nho-thoai-von-cong-ty-con-va-danh-gia-lai-khoan-dau-tu-chi-gan-8500-ty-dong-thau-tom-hang-loat-cong-ty-bat-dong-san-20210310202349618.chn""}",FINNEXUS_RESEARCH_DATASET_V17_1,FINNEXUS_TEMPORAL_KG_V1_0,CORE,FINNEXUS_LAYERED_KG_V3_0
news:f4c4b1f5091334fd616ae0be01019c1b,News,"VNDirect bán cổ phiếu quỹ với giá gần 75.000 đồng/cp, thu 443 tỷ",,2021-11-26,,f4c4b1f5091334fd616ae0be01019c1b,train,True,"{""category"": ""co_tuc_phat_hanh"", ""content_length"": ""2083"", ""publication_time_resolution"": ""DATE_ONLY"", ""url"": ""https://vietnambiz.vn/vndirect-ban-gan-het-co-phieu-quy-voi-gia-gan-75000-dong-cp-thu-443-ty-20211126214921415.htm""}",FINNEXUS_RESEARCH_DATASET_V17_1,FINNEXUS_TEMPORAL_KG_V1_0,CORE,FINNEXUS_LAYERED_KG_V3_0
news:f536c546401120882211ff1db19d476b,News,Thế giới di động lên tiếng về các tin đồn liên quan đến khoản đầu tư trái phiếu doanh nghiệp,,2022-11-02,,f536c546401120882211ff1db19d476b,test,True,"{""category"": ""phap_ly"", ""content_length"": ""1846"", ""publication_time_resolution"": ""DATE_ONLY"", ""url"": ""https://cafef.vn/the-gioi-di-dong-len-tieng-ve-cac-tin-don-lien-quan-den-khoan-dau-tu-trai-phieu-doanh-nghiep-20221102191541274.chn""}",FINNEXUS_RESEARCH_DATASET_V17_1,FINNEXUS_TEMPORAL_KG_V1_0,CORE,FINNEXUS_LAYERED_KG_V3_0
news:f54ced09166194354c499e0f409e87ce,News,"Cổ phiếu tâm điểm ngày 28/12: HPG, CEO, OGC",,2020-12-27,,f54ced09166194354c499e0f409e87ce,train,True,"{""category"": ""ket_qua_kinh_doanh"", ""content_length"": ""2365"", ""publication_time_resolution"": ""DATE_ONLY"", ""url"": ""https://vietnambiz.vn/co-phieu-tam-diem-ngay-28-12-hpg-ceo-ogc-20201227105422469.htm""}",FINNEXUS_RESEARCH_DATASET_V17_1,FINNEXUS_TEMPORAL_KG_V1_0,CORE,FINNEXUS_LAYERED_KG_V3_0
news:f5b34f03966971bed3937470d9f973d7,News,"Giá cổ phiếu VIC đang lùi dần về thời điểm Vingroup lấn sân mảng ô tô, vốn hóa 4 công ty trên sàn khoảng 21,4 tỷ USD",,2022-10-01,,f5b34f03966971bed3937470d9f973d7,test,True,"{""category"": ""bat_dong_san"", ""content_length"": ""2116"", ""publication_time_resolution"": ""DATE_ONLY"", ""url"": ""https://vietnambiz.vn/gia-co-phieu-vic-dang-lui-dan-ve-thoi-diem-vingroup-lan-san-mang-o-to-von-hoa-4-cong-ty-tren-san-khoang-214-ty-usd-2022101165123404.htm""}",FINNEXUS_RESEARCH_DATASET_V17_1,FINNEXUS_TEMPORAL_KG_V1_0,CORE,FINNEXUS_LAYERED_KG_V3_0
news:f5c2cfd496435177d42c45038c1f61e3,News,"MWG vọt lên đỉnh mới, VCB nâng đỡ thị trường",,2021-06-30,,f5c2cfd496435177d42c45038c1f61e3,train,True,"{""category"": ""ket_qua_kinh_doanh"", ""content_length"": ""3079"", ""publication_time_resolution"": ""DATE_ONLY"", ""url"": ""https://vietnambiz.vn/mwg-vot-len-dinh-moi-vcb-nang-do-thi-truong-20210630181959307.htm""}",FINNEXUS_RESEARCH_DATASET_V17_1,FINNEXUS_TEMPORAL_KG_V1_0,CORE,FINNEXUS_LAYERED_KG_V3_0
news:f5d28b99bfb7bdeac95bf6ae63d9003a,News,"Khối ngoại liên tục mua ròng mạnh, cổ phiếu Vinamilk (VNM) có gì hấp dẫn?",,2022-08-26,,f5d28b99bfb7bdeac95bf6ae63d9003a,test,True,"{""category"": ""ket_qua_kinh_doanh"", ""content_length"": ""4318"", ""publication_time_resolution"": ""DATE_ONLY"", ""url"": ""https://cafef.vn/khoi-ngoai-lien-tuc-mua-rong-manh-co-phieu-vinamilk-vnm-co-gi-hap-dan-20220826092914187.chn""}",FINNEXUS_RESEARCH_DATASET_V17_1,FINNEXUS_TEMPORAL_KG_V1_0,CORE,FINNEXUS_LAYERED_KG_V3_0
news:f5f96e29a825da3419674c0a6a28c005,News,"Sao Mai Group (ASM): Gánh nặng chi phí, LNST 9 tháng năm 2019 giảm một nửa so với cùng kỳ, còn hơn 600 tỷ đồng",,2019-11-01,,f5f96e29a825da3419674c0a6a28c005,train,True,"{""category"": ""ket_qua_kinh_doanh"", ""content_length"": ""2472"", ""publication_time_resolution"": ""DATE_ONLY"", ""url"": ""https://cafef.vn/sao-mai-group-asm-ganh-nang-chi-phi-lnst-9-thang-nam-2019-giam-mot-nua-so-voi-cung-ky-con-hon-600-ty-dong-20191031162542576.chn""}",FINNEXUS_RESEARCH_DATASET_V17_1,FINNEXUS_TEMPORAL_KG_V1_0,CORE,FINNEXUS_LAYERED_KG_V3_0
news:f686fe101a5a19579fdbe4265d5b6b45,News,"Kỳ vọng chuỗi Long Châu, cổ phiếu FPT Retail (FRT) tăng kịch trần, tiếp tục lập đỉnh lịch sử",,2022-03-16,,f686fe101a5a19579fdbe4265d5b6b45,validation,True,"{""category"": ""co_tuc_phat_hanh"", ""content_length"": ""2347"", ""publication_time_resolution"": ""DATE_ONLY"", ""url"": ""https://cafef.vn/ky-vong-chuoi-long-chau-co-phieu-fpt-retail-frt-tang-kich-tran-tiep-tuc-lap-dinh-lich-su-20220316150519307.chn""}",FINNEXUS_RESEARCH_DATASET_V17_1,FINNEXUS_TEMPORAL_KG_V1_0,CORE,FINNEXUS_LAYERED_KG_V3_0
news:f6a755ce835dc7de0349c37259cc6f9b,News,Hơn 361 triệu cổ phiếu MBB sắp về tài khoản của nhà đầu tư,,2020-11-11,,f6a755ce835dc7de0349c37259cc6f9b,train,True,"{""category"": ""co_tuc_phat_hanh"", ""content_length"": ""1109"", ""publication_time_resolution"": ""DATE_ONLY"", ""url"": ""https://vietnambiz.vn/hon-361-trieu-co-phieu-mbb-sap-ve-tai-khoan-cua-nha-dau-tu-20201111064936413.htm""}",FINNEXUS_RESEARCH_DATASET_V17_1,FINNEXUS_TEMPORAL_KG_V1_0,CORE,FINNEXUS_LAYERED_KG_V3_0
news:f735749319b3c491e5e271cffba16612,News,"Mảng cơ khí dầu khí nhiều triển vọng, PVS được dự báo hoàn thành vượt xa kế hoạch lợi nhuận năm 2019",,2019-07-03,,f735749319b3c491e5e271cffba16612,train,True,"{""category"": ""co_tuc_phat_hanh"", ""content_length"": ""2878"", ""publication_time_resolution"": ""DATE_ONLY"", ""url"": ""https://cafef.vn/mang-co-khi-dau-khi-nhieu-trien-vong-pvs-duoc-du-bao-hoan-thanh-vuot-xa-ke-hoach-loi-nhuan-nam-2019-201907031702325.chn""}",FINNEXUS_RESEARCH_DATASET_V17_1,FINNEXUS_TEMPORAL_KG_V1_0,CORE,FINNEXUS_LAYERED_KG_V3_0
news:f747cabe2c7e67953027578312f55536,News,"Doanh thu vỏn vẹn 11 tỷ, vì sao Phát Đạt (PDR) vẫn lãi ròng hàng trăm tỷ đồng quý 3?",,2022-10-20,,f747cabe2c7e67953027578312f55536,test,True,"{""category"": ""ket_qua_kinh_doanh"", ""content_length"": ""2494"", ""publication_time_resolution"": ""DATE_ONLY"", ""url"": ""https://cafef.vn/doanh-thu-von-ven-11-ty-vi-sao-phat-dat-pdr-van-lai-rong-hang-tram-ty-dong-quy-3-20221020201636385.chn""}",FINNEXUS_RESEARCH_DATASET_V17_1,FINNEXUS_TEMPORAL_KG_V1_0,CORE,FINNEXUS_LAYERED_KG_V3_0
news:f77512abc9a5f2e7a710e2862fc22e21,News,"FPT, PNJ, DIG, DXG, APG, PVI, NTL, THP, SVC, NSH, TNT, MAC, VMC: Thông tin giao dịch lượng lớn cổ phiếu",,2021-10-23,,f77512abc9a5f2e7a710e2862fc22e21,train,True,"{""category"": ""chung_khoan"", ""content_length"": ""2947"", ""publication_time_resolution"": ""DATE_ONLY"", ""url"": ""https://cafef.vn/fpt-pnj-dig-dxg-apg-pvi-ntl-thp-svc-nsh-tnt-mac-vmc-thong-tin-giao-dich-luong-lon-co-phieu-20211022180056678.chn""}",FINNEXUS_RESEARCH_DATASET_V17_1,FINNEXUS_TEMPORAL_KG_V1_0,CORE,FINNEXUS_LAYERED_KG_V3_0
news:f7d7c8869f727e74f2a2a75619d0f34d,News,"VCB bứt phá mạnh cuối phiên, VN-Index vẫn giảm gần 3 điểm",,2019-07-15,,f7d7c8869f727e74f2a2a75619d0f34d,train,True,"{""category"": ""ngan_hang"", ""content_length"": ""3864"", ""publication_time_resolution"": ""DATE_ONLY"", ""url"": ""https://cafef.vn/thi-truong-giao-dich-giang-co-dong-tien-do-manh-vao-nhom-khu-cong-nghiep-20190715101453531.chn""}",FINNEXUS_RESEARCH_DATASET_V17_1,FINNEXUS_TEMPORAL_KG_V1_0,CORE,FINNEXUS_LAYERED_KG_V3_0
news:f85e750e9e1ac8b7c8941da11225b016,News,"Tin kinh tế trước giờ giao dịch (3/3): Chứng khoán Mỹ điều chỉnh, FPT Retail đóng cửa 60 chi nhánh",,2021-03-03,,f85e750e9e1ac8b7c8941da11225b016,train,True,"{""category"": ""co_tuc_phat_hanh"", ""content_length"": ""3433"", ""publication_time_resolution"": ""DATE_ONLY"", ""url"": ""https://vietnambiz.vn/tin-kinh-te-truoc-gio-giao-dich-3-3-chung-khoan-my-dieu-chinh-fpt-retail-dong-cua-60-chi-nhanh-20210303075927363.htm""}",FINNEXUS_RESEARCH_DATASET_V17_1,FINNEXUS_TEMPORAL_KG_V1_0,CORE,FINNEXUS_LAYERED_KG_V3_0
news:f8bdbf02cd87547f3f92966fea96af86,News,"FLC chất lệnh dư mua trần, VnIndex tăng mạnh hơn 5 điểm Vinamilk và Vietcombank",,2019-11-19,,f8bdbf02cd87547f3f92966fea96af86,train,True,"{""category"": ""ngan_hang"", ""content_length"": ""2980"", ""publication_time_resolution"": ""DATE_ONLY"", ""url"": ""https://cafef.vn/flc-tang-tran-sau-bai-phat-bieu-cua-ty-phu-trinh-van-quyet-vnindex-giu-duoc-moc-nghin-diem-nho-vinamilk-20191119114700509.chn""}",FINNEXUS_RESEARCH_DATASET_V17_1,FINNEXUS_TEMPORAL_KG_V1_0,CORE,FINNEXUS_LAYERED_KG_V3_0
news:f8be94a327d07d0c1207c69cdbabb5e2,News,FPT Online sắp trích thêm 74 tỉ đồng trả cổ tức,,2020-05-22,,f8be94a327d07d0c1207c69cdbabb5e2,train,True,"{""category"": ""co_tuc_phat_hanh"", ""content_length"": ""1221"", ""publication_time_resolution"": ""DATE_ONLY"", ""url"": ""https://vietnambiz.vn/fpt-online-sap-trich-them-74-ti-dong-tra-co-tuc-20200522160144659.htm""}",FINNEXUS_RESEARCH_DATASET_V17_1,FINNEXUS_TEMPORAL_KG_V1_0,CORE,FINNEXUS_LAYERED_KG_V3_0
news:f8e7dde699fe62347e0fcd7fbeafd63f,News,Gelex thông qua phương án đưa hơn 6 triệu cổ phiếu quỹ ra bán,,2021-03-02,,f8e7dde699fe62347e0fcd7fbeafd63f,train,True,"{""category"": ""chung_khoan"", ""content_length"": ""1253"", ""publication_time_resolution"": ""DATE_ONLY"", ""url"": ""https://cafef.vn/gelex-thong-qua-phuong-an-dua-hon-6-trieu-co-phieu-quy-ra-ban-20210301171256385.chn""}",FINNEXUS_RESEARCH_DATASET_V17_1,FINNEXUS_TEMPORAL_KG_V1_0,CORE,FINNEXUS_LAYERED_KG_V3_0
news:f8f8dd021efd907346628063d4e31292,News,Gelex (GEX) vừa mua lại 300 tỷ trái phiếu ngắn hạn,,2022-05-24,,f8f8dd021efd907346628063d4e31292,test,True,"{""category"": ""co_tuc_phat_hanh"", ""content_length"": ""2145"", ""publication_time_resolution"": ""DATE_ONLY"", ""url"": ""https://cafef.vn/gelex-gex-vua-mua-lai-300-ty-trai-phieu-ngan-han-20220523153010036.chn""}",FINNEXUS_RESEARCH_DATASET_V17_1,FINNEXUS_TEMPORAL_KG_V1_0,CORE,FINNEXUS_LAYERED_KG_V3_0
news:f9da00b01df260c13483f639792c86c5,News,Giá chào bán cổ phiếu Công trình Viettel (CTR) nâng lên 46.600 đồng/cp,,2020-11-11,,f9da00b01df260c13483f639792c86c5,train,True,"{""category"": ""co_tuc_phat_hanh"", ""content_length"": ""1112"", ""publication_time_resolution"": ""DATE_ONLY"", ""url"": ""https://vietnambiz.vn/gia-chao-ban-co-phieu-cong-trinh-viettel-ctr-nang-len-46600-dong-cp-20201111100113522.htm""}",FINNEXUS_RESEARCH_DATASET_V17_1,FINNEXUS_TEMPORAL_KG_V1_0,CORE,FINNEXUS_LAYERED_KG_V3_0
news:fa264c926a34cfdc78130a4edff5122f,News,"Phiên 10/12: Khối ngoại quay đầu bán ròng gần 500 tỷ đồng trong phiên thị trường đỏ lửa, tập trung bán HPG, TCH",,2021-12-10,,fa264c926a34cfdc78130a4edff5122f,train,True,"{""category"": ""ngan_hang"", ""content_length"": ""2892"", ""publication_time_resolution"": ""DATE_ONLY"", ""url"": ""https://cafef.vn/phien-10-12-khoi-ngoai-quay-dau-ban-rong-gan-500-ty-dong-trong-phien-thi-truong-do-lua-tap-trung-ban-hpg-tch-20211210153318261.chn""}",FINNEXUS_RESEARCH_DATASET_V17_1,FINNEXUS_TEMPORAL_KG_V1_0,CORE,FINNEXUS_LAYERED_KG_V3_0
news:fa7d2a19f2c1fa551349d0805eb85c4e,News,Platinum Victory tiếp tục đăng ký mua gần 21 triệu cổ phiếu VNM,,2021-06-04,,fa7d2a19f2c1fa551349d0805eb85c4e,train,True,"{""category"": ""ket_qua_kinh_doanh"", ""content_length"": ""1646"", ""publication_time_resolution"": ""DATE_ONLY"", ""url"": ""https://cafef.vn/platinum-victory-tiep-tuc-dang-ky-mua-gan-21-trieu-co-phieu-vnm-2021060415245148.chn""}",FINNEXUS_RESEARCH_DATASET_V17_1,FINNEXUS_TEMPORAL_KG_V1_0,CORE,FINNEXUS_LAYERED_KG_V3_0
news:fa9e7ae13eced48d58a7774d2e6bc0c6,News,"Dòng tiền thông minh 18/4: Tổ chức trong nước bán ròng gần 400 tỷ đồng, tâm điểm DIG, VPB",,2022-04-18,,fa9e7ae13eced48d58a7774d2e6bc0c6,validation,True,"{""category"": ""ngan_hang"", ""content_length"": ""2903"", ""publication_time_resolution"": ""DATE_ONLY"", ""url"": ""https://vietnambiz.vn/dong-tien-thong-minh-184-to-chuc-trong-nuoc-ban-rong-gan-400-ty-dong-tam-diem-dig-vpb-202241881922202.htm""}",FINNEXUS_RESEARCH_DATASET_V17_1,FINNEXUS_TEMPORAL_KG_V1_0,CORE,FINNEXUS_LAYERED_KG_V3_0
news:faec5c512bada4de4b7b741b88ba20a7,News,"FTSE Vietnam Index thêm HSG, loại DXG khỏi danh mục trong kỳ review quý 2/2021",,2021-06-04,,faec5c512bada4de4b7b741b88ba20a7,train,True,"{""category"": ""chung_khoan"", ""content_length"": ""923"", ""publication_time_resolution"": ""DATE_ONLY"", ""url"": ""https://cafef.vn/ftse-vietnam-index-them-hsg-loai-dxg-khoi-danh-muc-trong-ky-review-quy-2-2021-20210604172012158.chn""}",FINNEXUS_RESEARCH_DATASET_V17_1,FINNEXUS_TEMPORAL_KG_V1_0,CORE,FINNEXUS_LAYERED_KG_V3_0
news:fb302907fe0a85b27869d98f3398e770,News,"Chủ tịch SSI Nguyễn Duy Hưng: Cổ phiếu ""rác"" tăng là hoàn toàn bình thường do cầu tăng mạnh, bất thường hay không phải nhờ cơ quan chức năng kiểm tra",,2021-12-29,,fb302907fe0a85b27869d98f3398e770,validation,True,"{""category"": ""phap_ly"", ""content_length"": ""5065"", ""publication_time_resolution"": ""DATE_ONLY"", ""url"": ""https://cafef.vn/chu-tich-ssi-nguyen-duy-hung-co-phieu-rac-tang-la-hoan-toan-binh-thuong-do-cau-tang-manh-bat-thuong-hay-khong-phai-nho-co-quan-chuc-nang-kiem-tra-20211229111047182.chn""}",FINNEXUS_RESEARCH_DATASET_V17_1,FINNEXUS_TEMPORAL_KG_V1_0,CORE,FINNEXUS_LAYERED_KG_V3_0
news:fb51a58a78b318aa40df56da5ff8e3e3,News,FPT: LNTT 9 tháng tăng trưởng 9% lên 3.814 tỷ đồng,,2020-10-22,,fb51a58a78b318aa40df56da5ff8e3e3,train,True,"{""category"": ""ket_qua_kinh_doanh"", ""content_length"": ""2333"", ""publication_time_resolution"": ""DATE_ONLY"", ""url"": ""https://cafef.vn/fpt-lntt-9-thang-tang-truong-9-len-3814-ty-dong-20201022184119397.chn""}",FINNEXUS_RESEARCH_DATASET_V17_1,FINNEXUS_TEMPORAL_KG_V1_0,CORE,FINNEXUS_LAYERED_KG_V3_0
news:fb8c2d46e5729be510846bd1ad9ac455,News,"Vietjet đã bán xong gần 18 triệu cổ phiếu quỹ, thu về 2.350 tỷ đồng",,2021-04-28,,fb8c2d46e5729be510846bd1ad9ac455,train,True,"{""category"": ""chung_khoan"", ""content_length"": ""929"", ""publication_time_resolution"": ""DATE_ONLY"", ""url"": ""https://cafef.vn/vietjet-da-ban-xong-gan-18-trieu-co-phieu-quy-thu-ve-2350-ty-dong-20210428163139388.chn""}",FINNEXUS_RESEARCH_DATASET_V17_1,FINNEXUS_TEMPORAL_KG_V1_0,CORE,FINNEXUS_LAYERED_KG_V3_0
news:fbda55c2096c58c9654fc911c2f3a0b1,News,"Thế giới Di động (MWG): Hơn 180 cửa hàng điện thoại và điện máy bị ảnh hưởng trong đợt Covid-19 lần hai, LNST luỹ kế 8 tháng giảm nhẹ về 2.697 tỷ đồng",,2020-09-21,,fbda55c2096c58c9654fc911c2f3a0b1,train,True,"{""category"": ""ket_qua_kinh_doanh"", ""content_length"": ""2698"", ""publication_time_resolution"": ""DATE_ONLY"", ""url"": ""https://cafef.vn/the-gioi-di-dong-mwg-hon-180-cua-hang-dien-thoai-va-dien-may-bi-anh-huong-trong-dot-covid-19-lan-hai-lnst-luy-ke-8-thang-giam-nhe-ve-2697-ty-dong-20200921153053506.chn""}",FINNEXUS_RESEARCH_DATASET_V17_1,FINNEXUS_TEMPORAL_KG_V1_0,CORE,FINNEXUS_LAYERED_KG_V3_0
news:fc6b1ad85e2fb84c72a30f8ab316b7f7,News,"Cổ phiếu FPT Shop ""cháy hàng"", giao dịch cao kỷ lục sau ngày mở bán iPhone 12",,2020-11-30,,fc6b1ad85e2fb84c72a30f8ab316b7f7,train,True,"{""category"": ""ket_qua_kinh_doanh"", ""content_length"": ""1482"", ""publication_time_resolution"": ""DATE_ONLY"", ""url"": ""https://cafef.vn/co-phieu-fpt-shop-chay-hang-giao-dich-cao-ky-luc-sau-ngay-mo-ban-iphone-12-20201130162345566.chn""}",FINNEXUS_RESEARCH_DATASET_V17_1,FINNEXUS_TEMPORAL_KG_V1_0,CORE,FINNEXUS_LAYERED_KG_V3_0
news:fc7ba371c34e2992a1dc271c9f11e682,News,"Thép Nam Kim (NKG) lỗ kỷ lục hơn 400 tỷ đồng quý 3/2022, cổ phiếu giảm sàn",,2022-10-28,,fc7ba371c34e2992a1dc271c9f11e682,test,True,"{""category"": ""ket_qua_kinh_doanh"", ""content_length"": ""1499"", ""publication_time_resolution"": ""DATE_ONLY"", ""url"": ""https://cafef.vn/thep-nam-kim-nkg-lo-ky-luc-hon-400-ty-dong-quy-3-2022-co-phieu-giam-san-20221028150414262.chn""}",FINNEXUS_RESEARCH_DATASET_V17_1,FINNEXUS_TEMPORAL_KG_V1_0,CORE,FINNEXUS_LAYERED_KG_V3_0
news:fc96c6e7d4ee4e7daba816e48d8e246e,News,"Giá cổ phiếu PV Power (POW) tăng mạnh, cảnh báo hoạt động còn khó khăn",,2020-12-12,,fc96c6e7d4ee4e7daba816e48d8e246e,train,True,"{""category"": ""ket_qua_kinh_doanh"", ""content_length"": ""2417"", ""publication_time_resolution"": ""DATE_ONLY"", ""url"": ""https://www.tinnhanhchungkhoan.vn/gia-co-phieu-pv-power-pow-tang-manh-canh-bao-hoat-dong-con-kho-khan-post257347.html""}",FINNEXUS_RESEARCH_DATASET_V17_1,FINNEXUS_TEMPORAL_KG_V1_0,CORE,FINNEXUS_LAYERED_KG_V3_0
news:fca9793c0b42bb1e167087bd28ad73ba,News,"VOF VinaCapital: Tham gia thương vụ IPO Dat Xanh Services, thoái vốn khỏi Imexpharm",,2021-06-20,,fca9793c0b42bb1e167087bd28ad73ba,train,True,"{""category"": ""ket_qua_kinh_doanh"", ""content_length"": ""3987"", ""publication_time_resolution"": ""DATE_ONLY"", ""url"": ""https://cafef.vn/vof-vinacapital-tham-gia-thuong-vu-ipo-dat-xanh-services-thoai-von-khoi-imexpharm-20210619002901435.chn""}",FINNEXUS_RESEARCH_DATASET_V17_1,FINNEXUS_TEMPORAL_KG_V1_0,CORE,FINNEXUS_LAYERED_KG_V3_0
news:fd0423f809cc68a6e782f1ce2a9d600a,News,"Dồn dập đón tin vui từ lãi lớn đến chính sách thuế GTGT mới, cổ phiếu phân bón DCM, DPM, BFC... tiếp đà thăng hoa",,2020-11-13,,fd0423f809cc68a6e782f1ce2a9d600a,train,True,"{""category"": ""ket_qua_kinh_doanh"", ""content_length"": ""7160"", ""publication_time_resolution"": ""DATE_ONLY"", ""url"": ""https://cafef.vn/don-dap-don-tin-vui-tu-lai-lon-den-chinh-sach-thue-gtgt-moi-co-phieu-phan-bon-dcm-dpm-bfc-tiep-da-thang-hoa-20201112210109115.chn""}",FINNEXUS_RESEARCH_DATASET_V17_1,FINNEXUS_TEMPORAL_KG_V1_0,CORE,FINNEXUS_LAYERED_KG_V3_0
news:fd5bc7f71c9192e956bc9fff184952a5,News,"MSN, GEG, NTL, TN1, NTH, SIP, CC4, DFC, TTZ, DDV, DHP: Thông tin giao dịch lượng lớn cổ phiếu",,2020-11-03,,fd5bc7f71c9192e956bc9fff184952a5,train,True,"{""category"": ""co_tuc_phat_hanh"", ""content_length"": ""2490"", ""publication_time_resolution"": ""DATE_ONLY"", ""url"": ""https://cafef.vn/msn-geg-ntl-tn1-nth-sip-cc4-dfc-ttz-ddv-dhp-thong-tin-giao-dich-luong-lon-co-phieu-20201103081847381.chn""}",FINNEXUS_RESEARCH_DATASET_V17_1,FINNEXUS_TEMPORAL_KG_V1_0,CORE,FINNEXUS_LAYERED_KG_V3_0
news:fd842a92512a3ad99377a377f84dea75,News,"Giao dịch khối ngoại 25/12: Rút ròng trên ba sàn trong phiên khởi sắc, MSN được mua ròng trở lại",,2019-12-25,,fd842a92512a3ad99377a377f84dea75,train,True,"{""category"": ""chung_khoan"", ""content_length"": ""1813"", ""publication_time_resolution"": ""DATE_ONLY"", ""url"": ""https://vietnambiz.vn/giao-dich-khoi-ngoai-25-12-rut-rong-tren-ba-san-trong-phien-khoi-sac-msn-duoc-mua-rong-tro-lai-20191225164259094.htm""}",FINNEXUS_RESEARCH_DATASET_V17_1,FINNEXUS_TEMPORAL_KG_V1_0,CORE,FINNEXUS_LAYERED_KG_V3_0
news:fdd47392c27d899340866c2ca1753177,News,Chứng khoán Bản Việt (VCI) phát hành hơn 166 triệu cổ phiếu thưởng tỷ lệ 100%,,2021-06-08,,fdd47392c27d899340866c2ca1753177,train,True,"{""category"": ""co_tuc_phat_hanh"", ""content_length"": ""1905"", ""publication_time_resolution"": ""DATE_ONLY"", ""url"": ""https://cafef.vn/chung-khoan-ban-viet-vci-phat-hanh-hon-166-trieu-co-phieu-thuong-ty-le-100-20210608172240243.chn""}",FINNEXUS_RESEARCH_DATASET_V17_1,FINNEXUS_TEMPORAL_KG_V1_0,CORE,FINNEXUS_LAYERED_KG_V3_0
news:fddc7dbee03604494f3d910d5ebdd94b,News,"Cổ phiếu MSN ""cán"" đáy 1 năm trước thềm cổ phiếu ESOP giá thấp được giao dịch",,2019-07-19,,fddc7dbee03604494f3d910d5ebdd94b,train,True,"{""category"": ""co_tuc_phat_hanh"", ""content_length"": ""1311"", ""publication_time_resolution"": ""DATE_ONLY"", ""url"": ""https://cafef.vn/co-phieu-msn-can-day-1-nam-truoc-them-co-phieu-esop-gia-thap-duoc-giao-dich-20190719090230062.chn""}",FINNEXUS_RESEARCH_DATASET_V17_1,FINNEXUS_TEMPORAL_KG_V1_0,CORE,FINNEXUS_LAYERED_KG_V3_0
news:fe209f851a997f3568b7b21c56dccfc2,News,Chủ tịch UBCK đồng ý áp dụng hệ thống giao dịch của FPT tại HOSE,,2021-07-02,,fe209f851a997f3568b7b21c56dccfc2,train,True,"{""category"": ""chung_khoan"", ""content_length"": ""1833"", ""publication_time_resolution"": ""DATE_ONLY"", ""url"": ""https://vietnambiz.vn/chu-tich-ubck-dong-y-cho-hose-ap-dung-he-thong-giao-dich-cua-fpt-20210702121018512.htm""}",FINNEXUS_RESEARCH_DATASET_V17_1,FINNEXUS_TEMPORAL_KG_V1_0,CORE,FINNEXUS_LAYERED_KG_V3_0
news:fe35a316299a96ebbdeb0457df1d0a84,News,"SSI Research: ANV xuất khẩu cá tra sang Mỹ, kết quả kinh doanh dự kiến tiếp tục lập đỉnh",,2022-08-16,,fe35a316299a96ebbdeb0457df1d0a84,test,True,"{""category"": ""ket_qua_kinh_doanh"", ""content_length"": ""3576"", ""publication_time_resolution"": ""DATE_ONLY"", ""url"": ""https://cafef.vn/ssi-research-anv-xuat-khau-ca-tra-sang-my-ket-qua-kinh-doanh-du-kien-tiep-tuc-lap-dinh-20220816170326015.chn""}",FINNEXUS_RESEARCH_DATASET_V17_1,FINNEXUS_TEMPORAL_KG_V1_0,CORE,FINNEXUS_LAYERED_KG_V3_0
news:fe90efe1ddc165c55ec8ebc4c8d7356e,News,"Phiên 28/8: Khối ngoại bán ròng gần 1.300 tỉ đồng, tâm điểm mã CTG",,2020-08-28,,fe90efe1ddc165c55ec8ebc4c8d7356e,train,True,"{""category"": ""ngan_hang"", ""content_length"": ""2686"", ""publication_time_resolution"": ""DATE_ONLY"", ""url"": ""https://vietnambiz.vn/phien-28-8-khoi-ngoai-ban-rong-gan-1300-ti-dong-tam-diem-ma-ctg-20200828163339673.htm""}",FINNEXUS_RESEARCH_DATASET_V17_1,FINNEXUS_TEMPORAL_KG_V1_0,CORE,FINNEXUS_LAYERED_KG_V3_0
news:fee946f57925209435a69731d50b05cd,News,"Bỏ ra chưa tới 200 tỷ, nhân viên Thế giới Di động (MWG) sắp nhận về lượng cổ phiếu trị giá tới gần 2.700 tỷ, ""lãi"" gấp 13 lần",,2022-02-23,,fee946f57925209435a69731d50b05cd,validation,True,"{""category"": ""co_tuc_phat_hanh"", ""content_length"": ""1859"", ""publication_time_resolution"": ""DATE_ONLY"", ""url"": ""https://cafef.vn/the-gioi-di-dong-mwg-sap-chao-ban-esop-tri-gia-2669-ty-dong-20220223104612485.chn""}",FINNEXUS_RESEARCH_DATASET_V17_1,FINNEXUS_TEMPORAL_KG_V1_0,CORE,FINNEXUS_LAYERED_KG_V3_0
news:ff59f5f8ddef66f59067f3404af481b3,News,"Phiên 27/8: Khối ngoại tiếp tục bán ròng 376 tỷ đồng, tâm điểm giao dịch VJC",,2021-08-27,,ff59f5f8ddef66f59067f3404af481b3,train,True,"{""category"": ""ngan_hang"", ""content_length"": ""2650"", ""publication_time_resolution"": ""DATE_ONLY"", ""url"": ""https://cafef.vn/phien-27-8-khoi-ngoai-tiep-tuc-ban-rong-376-ty-dong-tam-diem-giao-dich-vjc-20210827153622095.chn""}",FINNEXUS_RESEARCH_DATASET_V17_1,FINNEXUS_TEMPORAL_KG_V1_0,CORE,FINNEXUS_LAYERED_KG_V3_0
news:ff5e9e47e962c03a3f7e339859775008,News,VRE chào đón cổ đông lớn mới,,2022-01-07,,ff5e9e47e962c03a3f7e339859775008,validation,True,"{""category"": ""chung_khoan"", ""content_length"": ""1131"", ""publication_time_resolution"": ""DATE_ONLY"", ""url"": ""https://vietstock.vn/2022/01/vre-chao-don-co-dong-lon-moi-739-923023.htm""}",FINNEXUS_RESEARCH_DATASET_V17_1,FINNEXUS_TEMPORAL_KG_V1_0,CORE,FINNEXUS_LAYERED_KG_V3_0
news:ff9341b248c6aa98032dc3dd499cdb4a,News,"Thép Pomina : Thông qua kế hoạch phát hành 70 triệu cổ phiếu, tăng vốn lên 3.500 tỷ đồng trong năm 2021",,2021-07-05,,ff9341b248c6aa98032dc3dd499cdb4a,train,True,"{""category"": ""co_tuc_phat_hanh"", ""content_length"": ""997"", ""publication_time_resolution"": ""DATE_ONLY"", ""url"": ""https://cafef.vn/thep-pomina-thong-qua-ke-hoach-phat-hanh-70-trieu-co-phieu-tang-von-len-3500-ty-dong-trong-nam-2021-20210705170459471.chn""}",FINNEXUS_RESEARCH_DATASET_V17_1,FINNEXUS_TEMPORAL_KG_V1_0,CORE,FINNEXUS_LAYERED_KG_V3_0
news:ff97b784cd1946824776948d60e13719,News,"PVPower (POW): Quý IV/2020 lợi nhuận đạt 1.006,3 tỷ đồng, tăng gần 159%",,2021-01-30,,ff97b784cd1946824776948d60e13719,train,True,"{""category"": ""co_tuc_phat_hanh"", ""content_length"": ""1836"", ""publication_time_resolution"": ""DATE_ONLY"", ""url"": ""https://www.tinnhanhchungkhoan.vn/pvpower-pow-quy-iv2020-loi-nhuan-dat-10063-ty-dong-tang-gan-159-post261120.html""}",FINNEXUS_RESEARCH_DATASET_V17_1,FINNEXUS_TEMPORAL_KG_V1_0,CORE,FINNEXUS_LAYERED_KG_V3_0
source:779dcad2f392c554,Source,Tin Nhanh Chứng Khoán,,,,,,True,{},FINNEXUS_RESEARCH_DATASET_V17_1,FINNEXUS_TEMPORAL_KG_V1_0,CORE,FINNEXUS_LAYERED_KG_V3_0
source:916a66d113b8164a,Source,VietnamBiz,,,,,,True,{},FINNEXUS_RESEARCH_DATASET_V17_1,FINNEXUS_TEMPORAL_KG_V1_0,CORE,FINNEXUS_LAYERED_KG_V3_0
source:cc8c5dd74c2ea3a8,Source,Vietstock,,,,,,True,{},FINNEXUS_RESEARCH_DATASET_V17_1,FINNEXUS_TEMPORAL_KG_V1_0,CORE,FINNEXUS_LAYERED_KG_V3_0
source:d3688b7c417bb1a2,Source,CafeF,,,,,,True,{},FINNEXUS_RESEARCH_DATASET_V17_1,FINNEXUS_TEMPORAL_KG_V1_0,CORE,FINNEXUS_LAYERED_KG_V3_0
stock:ACB,Stock,ACB,ACB,,,,,True,"{""company"": ""Ngân hàng TMCP Á Châu"", ""exchange"": ""HOSE"", ""industry"": ""Ngân hàng""}",FINNEXUS_RESEARCH_DATASET_V17_1,FINNEXUS_TEMPORAL_KG_V1_0,CORE,FINNEXUS_LAYERED_KG_V3_0
stock:ANV,Stock,ANV,ANV,,,,,True,"{""company"": ""Công ty Cổ phần Nam Việt"", ""exchange"": ""HOSE"", ""industry"": ""Thủy sản""}",FINNEXUS_RESEARCH_DATASET_V17_1,FINNEXUS_TEMPORAL_KG_V1_0,CORE,FINNEXUS_LAYERED_KG_V3_0
stock:ASM,Stock,ASM,ASM,,,,,True,"{""company"": ""Công ty Cổ phần Tập đoàn Sao Mai"", ""exchange"": ""HOSE"", ""industry"": ""Thủy sản""}",FINNEXUS_RESEARCH_DATASET_V17_1,FINNEXUS_TEMPORAL_KG_V1_0,CORE,FINNEXUS_LAYERED_KG_V3_0
stock:BID,Stock,BID,BID,,,,,True,"{""company"": ""Ngân hàng TMCP Đầu tư và Phát triển Việt Nam"", ""exchange"": ""HOSE"", ""industry"": ""Ngân hàng""}",FINNEXUS_RESEARCH_DATASET_V17_1,FINNEXUS_TEMPORAL_KG_V1_0,CORE,FINNEXUS_LAYERED_KG_V3_0
stock:CMG,Stock,CMG,CMG,,,,,True,"{""company"": ""Công ty Cổ phần Tập đoàn Công nghệ CMC"", ""exchange"": ""HOSE"", ""industry"": ""Công nghệ""}",FINNEXUS_RESEARCH_DATASET_V17_1,FINNEXUS_TEMPORAL_KG_V1_0,CORE,FINNEXUS_LAYERED_KG_V3_0
stock:CTG,Stock,CTG,CTG,,,,,True,"{""company"": ""Ngân hàng TMCP Công Thương Việt Nam"", ""exchange"": ""HOSE"", ""industry"": ""Ngân hàng""}",FINNEXUS_RESEARCH_DATASET_V17_1,FINNEXUS_TEMPORAL_KG_V1_0,CORE,FINNEXUS_LAYERED_KG_V3_0
stock:CTR,Stock,CTR,CTR,,,,,True,"{""company"": ""Tổng Công ty Cổ phần Công trình Viettel"", ""exchange"": ""HOSE"", ""industry"": ""Viễn thông""}",FINNEXUS_RESEARCH_DATASET_V17_1,FINNEXUS_TEMPORAL_KG_V1_0,CORE,FINNEXUS_LAYERED_KG_V3_0
stock:DCM,Stock,DCM,DCM,,,,,True,"{""company"": ""Công ty Cổ phần Phân bón Dầu khí Cà Mau"", ""exchange"": ""HOSE"", ""industry"": ""Hóa chất""}",FINNEXUS_RESEARCH_DATASET_V17_1,FINNEXUS_TEMPORAL_KG_V1_0,CORE,FINNEXUS_LAYERED_KG_V3_0
stock:DGC,Stock,DGC,DGC,,,,,True,"{""company"": ""Công ty Cổ phần Tập đoàn Hóa chất Đức Giang"", ""exchange"": ""HOSE"", ""industry"": ""Hóa chất""}",FINNEXUS_RESEARCH_DATASET_V17_1,FINNEXUS_TEMPORAL_KG_V1_0,CORE,FINNEXUS_LAYERED_KG_V3_0
stock:DGW,Stock,DGW,DGW,,,,,True,"{""company"": ""Công ty Cổ phần Thế Giới Số"", ""exchange"": ""HOSE"", ""industry"": ""Bán lẻ""}",FINNEXUS_RESEARCH_DATASET_V17_1,FINNEXUS_TEMPORAL_KG_V1_0,CORE,FINNEXUS_LAYERED_KG_V3_0
stock:DHG,Stock,DHG,DHG,,,,,True,"{""company"": ""Công ty Cổ phần Dược Hậu Giang"", ""exchange"": ""HOSE"", ""industry"": ""Dược phẩm""}",FINNEXUS_RESEARCH_DATASET_V17_1,FINNEXUS_TEMPORAL_KG_V1_0,CORE,FINNEXUS_LAYERED_KG_V3_0
stock:DPM,Stock,DPM,DPM,,,,,True,"{""company"": ""Tổng Công ty Phân bón và Hóa chất Dầu khí"", ""exchange"": ""HOSE"", ""industry"": ""Hóa chất""}",FINNEXUS_RESEARCH_DATASET_V17_1,FINNEXUS_TEMPORAL_KG_V1_0,CORE,FINNEXUS_LAYERED_KG_V3_0
stock:FPT,Stock,FPT,FPT,,,,,True,"{""company"": ""Công ty Cổ phần FPT"", ""exchange"": ""HOSE"", ""industry"": ""Công nghệ""}",FINNEXUS_RESEARCH_DATASET_V17_1,FINNEXUS_TEMPORAL_KG_V1_0,CORE,FINNEXUS_LAYERED_KG_V3_0
stock:FRT,Stock,FRT,FRT,,,,,True,"{""company"": ""Công ty Cổ phần Bán lẻ Kỹ thuật số FPT"", ""exchange"": ""HOSE"", ""industry"": ""Bán lẻ""}",FINNEXUS_RESEARCH_DATASET_V17_1,FINNEXUS_TEMPORAL_KG_V1_0,CORE,FINNEXUS_LAYERED_KG_V3_0
stock:GAS,Stock,GAS,GAS,,,,,True,"{""company"": ""Tổng Công ty Khí Việt Nam"", ""exchange"": ""HOSE"", ""industry"": ""Dầu khí""}",FINNEXUS_RESEARCH_DATASET_V17_1,FINNEXUS_TEMPORAL_KG_V1_0,CORE,FINNEXUS_LAYERED_KG_V3_0
stock:GEX,Stock,GEX,GEX,,,,,True,"{""company"": ""Công ty Cổ phần Tập đoàn GELEX"", ""exchange"": ""HOSE"", ""industry"": ""Công nghiệp""}",FINNEXUS_RESEARCH_DATASET_V17_1,FINNEXUS_TEMPORAL_KG_V1_0,CORE,FINNEXUS_LAYERED_KG_V3_0
stock:GMD,Stock,GMD,GMD,,,,,True,"{""company"": ""Công ty Cổ phần Gemadept"", ""exchange"": ""HOSE"", ""industry"": ""Logistics""}",FINNEXUS_RESEARCH_DATASET_V17_1,FINNEXUS_TEMPORAL_KG_V1_0,CORE,FINNEXUS_LAYERED_KG_V3_0
stock:HAH,Stock,HAH,HAH,,,,,True,"{""company"": ""Công ty Cổ phần Vận tải và Xếp dỡ Hải An"", ""exchange"": ""HOSE"", ""industry"": ""Logistics""}",FINNEXUS_RESEARCH_DATASET_V17_1,FINNEXUS_TEMPORAL_KG_V1_0,CORE,FINNEXUS_LAYERED_KG_V3_0
stock:HCM,Stock,HCM,HCM,,,,,True,"{""company"": ""Công ty Cổ phần Chứng khoán Thành phố Hồ Chí Minh"", ""exchange"": ""HOSE"", ""industry"": ""Chứng khoán""}",FINNEXUS_RESEARCH_DATASET_V17_1,FINNEXUS_TEMPORAL_KG_V1_0,CORE,FINNEXUS_LAYERED_KG_V3_0
stock:HPG,Stock,HPG,HPG,,,,,True,"{""company"": ""Công ty Cổ phần Tập đoàn Hòa Phát"", ""exchange"": ""HOSE"", ""industry"": ""Thép""}",FINNEXUS_RESEARCH_DATASET_V17_1,FINNEXUS_TEMPORAL_KG_V1_0,CORE,FINNEXUS_LAYERED_KG_V3_0
stock:HSG,Stock,HSG,HSG,,,,,True,"{""company"": ""Công ty Cổ phần Tập đoàn Hoa Sen"", ""exchange"": ""HOSE"", ""industry"": ""Thép""}",FINNEXUS_RESEARCH_DATASET_V17_1,FINNEXUS_TEMPORAL_KG_V1_0,CORE,FINNEXUS_LAYERED_KG_V3_0
stock:HVN,Stock,HVN,HVN,,,,,True,"{""company"": ""Tổng Công ty Hàng không Việt Nam"", ""exchange"": ""HOSE"", ""industry"": ""Hàng không""}",FINNEXUS_RESEARCH_DATASET_V17_1,FINNEXUS_TEMPORAL_KG_V1_0,CORE,FINNEXUS_LAYERED_KG_V3_0
stock:IMP,Stock,IMP,IMP,,,,,True,"{""company"": ""Công ty Cổ phần Dược phẩm Imexpharm"", ""exchange"": ""HOSE"", ""industry"": ""Dược phẩm""}",FINNEXUS_RESEARCH_DATASET_V17_1,FINNEXUS_TEMPORAL_KG_V1_0,CORE,FINNEXUS_LAYERED_KG_V3_0
stock:KDH,Stock,KDH,KDH,,,,,True,"{""company"": ""Công ty Cổ phần Đầu tư và Kinh doanh Nhà Khang Điền"", ""exchange"": ""HOSE"", ""industry"": ""Bất động sản""}",FINNEXUS_RESEARCH_DATASET_V17_1,FINNEXUS_TEMPORAL_KG_V1_0,CORE,FINNEXUS_LAYERED_KG_V3_0
stock:MBB,Stock,MBB,MBB,,,,,True,"{""company"": ""Ngân hàng TMCP Quân Đội"", ""exchange"": ""HOSE"", ""industry"": ""Ngân hàng""}",FINNEXUS_RESEARCH_DATASET_V17_1,FINNEXUS_TEMPORAL_KG_V1_0,CORE,FINNEXUS_LAYERED_KG_V3_0
stock:MSN,Stock,MSN,MSN,,,,,True,"{""company"": ""Công ty Cổ phần Tập đoàn Masan"", ""exchange"": ""HOSE"", ""industry"": ""Tiêu dùng""}",FINNEXUS_RESEARCH_DATASET_V17_1,FINNEXUS_TEMPORAL_KG_V1_0,CORE,FINNEXUS_LAYERED_KG_V3_0
stock:MWG,Stock,MWG,MWG,,,,,True,"{""company"": ""Công ty Cổ phần Đầu tư Thế Giới Di Động"", ""exchange"": ""HOSE"", ""industry"": ""Bán lẻ""}",FINNEXUS_RESEARCH_DATASET_V17_1,FINNEXUS_TEMPORAL_KG_V1_0,CORE,FINNEXUS_LAYERED_KG_V3_0
stock:NKG,Stock,NKG,NKG,,,,,True,"{""company"": ""Công ty Cổ phần Thép Nam Kim"", ""exchange"": ""HOSE"", ""industry"": ""Thép""}",FINNEXUS_RESEARCH_DATASET_V17_1,FINNEXUS_TEMPORAL_KG_V1_0,CORE,FINNEXUS_LAYERED_KG_V3_0
stock:NVL,Stock,NVL,NVL,,,,,True,"{""company"": ""Công ty Cổ phần Tập đoàn Đầu tư Địa ốc No Va"", ""exchange"": ""HOSE"", ""industry"": ""Bất động sản""}",FINNEXUS_RESEARCH_DATASET_V17_1,FINNEXUS_TEMPORAL_KG_V1_0,CORE,FINNEXUS_LAYERED_KG_V3_0
stock:PC1,Stock,PC1,PC1,,,,,True,"{""company"": ""Công ty Cổ phần Tập đoàn PC1"", ""exchange"": ""HOSE"", ""industry"": ""Điện""}",FINNEXUS_RESEARCH_DATASET_V17_1,FINNEXUS_TEMPORAL_KG_V1_0,CORE,FINNEXUS_LAYERED_KG_V3_0
stock:PDR,Stock,PDR,PDR,,,,,True,"{""company"": ""Công ty Cổ phần Phát triển Bất động sản Phát Đạt"", ""exchange"": ""HOSE"", ""industry"": ""Bất động sản""}",FINNEXUS_RESEARCH_DATASET_V17_1,FINNEXUS_TEMPORAL_KG_V1_0,CORE,FINNEXUS_LAYERED_KG_V3_0
stock:PLX,Stock,PLX,PLX,,,,,True,"{""company"": ""Tập đoàn Xăng dầu Việt Nam"", ""exchange"": ""HOSE"", ""industry"": ""Dầu khí""}",FINNEXUS_RESEARCH_DATASET_V17_1,FINNEXUS_TEMPORAL_KG_V1_0,CORE,FINNEXUS_LAYERED_KG_V3_0
stock:PNJ,Stock,PNJ,PNJ,,,,,True,"{""company"": ""Công ty Cổ phần Vàng bạc Đá quý Phú Nhuận"", ""exchange"": ""HOSE"", ""industry"": ""Bán lẻ""}",FINNEXUS_RESEARCH_DATASET_V17_1,FINNEXUS_TEMPORAL_KG_V1_0,CORE,FINNEXUS_LAYERED_KG_V3_0
stock:POM,Stock,POM,POM,,,,,True,"{""company"": ""Công ty Cổ phần Thép Pomina"", ""exchange"": ""HOSE"", ""industry"": ""Thép""}",FINNEXUS_RESEARCH_DATASET_V17_1,FINNEXUS_TEMPORAL_KG_V1_0,CORE,FINNEXUS_LAYERED_KG_V3_0
stock:POW,Stock,POW,POW,,,,,True,"{""company"": ""Tổng Công ty Điện lực Dầu khí Việt Nam"", ""exchange"": ""HOSE"", ""industry"": ""Điện""}",FINNEXUS_RESEARCH_DATASET_V17_1,FINNEXUS_TEMPORAL_KG_V1_0,CORE,FINNEXUS_LAYERED_KG_V3_0
stock:PVD,Stock,PVD,PVD,,,,,True,"{""company"": ""Tổng Công ty Cổ phần Khoan và Dịch vụ Khoan Dầu khí"", ""exchange"": ""HOSE"", ""industry"": ""Dầu khí""}",FINNEXUS_RESEARCH_DATASET_V17_1,FINNEXUS_TEMPORAL_KG_V1_0,CORE,FINNEXUS_LAYERED_KG_V3_0
stock:PVS,Stock,PVS,PVS,,,,,True,"{""company"": ""Tổng Công ty Cổ phần Dịch vụ Kỹ thuật Dầu khí Việt Nam"", ""exchange"": ""HNX"", ""industry"": ""Dầu khí""}",FINNEXUS_RESEARCH_DATASET_V17_1,FINNEXUS_TEMPORAL_KG_V1_0,CORE,FINNEXUS_LAYERED_KG_V3_0
stock:REE,Stock,REE,REE,,,,,True,"{""company"": ""Công ty Cổ phần Cơ Điện Lạnh"", ""exchange"": ""HOSE"", ""industry"": ""Điện""}",FINNEXUS_RESEARCH_DATASET_V17_1,FINNEXUS_TEMPORAL_KG_V1_0,CORE,FINNEXUS_LAYERED_KG_V3_0
stock:SHS,Stock,SHS,SHS,,,,,True,"{""company"": ""Công ty Cổ phần Chứng khoán Sài Gòn - Hà Nội"", ""exchange"": ""HNX"", ""industry"": ""Chứng khoán""}",FINNEXUS_RESEARCH_DATASET_V17_1,FINNEXUS_TEMPORAL_KG_V1_0,CORE,FINNEXUS_LAYERED_KG_V3_0
stock:SSI,Stock,SSI,SSI,,,,,True,"{""company"": ""Công ty Cổ phần Chứng khoán SSI"", ""exchange"": ""HOSE"", ""industry"": ""Chứng khoán""}",FINNEXUS_RESEARCH_DATASET_V17_1,FINNEXUS_TEMPORAL_KG_V1_0,CORE,FINNEXUS_LAYERED_KG_V3_0
stock:STB,Stock,STB,STB,,,,,True,"{""company"": ""Ngân hàng TMCP Sài Gòn Thương Tín"", ""exchange"": ""HOSE"", ""industry"": ""Ngân hàng""}",FINNEXUS_RESEARCH_DATASET_V17_1,FINNEXUS_TEMPORAL_KG_V1_0,CORE,FINNEXUS_LAYERED_KG_V3_0
stock:TCB,Stock,TCB,TCB,,,,,True,"{""company"": ""Ngân hàng TMCP Kỹ Thương Việt Nam"", ""exchange"": ""HOSE"", ""industry"": ""Ngân hàng""}",FINNEXUS_RESEARCH_DATASET_V17_1,FINNEXUS_TEMPORAL_KG_V1_0,CORE,FINNEXUS_LAYERED_KG_V3_0
stock:VCB,Stock,VCB,VCB,,,,,True,"{""company"": ""Ngân hàng TMCP Ngoại thương Việt Nam"", ""exchange"": ""HOSE"", ""industry"": ""Ngân hàng""}",FINNEXUS_RESEARCH_DATASET_V17_1,FINNEXUS_TEMPORAL_KG_V1_0,CORE,FINNEXUS_LAYERED_KG_V3_0
stock:VCI,Stock,VCI,VCI,,,,,True,"{""company"": ""Công ty Cổ phần Chứng khoán Vietcap"", ""exchange"": ""HOSE"", ""industry"": ""Chứng khoán""}",FINNEXUS_RESEARCH_DATASET_V17_1,FINNEXUS_TEMPORAL_KG_V1_0,CORE,FINNEXUS_LAYERED_KG_V3_0
stock:VHC,Stock,VHC,VHC,,,,,True,"{""company"": ""Công ty Cổ phần Vĩnh Hoàn"", ""exchange"": ""HOSE"", ""industry"": ""Thủy sản""}",FINNEXUS_RESEARCH_DATASET_V17_1,FINNEXUS_TEMPORAL_KG_V1_0,CORE,FINNEXUS_LAYERED_KG_V3_0
stock:VHM,Stock,VHM,VHM,,,,,True,"{""company"": ""Công ty Cổ phần Vinhomes"", ""exchange"": ""HOSE"", ""industry"": ""Bất động sản""}",FINNEXUS_RESEARCH_DATASET_V17_1,FINNEXUS_TEMPORAL_KG_V1_0,CORE,FINNEXUS_LAYERED_KG_V3_0
stock:VIC,Stock,VIC,VIC,,,,,True,"{""company"": ""Tập đoàn Vingroup"", ""exchange"": ""HOSE"", ""industry"": ""Bất động sản""}",FINNEXUS_RESEARCH_DATASET_V17_1,FINNEXUS_TEMPORAL_KG_V1_0,CORE,FINNEXUS_LAYERED_KG_V3_0
stock:VIX,Stock,VIX,VIX,,,,,True,"{""company"": ""Công ty Cổ phần Chứng khoán VIX"", ""exchange"": ""HOSE"", ""industry"": ""Chứng khoán""}",FINNEXUS_RESEARCH_DATASET_V17_1,FINNEXUS_TEMPORAL_KG_V1_0,CORE,FINNEXUS_LAYERED_KG_V3_0
stock:VJC,Stock,VJC,VJC,,,,,True,"{""company"": ""Công ty Cổ phần Hàng không Vietjet"", ""exchange"": ""HOSE"", ""industry"": ""Hàng không""}",FINNEXUS_RESEARCH_DATASET_V17_1,FINNEXUS_TEMPORAL_KG_V1_0,CORE,FINNEXUS_LAYERED_KG_V3_0
stock:VND,Stock,VND,VND,,,,,True,"{""company"": ""Công ty Cổ phần Chứng khoán VNDIRECT"", ""exchange"": ""HOSE"", ""industry"": ""Chứng khoán""}",FINNEXUS_RESEARCH_DATASET_V17_1,FINNEXUS_TEMPORAL_KG_V1_0,CORE,FINNEXUS_LAYERED_KG_V3_0
stock:VNM,Stock,VNM,VNM,,,,,True,"{""company"": ""Công ty Cổ phần Sữa Việt Nam"", ""exchange"": ""HOSE"", ""industry"": ""Thực phẩm""}",FINNEXUS_RESEARCH_DATASET_V17_1,FINNEXUS_TEMPORAL_KG_V1_0,CORE,FINNEXUS_LAYERED_KG_V3_0
stock:VPB,Stock,VPB,VPB,,,,,True,"{""company"": ""Ngân hàng TMCP Việt Nam Thịnh Vượng"", ""exchange"": ""HOSE"", ""industry"": ""Ngân hàng""}",FINNEXUS_RESEARCH_DATASET_V17_1,FINNEXUS_TEMPORAL_KG_V1_0,CORE,FINNEXUS_LAYERED_KG_V3_0
stock:VRE,Stock,VRE,VRE,,,,,True,"{""company"": ""Công ty Cổ phần Vincom Retail"", ""exchange"": ""HOSE"", ""industry"": ""Bất động sản""}",FINNEXUS_RESEARCH_DATASET_V17_1,FINNEXUS_TEMPORAL_KG_V1_0,CORE,FINNEXUS_LAYERED_KG_V3_0
stock:VSC,Stock,VSC,VSC,,,,,True,"{""company"": ""Công ty Cổ phần Container Việt Nam"", ""exchange"": ""HOSE"", ""industry"": ""Logistics""}",FINNEXUS_RESEARCH_DATASET_V17_1,FINNEXUS_TEMPORAL_KG_V1_0,CORE,FINNEXUS_LAYERED_KG_V3_0
time:2019-03-15,Time,2019-03-15,,2019-03-15,,,,True,"{""resolution"": ""DATE_ONLY""}",FINNEXUS_RESEARCH_DATASET_V17_1,FINNEXUS_TEMPORAL_KG_V1_0,CORE,FINNEXUS_LAYERED_KG_V3_0
time:2019-03-19,Time,2019-03-19,,2019-03-19,,,,True,"{""resolution"": ""DATE_ONLY""}",FINNEXUS_RESEARCH_DATASET_V17_1,FINNEXUS_TEMPORAL_KG_V1_0,CORE,FINNEXUS_LAYERED_KG_V3_0
time:2019-03-22,Time,2019-03-22,,2019-03-22,,,,True,"{""resolution"": ""DATE_ONLY""}",FINNEXUS_RESEARCH_DATASET_V17_1,FINNEXUS_TEMPORAL_KG_V1_0,CORE,FINNEXUS_LAYERED_KG_V3_0
time:2019-03-26,Time,2019-03-26,,2019-03-26,,,,True,"{""resolution"": ""DATE_ONLY""}",FINNEXUS_RESEARCH_DATASET_V17_1,FINNEXUS_TEMPORAL_KG_V1_0,CORE,FINNEXUS_LAYERED_KG_V3_0
time:2019-04-01,Time,2019-04-01,,2019-04-01,,,,True,"{""resolution"": ""DATE_ONLY""}",FINNEXUS_RESEARCH_DATASET_V17_1,FINNEXUS_TEMPORAL_KG_V1_0,CORE,FINNEXUS_LAYERED_KG_V3_0
time:2019-04-03,Time,2019-04-03,,2019-04-03,,,,True,"{""resolution"": ""DATE_ONLY""}",FINNEXUS_RESEARCH_DATASET_V17_1,FINNEXUS_TEMPORAL_KG_V1_0,CORE,FINNEXUS_LAYERED_KG_V3_0
time:2019-04-04,Time,2019-04-04,,2019-04-04,,,,True,"{""resolution"": ""DATE_ONLY""}",FINNEXUS_RESEARCH_DATASET_V17_1,FINNEXUS_TEMPORAL_KG_V1_0,CORE,FINNEXUS_LAYERED_KG_V3_0
time:2019-04-10,Time,2019-04-10,,2019-04-10,,,,True,"{""resolution"": ""DATE_ONLY""}",FINNEXUS_RESEARCH_DATASET_V17_1,FINNEXUS_TEMPORAL_KG_V1_0,CORE,FINNEXUS_LAYERED_KG_V3_0
time:2019-04-17,Time,2019-04-17,,2019-04-17,,,,True,"{""resolution"": ""DATE_ONLY""}",FINNEXUS_RESEARCH_DATASET_V17_1,FINNEXUS_TEMPORAL_KG_V1_0,CORE,FINNEXUS_LAYERED_KG_V3_0
time:2019-04-22,Time,2019-04-22,,2019-04-22,,,,True,"{""resolution"": ""DATE_ONLY""}",FINNEXUS_RESEARCH_DATASET_V17_1,FINNEXUS_TEMPORAL_KG_V1_0,CORE,FINNEXUS_LAYERED_KG_V3_0
time:2019-04-23,Time,2019-04-23,,2019-04-23,,,,True,"{""resolution"": ""DATE_ONLY""}",FINNEXUS_RESEARCH_DATASET_V17_1,FINNEXUS_TEMPORAL_KG_V1_0,CORE,FINNEXUS_LAYERED_KG_V3_0
time:2019-04-27,Time,2019-04-27,,2019-04-27,,,,True,"{""resolution"": ""DATE_ONLY""}",FINNEXUS_RESEARCH_DATASET_V17_1,FINNEXUS_TEMPORAL_KG_V1_0,CORE,FINNEXUS_LAYERED_KG_V3_0
time:2019-05-11,Time,2019-05-11,,2019-05-11,,,,True,"{""resolution"": ""DATE_ONLY""}",FINNEXUS_RESEARCH_DATASET_V17_1,FINNEXUS_TEMPORAL_KG_V1_0,CORE,FINNEXUS_LAYERED_KG_V3_0
time:2019-05-17,Time,2019-05-17,,2019-05-17,,,,True,"{""resolution"": ""DATE_ONLY""}",FINNEXUS_RESEARCH_DATASET_V17_1,FINNEXUS_TEMPORAL_KG_V1_0,CORE,FINNEXUS_LAYERED_KG_V3_0
time:2019-05-18,Time,2019-05-18,,2019-05-18,,,,True,"{""resolution"": ""DATE_ONLY""}",FINNEXUS_RESEARCH_DATASET_V17_1,FINNEXUS_TEMPORAL_KG_V1_0,CORE,FINNEXUS_LAYERED_KG_V3_0
time:2019-05-19,Time,2019-05-19,,2019-05-19,,,,True,"{""resolution"": ""DATE_ONLY""}",FINNEXUS_RESEARCH_DATASET_V17_1,FINNEXUS_TEMPORAL_KG_V1_0,CORE,FINNEXUS_LAYERED_KG_V3_0
time:2019-05-22,Time,2019-05-22,,2019-05-22,,,,True,"{""resolution"": ""DATE_ONLY""}",FINNEXUS_RESEARCH_DATASET_V17_1,FINNEXUS_TEMPORAL_KG_V1_0,CORE,FINNEXUS_LAYERED_KG_V3_0
time:2019-05-24,Time,2019-05-24,,2019-05-24,,,,True,"{""resolution"": ""DATE_ONLY""}",FINNEXUS_RESEARCH_DATASET_V17_1,FINNEXUS_TEMPORAL_KG_V1_0,CORE,FINNEXUS_LAYERED_KG_V3_0
time:2019-05-26,Time,2019-05-26,,2019-05-26,,,,True,"{""resolution"": ""DATE_ONLY""}",FINNEXUS_RESEARCH_DATASET_V17_1,FINNEXUS_TEMPORAL_KG_V1_0,CORE,FINNEXUS_LAYERED_KG_V3_0
time:2019-05-30,Time,2019-05-30,,2019-05-30,,,,True,"{""resolution"": ""DATE_ONLY""}",FINNEXUS_RESEARCH_DATASET_V17_1,FINNEXUS_TEMPORAL_KG_V1_0,CORE,FINNEXUS_LAYERED_KG_V3_0
time:2019-05-31,Time,2019-05-31,,2019-05-31,,,,True,"{""resolution"": ""DATE_ONLY""}",FINNEXUS_RESEARCH_DATASET_V17_1,FINNEXUS_TEMPORAL_KG_V1_0,CORE,FINNEXUS_LAYERED_KG_V3_0
time:2019-06-01,Time,2019-06-01,,2019-06-01,,,,True,"{""resolution"": ""DATE_ONLY""}",FINNEXUS_RESEARCH_DATASET_V17_1,FINNEXUS_TEMPORAL_KG_V1_0,CORE,FINNEXUS_LAYERED_KG_V3_0
time:2019-06-07,Time,2019-06-07,,2019-06-07,,,,True,"{""resolution"": ""DATE_ONLY""}",FINNEXUS_RESEARCH_DATASET_V17_1,FINNEXUS_TEMPORAL_KG_V1_0,CORE,FINNEXUS_LAYERED_KG_V3_0
time:2019-06-14,Time,2019-06-14,,2019-06-14,,,,True,"{""resolution"": ""DATE_ONLY""}",FINNEXUS_RESEARCH_DATASET_V17_1,FINNEXUS_TEMPORAL_KG_V1_0,CORE,FINNEXUS_LAYERED_KG_V3_0
time:2019-06-15,Time,2019-06-15,,2019-06-15,,,,True,"{""resolution"": ""DATE_ONLY""}",FINNEXUS_RESEARCH_DATASET_V17_1,FINNEXUS_TEMPORAL_KG_V1_0,CORE,FINNEXUS_LAYERED_KG_V3_0
time:2019-06-20,Time,2019-06-20,,2019-06-20,,,,True,"{""resolution"": ""DATE_ONLY""}",FINNEXUS_RESEARCH_DATASET_V17_1,FINNEXUS_TEMPORAL_KG_V1_0,CORE,FINNEXUS_LAYERED_KG_V3_0
time:2019-06-28,Time,2019-06-28,,2019-06-28,,,,True,"{""resolution"": ""DATE_ONLY""}",FINNEXUS_RESEARCH_DATASET_V17_1,FINNEXUS_TEMPORAL_KG_V1_0,CORE,FINNEXUS_LAYERED_KG_V3_0
time:2019-07-03,Time,2019-07-03,,2019-07-03,,,,True,"{""resolution"": ""DATE_ONLY""}",FINNEXUS_RESEARCH_DATASET_V17_1,FINNEXUS_TEMPORAL_KG_V1_0,CORE,FINNEXUS_LAYERED_KG_V3_0
time:2019-07-08,Time,2019-07-08,,2019-07-08,,,,True,"{""resolution"": ""DATE_ONLY""}",FINNEXUS_RESEARCH_DATASET_V17_1,FINNEXUS_TEMPORAL_KG_V1_0,CORE,FINNEXUS_LAYERED_KG_V3_0
time:2019-07-09,Time,2019-07-09,,2019-07-09,,,,True,"{""resolution"": ""DATE_ONLY""}",FINNEXUS_RESEARCH_DATASET_V17_1,FINNEXUS_TEMPORAL_KG_V1_0,CORE,FINNEXUS_LAYERED_KG_V3_0
time:2019-07-11,Time,2019-07-11,,2019-07-11,,,,True,"{""resolution"": ""DATE_ONLY""}",FINNEXUS_RESEARCH_DATASET_V17_1,FINNEXUS_TEMPORAL_KG_V1_0,CORE,FINNEXUS_LAYERED_KG_V3_0
time:2019-07-15,Time,2019-07-15,,2019-07-15,,,,True,"{""resolution"": ""DATE_ONLY""}",FINNEXUS_RESEARCH_DATASET_V17_1,FINNEXUS_TEMPORAL_KG_V1_0,CORE,FINNEXUS_LAYERED_KG_V3_0
time:2019-07-19,Time,2019-07-19,,2019-07-19,,,,True,"{""resolution"": ""DATE_ONLY""}",FINNEXUS_RESEARCH_DATASET_V17_1,FINNEXUS_TEMPORAL_KG_V1_0,CORE,FINNEXUS_LAYERED_KG_V3_0
time:2019-07-22,Time,2019-07-22,,2019-07-22,,,,True,"{""resolution"": ""DATE_ONLY""}",FINNEXUS_RESEARCH_DATASET_V17_1,FINNEXUS_TEMPORAL_KG_V1_0,CORE,FINNEXUS_LAYERED_KG_V3_0
time:2019-07-26,Time,2019-07-26,,2019-07-26,,,,True,"{""resolution"": ""DATE_ONLY""}",FINNEXUS_RESEARCH_DATASET_V17_1,FINNEXUS_TEMPORAL_KG_V1_0,CORE,FINNEXUS_LAYERED_KG_V3_0
time:2019-07-27,Time,2019-07-27,,2019-07-27,,,,True,"{""resolution"": ""DATE_ONLY""}",FINNEXUS_RESEARCH_DATASET_V17_1,FINNEXUS_TEMPORAL_KG_V1_0,CORE,FINNEXUS_LAYERED_KG_V3_0
time:2019-07-30,Time,2019-07-30,,2019-07-30,,,,True,"{""resolution"": ""DATE_ONLY""}",FINNEXUS_RESEARCH_DATASET_V17_1,FINNEXUS_TEMPORAL_KG_V1_0,CORE,FINNEXUS_LAYERED_KG_V3_0
time:2019-07-31,Time,2019-07-31,,2019-07-31,,,,True,"{""resolution"": ""DATE_ONLY""}",FINNEXUS_RESEARCH_DATASET_V17_1,FINNEXUS_TEMPORAL_KG_V1_0,CORE,FINNEXUS_LAYERED_KG_V3_0
time:2019-08-06,Time,2019-08-06,,2019-08-06,,,,True,"{""resolution"": ""DATE_ONLY""}",FINNEXUS_RESEARCH_DATASET_V17_1,FINNEXUS_TEMPORAL_KG_V1_0,CORE,FINNEXUS_LAYERED_KG_V3_0
time:2019-08-12,Time,2019-08-12,,2019-08-12,,,,True,"{""resolution"": ""DATE_ONLY""}",FINNEXUS_RESEARCH_DATASET_V17_1,FINNEXUS_TEMPORAL_KG_V1_0,CORE,FINNEXUS_LAYERED_KG_V3_0
time:2019-08-16,Time,2019-08-16,,2019-08-16,,,,True,"{""resolution"": ""DATE_ONLY""}",FINNEXUS_RESEARCH_DATASET_V17_1,FINNEXUS_TEMPORAL_KG_V1_0,CORE,FINNEXUS_LAYERED_KG_V3_0
time:2019-08-17,Time,2019-08-17,,2019-08-17,,,,True,"{""resolution"": ""DATE_ONLY""}",FINNEXUS_RESEARCH_DATASET_V17_1,FINNEXUS_TEMPORAL_KG_V1_0,CORE,FINNEXUS_LAYERED_KG_V3_0
time:2019-08-19,Time,2019-08-19,,2019-08-19,,,,True,"{""resolution"": ""DATE_ONLY""}",FINNEXUS_RESEARCH_DATASET_V17_1,FINNEXUS_TEMPORAL_KG_V1_0,CORE,FINNEXUS_LAYERED_KG_V3_0
time:2019-08-20,Time,2019-08-20,,2019-08-20,,,,True,"{""resolution"": ""DATE_ONLY""}",FINNEXUS_RESEARCH_DATASET_V17_1,FINNEXUS_TEMPORAL_KG_V1_0,CORE,FINNEXUS_LAYERED_KG_V3_0
time:2019-09-09,Time,2019-09-09,,2019-09-09,,,,True,"{""resolution"": ""DATE_ONLY""}",FINNEXUS_RESEARCH_DATASET_V17_1,FINNEXUS_TEMPORAL_KG_V1_0,CORE,FINNEXUS_LAYERED_KG_V3_0
time:2019-09-10,Time,2019-09-10,,2019-09-10,,,,True,"{""resolution"": ""DATE_ONLY""}",FINNEXUS_RESEARCH_DATASET_V17_1,FINNEXUS_TEMPORAL_KG_V1_0,CORE,FINNEXUS_LAYERED_KG_V3_0
time:2019-09-14,Time,2019-09-14,,2019-09-14,,,,True,"{""resolution"": ""DATE_ONLY""}",FINNEXUS_RESEARCH_DATASET_V17_1,FINNEXUS_TEMPORAL_KG_V1_0,CORE,FINNEXUS_LAYERED_KG_V3_0
time:2019-09-19,Time,2019-09-19,,2019-09-19,,,,True,"{""resolution"": ""DATE_ONLY""}",FINNEXUS_RESEARCH_DATASET_V17_1,FINNEXUS_TEMPORAL_KG_V1_0,CORE,FINNEXUS_LAYERED_KG_V3_0
time:2019-09-26,Time,2019-09-26,,2019-09-26,,,,True,"{""resolution"": ""DATE_ONLY""}",FINNEXUS_RESEARCH_DATASET_V17_1,FINNEXUS_TEMPORAL_KG_V1_0,CORE,FINNEXUS_LAYERED_KG_V3_0
time:2019-10-02,Time,2019-10-02,,2019-10-02,,,,True,"{""resolution"": ""DATE_ONLY""}",FINNEXUS_RESEARCH_DATASET_V17_1,FINNEXUS_TEMPORAL_KG_V1_0,CORE,FINNEXUS_LAYERED_KG_V3_0
time:2019-10-08,Time,2019-10-08,,2019-10-08,,,,True,"{""resolution"": ""DATE_ONLY""}",FINNEXUS_RESEARCH_DATASET_V17_1,FINNEXUS_TEMPORAL_KG_V1_0,CORE,FINNEXUS_LAYERED_KG_V3_0
time:2019-10-11,Time,2019-10-11,,2019-10-11,,,,True,"{""resolution"": ""DATE_ONLY""}",FINNEXUS_RESEARCH_DATASET_V17_1,FINNEXUS_TEMPORAL_KG_V1_0,CORE,FINNEXUS_LAYERED_KG_V3_0
time:2019-10-14,Time,2019-10-14,,2019-10-14,,,,True,"{""resolution"": ""DATE_ONLY""}",FINNEXUS_RESEARCH_DATASET_V17_1,FINNEXUS_TEMPORAL_KG_V1_0,CORE,FINNEXUS_LAYERED_KG_V3_0
time:2019-10-21,Time,2019-10-21,,2019-10-21,,,,True,"{""resolution"": ""DATE_ONLY""}",FINNEXUS_RESEARCH_DATASET_V17_1,FINNEXUS_TEMPORAL_KG_V1_0,CORE,FINNEXUS_LAYERED_KG_V3_0
time:2019-10-22,Time,2019-10-22,,2019-10-22,,,,True,"{""resolution"": ""DATE_ONLY""}",FINNEXUS_RESEARCH_DATASET_V17_1,FINNEXUS_TEMPORAL_KG_V1_0,CORE,FINNEXUS_LAYERED_KG_V3_0
time:2019-10-25,Time,2019-10-25,,2019-10-25,,,,True,"{""resolution"": ""DATE_ONLY""}",FINNEXUS_RESEARCH_DATASET_V17_1,FINNEXUS_TEMPORAL_KG_V1_0,CORE,FINNEXUS_LAYERED_KG_V3_0
time:2019-10-28,Time,2019-10-28,,2019-10-28,,,,True,"{""resolution"": ""DATE_ONLY""}",FINNEXUS_RESEARCH_DATASET_V17_1,FINNEXUS_TEMPORAL_KG_V1_0,CORE,FINNEXUS_LAYERED_KG_V3_0
time:2019-10-29,Time,2019-10-29,,2019-10-29,,,,True,"{""resolution"": ""DATE_ONLY""}",FINNEXUS_RESEARCH_DATASET_V17_1,FINNEXUS_TEMPORAL_KG_V1_0,CORE,FINNEXUS_LAYERED_KG_V3_0
time:2019-11-01,Time,2019-11-01,,2019-11-01,,,,True,"{""resolution"": ""DATE_ONLY""}",FINNEXUS_RESEARCH_DATASET_V17_1,FINNEXUS_TEMPORAL_KG_V1_0,CORE,FINNEXUS_LAYERED_KG_V3_0
time:2019-11-07,Time,2019-11-07,,2019-11-07,,,,True,"{""resolution"": ""DATE_ONLY""}",FINNEXUS_RESEARCH_DATASET_V17_1,FINNEXUS_TEMPORAL_KG_V1_0,CORE,FINNEXUS_LAYERED_KG_V3_0
time:2019-11-12,Time,2019-11-12,,2019-11-12,,,,True,"{""resolution"": ""DATE_ONLY""}",FINNEXUS_RESEARCH_DATASET_V17_1,FINNEXUS_TEMPORAL_KG_V1_0,CORE,FINNEXUS_LAYERED_KG_V3_0
time:2019-11-13,Time,2019-11-13,,2019-11-13,,,,True,"{""resolution"": ""DATE_ONLY""}",FINNEXUS_RESEARCH_DATASET_V17_1,FINNEXUS_TEMPORAL_KG_V1_0,CORE,FINNEXUS_LAYERED_KG_V3_0
time:2019-11-14,Time,2019-11-14,,2019-11-14,,,,True,"{""resolution"": ""DATE_ONLY""}",FINNEXUS_RESEARCH_DATASET_V17_1,FINNEXUS_TEMPORAL_KG_V1_0,CORE,FINNEXUS_LAYERED_KG_V3_0
time:2019-11-19,Time,2019-11-19,,2019-11-19,,,,True,"{""resolution"": ""DATE_ONLY""}",FINNEXUS_RESEARCH_DATASET_V17_1,FINNEXUS_TEMPORAL_KG_V1_0,CORE,FINNEXUS_LAYERED_KG_V3_0
time:2019-11-20,Time,2019-11-20,,2019-11-20,,,,True,"{""resolution"": ""DATE_ONLY""}",FINNEXUS_RESEARCH_DATASET_V17_1,FINNEXUS_TEMPORAL_KG_V1_0,CORE,FINNEXUS_LAYERED_KG_V3_0
time:2019-11-25,Time,2019-11-25,,2019-11-25,,,,True,"{""resolution"": ""DATE_ONLY""}",FINNEXUS_RESEARCH_DATASET_V17_1,FINNEXUS_TEMPORAL_KG_V1_0,CORE,FINNEXUS_LAYERED_KG_V3_0
time:2019-11-26,Time,2019-11-26,,2019-11-26,,,,True,"{""resolution"": ""DATE_ONLY""}",FINNEXUS_RESEARCH_DATASET_V17_1,FINNEXUS_TEMPORAL_KG_V1_0,CORE,FINNEXUS_LAYERED_KG_V3_0
time:2019-11-27,Time,2019-11-27,,2019-11-27,,,,True,"{""resolution"": ""DATE_ONLY""}",FINNEXUS_RESEARCH_DATASET_V17_1,FINNEXUS_TEMPORAL_KG_V1_0,CORE,FINNEXUS_LAYERED_KG_V3_0
time:2019-11-30,Time,2019-11-30,,2019-11-30,,,,True,"{""resolution"": ""DATE_ONLY""}",FINNEXUS_RESEARCH_DATASET_V17_1,FINNEXUS_TEMPORAL_KG_V1_0,CORE,FINNEXUS_LAYERED_KG_V3_0
time:2019-12-01,Time,2019-12-01,,2019-12-01,,,,True,"{""resolution"": ""DATE_ONLY""}",FINNEXUS_RESEARCH_DATASET_V17_1,FINNEXUS_TEMPORAL_KG_V1_0,CORE,FINNEXUS_LAYERED_KG_V3_0
time:2019-12-02,Time,2019-12-02,,2019-12-02,,,,True,"{""resolution"": ""DATE_ONLY""}",FINNEXUS_RESEARCH_DATASET_V17_1,FINNEXUS_TEMPORAL_KG_V1_0,CORE,FINNEXUS_LAYERED_KG_V3_0
time:2019-12-05,Time,2019-12-05,,2019-12-05,,,,True,"{""resolution"": ""DATE_ONLY""}",FINNEXUS_RESEARCH_DATASET_V17_1,FINNEXUS_TEMPORAL_KG_V1_0,CORE,FINNEXUS_LAYERED_KG_V3_0
time:2019-12-09,Time,2019-12-09,,2019-12-09,,,,True,"{""resolution"": ""DATE_ONLY""}",FINNEXUS_RESEARCH_DATASET_V17_1,FINNEXUS_TEMPORAL_KG_V1_0,CORE,FINNEXUS_LAYERED_KG_V3_0
time:2019-12-10,Time,2019-12-10,,2019-12-10,,,,True,"{""resolution"": ""DATE_ONLY""}",FINNEXUS_RESEARCH_DATASET_V17_1,FINNEXUS_TEMPORAL_KG_V1_0,CORE,FINNEXUS_LAYERED_KG_V3_0
time:2019-12-11,Time,2019-12-11,,2019-12-11,,,,True,"{""resolution"": ""DATE_ONLY""}",FINNEXUS_RESEARCH_DATASET_V17_1,FINNEXUS_TEMPORAL_KG_V1_0,CORE,FINNEXUS_LAYERED_KG_V3_0
time:2019-12-12,Time,2019-12-12,,2019-12-12,,,,True,"{""resolution"": ""DATE_ONLY""}",FINNEXUS_RESEARCH_DATASET_V17_1,FINNEXUS_TEMPORAL_KG_V1_0,CORE,FINNEXUS_LAYERED_KG_V3_0
time:2019-12-19,Time,2019-12-19,,2019-12-19,,,,True,"{""resolution"": ""DATE_ONLY""}",FINNEXUS_RESEARCH_DATASET_V17_1,FINNEXUS_TEMPORAL_KG_V1_0,CORE,FINNEXUS_LAYERED_KG_V3_0
time:2019-12-23,Time,2019-12-23,,2019-12-23,,,,True,"{""resolution"": ""DATE_ONLY""}",FINNEXUS_RESEARCH_DATASET_V17_1,FINNEXUS_TEMPORAL_KG_V1_0,CORE,FINNEXUS_LAYERED_KG_V3_0
time:2019-12-24,Time,2019-12-24,,2019-12-24,,,,True,"{""resolution"": ""DATE_ONLY""}",FINNEXUS_RESEARCH_DATASET_V17_1,FINNEXUS_TEMPORAL_KG_V1_0,CORE,FINNEXUS_LAYERED_KG_V3_0
time:2019-12-25,Time,2019-12-25,,2019-12-25,,,,True,"{""resolution"": ""DATE_ONLY""}",FINNEXUS_RESEARCH_DATASET_V17_1,FINNEXUS_TEMPORAL_KG_V1_0,CORE,FINNEXUS_LAYERED_KG_V3_0
time:2019-12-30,Time,2019-12-30,,2019-12-30,,,,True,"{""resolution"": ""DATE_ONLY""}",FINNEXUS_RESEARCH_DATASET_V17_1,FINNEXUS_TEMPORAL_KG_V1_0,CORE,FINNEXUS_LAYERED_KG_V3_0
time:2020-01-04,Time,2020-01-04,,2020-01-04,,,,True,"{""resolution"": ""DATE_ONLY""}",FINNEXUS_RESEARCH_DATASET_V17_1,FINNEXUS_TEMPORAL_KG_V1_0,CORE,FINNEXUS_LAYERED_KG_V3_0
time:2020-01-07,Time,2020-01-07,,2020-01-07,,,,True,"{""resolution"": ""DATE_ONLY""}",FINNEXUS_RESEARCH_DATASET_V17_1,FINNEXUS_TEMPORAL_KG_V1_0,CORE,FINNEXUS_LAYERED_KG_V3_0
time:2020-01-08,Time,2020-01-08,,2020-01-08,,,,True,"{""resolution"": ""DATE_ONLY""}",FINNEXUS_RESEARCH_DATASET_V17_1,FINNEXUS_TEMPORAL_KG_V1_0,CORE,FINNEXUS_LAYERED_KG_V3_0
time:2020-01-09,Time,2020-01-09,,2020-01-09,,,,True,"{""resolution"": ""DATE_ONLY""}",FINNEXUS_RESEARCH_DATASET_V17_1,FINNEXUS_TEMPORAL_KG_V1_0,CORE,FINNEXUS_LAYERED_KG_V3_0
time:2020-01-14,Time,2020-01-14,,2020-01-14,,,,True,"{""resolution"": ""DATE_ONLY""}",FINNEXUS_RESEARCH_DATASET_V17_1,FINNEXUS_TEMPORAL_KG_V1_0,CORE,FINNEXUS_LAYERED_KG_V3_0
time:2020-01-15,Time,2020-01-15,,2020-01-15,,,,True,"{""resolution"": ""DATE_ONLY""}",FINNEXUS_RESEARCH_DATASET_V17_1,FINNEXUS_TEMPORAL_KG_V1_0,CORE,FINNEXUS_LAYERED_KG_V3_0
time:2020-01-16,Time,2020-01-16,,2020-01-16,,,,True,"{""resolution"": ""DATE_ONLY""}",FINNEXUS_RESEARCH_DATASET_V17_1,FINNEXUS_TEMPORAL_KG_V1_0,CORE,FINNEXUS_LAYERED_KG_V3_0
time:2020-01-20,Time,2020-01-20,,2020-01-20,,,,True,"{""resolution"": ""DATE_ONLY""}",FINNEXUS_RESEARCH_DATASET_V17_1,FINNEXUS_TEMPORAL_KG_V1_0,CORE,FINNEXUS_LAYERED_KG_V3_0
time:2020-01-21,Time,2020-01-21,,2020-01-21,,,,True,"{""resolution"": ""DATE_ONLY""}",FINNEXUS_RESEARCH_DATASET_V17_1,FINNEXUS_TEMPORAL_KG_V1_0,CORE,FINNEXUS_LAYERED_KG_V3_0
time:2020-01-22,Time,2020-01-22,,2020-01-22,,,,True,"{""resolution"": ""DATE_ONLY""}",FINNEXUS_RESEARCH_DATASET_V17_1,FINNEXUS_TEMPORAL_KG_V1_0,CORE,FINNEXUS_LAYERED_KG_V3_0
time:2020-01-24,Time,2020-01-24,,2020-01-24,,,,True,"{""resolution"": ""DATE_ONLY""}",FINNEXUS_RESEARCH_DATASET_V17_1,FINNEXUS_TEMPORAL_KG_V1_0,CORE,FINNEXUS_LAYERED_KG_V3_0
time:2020-02-05,Time,2020-02-05,,2020-02-05,,,,True,"{""resolution"": ""DATE_ONLY""}",FINNEXUS_RESEARCH_DATASET_V17_1,FINNEXUS_TEMPORAL_KG_V1_0,CORE,FINNEXUS_LAYERED_KG_V3_0
time:2020-02-06,Time,2020-02-06,,2020-02-06,,,,True,"{""resolution"": ""DATE_ONLY""}",FINNEXUS_RESEARCH_DATASET_V17_1,FINNEXUS_TEMPORAL_KG_V1_0,CORE,FINNEXUS_LAYERED_KG_V3_0
time:2020-02-11,Time,2020-02-11,,2020-02-11,,,,True,"{""resolution"": ""DATE_ONLY""}",FINNEXUS_RESEARCH_DATASET_V17_1,FINNEXUS_TEMPORAL_KG_V1_0,CORE,FINNEXUS_LAYERED_KG_V3_0
time:2020-02-17,Time,2020-02-17,,2020-02-17,,,,True,"{""resolution"": ""DATE_ONLY""}",FINNEXUS_RESEARCH_DATASET_V17_1,FINNEXUS_TEMPORAL_KG_V1_0,CORE,FINNEXUS_LAYERED_KG_V3_0
time:2020-02-21,Time,2020-02-21,,2020-02-21,,,,True,"{""resolution"": ""DATE_ONLY""}",FINNEXUS_RESEARCH_DATASET_V17_1,FINNEXUS_TEMPORAL_KG_V1_0,CORE,FINNEXUS_LAYERED_KG_V3_0
time:2020-02-22,Time,2020-02-22,,2020-02-22,,,,True,"{""resolution"": ""DATE_ONLY""}",FINNEXUS_RESEARCH_DATASET_V17_1,FINNEXUS_TEMPORAL_KG_V1_0,CORE,FINNEXUS_LAYERED_KG_V3_0
time:2020-02-28,Time,2020-02-28,,2020-02-28,,,,True,"{""resolution"": ""DATE_ONLY""}",FINNEXUS_RESEARCH_DATASET_V17_1,FINNEXUS_TEMPORAL_KG_V1_0,CORE,FINNEXUS_LAYERED_KG_V3_0
time:2020-03-01,Time,2020-03-01,,2020-03-01,,,,True,"{""resolution"": ""DATE_ONLY""}",FINNEXUS_RESEARCH_DATASET_V17_1,FINNEXUS_TEMPORAL_KG_V1_0,CORE,FINNEXUS_LAYERED_KG_V3_0
time:2020-03-02,Time,2020-03-02,,2020-03-02,,,,True,"{""resolution"": ""DATE_ONLY""}",FINNEXUS_RESEARCH_DATASET_V17_1,FINNEXUS_TEMPORAL_KG_V1_0,CORE,FINNEXUS_LAYERED_KG_V3_0
time:2020-03-03,Time,2020-03-03,,2020-03-03,,,,True,"{""resolution"": ""DATE_ONLY""}",FINNEXUS_RESEARCH_DATASET_V17_1,FINNEXUS_TEMPORAL_KG_V1_0,CORE,FINNEXUS_LAYERED_KG_V3_0
time:2020-03-04,Time,2020-03-04,,2020-03-04,,,,True,"{""resolution"": ""DATE_ONLY""}",FINNEXUS_RESEARCH_DATASET_V17_1,FINNEXUS_TEMPORAL_KG_V1_0,CORE,FINNEXUS_LAYERED_KG_V3_0
time:2020-03-06,Time,2020-03-06,,2020-03-06,,,,True,"{""resolution"": ""DATE_ONLY""}",FINNEXUS_RESEARCH_DATASET_V17_1,FINNEXUS_TEMPORAL_KG_V1_0,CORE,FINNEXUS_LAYERED_KG_V3_0
time:2020-03-10,Time,2020-03-10,,2020-03-10,,,,True,"{""resolution"": ""DATE_ONLY""}",FINNEXUS_RESEARCH_DATASET_V17_1,FINNEXUS_TEMPORAL_KG_V1_0,CORE,FINNEXUS_LAYERED_KG_V3_0
time:2020-03-11,Time,2020-03-11,,2020-03-11,,,,True,"{""resolution"": ""DATE_ONLY""}",FINNEXUS_RESEARCH_DATASET_V17_1,FINNEXUS_TEMPORAL_KG_V1_0,CORE,FINNEXUS_LAYERED_KG_V3_0
time:2020-03-12,Time,2020-03-12,,2020-03-12,,,,True,"{""resolution"": ""DATE_ONLY""}",FINNEXUS_RESEARCH_DATASET_V17_1,FINNEXUS_TEMPORAL_KG_V1_0,CORE,FINNEXUS_LAYERED_KG_V3_0
time:2020-03-17,Time,2020-03-17,,2020-03-17,,,,True,"{""resolution"": ""DATE_ONLY""}",FINNEXUS_RESEARCH_DATASET_V17_1,FINNEXUS_TEMPORAL_KG_V1_0,CORE,FINNEXUS_LAYERED_KG_V3_0
time:2020-03-20,Time,2020-03-20,,2020-03-20,,,,True,"{""resolution"": ""DATE_ONLY""}",FINNEXUS_RESEARCH_DATASET_V17_1,FINNEXUS_TEMPORAL_KG_V1_0,CORE,FINNEXUS_LAYERED_KG_V3_0
time:2020-03-21,Time,2020-03-21,,2020-03-21,,,,True,"{""resolution"": ""DATE_ONLY""}",FINNEXUS_RESEARCH_DATASET_V17_1,FINNEXUS_TEMPORAL_KG_V1_0,CORE,FINNEXUS_LAYERED_KG_V3_0
time:2020-03-24,Time,2020-03-24,,2020-03-24,,,,True,"{""resolution"": ""DATE_ONLY""}",FINNEXUS_RESEARCH_DATASET_V17_1,FINNEXUS_TEMPORAL_KG_V1_0,CORE,FINNEXUS_LAYERED_KG_V3_0
time:2020-03-25,Time,2020-03-25,,2020-03-25,,,,True,"{""resolution"": ""DATE_ONLY""}",FINNEXUS_RESEARCH_DATASET_V17_1,FINNEXUS_TEMPORAL_KG_V1_0,CORE,FINNEXUS_LAYERED_KG_V3_0
time:2020-04-01,Time,2020-04-01,,2020-04-01,,,,True,"{""resolution"": ""DATE_ONLY""}",FINNEXUS_RESEARCH_DATASET_V17_1,FINNEXUS_TEMPORAL_KG_V1_0,CORE,FINNEXUS_LAYERED_KG_V3_0
time:2020-04-06,Time,2020-04-06,,2020-04-06,,,,True,"{""resolution"": ""DATE_ONLY""}",FINNEXUS_RESEARCH_DATASET_V17_1,FINNEXUS_TEMPORAL_KG_V1_0,CORE,FINNEXUS_LAYERED_KG_V3_0
time:2020-04-07,Time,2020-04-07,,2020-04-07,,,,True,"{""resolution"": ""DATE_ONLY""}",FINNEXUS_RESEARCH_DATASET_V17_1,FINNEXUS_TEMPORAL_KG_V1_0,CORE,FINNEXUS_LAYERED_KG_V3_0
time:2020-04-10,Time,2020-04-10,,2020-04-10,,,,True,"{""resolution"": ""DATE_ONLY""}",FINNEXUS_RESEARCH_DATASET_V17_1,FINNEXUS_TEMPORAL_KG_V1_0,CORE,FINNEXUS_LAYERED_KG_V3_0
time:2020-04-11,Time,2020-04-11,,2020-04-11,,,,True,"{""resolution"": ""DATE_ONLY""}",FINNEXUS_RESEARCH_DATASET_V17_1,FINNEXUS_TEMPORAL_KG_V1_0,CORE,FINNEXUS_LAYERED_KG_V3_0
time:2020-04-14,Time,2020-04-14,,2020-04-14,,,,True,"{""resolution"": ""DATE_ONLY""}",FINNEXUS_RESEARCH_DATASET_V17_1,FINNEXUS_TEMPORAL_KG_V1_0,CORE,FINNEXUS_LAYERED_KG_V3_0
time:2020-04-15,Time,2020-04-15,,2020-04-15,,,,True,"{""resolution"": ""DATE_ONLY""}",FINNEXUS_RESEARCH_DATASET_V17_1,FINNEXUS_TEMPORAL_KG_V1_0,CORE,FINNEXUS_LAYERED_KG_V3_0
time:2020-04-18,Time,2020-04-18,,2020-04-18,,,,True,"{""resolution"": ""DATE_ONLY""}",FINNEXUS_RESEARCH_DATASET_V17_1,FINNEXUS_TEMPORAL_KG_V1_0,CORE,FINNEXUS_LAYERED_KG_V3_0
time:2020-04-21,Time,2020-04-21,,2020-04-21,,,,True,"{""resolution"": ""DATE_ONLY""}",FINNEXUS_RESEARCH_DATASET_V17_1,FINNEXUS_TEMPORAL_KG_V1_0,CORE,FINNEXUS_LAYERED_KG_V3_0
time:2020-04-22,Time,2020-04-22,,2020-04-22,,,,True,"{""resolution"": ""DATE_ONLY""}",FINNEXUS_RESEARCH_DATASET_V17_1,FINNEXUS_TEMPORAL_KG_V1_0,CORE,FINNEXUS_LAYERED_KG_V3_0
time:2020-04-25,Time,2020-04-25,,2020-04-25,,,,True,"{""resolution"": ""DATE_ONLY""}",FINNEXUS_RESEARCH_DATASET_V17_1,FINNEXUS_TEMPORAL_KG_V1_0,CORE,FINNEXUS_LAYERED_KG_V3_0
time:2020-04-27,Time,2020-04-27,,2020-04-27,,,,True,"{""resolution"": ""DATE_ONLY""}",FINNEXUS_RESEARCH_DATASET_V17_1,FINNEXUS_TEMPORAL_KG_V1_0,CORE,FINNEXUS_LAYERED_KG_V3_0
time:2020-04-29,Time,2020-04-29,,2020-04-29,,,,True,"{""resolution"": ""DATE_ONLY""}",FINNEXUS_RESEARCH_DATASET_V17_1,FINNEXUS_TEMPORAL_KG_V1_0,CORE,FINNEXUS_LAYERED_KG_V3_0
time:2020-05-04,Time,2020-05-04,,2020-05-04,,,,True,"{""resolution"": ""DATE_ONLY""}",FINNEXUS_RESEARCH_DATASET_V17_1,FINNEXUS_TEMPORAL_KG_V1_0,CORE,FINNEXUS_LAYERED_KG_V3_0
time:2020-05-07,Time,2020-05-07,,2020-05-07,,,,True,"{""resolution"": ""DATE_ONLY""}",FINNEXUS_RESEARCH_DATASET_V17_1,FINNEXUS_TEMPORAL_KG_V1_0,CORE,FINNEXUS_LAYERED_KG_V3_0
time:2020-05-10,Time,2020-05-10,,2020-05-10,,,,True,"{""resolution"": ""DATE_ONLY""}",FINNEXUS_RESEARCH_DATASET_V17_1,FINNEXUS_TEMPORAL_KG_V1_0,CORE,FINNEXUS_LAYERED_KG_V3_0
time:2020-05-13,Time,2020-05-13,,2020-05-13,,,,True,"{""resolution"": ""DATE_ONLY""}",FINNEXUS_RESEARCH_DATASET_V17_1,FINNEXUS_TEMPORAL_KG_V1_0,CORE,FINNEXUS_LAYERED_KG_V3_0
time:2020-05-14,Time,2020-05-14,,2020-05-14,,,,True,"{""resolution"": ""DATE_ONLY""}",FINNEXUS_RESEARCH_DATASET_V17_1,FINNEXUS_TEMPORAL_KG_V1_0,CORE,FINNEXUS_LAYERED_KG_V3_0
time:2020-05-19,Time,2020-05-19,,2020-05-19,,,,True,"{""resolution"": ""DATE_ONLY""}",FINNEXUS_RESEARCH_DATASET_V17_1,FINNEXUS_TEMPORAL_KG_V1_0,CORE,FINNEXUS_LAYERED_KG_V3_0
time:2020-05-21,Time,2020-05-21,,2020-05-21,,,,True,"{""resolution"": ""DATE_ONLY""}",FINNEXUS_RESEARCH_DATASET_V17_1,FINNEXUS_TEMPORAL_KG_V1_0,CORE,FINNEXUS_LAYERED_KG_V3_0
time:2020-05-22,Time,2020-05-22,,2020-05-22,,,,True,"{""resolution"": ""DATE_ONLY""}",FINNEXUS_RESEARCH_DATASET_V17_1,FINNEXUS_TEMPORAL_KG_V1_0,CORE,FINNEXUS_LAYERED_KG_V3_0
time:2020-05-24,Time,2020-05-24,,2020-05-24,,,,True,"{""resolution"": ""DATE_ONLY""}",FINNEXUS_RESEARCH_DATASET_V17_1,FINNEXUS_TEMPORAL_KG_V1_0,CORE,FINNEXUS_LAYERED_KG_V3_0
time:2020-05-29,Time,2020-05-29,,2020-05-29,,,,True,"{""resolution"": ""DATE_ONLY""}",FINNEXUS_RESEARCH_DATASET_V17_1,FINNEXUS_TEMPORAL_KG_V1_0,CORE,FINNEXUS_LAYERED_KG_V3_0
time:2020-06-03,Time,2020-06-03,,2020-06-03,,,,True,"{""resolution"": ""DATE_ONLY""}",FINNEXUS_RESEARCH_DATASET_V17_1,FINNEXUS_TEMPORAL_KG_V1_0,CORE,FINNEXUS_LAYERED_KG_V3_0
time:2020-06-04,Time,2020-06-04,,2020-06-04,,,,True,"{""resolution"": ""DATE_ONLY""}",FINNEXUS_RESEARCH_DATASET_V17_1,FINNEXUS_TEMPORAL_KG_V1_0,CORE,FINNEXUS_LAYERED_KG_V3_0
time:2020-06-05,Time,2020-06-05,,2020-06-05,,,,True,"{""resolution"": ""DATE_ONLY""}",FINNEXUS_RESEARCH_DATASET_V17_1,FINNEXUS_TEMPORAL_KG_V1_0,CORE,FINNEXUS_LAYERED_KG_V3_0
time:2020-06-09,Time,2020-06-09,,2020-06-09,,,,True,"{""resolution"": ""DATE_ONLY""}",FINNEXUS_RESEARCH_DATASET_V17_1,FINNEXUS_TEMPORAL_KG_V1_0,CORE,FINNEXUS_LAYERED_KG_V3_0
time:2020-06-16,Time,2020-06-16,,2020-06-16,,,,True,"{""resolution"": ""DATE_ONLY""}",FINNEXUS_RESEARCH_DATASET_V17_1,FINNEXUS_TEMPORAL_KG_V1_0,CORE,FINNEXUS_LAYERED_KG_V3_0
time:2020-06-18,Time,2020-06-18,,2020-06-18,,,,True,"{""resolution"": ""DATE_ONLY""}",FINNEXUS_RESEARCH_DATASET_V17_1,FINNEXUS_TEMPORAL_KG_V1_0,CORE,FINNEXUS_LAYERED_KG_V3_0
time:2020-06-22,Time,2020-06-22,,2020-06-22,,,,True,"{""resolution"": ""DATE_ONLY""}",FINNEXUS_RESEARCH_DATASET_V17_1,FINNEXUS_TEMPORAL_KG_V1_0,CORE,FINNEXUS_LAYERED_KG_V3_0
time:2020-06-26,Time,2020-06-26,,2020-06-26,,,,True,"{""resolution"": ""DATE_ONLY""}",FINNEXUS_RESEARCH_DATASET_V17_1,FINNEXUS_TEMPORAL_KG_V1_0,CORE,FINNEXUS_LAYERED_KG_V3_0
time:2020-06-27,Time,2020-06-27,,2020-06-27,,,,True,"{""resolution"": ""DATE_ONLY""}",FINNEXUS_RESEARCH_DATASET_V17_1,FINNEXUS_TEMPORAL_KG_V1_0,CORE,FINNEXUS_LAYERED_KG_V3_0
time:2020-07-01,Time,2020-07-01,,2020-07-01,,,,True,"{""resolution"": ""DATE_ONLY""}",FINNEXUS_RESEARCH_DATASET_V17_1,FINNEXUS_TEMPORAL_KG_V1_0,CORE,FINNEXUS_LAYERED_KG_V3_0
time:2020-07-02,Time,2020-07-02,,2020-07-02,,,,True,"{""resolution"": ""DATE_ONLY""}",FINNEXUS_RESEARCH_DATASET_V17_1,FINNEXUS_TEMPORAL_KG_V1_0,CORE,FINNEXUS_LAYERED_KG_V3_0
time:2020-07-03,Time,2020-07-03,,2020-07-03,,,,True,"{""resolution"": ""DATE_ONLY""}",FINNEXUS_RESEARCH_DATASET_V17_1,FINNEXUS_TEMPORAL_KG_V1_0,CORE,FINNEXUS_LAYERED_KG_V3_0
time:2020-07-07,Time,2020-07-07,,2020-07-07,,,,True,"{""resolution"": ""DATE_ONLY""}",FINNEXUS_RESEARCH_DATASET_V17_1,FINNEXUS_TEMPORAL_KG_V1_0,CORE,FINNEXUS_LAYERED_KG_V3_0
time:2020-07-13,Time,2020-07-13,,2020-07-13,,,,True,"{""resolution"": ""DATE_ONLY""}",FINNEXUS_RESEARCH_DATASET_V17_1,FINNEXUS_TEMPORAL_KG_V1_0,CORE,FINNEXUS_LAYERED_KG_V3_0
time:2020-07-14,Time,2020-07-14,,2020-07-14,,,,True,"{""resolution"": ""DATE_ONLY""}",FINNEXUS_RESEARCH_DATASET_V17_1,FINNEXUS_TEMPORAL_KG_V1_0,CORE,FINNEXUS_LAYERED_KG_V3_0
time:2020-07-15,Time,2020-07-15,,2020-07-15,,,,True,"{""resolution"": ""DATE_ONLY""}",FINNEXUS_RESEARCH_DATASET_V17_1,FINNEXUS_TEMPORAL_KG_V1_0,CORE,FINNEXUS_LAYERED_KG_V3_0
time:2020-07-16,Time,2020-07-16,,2020-07-16,,,,True,"{""resolution"": ""DATE_ONLY""}",FINNEXUS_RESEARCH_DATASET_V17_1,FINNEXUS_TEMPORAL_KG_V1_0,CORE,FINNEXUS_LAYERED_KG_V3_0
time:2020-07-17,Time,2020-07-17,,2020-07-17,,,,True,"{""resolution"": ""DATE_ONLY""}",FINNEXUS_RESEARCH_DATASET_V17_1,FINNEXUS_TEMPORAL_KG_V1_0,CORE,FINNEXUS_LAYERED_KG_V3_0
time:2020-07-18,Time,2020-07-18,,2020-07-18,,,,True,"{""resolution"": ""DATE_ONLY""}",FINNEXUS_RESEARCH_DATASET_V17_1,FINNEXUS_TEMPORAL_KG_V1_0,CORE,FINNEXUS_LAYERED_KG_V3_0
time:2020-07-19,Time,2020-07-19,,2020-07-19,,,,True,"{""resolution"": ""DATE_ONLY""}",FINNEXUS_RESEARCH_DATASET_V17_1,FINNEXUS_TEMPORAL_KG_V1_0,CORE,FINNEXUS_LAYERED_KG_V3_0
time:2020-07-21,Time,2020-07-21,,2020-07-21,,,,True,"{""resolution"": ""DATE_ONLY""}",FINNEXUS_RESEARCH_DATASET_V17_1,FINNEXUS_TEMPORAL_KG_V1_0,CORE,FINNEXUS_LAYERED_KG_V3_0
time:2020-07-24,Time,2020-07-24,,2020-07-24,,,,True,"{""resolution"": ""DATE_ONLY""}",FINNEXUS_RESEARCH_DATASET_V17_1,FINNEXUS_TEMPORAL_KG_V1_0,CORE,FINNEXUS_LAYERED_KG_V3_0
time:2020-07-25,Time,2020-07-25,,2020-07-25,,,,True,"{""resolution"": ""DATE_ONLY""}",FINNEXUS_RESEARCH_DATASET_V17_1,FINNEXUS_TEMPORAL_KG_V1_0,CORE,FINNEXUS_LAYERED_KG_V3_0
time:2020-07-27,Time,2020-07-27,,2020-07-27,,,,True,"{""resolution"": ""DATE_ONLY""}",FINNEXUS_RESEARCH_DATASET_V17_1,FINNEXUS_TEMPORAL_KG_V1_0,CORE,FINNEXUS_LAYERED_KG_V3_0
time:2020-07-29,Time,2020-07-29,,2020-07-29,,,,True,"{""resolution"": ""DATE_ONLY""}",FINNEXUS_RESEARCH_DATASET_V17_1,FINNEXUS_TEMPORAL_KG_V1_0,CORE,FINNEXUS_LAYERED_KG_V3_0
time:2020-07-30,Time,2020-07-30,,2020-07-30,,,,True,"{""resolution"": ""DATE_ONLY""}",FINNEXUS_RESEARCH_DATASET_V17_1,FINNEXUS_TEMPORAL_KG_V1_0,CORE,FINNEXUS_LAYERED_KG_V3_0
time:2020-08-02,Time,2020-08-02,,2020-08-02,,,,True,"{""resolution"": ""DATE_ONLY""}",FINNEXUS_RESEARCH_DATASET_V17_1,FINNEXUS_TEMPORAL_KG_V1_0,CORE,FINNEXUS_LAYERED_KG_V3_0
time:2020-08-06,Time,2020-08-06,,2020-08-06,,,,True,"{""resolution"": ""DATE_ONLY""}",FINNEXUS_RESEARCH_DATASET_V17_1,FINNEXUS_TEMPORAL_KG_V1_0,CORE,FINNEXUS_LAYERED_KG_V3_0
time:2020-08-07,Time,2020-08-07,,2020-08-07,,,,True,"{""resolution"": ""DATE_ONLY""}",FINNEXUS_RESEARCH_DATASET_V17_1,FINNEXUS_TEMPORAL_KG_V1_0,CORE,FINNEXUS_LAYERED_KG_V3_0
time:2020-08-13,Time,2020-08-13,,2020-08-13,,,,True,"{""resolution"": ""DATE_ONLY""}",FINNEXUS_RESEARCH_DATASET_V17_1,FINNEXUS_TEMPORAL_KG_V1_0,CORE,FINNEXUS_LAYERED_KG_V3_0
time:2020-08-18,Time,2020-08-18,,2020-08-18,,,,True,"{""resolution"": ""DATE_ONLY""}",FINNEXUS_RESEARCH_DATASET_V17_1,FINNEXUS_TEMPORAL_KG_V1_0,CORE,FINNEXUS_LAYERED_KG_V3_0
time:2020-08-25,Time,2020-08-25,,2020-08-25,,,,True,"{""resolution"": ""DATE_ONLY""}",FINNEXUS_RESEARCH_DATASET_V17_1,FINNEXUS_TEMPORAL_KG_V1_0,CORE,FINNEXUS_LAYERED_KG_V3_0
time:2020-08-26,Time,2020-08-26,,2020-08-26,,,,True,"{""resolution"": ""DATE_ONLY""}",FINNEXUS_RESEARCH_DATASET_V17_1,FINNEXUS_TEMPORAL_KG_V1_0,CORE,FINNEXUS_LAYERED_KG_V3_0
time:2020-08-28,Time,2020-08-28,,2020-08-28,,,,True,"{""resolution"": ""DATE_ONLY""}",FINNEXUS_RESEARCH_DATASET_V17_1,FINNEXUS_TEMPORAL_KG_V1_0,CORE,FINNEXUS_LAYERED_KG_V3_0
time:2020-08-31,Time,2020-08-31,,2020-08-31,,,,True,"{""resolution"": ""DATE_ONLY""}",FINNEXUS_RESEARCH_DATASET_V17_1,FINNEXUS_TEMPORAL_KG_V1_0,CORE,FINNEXUS_LAYERED_KG_V3_0
time:2020-09-01,Time,2020-09-01,,2020-09-01,,,,True,"{""resolution"": ""DATE_ONLY""}",FINNEXUS_RESEARCH_DATASET_V17_1,FINNEXUS_TEMPORAL_KG_V1_0,CORE,FINNEXUS_LAYERED_KG_V3_0
time:2020-09-06,Time,2020-09-06,,2020-09-06,,,,True,"{""resolution"": ""DATE_ONLY""}",FINNEXUS_RESEARCH_DATASET_V17_1,FINNEXUS_TEMPORAL_KG_V1_0,CORE,FINNEXUS_LAYERED_KG_V3_0
time:2020-09-09,Time,2020-09-09,,2020-09-09,,,,True,"{""resolution"": ""DATE_ONLY""}",FINNEXUS_RESEARCH_DATASET_V17_1,FINNEXUS_TEMPORAL_KG_V1_0,CORE,FINNEXUS_LAYERED_KG_V3_0
time:2020-09-10,Time,2020-09-10,,2020-09-10,,,,True,"{""resolution"": ""DATE_ONLY""}",FINNEXUS_RESEARCH_DATASET_V17_1,FINNEXUS_TEMPORAL_KG_V1_0,CORE,FINNEXUS_LAYERED_KG_V3_0
time:2020-09-11,Time,2020-09-11,,2020-09-11,,,,True,"{""resolution"": ""DATE_ONLY""}",FINNEXUS_RESEARCH_DATASET_V17_1,FINNEXUS_TEMPORAL_KG_V1_0,CORE,FINNEXUS_LAYERED_KG_V3_0
time:2020-09-16,Time,2020-09-16,,2020-09-16,,,,True,"{""resolution"": ""DATE_ONLY""}",FINNEXUS_RESEARCH_DATASET_V17_1,FINNEXUS_TEMPORAL_KG_V1_0,CORE,FINNEXUS_LAYERED_KG_V3_0
time:2020-09-18,Time,2020-09-18,,2020-09-18,,,,True,"{""resolution"": ""DATE_ONLY""}",FINNEXUS_RESEARCH_DATASET_V17_1,FINNEXUS_TEMPORAL_KG_V1_0,CORE,FINNEXUS_LAYERED_KG_V3_0
time:2020-09-21,Time,2020-09-21,,2020-09-21,,,,True,"{""resolution"": ""DATE_ONLY""}",FINNEXUS_RESEARCH_DATASET_V17_1,FINNEXUS_TEMPORAL_KG_V1_0,CORE,FINNEXUS_LAYERED_KG_V3_0
time:2020-09-22,Time,2020-09-22,,2020-09-22,,,,True,"{""resolution"": ""DATE_ONLY""}",FINNEXUS_RESEARCH_DATASET_V17_1,FINNEXUS_TEMPORAL_KG_V1_0,CORE,FINNEXUS_LAYERED_KG_V3_0
time:2020-09-23,Time,2020-09-23,,2020-09-23,,,,True,"{""resolution"": ""DATE_ONLY""}",FINNEXUS_RESEARCH_DATASET_V17_1,FINNEXUS_TEMPORAL_KG_V1_0,CORE,FINNEXUS_LAYERED_KG_V3_0
time:2020-10-01,Time,2020-10-01,,2020-10-01,,,,True,"{""resolution"": ""DATE_ONLY""}",FINNEXUS_RESEARCH_DATASET_V17_1,FINNEXUS_TEMPORAL_KG_V1_0,CORE,FINNEXUS_LAYERED_KG_V3_0
time:2020-10-06,Time,2020-10-06,,2020-10-06,,,,True,"{""resolution"": ""DATE_ONLY""}",FINNEXUS_RESEARCH_DATASET_V17_1,FINNEXUS_TEMPORAL_KG_V1_0,CORE,FINNEXUS_LAYERED_KG_V3_0
time:2020-10-07,Time,2020-10-07,,2020-10-07,,,,True,"{""resolution"": ""DATE_ONLY""}",FINNEXUS_RESEARCH_DATASET_V17_1,FINNEXUS_TEMPORAL_KG_V1_0,CORE,FINNEXUS_LAYERED_KG_V3_0
time:2020-10-12,Time,2020-10-12,,2020-10-12,,,,True,"{""resolution"": ""DATE_ONLY""}",FINNEXUS_RESEARCH_DATASET_V17_1,FINNEXUS_TEMPORAL_KG_V1_0,CORE,FINNEXUS_LAYERED_KG_V3_0
time:2020-10-14,Time,2020-10-14,,2020-10-14,,,,True,"{""resolution"": ""DATE_ONLY""}",FINNEXUS_RESEARCH_DATASET_V17_1,FINNEXUS_TEMPORAL_KG_V1_0,CORE,FINNEXUS_LAYERED_KG_V3_0
time:2020-10-15,Time,2020-10-15,,2020-10-15,,,,True,"{""resolution"": ""DATE_ONLY""}",FINNEXUS_RESEARCH_DATASET_V17_1,FINNEXUS_TEMPORAL_KG_V1_0,CORE,FINNEXUS_LAYERED_KG_V3_0
time:2020-10-16,Time,2020-10-16,,2020-10-16,,,,True,"{""resolution"": ""DATE_ONLY""}",FINNEXUS_RESEARCH_DATASET_V17_1,FINNEXUS_TEMPORAL_KG_V1_0,CORE,FINNEXUS_LAYERED_KG_V3_0
time:2020-10-17,Time,2020-10-17,,2020-10-17,,,,True,"{""resolution"": ""DATE_ONLY""}",FINNEXUS_RESEARCH_DATASET_V17_1,FINNEXUS_TEMPORAL_KG_V1_0,CORE,FINNEXUS_LAYERED_KG_V3_0
time:2020-10-18,Time,2020-10-18,,2020-10-18,,,,True,"{""resolution"": ""DATE_ONLY""}",FINNEXUS_RESEARCH_DATASET_V17_1,FINNEXUS_TEMPORAL_KG_V1_0,CORE,FINNEXUS_LAYERED_KG_V3_0
time:2020-10-19,Time,2020-10-19,,2020-10-19,,,,True,"{""resolution"": ""DATE_ONLY""}",FINNEXUS_RESEARCH_DATASET_V17_1,FINNEXUS_TEMPORAL_KG_V1_0,CORE,FINNEXUS_LAYERED_KG_V3_0
time:2020-10-20,Time,2020-10-20,,2020-10-20,,,,True,"{""resolution"": ""DATE_ONLY""}",FINNEXUS_RESEARCH_DATASET_V17_1,FINNEXUS_TEMPORAL_KG_V1_0,CORE,FINNEXUS_LAYERED_KG_V3_0
time:2020-10-22,Time,2020-10-22,,2020-10-22,,,,True,"{""resolution"": ""DATE_ONLY""}",FINNEXUS_RESEARCH_DATASET_V17_1,FINNEXUS_TEMPORAL_KG_V1_0,CORE,FINNEXUS_LAYERED_KG_V3_0
time:2020-10-27,Time,2020-10-27,,2020-10-27,,,,True,"{""resolution"": ""DATE_ONLY""}",FINNEXUS_RESEARCH_DATASET_V17_1,FINNEXUS_TEMPORAL_KG_V1_0,CORE,FINNEXUS_LAYERED_KG_V3_0
time:2020-10-29,Time,2020-10-29,,2020-10-29,,,,True,"{""resolution"": ""DATE_ONLY""}",FINNEXUS_RESEARCH_DATASET_V17_1,FINNEXUS_TEMPORAL_KG_V1_0,CORE,FINNEXUS_LAYERED_KG_V3_0
time:2020-10-30,Time,2020-10-30,,2020-10-30,,,,True,"{""resolution"": ""DATE_ONLY""}",FINNEXUS_RESEARCH_DATASET_V17_1,FINNEXUS_TEMPORAL_KG_V1_0,CORE,FINNEXUS_LAYERED_KG_V3_0
time:2020-11-01,Time,2020-11-01,,2020-11-01,,,,True,"{""resolution"": ""DATE_ONLY""}",FINNEXUS_RESEARCH_DATASET_V17_1,FINNEXUS_TEMPORAL_KG_V1_0,CORE,FINNEXUS_LAYERED_KG_V3_0
time:2020-11-02,Time,2020-11-02,,2020-11-02,,,,True,"{""resolution"": ""DATE_ONLY""}",FINNEXUS_RESEARCH_DATASET_V17_1,FINNEXUS_TEMPORAL_KG_V1_0,CORE,FINNEXUS_LAYERED_KG_V3_0
time:2020-11-03,Time,2020-11-03,,2020-11-03,,,,True,"{""resolution"": ""DATE_ONLY""}",FINNEXUS_RESEARCH_DATASET_V17_1,FINNEXUS_TEMPORAL_KG_V1_0,CORE,FINNEXUS_LAYERED_KG_V3_0
time:2020-11-08,Time,2020-11-08,,2020-11-08,,,,True,"{""resolution"": ""DATE_ONLY""}",FINNEXUS_RESEARCH_DATASET_V17_1,FINNEXUS_TEMPORAL_KG_V1_0,CORE,FINNEXUS_LAYERED_KG_V3_0
time:2020-11-09,Time,2020-11-09,,2020-11-09,,,,True,"{""resolution"": ""DATE_ONLY""}",FINNEXUS_RESEARCH_DATASET_V17_1,FINNEXUS_TEMPORAL_KG_V1_0,CORE,FINNEXUS_LAYERED_KG_V3_0
time:2020-11-10,Time,2020-11-10,,2020-11-10,,,,True,"{""resolution"": ""DATE_ONLY""}",FINNEXUS_RESEARCH_DATASET_V17_1,FINNEXUS_TEMPORAL_KG_V1_0,CORE,FINNEXUS_LAYERED_KG_V3_0
time:2020-11-11,Time,2020-11-11,,2020-11-11,,,,True,"{""resolution"": ""DATE_ONLY""}",FINNEXUS_RESEARCH_DATASET_V17_1,FINNEXUS_TEMPORAL_KG_V1_0,CORE,FINNEXUS_LAYERED_KG_V3_0
time:2020-11-13,Time,2020-11-13,,2020-11-13,,,,True,"{""resolution"": ""DATE_ONLY""}",FINNEXUS_RESEARCH_DATASET_V17_1,FINNEXUS_TEMPORAL_KG_V1_0,CORE,FINNEXUS_LAYERED_KG_V3_0
time:2020-11-17,Time,2020-11-17,,2020-11-17,,,,True,"{""resolution"": ""DATE_ONLY""}",FINNEXUS_RESEARCH_DATASET_V17_1,FINNEXUS_TEMPORAL_KG_V1_0,CORE,FINNEXUS_LAYERED_KG_V3_0
time:2020-11-18,Time,2020-11-18,,2020-11-18,,,,True,"{""resolution"": ""DATE_ONLY""}",FINNEXUS_RESEARCH_DATASET_V17_1,FINNEXUS_TEMPORAL_KG_V1_0,CORE,FINNEXUS_LAYERED_KG_V3_0
time:2020-11-23,Time,2020-11-23,,2020-11-23,,,,True,"{""resolution"": ""DATE_ONLY""}",FINNEXUS_RESEARCH_DATASET_V17_1,FINNEXUS_TEMPORAL_KG_V1_0,CORE,FINNEXUS_LAYERED_KG_V3_0
time:2020-11-24,Time,2020-11-24,,2020-11-24,,,,True,"{""resolution"": ""DATE_ONLY""}",FINNEXUS_RESEARCH_DATASET_V17_1,FINNEXUS_TEMPORAL_KG_V1_0,CORE,FINNEXUS_LAYERED_KG_V3_0
time:2020-11-30,Time,2020-11-30,,2020-11-30,,,,True,"{""resolution"": ""DATE_ONLY""}",FINNEXUS_RESEARCH_DATASET_V17_1,FINNEXUS_TEMPORAL_KG_V1_0,CORE,FINNEXUS_LAYERED_KG_V3_0
time:2020-12-01,Time,2020-12-01,,2020-12-01,,,,True,"{""resolution"": ""DATE_ONLY""}",FINNEXUS_RESEARCH_DATASET_V17_1,FINNEXUS_TEMPORAL_KG_V1_0,CORE,FINNEXUS_LAYERED_KG_V3_0
time:2020-12-04,Time,2020-12-04,,2020-12-04,,,,True,"{""resolution"": ""DATE_ONLY""}",FINNEXUS_RESEARCH_DATASET_V17_1,FINNEXUS_TEMPORAL_KG_V1_0,CORE,FINNEXUS_LAYERED_KG_V3_0
time:2020-12-10,Time,2020-12-10,,2020-12-10,,,,True,"{""resolution"": ""DATE_ONLY""}",FINNEXUS_RESEARCH_DATASET_V17_1,FINNEXUS_TEMPORAL_KG_V1_0,CORE,FINNEXUS_LAYERED_KG_V3_0
time:2020-12-12,Time,2020-12-12,,2020-12-12,,,,True,"{""resolution"": ""DATE_ONLY""}",FINNEXUS_RESEARCH_DATASET_V17_1,FINNEXUS_TEMPORAL_KG_V1_0,CORE,FINNEXUS_LAYERED_KG_V3_0
time:2020-12-16,Time,2020-12-16,,2020-12-16,,,,True,"{""resolution"": ""DATE_ONLY""}",FINNEXUS_RESEARCH_DATASET_V17_1,FINNEXUS_TEMPORAL_KG_V1_0,CORE,FINNEXUS_LAYERED_KG_V3_0
time:2020-12-17,Time,2020-12-17,,2020-12-17,,,,True,"{""resolution"": ""DATE_ONLY""}",FINNEXUS_RESEARCH_DATASET_V17_1,FINNEXUS_TEMPORAL_KG_V1_0,CORE,FINNEXUS_LAYERED_KG_V3_0
time:2020-12-22,Time,2020-12-22,,2020-12-22,,,,True,"{""resolution"": ""DATE_ONLY""}",FINNEXUS_RESEARCH_DATASET_V17_1,FINNEXUS_TEMPORAL_KG_V1_0,CORE,FINNEXUS_LAYERED_KG_V3_0
time:2020-12-25,Time,2020-12-25,,2020-12-25,,,,True,"{""resolution"": ""DATE_ONLY""}",FINNEXUS_RESEARCH_DATASET_V17_1,FINNEXUS_TEMPORAL_KG_V1_0,CORE,FINNEXUS_LAYERED_KG_V3_0
time:2020-12-26,Time,2020-12-26,,2020-12-26,,,,True,"{""resolution"": ""DATE_ONLY""}",FINNEXUS_RESEARCH_DATASET_V17_1,FINNEXUS_TEMPORAL_KG_V1_0,CORE,FINNEXUS_LAYERED_KG_V3_0
time:2020-12-27,Time,2020-12-27,,2020-12-27,,,,True,"{""resolution"": ""DATE_ONLY""}",FINNEXUS_RESEARCH_DATASET_V17_1,FINNEXUS_TEMPORAL_KG_V1_0,CORE,FINNEXUS_LAYERED_KG_V3_0
time:2020-12-28,Time,2020-12-28,,2020-12-28,,,,True,"{""resolution"": ""DATE_ONLY""}",FINNEXUS_RESEARCH_DATASET_V17_1,FINNEXUS_TEMPORAL_KG_V1_0,CORE,FINNEXUS_LAYERED_KG_V3_0
time:2021-01-01,Time,2021-01-01,,2021-01-01,,,,True,"{""resolution"": ""DATE_ONLY""}",FINNEXUS_RESEARCH_DATASET_V17_1,FINNEXUS_TEMPORAL_KG_V1_0,CORE,FINNEXUS_LAYERED_KG_V3_0
time:2021-01-03,Time,2021-01-03,,2021-01-03,,,,True,"{""resolution"": ""DATE_ONLY""}",FINNEXUS_RESEARCH_DATASET_V17_1,FINNEXUS_TEMPORAL_KG_V1_0,CORE,FINNEXUS_LAYERED_KG_V3_0
time:2021-01-06,Time,2021-01-06,,2021-01-06,,,,True,"{""resolution"": ""DATE_ONLY""}",FINNEXUS_RESEARCH_DATASET_V17_1,FINNEXUS_TEMPORAL_KG_V1_0,CORE,FINNEXUS_LAYERED_KG_V3_0
time:2021-01-07,Time,2021-01-07,,2021-01-07,,,,True,"{""resolution"": ""DATE_ONLY""}",FINNEXUS_RESEARCH_DATASET_V17_1,FINNEXUS_TEMPORAL_KG_V1_0,CORE,FINNEXUS_LAYERED_KG_V3_0
time:2021-01-08,Time,2021-01-08,,2021-01-08,,,,True,"{""resolution"": ""DATE_ONLY""}",FINNEXUS_RESEARCH_DATASET_V17_1,FINNEXUS_TEMPORAL_KG_V1_0,CORE,FINNEXUS_LAYERED_KG_V3_0
time:2021-01-11,Time,2021-01-11,,2021-01-11,,,,True,"{""resolution"": ""DATE_ONLY""}",FINNEXUS_RESEARCH_DATASET_V17_1,FINNEXUS_TEMPORAL_KG_V1_0,CORE,FINNEXUS_LAYERED_KG_V3_0
time:2021-01-13,Time,2021-01-13,,2021-01-13,,,,True,"{""resolution"": ""DATE_ONLY""}",FINNEXUS_RESEARCH_DATASET_V17_1,FINNEXUS_TEMPORAL_KG_V1_0,CORE,FINNEXUS_LAYERED_KG_V3_0
time:2021-01-14,Time,2021-01-14,,2021-01-14,,,,True,"{""resolution"": ""DATE_ONLY""}",FINNEXUS_RESEARCH_DATASET_V17_1,FINNEXUS_TEMPORAL_KG_V1_0,CORE,FINNEXUS_LAYERED_KG_V3_0
time:2021-01-20,Time,2021-01-20,,2021-01-20,,,,True,"{""resolution"": ""DATE_ONLY""}",FINNEXUS_RESEARCH_DATASET_V17_1,FINNEXUS_TEMPORAL_KG_V1_0,CORE,FINNEXUS_LAYERED_KG_V3_0
time:2021-01-21,Time,2021-01-21,,2021-01-21,,,,True,"{""resolution"": ""DATE_ONLY""}",FINNEXUS_RESEARCH_DATASET_V17_1,FINNEXUS_TEMPORAL_KG_V1_0,CORE,FINNEXUS_LAYERED_KG_V3_0
time:2021-01-25,Time,2021-01-25,,2021-01-25,,,,True,"{""resolution"": ""DATE_ONLY""}",FINNEXUS_RESEARCH_DATASET_V17_1,FINNEXUS_TEMPORAL_KG_V1_0,CORE,FINNEXUS_LAYERED_KG_V3_0
time:2021-01-29,Time,2021-01-29,,2021-01-29,,,,True,"{""resolution"": ""DATE_ONLY""}",FINNEXUS_RESEARCH_DATASET_V17_1,FINNEXUS_TEMPORAL_KG_V1_0,CORE,FINNEXUS_LAYERED_KG_V3_0
time:2021-01-30,Time,2021-01-30,,2021-01-30,,,,True,"{""resolution"": ""DATE_ONLY""}",FINNEXUS_RESEARCH_DATASET_V17_1,FINNEXUS_TEMPORAL_KG_V1_0,CORE,FINNEXUS_LAYERED_KG_V3_0
time:2021-02-01,Time,2021-02-01,,2021-02-01,,,,True,"{""resolution"": ""DATE_ONLY""}",FINNEXUS_RESEARCH_DATASET_V17_1,FINNEXUS_TEMPORAL_KG_V1_0,CORE,FINNEXUS_LAYERED_KG_V3_0
time:2021-02-02,Time,2021-02-02,,2021-02-02,,,,True,"{""resolution"": ""DATE_ONLY""}",FINNEXUS_RESEARCH_DATASET_V17_1,FINNEXUS_TEMPORAL_KG_V1_0,CORE,FINNEXUS_LAYERED_KG_V3_0
time:2021-02-05,Time,2021-02-05,,2021-02-05,,,,True,"{""resolution"": ""DATE_ONLY""}",FINNEXUS_RESEARCH_DATASET_V17_1,FINNEXUS_TEMPORAL_KG_V1_0,CORE,FINNEXUS_LAYERED_KG_V3_0
time:2021-02-09,Time,2021-02-09,,2021-02-09,,,,True,"{""resolution"": ""DATE_ONLY""}",FINNEXUS_RESEARCH_DATASET_V17_1,FINNEXUS_TEMPORAL_KG_V1_0,CORE,FINNEXUS_LAYERED_KG_V3_0
time:2021-02-10,Time,2021-02-10,,2021-02-10,,,,True,"{""resolution"": ""DATE_ONLY""}",FINNEXUS_RESEARCH_DATASET_V17_1,FINNEXUS_TEMPORAL_KG_V1_0,CORE,FINNEXUS_LAYERED_KG_V3_0
time:2021-02-18,Time,2021-02-18,,2021-02-18,,,,True,"{""resolution"": ""DATE_ONLY""}",FINNEXUS_RESEARCH_DATASET_V17_1,FINNEXUS_TEMPORAL_KG_V1_0,CORE,FINNEXUS_LAYERED_KG_V3_0
time:2021-02-19,Time,2021-02-19,,2021-02-19,,,,True,"{""resolution"": ""DATE_ONLY""}",FINNEXUS_RESEARCH_DATASET_V17_1,FINNEXUS_TEMPORAL_KG_V1_0,CORE,FINNEXUS_LAYERED_KG_V3_0
time:2021-02-24,Time,2021-02-24,,2021-02-24,,,,True,"{""resolution"": ""DATE_ONLY""}",FINNEXUS_RESEARCH_DATASET_V17_1,FINNEXUS_TEMPORAL_KG_V1_0,CORE,FINNEXUS_LAYERED_KG_V3_0
time:2021-03-01,Time,2021-03-01,,2021-03-01,,,,True,"{""resolution"": ""DATE_ONLY""}",FINNEXUS_RESEARCH_DATASET_V17_1,FINNEXUS_TEMPORAL_KG_V1_0,CORE,FINNEXUS_LAYERED_KG_V3_0
time:2021-03-02,Time,2021-03-02,,2021-03-02,,,,True,"{""resolution"": ""DATE_ONLY""}",FINNEXUS_RESEARCH_DATASET_V17_1,FINNEXUS_TEMPORAL_KG_V1_0,CORE,FINNEXUS_LAYERED_KG_V3_0
time:2021-03-03,Time,2021-03-03,,2021-03-03,,,,True,"{""resolution"": ""DATE_ONLY""}",FINNEXUS_RESEARCH_DATASET_V17_1,FINNEXUS_TEMPORAL_KG_V1_0,CORE,FINNEXUS_LAYERED_KG_V3_0
time:2021-03-05,Time,2021-03-05,,2021-03-05,,,,True,"{""resolution"": ""DATE_ONLY""}",FINNEXUS_RESEARCH_DATASET_V17_1,FINNEXUS_TEMPORAL_KG_V1_0,CORE,FINNEXUS_LAYERED_KG_V3_0
time:2021-03-10,Time,2021-03-10,,2021-03-10,,,,True,"{""resolution"": ""DATE_ONLY""}",FINNEXUS_RESEARCH_DATASET_V17_1,FINNEXUS_TEMPORAL_KG_V1_0,CORE,FINNEXUS_LAYERED_KG_V3_0
time:2021-03-11,Time,2021-03-11,,2021-03-11,,,,True,"{""resolution"": ""DATE_ONLY""}",FINNEXUS_RESEARCH_DATASET_V17_1,FINNEXUS_TEMPORAL_KG_V1_0,CORE,FINNEXUS_LAYERED_KG_V3_0
time:2021-03-12,Time,2021-03-12,,2021-03-12,,,,True,"{""resolution"": ""DATE_ONLY""}",FINNEXUS_RESEARCH_DATASET_V17_1,FINNEXUS_TEMPORAL_KG_V1_0,CORE,FINNEXUS_LAYERED_KG_V3_0
time:2021-03-13,Time,2021-03-13,,2021-03-13,,,,True,"{""resolution"": ""DATE_ONLY""}",FINNEXUS_RESEARCH_DATASET_V17_1,FINNEXUS_TEMPORAL_KG_V1_0,CORE,FINNEXUS_LAYERED_KG_V3_0
time:2021-03-15,Time,2021-03-15,,2021-03-15,,,,True,"{""resolution"": ""DATE_ONLY""}",FINNEXUS_RESEARCH_DATASET_V17_1,FINNEXUS_TEMPORAL_KG_V1_0,CORE,FINNEXUS_LAYERED_KG_V3_0
time:2021-03-19,Time,2021-03-19,,2021-03-19,,,,True,"{""resolution"": ""DATE_ONLY""}",FINNEXUS_RESEARCH_DATASET_V17_1,FINNEXUS_TEMPORAL_KG_V1_0,CORE,FINNEXUS_LAYERED_KG_V3_0
time:2021-03-20,Time,2021-03-20,,2021-03-20,,,,True,"{""resolution"": ""DATE_ONLY""}",FINNEXUS_RESEARCH_DATASET_V17_1,FINNEXUS_TEMPORAL_KG_V1_0,CORE,FINNEXUS_LAYERED_KG_V3_0
time:2021-03-23,Time,2021-03-23,,2021-03-23,,,,True,"{""resolution"": ""DATE_ONLY""}",FINNEXUS_RESEARCH_DATASET_V17_1,FINNEXUS_TEMPORAL_KG_V1_0,CORE,FINNEXUS_LAYERED_KG_V3_0
time:2021-03-30,Time,2021-03-30,,2021-03-30,,,,True,"{""resolution"": ""DATE_ONLY""}",FINNEXUS_RESEARCH_DATASET_V17_1,FINNEXUS_TEMPORAL_KG_V1_0,CORE,FINNEXUS_LAYERED_KG_V3_0
time:2021-04-01,Time,2021-04-01,,2021-04-01,,,,True,"{""resolution"": ""DATE_ONLY""}",FINNEXUS_RESEARCH_DATASET_V17_1,FINNEXUS_TEMPORAL_KG_V1_0,CORE,FINNEXUS_LAYERED_KG_V3_0
time:2021-04-02,Time,2021-04-02,,2021-04-02,,,,True,"{""resolution"": ""DATE_ONLY""}",FINNEXUS_RESEARCH_DATASET_V17_1,FINNEXUS_TEMPORAL_KG_V1_0,CORE,FINNEXUS_LAYERED_KG_V3_0
time:2021-04-06,Time,2021-04-06,,2021-04-06,,,,True,"{""resolution"": ""DATE_ONLY""}",FINNEXUS_RESEARCH_DATASET_V17_1,FINNEXUS_TEMPORAL_KG_V1_0,CORE,FINNEXUS_LAYERED_KG_V3_0
time:2021-04-07,Time,2021-04-07,,2021-04-07,,,,True,"{""resolution"": ""DATE_ONLY""}",FINNEXUS_RESEARCH_DATASET_V17_1,FINNEXUS_TEMPORAL_KG_V1_0,CORE,FINNEXUS_LAYERED_KG_V3_0
time:2021-04-09,Time,2021-04-09,,2021-04-09,,,,True,"{""resolution"": ""DATE_ONLY""}",FINNEXUS_RESEARCH_DATASET_V17_1,FINNEXUS_TEMPORAL_KG_V1_0,CORE,FINNEXUS_LAYERED_KG_V3_0
time:2021-04-13,Time,2021-04-13,,2021-04-13,,,,True,"{""resolution"": ""DATE_ONLY""}",FINNEXUS_RESEARCH_DATASET_V17_1,FINNEXUS_TEMPORAL_KG_V1_0,CORE,FINNEXUS_LAYERED_KG_V3_0
time:2021-04-14,Time,2021-04-14,,2021-04-14,,,,True,"{""resolution"": ""DATE_ONLY""}",FINNEXUS_RESEARCH_DATASET_V17_1,FINNEXUS_TEMPORAL_KG_V1_0,CORE,FINNEXUS_LAYERED_KG_V3_0
time:2021-04-15,Time,2021-04-15,,2021-04-15,,,,True,"{""resolution"": ""DATE_ONLY""}",FINNEXUS_RESEARCH_DATASET_V17_1,FINNEXUS_TEMPORAL_KG_V1_0,CORE,FINNEXUS_LAYERED_KG_V3_0
time:2021-04-16,Time,2021-04-16,,2021-04-16,,,,True,"{""resolution"": ""DATE_ONLY""}",FINNEXUS_RESEARCH_DATASET_V17_1,FINNEXUS_TEMPORAL_KG_V1_0,CORE,FINNEXUS_LAYERED_KG_V3_0
time:2021-04-17,Time,2021-04-17,,2021-04-17,,,,True,"{""resolution"": ""DATE_ONLY""}",FINNEXUS_RESEARCH_DATASET_V17_1,FINNEXUS_TEMPORAL_KG_V1_0,CORE,FINNEXUS_LAYERED_KG_V3_0
time:2021-04-20,Time,2021-04-20,,2021-04-20,,,,True,"{""resolution"": ""DATE_ONLY""}",FINNEXUS_RESEARCH_DATASET_V17_1,FINNEXUS_TEMPORAL_KG_V1_0,CORE,FINNEXUS_LAYERED_KG_V3_0
time:2021-04-27,Time,2021-04-27,,2021-04-27,,,,True,"{""resolution"": ""DATE_ONLY""}",FINNEXUS_RESEARCH_DATASET_V17_1,FINNEXUS_TEMPORAL_KG_V1_0,CORE,FINNEXUS_LAYERED_KG_V3_0
time:2021-04-28,Time,2021-04-28,,2021-04-28,,,,True,"{""resolution"": ""DATE_ONLY""}",FINNEXUS_RESEARCH_DATASET_V17_1,FINNEXUS_TEMPORAL_KG_V1_0,CORE,FINNEXUS_LAYERED_KG_V3_0
time:2021-05-04,Time,2021-05-04,,2021-05-04,,,,True,"{""resolution"": ""DATE_ONLY""}",FINNEXUS_RESEARCH_DATASET_V17_1,FINNEXUS_TEMPORAL_KG_V1_0,CORE,FINNEXUS_LAYERED_KG_V3_0
time:2021-05-12,Time,2021-05-12,,2021-05-12,,,,True,"{""resolution"": ""DATE_ONLY""}",FINNEXUS_RESEARCH_DATASET_V17_1,FINNEXUS_TEMPORAL_KG_V1_0,CORE,FINNEXUS_LAYERED_KG_V3_0
time:2021-05-18,Time,2021-05-18,,2021-05-18,,,,True,"{""resolution"": ""DATE_ONLY""}",FINNEXUS_RESEARCH_DATASET_V17_1,FINNEXUS_TEMPORAL_KG_V1_0,CORE,FINNEXUS_LAYERED_KG_V3_0
time:2021-05-20,Time,2021-05-20,,2021-05-20,,,,True,"{""resolution"": ""DATE_ONLY""}",FINNEXUS_RESEARCH_DATASET_V17_1,FINNEXUS_TEMPORAL_KG_V1_0,CORE,FINNEXUS_LAYERED_KG_V3_0
time:2021-05-21,Time,2021-05-21,,2021-05-21,,,,True,"{""resolution"": ""DATE_ONLY""}",FINNEXUS_RESEARCH_DATASET_V17_1,FINNEXUS_TEMPORAL_KG_V1_0,CORE,FINNEXUS_LAYERED_KG_V3_0
time:2021-05-22,Time,2021-05-22,,2021-05-22,,,,True,"{""resolution"": ""DATE_ONLY""}",FINNEXUS_RESEARCH_DATASET_V17_1,FINNEXUS_TEMPORAL_KG_V1_0,CORE,FINNEXUS_LAYERED_KG_V3_0
time:2021-05-23,Time,2021-05-23,,2021-05-23,,,,True,"{""resolution"": ""DATE_ONLY""}",FINNEXUS_RESEARCH_DATASET_V17_1,FINNEXUS_TEMPORAL_KG_V1_0,CORE,FINNEXUS_LAYERED_KG_V3_0
time:2021-05-24,Time,2021-05-24,,2021-05-24,,,,True,"{""resolution"": ""DATE_ONLY""}",FINNEXUS_RESEARCH_DATASET_V17_1,FINNEXUS_TEMPORAL_KG_V1_0,CORE,FINNEXUS_LAYERED_KG_V3_0
time:2021-05-26,Time,2021-05-26,,2021-05-26,,,,True,"{""resolution"": ""DATE_ONLY""}",FINNEXUS_RESEARCH_DATASET_V17_1,FINNEXUS_TEMPORAL_KG_V1_0,CORE,FINNEXUS_LAYERED_KG_V3_0
time:2021-05-28,Time,2021-05-28,,2021-05-28,,,,True,"{""resolution"": ""DATE_ONLY""}",FINNEXUS_RESEARCH_DATASET_V17_1,FINNEXUS_TEMPORAL_KG_V1_0,CORE,FINNEXUS_LAYERED_KG_V3_0
time:2021-05-31,Time,2021-05-31,,2021-05-31,,,,True,"{""resolution"": ""DATE_ONLY""}",FINNEXUS_RESEARCH_DATASET_V17_1,FINNEXUS_TEMPORAL_KG_V1_0,CORE,FINNEXUS_LAYERED_KG_V3_0
time:2021-06-01,Time,2021-06-01,,2021-06-01,,,,True,"{""resolution"": ""DATE_ONLY""}",FINNEXUS_RESEARCH_DATASET_V17_1,FINNEXUS_TEMPORAL_KG_V1_0,CORE,FINNEXUS_LAYERED_KG_V3_0
time:2021-06-02,Time,2021-06-02,,2021-06-02,,,,True,"{""resolution"": ""DATE_ONLY""}",FINNEXUS_RESEARCH_DATASET_V17_1,FINNEXUS_TEMPORAL_KG_V1_0,CORE,FINNEXUS_LAYERED_KG_V3_0
time:2021-06-03,Time,2021-06-03,,2021-06-03,,,,True,"{""resolution"": ""DATE_ONLY""}",FINNEXUS_RESEARCH_DATASET_V17_1,FINNEXUS_TEMPORAL_KG_V1_0,CORE,FINNEXUS_LAYERED_KG_V3_0
time:2021-06-04,Time,2021-06-04,,2021-06-04,,,,True,"{""resolution"": ""DATE_ONLY""}",FINNEXUS_RESEARCH_DATASET_V17_1,FINNEXUS_TEMPORAL_KG_V1_0,CORE,FINNEXUS_LAYERED_KG_V3_0
time:2021-06-08,Time,2021-06-08,,2021-06-08,,,,True,"{""resolution"": ""DATE_ONLY""}",FINNEXUS_RESEARCH_DATASET_V17_1,FINNEXUS_TEMPORAL_KG_V1_0,CORE,FINNEXUS_LAYERED_KG_V3_0
time:2021-06-11,Time,2021-06-11,,2021-06-11,,,,True,"{""resolution"": ""DATE_ONLY""}",FINNEXUS_RESEARCH_DATASET_V17_1,FINNEXUS_TEMPORAL_KG_V1_0,CORE,FINNEXUS_LAYERED_KG_V3_0
time:2021-06-12,Time,2021-06-12,,2021-06-12,,,,True,"{""resolution"": ""DATE_ONLY""}",FINNEXUS_RESEARCH_DATASET_V17_1,FINNEXUS_TEMPORAL_KG_V1_0,CORE,FINNEXUS_LAYERED_KG_V3_0
time:2021-06-16,Time,2021-06-16,,2021-06-16,,,,True,"{""resolution"": ""DATE_ONLY""}",FINNEXUS_RESEARCH_DATASET_V17_1,FINNEXUS_TEMPORAL_KG_V1_0,CORE,FINNEXUS_LAYERED_KG_V3_0
time:2021-06-20,Time,2021-06-20,,2021-06-20,,,,True,"{""resolution"": ""DATE_ONLY""}",FINNEXUS_RESEARCH_DATASET_V17_1,FINNEXUS_TEMPORAL_KG_V1_0,CORE,FINNEXUS_LAYERED_KG_V3_0
time:2021-06-21,Time,2021-06-21,,2021-06-21,,,,True,"{""resolution"": ""DATE_ONLY""}",FINNEXUS_RESEARCH_DATASET_V17_1,FINNEXUS_TEMPORAL_KG_V1_0,CORE,FINNEXUS_LAYERED_KG_V3_0
time:2021-06-22,Time,2021-06-22,,2021-06-22,,,,True,"{""resolution"": ""DATE_ONLY""}",FINNEXUS_RESEARCH_DATASET_V17_1,FINNEXUS_TEMPORAL_KG_V1_0,CORE,FINNEXUS_LAYERED_KG_V3_0
time:2021-06-30,Time,2021-06-30,,2021-06-30,,,,True,"{""resolution"": ""DATE_ONLY""}",FINNEXUS_RESEARCH_DATASET_V17_1,FINNEXUS_TEMPORAL_KG_V1_0,CORE,FINNEXUS_LAYERED_KG_V3_0
time:2021-07-01,Time,2021-07-01,,2021-07-01,,,,True,"{""resolution"": ""DATE_ONLY""}",FINNEXUS_RESEARCH_DATASET_V17_1,FINNEXUS_TEMPORAL_KG_V1_0,CORE,FINNEXUS_LAYERED_KG_V3_0
time:2021-07-02,Time,2021-07-02,,2021-07-02,,,,True,"{""resolution"": ""DATE_ONLY""}",FINNEXUS_RESEARCH_DATASET_V17_1,FINNEXUS_TEMPORAL_KG_V1_0,CORE,FINNEXUS_LAYERED_KG_V3_0
time:2021-07-05,Time,2021-07-05,,2021-07-05,,,,True,"{""resolution"": ""DATE_ONLY""}",FINNEXUS_RESEARCH_DATASET_V17_1,FINNEXUS_TEMPORAL_KG_V1_0,CORE,FINNEXUS_LAYERED_KG_V3_0
time:2021-07-06,Time,2021-07-06,,2021-07-06,,,,True,"{""resolution"": ""DATE_ONLY""}",FINNEXUS_RESEARCH_DATASET_V17_1,FINNEXUS_TEMPORAL_KG_V1_0,CORE,FINNEXUS_LAYERED_KG_V3_0
time:2021-07-08,Time,2021-07-08,,2021-07-08,,,,True,"{""resolution"": ""DATE_ONLY""}",FINNEXUS_RESEARCH_DATASET_V17_1,FINNEXUS_TEMPORAL_KG_V1_0,CORE,FINNEXUS_LAYERED_KG_V3_0
time:2021-07-11,Time,2021-07-11,,2021-07-11,,,,True,"{""resolution"": ""DATE_ONLY""}",FINNEXUS_RESEARCH_DATASET_V17_1,FINNEXUS_TEMPORAL_KG_V1_0,CORE,FINNEXUS_LAYERED_KG_V3_0
time:2021-07-13,Time,2021-07-13,,2021-07-13,,,,True,"{""resolution"": ""DATE_ONLY""}",FINNEXUS_RESEARCH_DATASET_V17_1,FINNEXUS_TEMPORAL_KG_V1_0,CORE,FINNEXUS_LAYERED_KG_V3_0
time:2021-07-19,Time,2021-07-19,,2021-07-19,,,,True,"{""resolution"": ""DATE_ONLY""}",FINNEXUS_RESEARCH_DATASET_V17_1,FINNEXUS_TEMPORAL_KG_V1_0,CORE,FINNEXUS_LAYERED_KG_V3_0
time:2021-07-20,Time,2021-07-20,,2021-07-20,,,,True,"{""resolution"": ""DATE_ONLY""}",FINNEXUS_RESEARCH_DATASET_V17_1,FINNEXUS_TEMPORAL_KG_V1_0,CORE,FINNEXUS_LAYERED_KG_V3_0
time:2021-07-21,Time,2021-07-21,,2021-07-21,,,,True,"{""resolution"": ""DATE_ONLY""}",FINNEXUS_RESEARCH_DATASET_V17_1,FINNEXUS_TEMPORAL_KG_V1_0,CORE,FINNEXUS_LAYERED_KG_V3_0
time:2021-07-30,Time,2021-07-30,,2021-07-30,,,,True,"{""resolution"": ""DATE_ONLY""}",FINNEXUS_RESEARCH_DATASET_V17_1,FINNEXUS_TEMPORAL_KG_V1_0,CORE,FINNEXUS_LAYERED_KG_V3_0
time:2021-08-01,Time,2021-08-01,,2021-08-01,,,,True,"{""resolution"": ""DATE_ONLY""}",FINNEXUS_RESEARCH_DATASET_V17_1,FINNEXUS_TEMPORAL_KG_V1_0,CORE,FINNEXUS_LAYERED_KG_V3_0
time:2021-08-03,Time,2021-08-03,,2021-08-03,,,,True,"{""resolution"": ""DATE_ONLY""}",FINNEXUS_RESEARCH_DATASET_V17_1,FINNEXUS_TEMPORAL_KG_V1_0,CORE,FINNEXUS_LAYERED_KG_V3_0
time:2021-08-04,Time,2021-08-04,,2021-08-04,,,,True,"{""resolution"": ""DATE_ONLY""}",FINNEXUS_RESEARCH_DATASET_V17_1,FINNEXUS_TEMPORAL_KG_V1_0,CORE,FINNEXUS_LAYERED_KG_V3_0
time:2021-08-12,Time,2021-08-12,,2021-08-12,,,,True,"{""resolution"": ""DATE_ONLY""}",FINNEXUS_RESEARCH_DATASET_V17_1,FINNEXUS_TEMPORAL_KG_V1_0,CORE,FINNEXUS_LAYERED_KG_V3_0
time:2021-08-13,Time,2021-08-13,,2021-08-13,,,,True,"{""resolution"": ""DATE_ONLY""}",FINNEXUS_RESEARCH_DATASET_V17_1,FINNEXUS_TEMPORAL_KG_V1_0,CORE,FINNEXUS_LAYERED_KG_V3_0
time:2021-08-14,Time,2021-08-14,,2021-08-14,,,,True,"{""resolution"": ""DATE_ONLY""}",FINNEXUS_RESEARCH_DATASET_V17_1,FINNEXUS_TEMPORAL_KG_V1_0,CORE,FINNEXUS_LAYERED_KG_V3_0
time:2021-08-15,Time,2021-08-15,,2021-08-15,,,,True,"{""resolution"": ""DATE_ONLY""}",FINNEXUS_RESEARCH_DATASET_V17_1,FINNEXUS_TEMPORAL_KG_V1_0,CORE,FINNEXUS_LAYERED_KG_V3_0
time:2021-08-16,Time,2021-08-16,,2021-08-16,,,,True,"{""resolution"": ""DATE_ONLY""}",FINNEXUS_RESEARCH_DATASET_V17_1,FINNEXUS_TEMPORAL_KG_V1_0,CORE,FINNEXUS_LAYERED_KG_V3_0
time:2021-08-19,Time,2021-08-19,,2021-08-19,,,,True,"{""resolution"": ""DATE_ONLY""}",FINNEXUS_RESEARCH_DATASET_V17_1,FINNEXUS_TEMPORAL_KG_V1_0,CORE,FINNEXUS_LAYERED_KG_V3_0
time:2021-08-20,Time,2021-08-20,,2021-08-20,,,,True,"{""resolution"": ""DATE_ONLY""}",FINNEXUS_RESEARCH_DATASET_V17_1,FINNEXUS_TEMPORAL_KG_V1_0,CORE,FINNEXUS_LAYERED_KG_V3_0
time:2021-08-23,Time,2021-08-23,,2021-08-23,,,,True,"{""resolution"": ""DATE_ONLY""}",FINNEXUS_RESEARCH_DATASET_V17_1,FINNEXUS_TEMPORAL_KG_V1_0,CORE,FINNEXUS_LAYERED_KG_V3_0
time:2021-08-24,Time,2021-08-24,,2021-08-24,,,,True,"{""resolution"": ""DATE_ONLY""}",FINNEXUS_RESEARCH_DATASET_V17_1,FINNEXUS_TEMPORAL_KG_V1_0,CORE,FINNEXUS_LAYERED_KG_V3_0
time:2021-08-27,Time,2021-08-27,,2021-08-27,,,,True,"{""resolution"": ""DATE_ONLY""}",FINNEXUS_RESEARCH_DATASET_V17_1,FINNEXUS_TEMPORAL_KG_V1_0,CORE,FINNEXUS_LAYERED_KG_V3_0
time:2021-08-28,Time,2021-08-28,,2021-08-28,,,,True,"{""resolution"": ""DATE_ONLY""}",FINNEXUS_RESEARCH_DATASET_V17_1,FINNEXUS_TEMPORAL_KG_V1_0,CORE,FINNEXUS_LAYERED_KG_V3_0
time:2021-08-31,Time,2021-08-31,,2021-08-31,,,,True,"{""resolution"": ""DATE_ONLY""}",FINNEXUS_RESEARCH_DATASET_V17_1,FINNEXUS_TEMPORAL_KG_V1_0,CORE,FINNEXUS_LAYERED_KG_V3_0
time:2021-09-06,Time,2021-09-06,,2021-09-06,,,,True,"{""resolution"": ""DATE_ONLY""}",FINNEXUS_RESEARCH_DATASET_V17_1,FINNEXUS_TEMPORAL_KG_V1_0,CORE,FINNEXUS_LAYERED_KG_V3_0
time:2021-09-08,Time,2021-09-08,,2021-09-08,,,,True,"{""resolution"": ""DATE_ONLY""}",FINNEXUS_RESEARCH_DATASET_V17_1,FINNEXUS_TEMPORAL_KG_V1_0,CORE,FINNEXUS_LAYERED_KG_V3_0
time:2021-09-11,Time,2021-09-11,,2021-09-11,,,,True,"{""resolution"": ""DATE_ONLY""}",FINNEXUS_RESEARCH_DATASET_V17_1,FINNEXUS_TEMPORAL_KG_V1_0,CORE,FINNEXUS_LAYERED_KG_V3_0
time:2021-09-13,Time,2021-09-13,,2021-09-13,,,,True,"{""resolution"": ""DATE_ONLY""}",FINNEXUS_RESEARCH_DATASET_V17_1,FINNEXUS_TEMPORAL_KG_V1_0,CORE,FINNEXUS_LAYERED_KG_V3_0
time:2021-09-15,Time,2021-09-15,,2021-09-15,,,,True,"{""resolution"": ""DATE_ONLY""}",FINNEXUS_RESEARCH_DATASET_V17_1,FINNEXUS_TEMPORAL_KG_V1_0,CORE,FINNEXUS_LAYERED_KG_V3_0
time:2021-09-16,Time,2021-09-16,,2021-09-16,,,,True,"{""resolution"": ""DATE_ONLY""}",FINNEXUS_RESEARCH_DATASET_V17_1,FINNEXUS_TEMPORAL_KG_V1_0,CORE,FINNEXUS_LAYERED_KG_V3_0
time:2021-09-19,Time,2021-09-19,,2021-09-19,,,,True,"{""resolution"": ""DATE_ONLY""}",FINNEXUS_RESEARCH_DATASET_V17_1,FINNEXUS_TEMPORAL_KG_V1_0,CORE,FINNEXUS_LAYERED_KG_V3_0
time:2021-09-23,Time,2021-09-23,,2021-09-23,,,,True,"{""resolution"": ""DATE_ONLY""}",FINNEXUS_RESEARCH_DATASET_V17_1,FINNEXUS_TEMPORAL_KG_V1_0,CORE,FINNEXUS_LAYERED_KG_V3_0
time:2021-09-25,Time,2021-09-25,,2021-09-25,,,,True,"{""resolution"": ""DATE_ONLY""}",FINNEXUS_RESEARCH_DATASET_V17_1,FINNEXUS_TEMPORAL_KG_V1_0,CORE,FINNEXUS_LAYERED_KG_V3_0
time:2021-09-26,Time,2021-09-26,,2021-09-26,,,,True,"{""resolution"": ""DATE_ONLY""}",FINNEXUS_RESEARCH_DATASET_V17_1,FINNEXUS_TEMPORAL_KG_V1_0,CORE,FINNEXUS_LAYERED_KG_V3_0
time:2021-09-27,Time,2021-09-27,,2021-09-27,,,,True,"{""resolution"": ""DATE_ONLY""}",FINNEXUS_RESEARCH_DATASET_V17_1,FINNEXUS_TEMPORAL_KG_V1_0,CORE,FINNEXUS_LAYERED_KG_V3_0
time:2021-09-28,Time,2021-09-28,,2021-09-28,,,,True,"{""resolution"": ""DATE_ONLY""}",FINNEXUS_RESEARCH_DATASET_V17_1,FINNEXUS_TEMPORAL_KG_V1_0,CORE,FINNEXUS_LAYERED_KG_V3_0
time:2021-10-05,Time,2021-10-05,,2021-10-05,,,,True,"{""resolution"": ""DATE_ONLY""}",FINNEXUS_RESEARCH_DATASET_V17_1,FINNEXUS_TEMPORAL_KG_V1_0,CORE,FINNEXUS_LAYERED_KG_V3_0
time:2021-10-07,Time,2021-10-07,,2021-10-07,,,,True,"{""resolution"": ""DATE_ONLY""}",FINNEXUS_RESEARCH_DATASET_V17_1,FINNEXUS_TEMPORAL_KG_V1_0,CORE,FINNEXUS_LAYERED_KG_V3_0
time:2021-10-09,Time,2021-10-09,,2021-10-09,,,,True,"{""resolution"": ""DATE_ONLY""}",FINNEXUS_RESEARCH_DATASET_V17_1,FINNEXUS_TEMPORAL_KG_V1_0,CORE,FINNEXUS_LAYERED_KG_V3_0
time:2021-10-12,Time,2021-10-12,,2021-10-12,,,,True,"{""resolution"": ""DATE_ONLY""}",FINNEXUS_RESEARCH_DATASET_V17_1,FINNEXUS_TEMPORAL_KG_V1_0,CORE,FINNEXUS_LAYERED_KG_V3_0
time:2021-10-15,Time,2021-10-15,,2021-10-15,,,,True,"{""resolution"": ""DATE_ONLY""}",FINNEXUS_RESEARCH_DATASET_V17_1,FINNEXUS_TEMPORAL_KG_V1_0,CORE,FINNEXUS_LAYERED_KG_V3_0
time:2021-10-18,Time,2021-10-18,,2021-10-18,,,,True,"{""resolution"": ""DATE_ONLY""}",FINNEXUS_RESEARCH_DATASET_V17_1,FINNEXUS_TEMPORAL_KG_V1_0,CORE,FINNEXUS_LAYERED_KG_V3_0
time:2021-10-20,Time,2021-10-20,,2021-10-20,,,,True,"{""resolution"": ""DATE_ONLY""}",FINNEXUS_RESEARCH_DATASET_V17_1,FINNEXUS_TEMPORAL_KG_V1_0,CORE,FINNEXUS_LAYERED_KG_V3_0
time:2021-10-22,Time,2021-10-22,,2021-10-22,,,,True,"{""resolution"": ""DATE_ONLY""}",FINNEXUS_RESEARCH_DATASET_V17_1,FINNEXUS_TEMPORAL_KG_V1_0,CORE,FINNEXUS_LAYERED_KG_V3_0
time:2021-10-23,Time,2021-10-23,,2021-10-23,,,,True,"{""resolution"": ""DATE_ONLY""}",FINNEXUS_RESEARCH_DATASET_V17_1,FINNEXUS_TEMPORAL_KG_V1_0,CORE,FINNEXUS_LAYERED_KG_V3_0
time:2021-10-28,Time,2021-10-28,,2021-10-28,,,,True,"{""resolution"": ""DATE_ONLY""}",FINNEXUS_RESEARCH_DATASET_V17_1,FINNEXUS_TEMPORAL_KG_V1_0,CORE,FINNEXUS_LAYERED_KG_V3_0
time:2021-11-03,Time,2021-11-03,,2021-11-03,,,,True,"{""resolution"": ""DATE_ONLY""}",FINNEXUS_RESEARCH_DATASET_V17_1,FINNEXUS_TEMPORAL_KG_V1_0,CORE,FINNEXUS_LAYERED_KG_V3_0
time:2021-11-04,Time,2021-11-04,,2021-11-04,,,,True,"{""resolution"": ""DATE_ONLY""}",FINNEXUS_RESEARCH_DATASET_V17_1,FINNEXUS_TEMPORAL_KG_V1_0,CORE,FINNEXUS_LAYERED_KG_V3_0
time:2021-11-05,Time,2021-11-05,,2021-11-05,,,,True,"{""resolution"": ""DATE_ONLY""}",FINNEXUS_RESEARCH_DATASET_V17_1,FINNEXUS_TEMPORAL_KG_V1_0,CORE,FINNEXUS_LAYERED_KG_V3_0
time:2021-11-08,Time,2021-11-08,,2021-11-08,,,,True,"{""resolution"": ""DATE_ONLY""}",FINNEXUS_RESEARCH_DATASET_V17_1,FINNEXUS_TEMPORAL_KG_V1_0,CORE,FINNEXUS_LAYERED_KG_V3_0
time:2021-11-11,Time,2021-11-11,,2021-11-11,,,,True,"{""resolution"": ""DATE_ONLY""}",FINNEXUS_RESEARCH_DATASET_V17_1,FINNEXUS_TEMPORAL_KG_V1_0,CORE,FINNEXUS_LAYERED_KG_V3_0
time:2021-11-15,Time,2021-11-15,,2021-11-15,,,,True,"{""resolution"": ""DATE_ONLY""}",FINNEXUS_RESEARCH_DATASET_V17_1,FINNEXUS_TEMPORAL_KG_V1_0,CORE,FINNEXUS_LAYERED_KG_V3_0
time:2021-11-16,Time,2021-11-16,,2021-11-16,,,,True,"{""resolution"": ""DATE_ONLY""}",FINNEXUS_RESEARCH_DATASET_V17_1,FINNEXUS_TEMPORAL_KG_V1_0,CORE,FINNEXUS_LAYERED_KG_V3_0
time:2021-11-18,Time,2021-11-18,,2021-11-18,,,,True,"{""resolution"": ""DATE_ONLY""}",FINNEXUS_RESEARCH_DATASET_V17_1,FINNEXUS_TEMPORAL_KG_V1_0,CORE,FINNEXUS_LAYERED_KG_V3_0
time:2021-11-22,Time,2021-11-22,,2021-11-22,,,,True,"{""resolution"": ""DATE_ONLY""}",FINNEXUS_RESEARCH_DATASET_V17_1,FINNEXUS_TEMPORAL_KG_V1_0,CORE,FINNEXUS_LAYERED_KG_V3_0
time:2021-11-25,Time,2021-11-25,,2021-11-25,,,,True,"{""resolution"": ""DATE_ONLY""}",FINNEXUS_RESEARCH_DATASET_V17_1,FINNEXUS_TEMPORAL_KG_V1_0,CORE,FINNEXUS_LAYERED_KG_V3_0
time:2021-11-26,Time,2021-11-26,,2021-11-26,,,,True,"{""resolution"": ""DATE_ONLY""}",FINNEXUS_RESEARCH_DATASET_V17_1,FINNEXUS_TEMPORAL_KG_V1_0,CORE,FINNEXUS_LAYERED_KG_V3_0
time:2021-11-27,Time,2021-11-27,,2021-11-27,,,,True,"{""resolution"": ""DATE_ONLY""}",FINNEXUS_RESEARCH_DATASET_V17_1,FINNEXUS_TEMPORAL_KG_V1_0,CORE,FINNEXUS_LAYERED_KG_V3_0
time:2021-11-28,Time,2021-11-28,,2021-11-28,,,,True,"{""resolution"": ""DATE_ONLY""}",FINNEXUS_RESEARCH_DATASET_V17_1,FINNEXUS_TEMPORAL_KG_V1_0,CORE,FINNEXUS_LAYERED_KG_V3_0
time:2021-11-29,Time,2021-11-29,,2021-11-29,,,,True,"{""resolution"": ""DATE_ONLY""}",FINNEXUS_RESEARCH_DATASET_V17_1,FINNEXUS_TEMPORAL_KG_V1_0,CORE,FINNEXUS_LAYERED_KG_V3_0
time:2021-12-01,Time,2021-12-01,,2021-12-01,,,,True,"{""resolution"": ""DATE_ONLY""}",FINNEXUS_RESEARCH_DATASET_V17_1,FINNEXUS_TEMPORAL_KG_V1_0,CORE,FINNEXUS_LAYERED_KG_V3_0
time:2021-12-04,Time,2021-12-04,,2021-12-04,,,,True,"{""resolution"": ""DATE_ONLY""}",FINNEXUS_RESEARCH_DATASET_V17_1,FINNEXUS_TEMPORAL_KG_V1_0,CORE,FINNEXUS_LAYERED_KG_V3_0
time:2021-12-08,Time,2021-12-08,,2021-12-08,,,,True,"{""resolution"": ""DATE_ONLY""}",FINNEXUS_RESEARCH_DATASET_V17_1,FINNEXUS_TEMPORAL_KG_V1_0,CORE,FINNEXUS_LAYERED_KG_V3_0
time:2021-12-10,Time,2021-12-10,,2021-12-10,,,,True,"{""resolution"": ""DATE_ONLY""}",FINNEXUS_RESEARCH_DATASET_V17_1,FINNEXUS_TEMPORAL_KG_V1_0,CORE,FINNEXUS_LAYERED_KG_V3_0
time:2021-12-11,Time,2021-12-11,,2021-12-11,,,,True,"{""resolution"": ""DATE_ONLY""}",FINNEXUS_RESEARCH_DATASET_V17_1,FINNEXUS_TEMPORAL_KG_V1_0,CORE,FINNEXUS_LAYERED_KG_V3_0
time:2021-12-15,Time,2021-12-15,,2021-12-15,,,,True,"{""resolution"": ""DATE_ONLY""}",FINNEXUS_RESEARCH_DATASET_V17_1,FINNEXUS_TEMPORAL_KG_V1_0,CORE,FINNEXUS_LAYERED_KG_V3_0
time:2021-12-18,Time,2021-12-18,,2021-12-18,,,,True,"{""resolution"": ""DATE_ONLY""}",FINNEXUS_RESEARCH_DATASET_V17_1,FINNEXUS_TEMPORAL_KG_V1_0,CORE,FINNEXUS_LAYERED_KG_V3_0
time:2021-12-22,Time,2021-12-22,,2021-12-22,,,,True,"{""resolution"": ""DATE_ONLY""}",FINNEXUS_RESEARCH_DATASET_V17_1,FINNEXUS_TEMPORAL_KG_V1_0,CORE,FINNEXUS_LAYERED_KG_V3_0
time:2021-12-23,Time,2021-12-23,,2021-12-23,,,,True,"{""resolution"": ""DATE_ONLY""}",FINNEXUS_RESEARCH_DATASET_V17_1,FINNEXUS_TEMPORAL_KG_V1_0,CORE,FINNEXUS_LAYERED_KG_V3_0
time:2021-12-24,Time,2021-12-24,,2021-12-24,,,,True,"{""resolution"": ""DATE_ONLY""}",FINNEXUS_RESEARCH_DATASET_V17_1,FINNEXUS_TEMPORAL_KG_V1_0,CORE,FINNEXUS_LAYERED_KG_V3_0
time:2021-12-25,Time,2021-12-25,,2021-12-25,,,,True,"{""resolution"": ""DATE_ONLY""}",FINNEXUS_RESEARCH_DATASET_V17_1,FINNEXUS_TEMPORAL_KG_V1_0,CORE,FINNEXUS_LAYERED_KG_V3_0
time:2021-12-28,Time,2021-12-28,,2021-12-28,,,,True,"{""resolution"": ""DATE_ONLY""}",FINNEXUS_RESEARCH_DATASET_V17_1,FINNEXUS_TEMPORAL_KG_V1_0,CORE,FINNEXUS_LAYERED_KG_V3_0
time:2021-12-29,Time,2021-12-29,,2021-12-29,,,,True,"{""resolution"": ""DATE_ONLY""}",FINNEXUS_RESEARCH_DATASET_V17_1,FINNEXUS_TEMPORAL_KG_V1_0,CORE,FINNEXUS_LAYERED_KG_V3_0
time:2022-01-01,Time,2022-01-01,,2022-01-01,,,,True,"{""resolution"": ""DATE_ONLY""}",FINNEXUS_RESEARCH_DATASET_V17_1,FINNEXUS_TEMPORAL_KG_V1_0,CORE,FINNEXUS_LAYERED_KG_V3_0
time:2022-01-02,Time,2022-01-02,,2022-01-02,,,,True,"{""resolution"": ""DATE_ONLY""}",FINNEXUS_RESEARCH_DATASET_V17_1,FINNEXUS_TEMPORAL_KG_V1_0,CORE,FINNEXUS_LAYERED_KG_V3_0
time:2022-01-04,Time,2022-01-04,,2022-01-04,,,,True,"{""resolution"": ""DATE_ONLY""}",FINNEXUS_RESEARCH_DATASET_V17_1,FINNEXUS_TEMPORAL_KG_V1_0,CORE,FINNEXUS_LAYERED_KG_V3_0
time:2022-01-06,Time,2022-01-06,,2022-01-06,,,,True,"{""resolution"": ""DATE_ONLY""}",FINNEXUS_RESEARCH_DATASET_V17_1,FINNEXUS_TEMPORAL_KG_V1_0,CORE,FINNEXUS_LAYERED_KG_V3_0
time:2022-01-07,Time,2022-01-07,,2022-01-07,,,,True,"{""resolution"": ""DATE_ONLY""}",FINNEXUS_RESEARCH_DATASET_V17_1,FINNEXUS_TEMPORAL_KG_V1_0,CORE,FINNEXUS_LAYERED_KG_V3_0
time:2022-01-08,Time,2022-01-08,,2022-01-08,,,,True,"{""resolution"": ""DATE_ONLY""}",FINNEXUS_RESEARCH_DATASET_V17_1,FINNEXUS_TEMPORAL_KG_V1_0,CORE,FINNEXUS_LAYERED_KG_V3_0
time:2022-01-10,Time,2022-01-10,,2022-01-10,,,,True,"{""resolution"": ""DATE_ONLY""}",FINNEXUS_RESEARCH_DATASET_V17_1,FINNEXUS_TEMPORAL_KG_V1_0,CORE,FINNEXUS_LAYERED_KG_V3_0
time:2022-01-14,Time,2022-01-14,,2022-01-14,,,,True,"{""resolution"": ""DATE_ONLY""}",FINNEXUS_RESEARCH_DATASET_V17_1,FINNEXUS_TEMPORAL_KG_V1_0,CORE,FINNEXUS_LAYERED_KG_V3_0
time:2022-01-15,Time,2022-01-15,,2022-01-15,,,,True,"{""resolution"": ""DATE_ONLY""}",FINNEXUS_RESEARCH_DATASET_V17_1,FINNEXUS_TEMPORAL_KG_V1_0,CORE,FINNEXUS_LAYERED_KG_V3_0
time:2022-01-17,Time,2022-01-17,,2022-01-17,,,,True,"{""resolution"": ""DATE_ONLY""}",FINNEXUS_RESEARCH_DATASET_V17_1,FINNEXUS_TEMPORAL_KG_V1_0,CORE,FINNEXUS_LAYERED_KG_V3_0
time:2022-01-19,Time,2022-01-19,,2022-01-19,,,,True,"{""resolution"": ""DATE_ONLY""}",FINNEXUS_RESEARCH_DATASET_V17_1,FINNEXUS_TEMPORAL_KG_V1_0,CORE,FINNEXUS_LAYERED_KG_V3_0
time:2022-01-20,Time,2022-01-20,,2022-01-20,,,,True,"{""resolution"": ""DATE_ONLY""}",FINNEXUS_RESEARCH_DATASET_V17_1,FINNEXUS_TEMPORAL_KG_V1_0,CORE,FINNEXUS_LAYERED_KG_V3_0
time:2022-01-28,Time,2022-01-28,,2022-01-28,,,,True,"{""resolution"": ""DATE_ONLY""}",FINNEXUS_RESEARCH_DATASET_V17_1,FINNEXUS_TEMPORAL_KG_V1_0,CORE,FINNEXUS_LAYERED_KG_V3_0
time:2022-02-03,Time,2022-02-03,,2022-02-03,,,,True,"{""resolution"": ""DATE_ONLY""}",FINNEXUS_RESEARCH_DATASET_V17_1,FINNEXUS_TEMPORAL_KG_V1_0,CORE,FINNEXUS_LAYERED_KG_V3_0
time:2022-02-05,Time,2022-02-05,,2022-02-05,,,,True,"{""resolution"": ""DATE_ONLY""}",FINNEXUS_RESEARCH_DATASET_V17_1,FINNEXUS_TEMPORAL_KG_V1_0,CORE,FINNEXUS_LAYERED_KG_V3_0
time:2022-02-08,Time,2022-02-08,,2022-02-08,,,,True,"{""resolution"": ""DATE_ONLY""}",FINNEXUS_RESEARCH_DATASET_V17_1,FINNEXUS_TEMPORAL_KG_V1_0,CORE,FINNEXUS_LAYERED_KG_V3_0
time:2022-02-15,Time,2022-02-15,,2022-02-15,,,,True,"{""resolution"": ""DATE_ONLY""}",FINNEXUS_RESEARCH_DATASET_V17_1,FINNEXUS_TEMPORAL_KG_V1_0,CORE,FINNEXUS_LAYERED_KG_V3_0
time:2022-02-18,Time,2022-02-18,,2022-02-18,,,,True,"{""resolution"": ""DATE_ONLY""}",FINNEXUS_RESEARCH_DATASET_V17_1,FINNEXUS_TEMPORAL_KG_V1_0,CORE,FINNEXUS_LAYERED_KG_V3_0
time:2022-02-19,Time,2022-02-19,,2022-02-19,,,,True,"{""resolution"": ""DATE_ONLY""}",FINNEXUS_RESEARCH_DATASET_V17_1,FINNEXUS_TEMPORAL_KG_V1_0,CORE,FINNEXUS_LAYERED_KG_V3_0
time:2022-02-23,Time,2022-02-23,,2022-02-23,,,,True,"{""resolution"": ""DATE_ONLY""}",FINNEXUS_RESEARCH_DATASET_V17_1,FINNEXUS_TEMPORAL_KG_V1_0,CORE,FINNEXUS_LAYERED_KG_V3_0
time:2022-02-25,Time,2022-02-25,,2022-02-25,,,,True,"{""resolution"": ""DATE_ONLY""}",FINNEXUS_RESEARCH_DATASET_V17_1,FINNEXUS_TEMPORAL_KG_V1_0,CORE,FINNEXUS_LAYERED_KG_V3_0
time:2022-02-26,Time,2022-02-26,,2022-02-26,,,,True,"{""resolution"": ""DATE_ONLY""}",FINNEXUS_RESEARCH_DATASET_V17_1,FINNEXUS_TEMPORAL_KG_V1_0,CORE,FINNEXUS_LAYERED_KG_V3_0
time:2022-02-27,Time,2022-02-27,,2022-02-27,,,,True,"{""resolution"": ""DATE_ONLY""}",FINNEXUS_RESEARCH_DATASET_V17_1,FINNEXUS_TEMPORAL_KG_V1_0,CORE,FINNEXUS_LAYERED_KG_V3_0
time:2022-02-28,Time,2022-02-28,,2022-02-28,,,,True,"{""resolution"": ""DATE_ONLY""}",FINNEXUS_RESEARCH_DATASET_V17_1,FINNEXUS_TEMPORAL_KG_V1_0,CORE,FINNEXUS_LAYERED_KG_V3_0
time:2022-03-02,Time,2022-03-02,,2022-03-02,,,,True,"{""resolution"": ""DATE_ONLY""}",FINNEXUS_RESEARCH_DATASET_V17_1,FINNEXUS_TEMPORAL_KG_V1_0,CORE,FINNEXUS_LAYERED_KG_V3_0
time:2022-03-03,Time,2022-03-03,,2022-03-03,,,,True,"{""resolution"": ""DATE_ONLY""}",FINNEXUS_RESEARCH_DATASET_V17_1,FINNEXUS_TEMPORAL_KG_V1_0,CORE,FINNEXUS_LAYERED_KG_V3_0
time:2022-03-06,Time,2022-03-06,,2022-03-06,,,,True,"{""resolution"": ""DATE_ONLY""}",FINNEXUS_RESEARCH_DATASET_V17_1,FINNEXUS_TEMPORAL_KG_V1_0,CORE,FINNEXUS_LAYERED_KG_V3_0
time:2022-03-07,Time,2022-03-07,,2022-03-07,,,,True,"{""resolution"": ""DATE_ONLY""}",FINNEXUS_RESEARCH_DATASET_V17_1,FINNEXUS_TEMPORAL_KG_V1_0,CORE,FINNEXUS_LAYERED_KG_V3_0
time:2022-03-08,Time,2022-03-08,,2022-03-08,,,,True,"{""resolution"": ""DATE_ONLY""}",FINNEXUS_RESEARCH_DATASET_V17_1,FINNEXUS_TEMPORAL_KG_V1_0,CORE,FINNEXUS_LAYERED_KG_V3_0
time:2022-03-09,Time,2022-03-09,,2022-03-09,,,,True,"{""resolution"": ""DATE_ONLY""}",FINNEXUS_RESEARCH_DATASET_V17_1,FINNEXUS_TEMPORAL_KG_V1_0,CORE,FINNEXUS_LAYERED_KG_V3_0
time:2022-03-10,Time,2022-03-10,,2022-03-10,,,,True,"{""resolution"": ""DATE_ONLY""}",FINNEXUS_RESEARCH_DATASET_V17_1,FINNEXUS_TEMPORAL_KG_V1_0,CORE,FINNEXUS_LAYERED_KG_V3_0
time:2022-03-14,Time,2022-03-14,,2022-03-14,,,,True,"{""resolution"": ""DATE_ONLY""}",FINNEXUS_RESEARCH_DATASET_V17_1,FINNEXUS_TEMPORAL_KG_V1_0,CORE,FINNEXUS_LAYERED_KG_V3_0
time:2022-03-16,Time,2022-03-16,,2022-03-16,,,,True,"{""resolution"": ""DATE_ONLY""}",FINNEXUS_RESEARCH_DATASET_V17_1,FINNEXUS_TEMPORAL_KG_V1_0,CORE,FINNEXUS_LAYERED_KG_V3_0
time:2022-03-19,Time,2022-03-19,,2022-03-19,,,,True,"{""resolution"": ""DATE_ONLY""}",FINNEXUS_RESEARCH_DATASET_V17_1,FINNEXUS_TEMPORAL_KG_V1_0,CORE,FINNEXUS_LAYERED_KG_V3_0
time:2022-03-23,Time,2022-03-23,,2022-03-23,,,,True,"{""resolution"": ""DATE_ONLY""}",FINNEXUS_RESEARCH_DATASET_V17_1,FINNEXUS_TEMPORAL_KG_V1_0,CORE,FINNEXUS_LAYERED_KG_V3_0
time:2022-03-25,Time,2022-03-25,,2022-03-25,,,,True,"{""resolution"": ""DATE_ONLY""}",FINNEXUS_RESEARCH_DATASET_V17_1,FINNEXUS_TEMPORAL_KG_V1_0,CORE,FINNEXUS_LAYERED_KG_V3_0
time:2022-03-30,Time,2022-03-30,,2022-03-30,,,,True,"{""resolution"": ""DATE_ONLY""}",FINNEXUS_RESEARCH_DATASET_V17_1,FINNEXUS_TEMPORAL_KG_V1_0,CORE,FINNEXUS_LAYERED_KG_V3_0
time:2022-03-31,Time,2022-03-31,,2022-03-31,,,,True,"{""resolution"": ""DATE_ONLY""}",FINNEXUS_RESEARCH_DATASET_V17_1,FINNEXUS_TEMPORAL_KG_V1_0,CORE,FINNEXUS_LAYERED_KG_V3_0
time:2022-04-02,Time,2022-04-02,,2022-04-02,,,,True,"{""resolution"": ""DATE_ONLY""}",FINNEXUS_RESEARCH_DATASET_V17_1,FINNEXUS_TEMPORAL_KG_V1_0,CORE,FINNEXUS_LAYERED_KG_V3_0
time:2022-04-03,Time,2022-04-03,,2022-04-03,,,,True,"{""resolution"": ""DATE_ONLY""}",FINNEXUS_RESEARCH_DATASET_V17_1,FINNEXUS_TEMPORAL_KG_V1_0,CORE,FINNEXUS_LAYERED_KG_V3_0
time:2022-04-04,Time,2022-04-04,,2022-04-04,,,,True,"{""resolution"": ""DATE_ONLY""}",FINNEXUS_RESEARCH_DATASET_V17_1,FINNEXUS_TEMPORAL_KG_V1_0,CORE,FINNEXUS_LAYERED_KG_V3_0
time:2022-04-05,Time,2022-04-05,,2022-04-05,,,,True,"{""resolution"": ""DATE_ONLY""}",FINNEXUS_RESEARCH_DATASET_V17_1,FINNEXUS_TEMPORAL_KG_V1_0,CORE,FINNEXUS_LAYERED_KG_V3_0
time:2022-04-07,Time,2022-04-07,,2022-04-07,,,,True,"{""resolution"": ""DATE_ONLY""}",FINNEXUS_RESEARCH_DATASET_V17_1,FINNEXUS_TEMPORAL_KG_V1_0,CORE,FINNEXUS_LAYERED_KG_V3_0
time:2022-04-08,Time,2022-04-08,,2022-04-08,,,,True,"{""resolution"": ""DATE_ONLY""}",FINNEXUS_RESEARCH_DATASET_V17_1,FINNEXUS_TEMPORAL_KG_V1_0,CORE,FINNEXUS_LAYERED_KG_V3_0
time:2022-04-12,Time,2022-04-12,,2022-04-12,,,,True,"{""resolution"": ""DATE_ONLY""}",FINNEXUS_RESEARCH_DATASET_V17_1,FINNEXUS_TEMPORAL_KG_V1_0,CORE,FINNEXUS_LAYERED_KG_V3_0
time:2022-04-14,Time,2022-04-14,,2022-04-14,,,,True,"{""resolution"": ""DATE_ONLY""}",FINNEXUS_RESEARCH_DATASET_V17_1,FINNEXUS_TEMPORAL_KG_V1_0,CORE,FINNEXUS_LAYERED_KG_V3_0
time:2022-04-15,Time,2022-04-15,,2022-04-15,,,,True,"{""resolution"": ""DATE_ONLY""}",FINNEXUS_RESEARCH_DATASET_V17_1,FINNEXUS_TEMPORAL_KG_V1_0,CORE,FINNEXUS_LAYERED_KG_V3_0
time:2022-04-16,Time,2022-04-16,,2022-04-16,,,,True,"{""resolution"": ""DATE_ONLY""}",FINNEXUS_RESEARCH_DATASET_V17_1,FINNEXUS_TEMPORAL_KG_V1_0,CORE,FINNEXUS_LAYERED_KG_V3_0
time:2022-04-17,Time,2022-04-17,,2022-04-17,,,,True,"{""resolution"": ""DATE_ONLY""}",FINNEXUS_RESEARCH_DATASET_V17_1,FINNEXUS_TEMPORAL_KG_V1_0,CORE,FINNEXUS_LAYERED_KG_V3_0
time:2022-04-18,Time,2022-04-18,,2022-04-18,,,,True,"{""resolution"": ""DATE_ONLY""}",FINNEXUS_RESEARCH_DATASET_V17_1,FINNEXUS_TEMPORAL_KG_V1_0,CORE,FINNEXUS_LAYERED_KG_V3_0
time:2022-04-19,Time,2022-04-19,,2022-04-19,,,,True,"{""resolution"": ""DATE_ONLY""}",FINNEXUS_RESEARCH_DATASET_V17_1,FINNEXUS_TEMPORAL_KG_V1_0,CORE,FINNEXUS_LAYERED_KG_V3_0
time:2022-04-20,Time,2022-04-20,,2022-04-20,,,,True,"{""resolution"": ""DATE_ONLY""}",FINNEXUS_RESEARCH_DATASET_V17_1,FINNEXUS_TEMPORAL_KG_V1_0,CORE,FINNEXUS_LAYERED_KG_V3_0
time:2022-04-21,Time,2022-04-21,,2022-04-21,,,,True,"{""resolution"": ""DATE_ONLY""}",FINNEXUS_RESEARCH_DATASET_V17_1,FINNEXUS_TEMPORAL_KG_V1_0,CORE,FINNEXUS_LAYERED_KG_V3_0
time:2022-04-26,Time,2022-04-26,,2022-04-26,,,,True,"{""resolution"": ""DATE_ONLY""}",FINNEXUS_RESEARCH_DATASET_V17_1,FINNEXUS_TEMPORAL_KG_V1_0,CORE,FINNEXUS_LAYERED_KG_V3_0
time:2022-04-28,Time,2022-04-28,,2022-04-28,,,,True,"{""resolution"": ""DATE_ONLY""}",FINNEXUS_RESEARCH_DATASET_V17_1,FINNEXUS_TEMPORAL_KG_V1_0,CORE,FINNEXUS_LAYERED_KG_V3_0
time:2022-04-29,Time,2022-04-29,,2022-04-29,,,,True,"{""resolution"": ""DATE_ONLY""}",FINNEXUS_RESEARCH_DATASET_V17_1,FINNEXUS_TEMPORAL_KG_V1_0,CORE,FINNEXUS_LAYERED_KG_V3_0
time:2022-05-01,Time,2022-05-01,,2022-05-01,,,,True,"{""resolution"": ""DATE_ONLY""}",FINNEXUS_RESEARCH_DATASET_V17_1,FINNEXUS_TEMPORAL_KG_V1_0,CORE,FINNEXUS_LAYERED_KG_V3_0
time:2022-05-04,Time,2022-05-04,,2022-05-04,,,,True,"{""resolution"": ""DATE_ONLY""}",FINNEXUS_RESEARCH_DATASET_V17_1,FINNEXUS_TEMPORAL_KG_V1_0,CORE,FINNEXUS_LAYERED_KG_V3_0
time:2022-05-09,Time,2022-05-09,,2022-05-09,,,,True,"{""resolution"": ""DATE_ONLY""}",FINNEXUS_RESEARCH_DATASET_V17_1,FINNEXUS_TEMPORAL_KG_V1_0,CORE,FINNEXUS_LAYERED_KG_V3_0
time:2022-05-10,Time,2022-05-10,,2022-05-10,,,,True,"{""resolution"": ""DATE_ONLY""}",FINNEXUS_RESEARCH_DATASET_V17_1,FINNEXUS_TEMPORAL_KG_V1_0,CORE,FINNEXUS_LAYERED_KG_V3_0
time:2022-05-13,Time,2022-05-13,,2022-05-13,,,,True,"{""resolution"": ""DATE_ONLY""}",FINNEXUS_RESEARCH_DATASET_V17_1,FINNEXUS_TEMPORAL_KG_V1_0,CORE,FINNEXUS_LAYERED_KG_V3_0
time:2022-05-23,Time,2022-05-23,,2022-05-23,,,,True,"{""resolution"": ""DATE_ONLY""}",FINNEXUS_RESEARCH_DATASET_V17_1,FINNEXUS_TEMPORAL_KG_V1_0,CORE,FINNEXUS_LAYERED_KG_V3_0
time:2022-05-24,Time,2022-05-24,,2022-05-24,,,,True,"{""resolution"": ""DATE_ONLY""}",FINNEXUS_RESEARCH_DATASET_V17_1,FINNEXUS_TEMPORAL_KG_V1_0,CORE,FINNEXUS_LAYERED_KG_V3_0
time:2022-05-25,Time,2022-05-25,,2022-05-25,,,,True,"{""resolution"": ""DATE_ONLY""}",FINNEXUS_RESEARCH_DATASET_V17_1,FINNEXUS_TEMPORAL_KG_V1_0,CORE,FINNEXUS_LAYERED_KG_V3_0
time:2022-05-26,Time,2022-05-26,,2022-05-26,,,,True,"{""resolution"": ""DATE_ONLY""}",FINNEXUS_RESEARCH_DATASET_V17_1,FINNEXUS_TEMPORAL_KG_V1_0,CORE,FINNEXUS_LAYERED_KG_V3_0
time:2022-05-27,Time,2022-05-27,,2022-05-27,,,,True,"{""resolution"": ""DATE_ONLY""}",FINNEXUS_RESEARCH_DATASET_V17_1,FINNEXUS_TEMPORAL_KG_V1_0,CORE,FINNEXUS_LAYERED_KG_V3_0
time:2022-05-28,Time,2022-05-28,,2022-05-28,,,,True,"{""resolution"": ""DATE_ONLY""}",FINNEXUS_RESEARCH_DATASET_V17_1,FINNEXUS_TEMPORAL_KG_V1_0,CORE,FINNEXUS_LAYERED_KG_V3_0
time:2022-05-29,Time,2022-05-29,,2022-05-29,,,,True,"{""resolution"": ""DATE_ONLY""}",FINNEXUS_RESEARCH_DATASET_V17_1,FINNEXUS_TEMPORAL_KG_V1_0,CORE,FINNEXUS_LAYERED_KG_V3_0
time:2022-06-02,Time,2022-06-02,,2022-06-02,,,,True,"{""resolution"": ""DATE_ONLY""}",FINNEXUS_RESEARCH_DATASET_V17_1,FINNEXUS_TEMPORAL_KG_V1_0,CORE,FINNEXUS_LAYERED_KG_V3_0
time:2022-06-03,Time,2022-06-03,,2022-06-03,,,,True,"{""resolution"": ""DATE_ONLY""}",FINNEXUS_RESEARCH_DATASET_V17_1,FINNEXUS_TEMPORAL_KG_V1_0,CORE,FINNEXUS_LAYERED_KG_V3_0
time:2022-06-07,Time,2022-06-07,,2022-06-07,,,,True,"{""resolution"": ""DATE_ONLY""}",FINNEXUS_RESEARCH_DATASET_V17_1,FINNEXUS_TEMPORAL_KG_V1_0,CORE,FINNEXUS_LAYERED_KG_V3_0
time:2022-06-08,Time,2022-06-08,,2022-06-08,,,,True,"{""resolution"": ""DATE_ONLY""}",FINNEXUS_RESEARCH_DATASET_V17_1,FINNEXUS_TEMPORAL_KG_V1_0,CORE,FINNEXUS_LAYERED_KG_V3_0
time:2022-06-09,Time,2022-06-09,,2022-06-09,,,,True,"{""resolution"": ""DATE_ONLY""}",FINNEXUS_RESEARCH_DATASET_V17_1,FINNEXUS_TEMPORAL_KG_V1_0,CORE,FINNEXUS_LAYERED_KG_V3_0
time:2022-06-13,Time,2022-06-13,,2022-06-13,,,,True,"{""resolution"": ""DATE_ONLY""}",FINNEXUS_RESEARCH_DATASET_V17_1,FINNEXUS_TEMPORAL_KG_V1_0,CORE,FINNEXUS_LAYERED_KG_V3_0
time:2022-06-17,Time,2022-06-17,,2022-06-17,,,,True,"{""resolution"": ""DATE_ONLY""}",FINNEXUS_RESEARCH_DATASET_V17_1,FINNEXUS_TEMPORAL_KG_V1_0,CORE,FINNEXUS_LAYERED_KG_V3_0
time:2022-06-19,Time,2022-06-19,,2022-06-19,,,,True,"{""resolution"": ""DATE_ONLY""}",FINNEXUS_RESEARCH_DATASET_V17_1,FINNEXUS_TEMPORAL_KG_V1_0,CORE,FINNEXUS_LAYERED_KG_V3_0
time:2022-06-21,Time,2022-06-21,,2022-06-21,,,,True,"{""resolution"": ""DATE_ONLY""}",FINNEXUS_RESEARCH_DATASET_V17_1,FINNEXUS_TEMPORAL_KG_V1_0,CORE,FINNEXUS_LAYERED_KG_V3_0
time:2022-06-22,Time,2022-06-22,,2022-06-22,,,,True,"{""resolution"": ""DATE_ONLY""}",FINNEXUS_RESEARCH_DATASET_V17_1,FINNEXUS_TEMPORAL_KG_V1_0,CORE,FINNEXUS_LAYERED_KG_V3_0
time:2022-06-23,Time,2022-06-23,,2022-06-23,,,,True,"{""resolution"": ""DATE_ONLY""}",FINNEXUS_RESEARCH_DATASET_V17_1,FINNEXUS_TEMPORAL_KG_V1_0,CORE,FINNEXUS_LAYERED_KG_V3_0
time:2022-06-29,Time,2022-06-29,,2022-06-29,,,,True,"{""resolution"": ""DATE_ONLY""}",FINNEXUS_RESEARCH_DATASET_V17_1,FINNEXUS_TEMPORAL_KG_V1_0,CORE,FINNEXUS_LAYERED_KG_V3_0
time:2022-07-04,Time,2022-07-04,,2022-07-04,,,,True,"{""resolution"": ""DATE_ONLY""}",FINNEXUS_RESEARCH_DATASET_V17_1,FINNEXUS_TEMPORAL_KG_V1_0,CORE,FINNEXUS_LAYERED_KG_V3_0
time:2022-07-05,Time,2022-07-05,,2022-07-05,,,,True,"{""resolution"": ""DATE_ONLY""}",FINNEXUS_RESEARCH_DATASET_V17_1,FINNEXUS_TEMPORAL_KG_V1_0,CORE,FINNEXUS_LAYERED_KG_V3_0
time:2022-07-09,Time,2022-07-09,,2022-07-09,,,,True,"{""resolution"": ""DATE_ONLY""}",FINNEXUS_RESEARCH_DATASET_V17_1,FINNEXUS_TEMPORAL_KG_V1_0,CORE,FINNEXUS_LAYERED_KG_V3_0
time:2022-07-10,Time,2022-07-10,,2022-07-10,,,,True,"{""resolution"": ""DATE_ONLY""}",FINNEXUS_RESEARCH_DATASET_V17_1,FINNEXUS_TEMPORAL_KG_V1_0,CORE,FINNEXUS_LAYERED_KG_V3_0
time:2022-07-11,Time,2022-07-11,,2022-07-11,,,,True,"{""resolution"": ""DATE_ONLY""}",FINNEXUS_RESEARCH_DATASET_V17_1,FINNEXUS_TEMPORAL_KG_V1_0,CORE,FINNEXUS_LAYERED_KG_V3_0
time:2022-07-13,Time,2022-07-13,,2022-07-13,,,,True,"{""resolution"": ""DATE_ONLY""}",FINNEXUS_RESEARCH_DATASET_V17_1,FINNEXUS_TEMPORAL_KG_V1_0,CORE,FINNEXUS_LAYERED_KG_V3_0
time:2022-07-15,Time,2022-07-15,,2022-07-15,,,,True,"{""resolution"": ""DATE_ONLY""}",FINNEXUS_RESEARCH_DATASET_V17_1,FINNEXUS_TEMPORAL_KG_V1_0,CORE,FINNEXUS_LAYERED_KG_V3_0
time:2022-07-18,Time,2022-07-18,,2022-07-18,,,,True,"{""resolution"": ""DATE_ONLY""}",FINNEXUS_RESEARCH_DATASET_V17_1,FINNEXUS_TEMPORAL_KG_V1_0,CORE,FINNEXUS_LAYERED_KG_V3_0
time:2022-07-22,Time,2022-07-22,,2022-07-22,,,,True,"{""resolution"": ""DATE_ONLY""}",FINNEXUS_RESEARCH_DATASET_V17_1,FINNEXUS_TEMPORAL_KG_V1_0,CORE,FINNEXUS_LAYERED_KG_V3_0
time:2022-07-27,Time,2022-07-27,,2022-07-27,,,,True,"{""resolution"": ""DATE_ONLY""}",FINNEXUS_RESEARCH_DATASET_V17_1,FINNEXUS_TEMPORAL_KG_V1_0,CORE,FINNEXUS_LAYERED_KG_V3_0
time:2022-07-28,Time,2022-07-28,,2022-07-28,,,,True,"{""resolution"": ""DATE_ONLY""}",FINNEXUS_RESEARCH_DATASET_V17_1,FINNEXUS_TEMPORAL_KG_V1_0,CORE,FINNEXUS_LAYERED_KG_V3_0
time:2022-07-31,Time,2022-07-31,,2022-07-31,,,,True,"{""resolution"": ""DATE_ONLY""}",FINNEXUS_RESEARCH_DATASET_V17_1,FINNEXUS_TEMPORAL_KG_V1_0,CORE,FINNEXUS_LAYERED_KG_V3_0
time:2022-08-01,Time,2022-08-01,,2022-08-01,,,,True,"{""resolution"": ""DATE_ONLY""}",FINNEXUS_RESEARCH_DATASET_V17_1,FINNEXUS_TEMPORAL_KG_V1_0,CORE,FINNEXUS_LAYERED_KG_V3_0
time:2022-08-04,Time,2022-08-04,,2022-08-04,,,,True,"{""resolution"": ""DATE_ONLY""}",FINNEXUS_RESEARCH_DATASET_V17_1,FINNEXUS_TEMPORAL_KG_V1_0,CORE,FINNEXUS_LAYERED_KG_V3_0
time:2022-08-09,Time,2022-08-09,,2022-08-09,,,,True,"{""resolution"": ""DATE_ONLY""}",FINNEXUS_RESEARCH_DATASET_V17_1,FINNEXUS_TEMPORAL_KG_V1_0,CORE,FINNEXUS_LAYERED_KG_V3_0
time:2022-08-15,Time,2022-08-15,,2022-08-15,,,,True,"{""resolution"": ""DATE_ONLY""}",FINNEXUS_RESEARCH_DATASET_V17_1,FINNEXUS_TEMPORAL_KG_V1_0,CORE,FINNEXUS_LAYERED_KG_V3_0
time:2022-08-16,Time,2022-08-16,,2022-08-16,,,,True,"{""resolution"": ""DATE_ONLY""}",FINNEXUS_RESEARCH_DATASET_V17_1,FINNEXUS_TEMPORAL_KG_V1_0,CORE,FINNEXUS_LAYERED_KG_V3_0
time:2022-08-22,Time,2022-08-22,,2022-08-22,,,,True,"{""resolution"": ""DATE_ONLY""}",FINNEXUS_RESEARCH_DATASET_V17_1,FINNEXUS_TEMPORAL_KG_V1_0,CORE,FINNEXUS_LAYERED_KG_V3_0
time:2022-08-23,Time,2022-08-23,,2022-08-23,,,,True,"{""resolution"": ""DATE_ONLY""}",FINNEXUS_RESEARCH_DATASET_V17_1,FINNEXUS_TEMPORAL_KG_V1_0,CORE,FINNEXUS_LAYERED_KG_V3_0
time:2022-08-26,Time,2022-08-26,,2022-08-26,,,,True,"{""resolution"": ""DATE_ONLY""}",FINNEXUS_RESEARCH_DATASET_V17_1,FINNEXUS_TEMPORAL_KG_V1_0,CORE,FINNEXUS_LAYERED_KG_V3_0
time:2022-08-31,Time,2022-08-31,,2022-08-31,,,,True,"{""resolution"": ""DATE_ONLY""}",FINNEXUS_RESEARCH_DATASET_V17_1,FINNEXUS_TEMPORAL_KG_V1_0,CORE,FINNEXUS_LAYERED_KG_V3_0
time:2022-09-05,Time,2022-09-05,,2022-09-05,,,,True,"{""resolution"": ""DATE_ONLY""}",FINNEXUS_RESEARCH_DATASET_V17_1,FINNEXUS_TEMPORAL_KG_V1_0,CORE,FINNEXUS_LAYERED_KG_V3_0
time:2022-09-06,Time,2022-09-06,,2022-09-06,,,,True,"{""resolution"": ""DATE_ONLY""}",FINNEXUS_RESEARCH_DATASET_V17_1,FINNEXUS_TEMPORAL_KG_V1_0,CORE,FINNEXUS_LAYERED_KG_V3_0
time:2022-09-07,Time,2022-09-07,,2022-09-07,,,,True,"{""resolution"": ""DATE_ONLY""}",FINNEXUS_RESEARCH_DATASET_V17_1,FINNEXUS_TEMPORAL_KG_V1_0,CORE,FINNEXUS_LAYERED_KG_V3_0
time:2022-09-11,Time,2022-09-11,,2022-09-11,,,,True,"{""resolution"": ""DATE_ONLY""}",FINNEXUS_RESEARCH_DATASET_V17_1,FINNEXUS_TEMPORAL_KG_V1_0,CORE,FINNEXUS_LAYERED_KG_V3_0
time:2022-09-14,Time,2022-09-14,,2022-09-14,,,,True,"{""resolution"": ""DATE_ONLY""}",FINNEXUS_RESEARCH_DATASET_V17_1,FINNEXUS_TEMPORAL_KG_V1_0,CORE,FINNEXUS_LAYERED_KG_V3_0
time:2022-09-17,Time,2022-09-17,,2022-09-17,,,,True,"{""resolution"": ""DATE_ONLY""}",FINNEXUS_RESEARCH_DATASET_V17_1,FINNEXUS_TEMPORAL_KG_V1_0,CORE,FINNEXUS_LAYERED_KG_V3_0
time:2022-09-18,Time,2022-09-18,,2022-09-18,,,,True,"{""resolution"": ""DATE_ONLY""}",FINNEXUS_RESEARCH_DATASET_V17_1,FINNEXUS_TEMPORAL_KG_V1_0,CORE,FINNEXUS_LAYERED_KG_V3_0
time:2022-09-22,Time,2022-09-22,,2022-09-22,,,,True,"{""resolution"": ""DATE_ONLY""}",FINNEXUS_RESEARCH_DATASET_V17_1,FINNEXUS_TEMPORAL_KG_V1_0,CORE,FINNEXUS_LAYERED_KG_V3_0
time:2022-09-23,Time,2022-09-23,,2022-09-23,,,,True,"{""resolution"": ""DATE_ONLY""}",FINNEXUS_RESEARCH_DATASET_V17_1,FINNEXUS_TEMPORAL_KG_V1_0,CORE,FINNEXUS_LAYERED_KG_V3_0
time:2022-09-26,Time,2022-09-26,,2022-09-26,,,,True,"{""resolution"": ""DATE_ONLY""}",FINNEXUS_RESEARCH_DATASET_V17_1,FINNEXUS_TEMPORAL_KG_V1_0,CORE,FINNEXUS_LAYERED_KG_V3_0
time:2022-09-27,Time,2022-09-27,,2022-09-27,,,,True,"{""resolution"": ""DATE_ONLY""}",FINNEXUS_RESEARCH_DATASET_V17_1,FINNEXUS_TEMPORAL_KG_V1_0,CORE,FINNEXUS_LAYERED_KG_V3_0
time:2022-10-01,Time,2022-10-01,,2022-10-01,,,,True,"{""resolution"": ""DATE_ONLY""}",FINNEXUS_RESEARCH_DATASET_V17_1,FINNEXUS_TEMPORAL_KG_V1_0,CORE,FINNEXUS_LAYERED_KG_V3_0
time:2022-10-05,Time,2022-10-05,,2022-10-05,,,,True,"{""resolution"": ""DATE_ONLY""}",FINNEXUS_RESEARCH_DATASET_V17_1,FINNEXUS_TEMPORAL_KG_V1_0,CORE,FINNEXUS_LAYERED_KG_V3_0
time:2022-10-10,Time,2022-10-10,,2022-10-10,,,,True,"{""resolution"": ""DATE_ONLY""}",FINNEXUS_RESEARCH_DATASET_V17_1,FINNEXUS_TEMPORAL_KG_V1_0,CORE,FINNEXUS_LAYERED_KG_V3_0
time:2022-10-11,Time,2022-10-11,,2022-10-11,,,,True,"{""resolution"": ""DATE_ONLY""}",FINNEXUS_RESEARCH_DATASET_V17_1,FINNEXUS_TEMPORAL_KG_V1_0,CORE,FINNEXUS_LAYERED_KG_V3_0
time:2022-10-19,Time,2022-10-19,,2022-10-19,,,,True,"{""resolution"": ""DATE_ONLY""}",FINNEXUS_RESEARCH_DATASET_V17_1,FINNEXUS_TEMPORAL_KG_V1_0,CORE,FINNEXUS_LAYERED_KG_V3_0
time:2022-10-20,Time,2022-10-20,,2022-10-20,,,,True,"{""resolution"": ""DATE_ONLY""}",FINNEXUS_RESEARCH_DATASET_V17_1,FINNEXUS_TEMPORAL_KG_V1_0,CORE,FINNEXUS_LAYERED_KG_V3_0
time:2022-10-25,Time,2022-10-25,,2022-10-25,,,,True,"{""resolution"": ""DATE_ONLY""}",FINNEXUS_RESEARCH_DATASET_V17_1,FINNEXUS_TEMPORAL_KG_V1_0,CORE,FINNEXUS_LAYERED_KG_V3_0
time:2022-10-28,Time,2022-10-28,,2022-10-28,,,,True,"{""resolution"": ""DATE_ONLY""}",FINNEXUS_RESEARCH_DATASET_V17_1,FINNEXUS_TEMPORAL_KG_V1_0,CORE,FINNEXUS_LAYERED_KG_V3_0
time:2022-10-29,Time,2022-10-29,,2022-10-29,,,,True,"{""resolution"": ""DATE_ONLY""}",FINNEXUS_RESEARCH_DATASET_V17_1,FINNEXUS_TEMPORAL_KG_V1_0,CORE,FINNEXUS_LAYERED_KG_V3_0
time:2022-11-02,Time,2022-11-02,,2022-11-02,,,,True,"{""resolution"": ""DATE_ONLY""}",FINNEXUS_RESEARCH_DATASET_V17_1,FINNEXUS_TEMPORAL_KG_V1_0,CORE,FINNEXUS_LAYERED_KG_V3_0
time:2022-11-03,Time,2022-11-03,,2022-11-03,,,,True,"{""resolution"": ""DATE_ONLY""}",FINNEXUS_RESEARCH_DATASET_V17_1,FINNEXUS_TEMPORAL_KG_V1_0,CORE,FINNEXUS_LAYERED_KG_V3_0
time:2022-11-07,Time,2022-11-07,,2022-11-07,,,,True,"{""resolution"": ""DATE_ONLY""}",FINNEXUS_RESEARCH_DATASET_V17_1,FINNEXUS_TEMPORAL_KG_V1_0,CORE,FINNEXUS_LAYERED_KG_V3_0
time:2022-11-10,Time,2022-11-10,,2022-11-10,,,,True,"{""resolution"": ""DATE_ONLY""}",FINNEXUS_RESEARCH_DATASET_V17_1,FINNEXUS_TEMPORAL_KG_V1_0,CORE,FINNEXUS_LAYERED_KG_V3_0
time:2022-11-11,Time,2022-11-11,,2022-11-11,,,,True,"{""resolution"": ""DATE_ONLY""}",FINNEXUS_RESEARCH_DATASET_V17_1,FINNEXUS_TEMPORAL_KG_V1_0,CORE,FINNEXUS_LAYERED_KG_V3_0
time:2022-11-12,Time,2022-11-12,,2022-11-12,,,,True,"{""resolution"": ""DATE_ONLY""}",FINNEXUS_RESEARCH_DATASET_V17_1,FINNEXUS_TEMPORAL_KG_V1_0,CORE,FINNEXUS_LAYERED_KG_V3_0
time:2022-11-14,Time,2022-11-14,,2022-11-14,,,,True,"{""resolution"": ""DATE_ONLY""}",FINNEXUS_RESEARCH_DATASET_V17_1,FINNEXUS_TEMPORAL_KG_V1_0,CORE,FINNEXUS_LAYERED_KG_V3_0
time:2022-11-15,Time,2022-11-15,,2022-11-15,,,,True,"{""resolution"": ""DATE_ONLY""}",FINNEXUS_RESEARCH_DATASET_V17_1,FINNEXUS_TEMPORAL_KG_V1_0,CORE,FINNEXUS_LAYERED_KG_V3_0
time:2022-11-16,Time,2022-11-16,,2022-11-16,,,,True,"{""resolution"": ""DATE_ONLY""}",FINNEXUS_RESEARCH_DATASET_V17_1,FINNEXUS_TEMPORAL_KG_V1_0,CORE,FINNEXUS_LAYERED_KG_V3_0
time:2022-11-23,Time,2022-11-23,,2022-11-23,,,,True,"{""resolution"": ""DATE_ONLY""}",FINNEXUS_RESEARCH_DATASET_V17_1,FINNEXUS_TEMPORAL_KG_V1_0,CORE,FINNEXUS_LAYERED_KG_V3_0
time:2022-11-28,Time,2022-11-28,,2022-11-28,,,,True,"{""resolution"": ""DATE_ONLY""}",FINNEXUS_RESEARCH_DATASET_V17_1,FINNEXUS_TEMPORAL_KG_V1_0,CORE,FINNEXUS_LAYERED_KG_V3_0
time:2022-12-02,Time,2022-12-02,,2022-12-02,,,,True,"{""resolution"": ""DATE_ONLY""}",FINNEXUS_RESEARCH_DATASET_V17_1,FINNEXUS_TEMPORAL_KG_V1_0,CORE,FINNEXUS_LAYERED_KG_V3_0
time:2022-12-03,Time,2022-12-03,,2022-12-03,,,,True,"{""resolution"": ""DATE_ONLY""}",FINNEXUS_RESEARCH_DATASET_V17_1,FINNEXUS_TEMPORAL_KG_V1_0,CORE,FINNEXUS_LAYERED_KG_V3_0
time:2022-12-07,Time,2022-12-07,,2022-12-07,,,,True,"{""resolution"": ""DATE_ONLY""}",FINNEXUS_RESEARCH_DATASET_V17_1,FINNEXUS_TEMPORAL_KG_V1_0,CORE,FINNEXUS_LAYERED_KG_V3_0
time:2022-12-16,Time,2022-12-16,,2022-12-16,,,,True,"{""resolution"": ""DATE_ONLY""}",FINNEXUS_RESEARCH_DATASET_V17_1,FINNEXUS_TEMPORAL_KG_V1_0,CORE,FINNEXUS_LAYERED_KG_V3_0
time:2022-12-22,Time,2022-12-22,,2022-12-22,,,,True,"{""resolution"": ""DATE_ONLY""}",FINNEXUS_RESEARCH_DATASET_V17_1,FINNEXUS_TEMPORAL_KG_V1_0,CORE,FINNEXUS_LAYERED_KG_V3_0
