sample_id,news_id,symbol,company,published_date,source,url,title,event_type,event_type_detail,sentiment,impact_level,affected_scope,confidence,labeling_method,reason,symbol_evidence,relation_directness,entity_tier,semantic_release_group,semantic_quality_tier,evidence_completeness_score,manual_review_priority,semantic_correctness_status,default_semantic_query_enabled
56030f8ea91666e47fa9,31f6d22c3309598b003fb74e07fc84ed,DGW,Công ty Cổ phần Thế Giới Số,2019-03-15,Vietstock,https://vietstock.vn/2019/03/2-thang-dau-2019-dgw-uoc-lai-sau-thue-tang-33-so-voi-cung-ky-737-660205.htm,"2 tháng đầu 2019, DGW ước lãi sau thuế tăng 33% so với cùng kỳ",OTHER,OTHER,NEUTRAL,LOW,STOCK_SPECIFIC,MEDIUM,WEAK_RULE_V3_ENTITY_TIERED,WEAK_RULE_V3; tier=HIGH_PRECISION; entity=TITLE_TICKER|BODY_COMPANY|BODY_TICKER|TARGET_CONTEXT; score=17; event=OTHER; symbol=DGW,TITLE_TICKER|BODY_COMPANY|BODY_TICKER|TARGET_CONTEXT,TITLE_TICKER_WITH_TARGET_CONTEXT,HIGH_PRECISION,FALLBACK_QUARANTINE,FALLBACK_NO_EVENT_DETECTED,80,MEDIUM,NOT_INDEPENDENTLY_VALIDATED,False
f190854b85cd95a1cd4f,bbf1c0c65cac5e0221c792396ea40fe1,PDR,Công ty Cổ phần Phát triển Bất động sản Phát Đạt,2019-03-19,Vietstock,https://vietstock.vn/2019/03/pdr-se-chinh-phuc-doanh-thu-9000-ty-dong-trong-nam-2019-737-661098.htm,"PDR sẽ chinh phục doanh thu 9,000 tỷ đồng trong năm 2019",CORPORATE_ACTION,DIVIDEND,POSITIVE,MODERATE,STOCK_SPECIFIC,HIGH,WEAK_RULE_V3_ENTITY_TIERED,WEAK_RULE_V3; tier=HIGH_PRECISION; entity=TITLE_TICKER|BODY_COMPANY|BODY_TICKER|TARGET_CONTEXT; score=17; event=DIVIDEND; symbol=PDR,TITLE_TICKER|BODY_COMPANY|BODY_TICKER|TARGET_CONTEXT,TITLE_TICKER_WITH_TARGET_CONTEXT,HIGH_PRECISION,INFORMATIVE_CANDIDATE,EXPERIMENTAL_INFORMATIVE_UNVALIDATED,100,HIGH,NOT_INDEPENDENTLY_VALIDATED,True
32476644f05de326d400,b5872a9eb0dae82198071d00da417be2,HVN,Tổng Công ty Hàng không Việt Nam,2019-03-22,CafeF,https://cafef.vn/vietcombank-ban-xong-23-trieu-co-phieu-vietnam-airlines-chot-lai-cho-so-co-phieu-uu-dai-vua-mua-them-20190322152426007.chn,"Vietcombank bán xong 2,3 triệu cổ phiếu Vietnam Airlines, chốt lãi cho số cổ phiếu ưu đãi vừa mua thêm",OTHER,OTHER,NEUTRAL,LOW,STOCK_SPECIFIC,MEDIUM,WEAK_RULE_V3_ENTITY_TIERED,WEAK_RULE_V3; tier=HIGH_PRECISION; entity=TITLE_ALIAS|BODY_COMPANY|BODY_TICKER|TARGET_CONTEXT; score=17; event=OTHER; symbol=HVN,TITLE_ALIAS|BODY_COMPANY|BODY_TICKER|TARGET_CONTEXT,TITLE_ENTITY_WITH_TARGET_CONTEXT,HIGH_PRECISION,FALLBACK_QUARANTINE,FALLBACK_NO_EVENT_DETECTED,80,MEDIUM,NOT_INDEPENDENTLY_VALIDATED,False
2894c1796af33cafc076,b5872a9eb0dae82198071d00da417be2,VCB,Ngân hàng TMCP Ngoại thương Việt Nam,2019-03-22,CafeF,https://cafef.vn/vietcombank-ban-xong-23-trieu-co-phieu-vietnam-airlines-chot-lai-cho-so-co-phieu-uu-dai-vua-mua-them-20190322152426007.chn,"Vietcombank bán xong 2,3 triệu cổ phiếu Vietnam Airlines, chốt lãi cho số cổ phiếu ưu đãi vừa mua thêm",OTHER,OTHER,NEUTRAL,LOW,STOCK_SPECIFIC,MEDIUM,WEAK_RULE_V3_ENTITY_TIERED,WEAK_RULE_V3; tier=HIGH_PRECISION; entity=TITLE_ALIAS|BODY_COMPANY|BODY_TICKER|TARGET_CONTEXT; score=17; event=OTHER; symbol=VCB,TITLE_ALIAS|BODY_COMPANY|BODY_TICKER|TARGET_CONTEXT,TITLE_ENTITY_WITH_TARGET_CONTEXT,HIGH_PRECISION,FALLBACK_QUARANTINE,FALLBACK_NO_EVENT_DETECTED,80,MEDIUM,NOT_INDEPENDENTLY_VALIDATED,False
4e84cf0f50da16622a4e,b0e888c180459b7abfa21d90d323a709,VNM,Công ty Cổ phần Sữa Việt Nam,2019-03-26,Vietstock,https://vietstock.vn/2019/03/vinamilk-dat-muc-tieu-doanh-thu-toi-thieu-56000-ty-dong-san-sang-ma-737-663151.htm,"Vinamilk đặt mục tiêu doanh thu tối thiểu 56,000 tỷ đồng, sẵn sàng M&A",M_AND_A,M_AND_A,NEUTRAL,HIGH,STOCK_SPECIFIC,HIGH,WEAK_RULE_V3_ENTITY_TIERED,WEAK_RULE_V3; tier=HIGH_PRECISION; entity=TITLE_ALIAS|BODY_ALIAS|BODY_TICKER|TARGET_CONTEXT; score=17; event=M_AND_A; symbol=VNM,TITLE_ALIAS|BODY_ALIAS|BODY_TICKER|TARGET_CONTEXT,TITLE_ENTITY_WITH_TARGET_CONTEXT,HIGH_PRECISION,INFORMATIVE_CANDIDATE,EXPERIMENTAL_INFORMATIVE_UNVALIDATED,100,CRITICAL,NOT_INDEPENDENTLY_VALIDATED,True
349b5c1da392f83079f1,e9ba4653db2389427af20a08fe39ea10,NVL,Công ty Cổ phần Tập đoàn Đầu tư Địa ốc No Va,2019-03-26,Vietstock,https://vietstock.vn/2019/03/novaland-dong-hanh-cung-dai-hoc-phan-thiet-nang-cao-chat-luong-nguon-nhan-luc-tai-cho-735-663281.htm,Novaland đồng hành cùng Đại học Phan Thiết nâng cao chất lượng nguồn nhân lực tại chỗ,OTHER,OTHER,NEUTRAL,LOW,STOCK_SPECIFIC,MEDIUM,WEAK_RULE_V3_ENTITY_TIERED,WEAK_RULE_V3; tier=HIGH_PRECISION; entity=TITLE_ALIAS|BODY_ALIAS; score=11; event=OTHER; symbol=NVL,TITLE_ALIAS|BODY_ALIAS,TITLE_ENTITY_MENTION,HIGH_PRECISION,FALLBACK_QUARANTINE,FALLBACK_NO_EVENT_DETECTED,80,MEDIUM,NOT_INDEPENDENTLY_VALIDATED,False
6f84b8542d231378c470,eada8b991b784df136322da601a8cb0f,VPB,Ngân hàng TMCP Việt Nam Thịnh Vượng,2019-03-26,Vietstock,https://vietstock.vn/2019/03/vpb-vo-pho-tong-bi-phat-40-trieu-dong-do-vi-pham-thoi-gian-ban-co-phieu-739-663033.htm,VPB: Vợ Phó Tổng bị phạt 40 triệu đồng do vi phạm thời gian bán cổ phiếu,LEGAL_REGULATORY,LEGAL_RISK,NEGATIVE,HIGH,STOCK_SPECIFIC,HIGH,WEAK_RULE_V3_ENTITY_TIERED,WEAK_RULE_V3; tier=HIGH_PRECISION; entity=TITLE_TICKER|BODY_COMPANY|BODY_TICKER|TARGET_CONTEXT; score=17; event=LEGAL_RISK; symbol=VPB,TITLE_TICKER|BODY_COMPANY|BODY_TICKER|TARGET_CONTEXT,TITLE_TICKER_WITH_TARGET_CONTEXT,HIGH_PRECISION,INFORMATIVE_CANDIDATE,EXPERIMENTAL_INFORMATIVE_UNVALIDATED,100,CRITICAL,NOT_INDEPENDENTLY_VALIDATED,True
e07b9c1209623c54f656,7aad0531b892e0a7add1f8ad019a99c2,FPT,Công ty Cổ phần FPT,2019-04-01,CafeF,https://cafef.vn/khong-chi-cho-hagl-muon-hang-ngan-ty-bau-duc-con-cam-ket-co-du-kha-nang-tu-thuc-hien-toan-bo-nghia-vu-trong-vu-kien-voi-fpt-capital-20190331003816695.chn,"Không chỉ cho HAGL mượn hàng ngàn tỷ, Bầu Đức còn cam kết có đủ khả năng tự thực hiện toàn bộ nghĩa vụ trong vụ kiện với FPT Capital",LEGAL_REGULATORY,LEGAL_RISK,NEGATIVE,HIGH,STOCK_SPECIFIC,HIGH,WEAK_RULE_V3_ENTITY_TIERED,WEAK_RULE_V3; tier=HIGH_PRECISION; entity=TITLE_TICKER|BODY_TICKER|TARGET_CONTEXT; score=13; event=LEGAL_RISK; symbol=FPT,TITLE_TICKER|BODY_TICKER|TARGET_CONTEXT,TITLE_TICKER_WITH_TARGET_CONTEXT,HIGH_PRECISION,INFORMATIVE_CANDIDATE,EXPERIMENTAL_INFORMATIVE_UNVALIDATED,100,CRITICAL,NOT_INDEPENDENTLY_VALIDATED,True
80f01b5d55b7fbaf96f8,e2638e40fe16d18eeeeed0d474f3aa44,VND,Công ty Cổ phần Chứng khoán VNDIRECT,2019-04-03,CafeF,https://cafef.vn/cii-vph-nbb-vnd-aam-idv-ctp-tar-mst-cnn-pvr-svh-thong-tin-giao-dich-luong-lon-co-phieu-20190403174340851.chn,"CII, VPH, NBB, VND, AAM, IDV, CTP, TAR, MST, CNN, PVR, SVH: Thông tin giao dịch lượng lớn cổ phiếu",OTHER,OTHER,NEUTRAL,LOW,STOCK_SPECIFIC,MEDIUM,WEAK_RULE_V3_ENTITY_TIERED,WEAK_RULE_V3; tier=HIGH_PRECISION; entity=TITLE_TICKER|BODY_COMPANY|BODY_TICKER|TARGET_CONTEXT; score=17; event=OTHER; symbol=VND,TITLE_TICKER|BODY_COMPANY|BODY_TICKER|TARGET_CONTEXT,TITLE_TICKER_WITH_TARGET_CONTEXT,HIGH_PRECISION,FALLBACK_QUARANTINE,FALLBACK_NO_EVENT_DETECTED,80,MEDIUM,NOT_INDEPENDENTLY_VALIDATED,False
873bd80eec60425e6a80,d9793ef469061aa179270b198119ac7c,PDR,Công ty Cổ phần Phát triển Bất động sản Phát Đạt,2019-04-04,CafeF,https://cafef.vn/bds-phat-dat-pdr-thong-qua-phuong-an-phat-hanh-hon-61-trieu-co-phieu-tra-co-tuc-2019040317294296.chn,BĐS Phát Đạt (PDR) thông qua phương án phát hành hơn 61 triệu cổ phiếu trả cổ tức,CORPORATE_ACTION,DIVIDEND,POSITIVE,MODERATE,STOCK_SPECIFIC,HIGH,WEAK_RULE_V3_ENTITY_TIERED,WEAK_RULE_V3; tier=HIGH_PRECISION; entity=TITLE_TICKER|TITLE_ALIAS|BODY_COMPANY|BODY_TICKER|TARGET_CONTEXT; score=24; event=DIVIDEND; symbol=PDR,TITLE_TICKER|TITLE_ALIAS|BODY_COMPANY|BODY_TICKER|TARGET_CONTEXT,TITLE_TICKER_WITH_TARGET_CONTEXT,HIGH_PRECISION,INFORMATIVE_CANDIDATE,EXPERIMENTAL_INFORMATIVE_UNVALIDATED,100,HIGH,NOT_INDEPENDENTLY_VALIDATED,True
178e0a958f03ed04908a,e2d86c49664a7b27c02e0ba6bcacf0c2,CTG,Ngân hàng TMCP Công Thương Việt Nam,2019-04-10,CafeF,https://cafef.vn/vietinbank-securities-dat-ke-hoach-loi-nhuan-truoc-thue-215-ty-dong-tang-ty-le-co-tuc-len-12-20190410101627057.chn,"Vietinbank Securities đặt kế hoạch lợi nhuận trước thuế 215 tỷ đồng, tăng tỷ lệ cổ tức lên 12%",CORPORATE_ACTION,DIVIDEND,POSITIVE,MODERATE,STOCK_SPECIFIC,HIGH,WEAK_RULE_V3_ENTITY_TIERED,WEAK_RULE_V3; tier=HIGH_PRECISION; entity=TITLE_ALIAS|BODY_ALIAS; score=11; event=DIVIDEND; symbol=CTG,TITLE_ALIAS|BODY_ALIAS,TITLE_ENTITY_MENTION,HIGH_PRECISION,INFORMATIVE_CANDIDATE,EXPERIMENTAL_INFORMATIVE_UNVALIDATED,100,HIGH,NOT_INDEPENDENTLY_VALIDATED,True
2d936e6a7a57a25ca31a,36afe7a1d64dfde6f3eb35ea26a92aa2,FPT,Công ty Cổ phần FPT,2019-04-17,CafeF,https://cafef.vn/lai-rong-quy-1-2019-cua-fpt-tang-23-nho-khoi-cong-nghe-tang-truong-manh-me-20190417104835254.chn,Lãi ròng quý 1/2019 của FPT tăng 23% nhờ khối công nghệ tăng trưởng mạnh mẽ,BUSINESS_RESULT,PROJECT_EXPANSION,POSITIVE,MODERATE,STOCK_SPECIFIC,HIGH,WEAK_RULE_V3_ENTITY_TIERED,WEAK_RULE_V3; tier=HIGH_PRECISION; entity=TITLE_TICKER|BODY_TICKER|TARGET_CONTEXT; score=13; event=PROJECT_EXPANSION; symbol=FPT,TITLE_TICKER|BODY_TICKER|TARGET_CONTEXT,TITLE_TICKER_WITH_TARGET_CONTEXT,HIGH_PRECISION,INFORMATIVE_CANDIDATE,EXPERIMENTAL_INFORMATIVE_UNVALIDATED,100,HIGH,NOT_INDEPENDENTLY_VALIDATED,True
ef574d97339e062d7937,74db602b932b4b086bed477fb0371a37,VND,Công ty Cổ phần Chứng khoán VNDIRECT,2019-04-17,CafeF,https://cafef.vn/vndirect-su-lac-quan-khong-keo-dai-sang-nua-cuoi-nam-vn-index-ket-thuc-nam-2019-o-vung-990-diem-20190417092707567.chn,"VNDIRECT: “Sự lạc quan không kéo dài sang nửa cuối năm, VN-Index kết thúc năm 2019 ở vùng 990 điểm”",BUSINESS_RESULT,PROJECT_EXPANSION,POSITIVE,MODERATE,STOCK_SPECIFIC,HIGH,WEAK_RULE_V3_ENTITY_TIERED,WEAK_RULE_V3; tier=HIGH_PRECISION; entity=TITLE_ALIAS|BODY_ALIAS; score=11; event=PROJECT_EXPANSION; symbol=VND,TITLE_ALIAS|BODY_ALIAS,TITLE_ENTITY_MENTION,HIGH_PRECISION,INFORMATIVE_CANDIDATE,EXPERIMENTAL_INFORMATIVE_UNVALIDATED,100,HIGH,NOT_INDEPENDENTLY_VALIDATED,True
92065d901a5a6633674a,0ef1cdc20d27345331ff5baacbcc3e5c,VHC,Công ty Cổ phần Vĩnh Hoàn,2019-04-22,CafeF,https://cafef.vn/vinh-hoan-vhc-lai-rong-307-ty-dong-trong-quy-1-2019-gap-3-lan-cung-ky-nam-truoc-2019042215473429.chn,"Vĩnh Hoàn (VHC) lãi ròng 307 tỷ đồng trong quý 1/2019, gấp 3 lần cùng kỳ năm trước",BUSINESS_RESULT,PROFIT_DECLINE,NEGATIVE,HIGH,STOCK_SPECIFIC,HIGH,WEAK_RULE_V3_ENTITY_TIERED,WEAK_RULE_V3; tier=HIGH_PRECISION; entity=TITLE_TICKER|TITLE_COMPANY|BODY_COMPANY|BODY_TICKER|TARGET_CONTEXT; score=24; event=PROFIT_DECLINE; symbol=VHC,TITLE_TICKER|TITLE_COMPANY|BODY_COMPANY|BODY_TICKER|TARGET_CONTEXT,TITLE_TICKER_WITH_TARGET_CONTEXT,HIGH_PRECISION,INFORMATIVE_CANDIDATE,EXPERIMENTAL_INFORMATIVE_UNVALIDATED,100,HIGH,NOT_INDEPENDENTLY_VALIDATED,True
3761869eaf9f7030d807,63a91f53aa7b01631a1bb94a12890dd6,GAS,Tổng Công ty Khí Việt Nam,2019-04-22,CafeF,https://cafef.vn/gas-petrolimex-pgc-dat-muc-tieu-lntt-di-ngang-uoc-dat-192-ty-dong-trong-nam-2019-20190422110725289.chn,"Gas Petrolimex (PGC) đặt mục tiêu LNTT đi ngang, ước đạt 192 tỷ đồng trong năm 2019",CORPORATE_ACTION,DIVIDEND,POSITIVE,MODERATE,STOCK_SPECIFIC,HIGH,WEAK_RULE_V3_ENTITY_TIERED,WEAK_RULE_V3; tier=HIGH_PRECISION; entity=TITLE_TICKER|BODY_TICKER|TARGET_CONTEXT; score=13; event=DIVIDEND; symbol=GAS,TITLE_TICKER|BODY_TICKER|TARGET_CONTEXT,TITLE_TICKER_WITH_TARGET_CONTEXT,HIGH_PRECISION,INFORMATIVE_CANDIDATE,EXPERIMENTAL_INFORMATIVE_UNVALIDATED,100,HIGH,NOT_INDEPENDENTLY_VALIDATED,True
a408516a3700744c3bcb,63a91f53aa7b01631a1bb94a12890dd6,PLX,Tập đoàn Xăng dầu Việt Nam,2019-04-22,CafeF,https://cafef.vn/gas-petrolimex-pgc-dat-muc-tieu-lntt-di-ngang-uoc-dat-192-ty-dong-trong-nam-2019-20190422110725289.chn,"Gas Petrolimex (PGC) đặt mục tiêu LNTT đi ngang, ước đạt 192 tỷ đồng trong năm 2019",CORPORATE_ACTION,DIVIDEND,POSITIVE,MODERATE,STOCK_SPECIFIC,HIGH,WEAK_RULE_V3_ENTITY_TIERED,WEAK_RULE_V3; tier=HIGH_PRECISION; entity=TITLE_ALIAS|BODY_ALIAS; score=11; event=DIVIDEND; symbol=PLX,TITLE_ALIAS|BODY_ALIAS,TITLE_ENTITY_MENTION,HIGH_PRECISION,INFORMATIVE_CANDIDATE,EXPERIMENTAL_INFORMATIVE_UNVALIDATED,100,HIGH,NOT_INDEPENDENTLY_VALIDATED,True
0182b9b854be0143fa8a,0f22764baf2ba38a45c1eed35b56beb1,VHM,Công ty Cổ phần Vinhomes,2019-04-23,CafeF,https://cafef.vn/vinhomes-lai-rong-2540-ty-dong-trong-quy-1-20190423085329088.chn,VinHomes lãi ròng 2.540 tỷ đồng trong quý 1,OTHER,OTHER,NEUTRAL,LOW,STOCK_SPECIFIC,MEDIUM,WEAK_RULE_V3_ENTITY_TIERED,WEAK_RULE_V3; tier=HIGH_PRECISION; entity=TITLE_COMPANY|BODY_COMPANY|BODY_TICKER|TARGET_CONTEXT; score=17; event=OTHER; symbol=VHM,TITLE_COMPANY|BODY_COMPANY|BODY_TICKER|TARGET_CONTEXT,TITLE_ENTITY_WITH_TARGET_CONTEXT,HIGH_PRECISION,FALLBACK_QUARANTINE,FALLBACK_NO_EVENT_DETECTED,80,MEDIUM,NOT_INDEPENDENTLY_VALIDATED,False
c95233c14b96b13cb08c,10f38c4b3a77bfc592653aebb7bc47bb,PVD,Tổng Công ty Cổ phần Khoan và Dịch vụ Khoan Dầu khí,2019-04-27,CafeF,https://cafef.vn/pvd-lo-93-ty-dong-trong-quy-1-van-con-gan-280-ty-dong-no-xau-tu-nhom-pvep-20190427160943575.chn,"PVD lỗ 93 tỷ đồng trong quý 1, vẫn còn gần 280 tỷ đồng nợ xấu từ nhóm PVEP",OTHER,OTHER,NEUTRAL,LOW,STOCK_SPECIFIC,MEDIUM,WEAK_RULE_V3_ENTITY_TIERED,WEAK_RULE_V3; tier=HIGH_PRECISION; entity=TITLE_TICKER|BODY_ALIAS|BODY_TICKER|TARGET_CONTEXT; score=17; event=OTHER; symbol=PVD,TITLE_TICKER|BODY_ALIAS|BODY_TICKER|TARGET_CONTEXT,TITLE_TICKER_WITH_TARGET_CONTEXT,HIGH_PRECISION,FALLBACK_QUARANTINE,FALLBACK_NO_EVENT_DETECTED,80,MEDIUM,NOT_INDEPENDENTLY_VALIDATED,False
be8a7edb2d1285eba4fe,79721f750f1e62e9d7a88f9977ea1c45,PVD,Tổng Công ty Cổ phần Khoan và Dịch vụ Khoan Dầu khí,2019-05-11,CafeF,https://cafef.vn/thua-lo-quy-1-nhung-co-phieu-van-tang-phi-ma-dieu-gi-dang-dien-ra-voi-pvd-20190511102810742.chn,"Thua lỗ quý 1 nhưng cổ phiếu vẫn tăng “phi mã”, điều gì đang diễn ra với PVD?",BUSINESS_RESULT,PROFIT_DECLINE,NEGATIVE,HIGH,STOCK_SPECIFIC,HIGH,WEAK_RULE_V3_ENTITY_TIERED,WEAK_RULE_V3; tier=HIGH_PRECISION; entity=TITLE_TICKER|BODY_ALIAS|BODY_TICKER|TARGET_CONTEXT; score=17; event=PROFIT_DECLINE; symbol=PVD,TITLE_TICKER|BODY_ALIAS|BODY_TICKER|TARGET_CONTEXT,TITLE_TICKER_WITH_TARGET_CONTEXT,HIGH_PRECISION,INFORMATIVE_CANDIDATE,EXPERIMENTAL_INFORMATIVE_UNVALIDATED,100,HIGH,NOT_INDEPENDENTLY_VALIDATED,True
92f2eafe59fe8750b059,0ebe0a65e1b1e20443b6ac483ea84752,KDH,Công ty Cổ phần Đầu tư và Kinh doanh Nhà Khang Điền,2019-05-17,CafeF,https://cafef.vn/khang-dien-kdh-du-kien-phat-hanh-hon-130-trieu-co-phieu-tra-co-tuc-co-phieu-esop-va-chia-co-phieu-thuong-2019051710393264.chn,"Khang Điền (KDH) dự kiến phát hành hơn 130 triệu cổ phiếu trả cổ tức, cổ phiếu ESOP và chia cổ phiếu thưởng",CORPORATE_ACTION,DIVIDEND,POSITIVE,MODERATE,STOCK_SPECIFIC,HIGH,WEAK_RULE_V3_ENTITY_TIERED,WEAK_RULE_V3; tier=HIGH_PRECISION; entity=TITLE_TICKER|TITLE_ALIAS|BODY_ALIAS|BODY_TICKER|TARGET_CONTEXT; score=24; event=DIVIDEND; symbol=KDH,TITLE_TICKER|TITLE_ALIAS|BODY_ALIAS|BODY_TICKER|TARGET_CONTEXT,TITLE_TICKER_WITH_TARGET_CONTEXT,HIGH_PRECISION,INFORMATIVE_CANDIDATE,EXPERIMENTAL_INFORMATIVE_UNVALIDATED,100,HIGH,NOT_INDEPENDENTLY_VALIDATED,True
8b86035aecf571c080f0,82690db615824eb1b8265d8f7a577d09,ANV,Công ty Cổ phần Nam Việt,2019-05-18,CafeF,https://cafef.vn/dhdcd-thuy-san-nam-viet-anv-da-xuat-lo-hang-thu-nghiem-cho-dot-por16-cua-my-khi-nao-xong-du-an-binh-phu-se-tinh-den-phan-phoi-qua-alibaba-20190517171945296.chn,"ĐHĐCĐ Thuỷ sản Nam Việt (ANV): Đã xuất lô hàng thử nghiệm cho đợt POR16 của Mỹ, khi nào xong dự án Bình Phú sẽ tính đến phân phối qua Alibaba",CORPORATE_ACTION,DIVIDEND,POSITIVE,MODERATE,STOCK_SPECIFIC,HIGH,WEAK_RULE_V3_ENTITY_TIERED,WEAK_RULE_V3; tier=HIGH_PRECISION; entity=TITLE_TICKER|TITLE_COMPANY|BODY_COMPANY|BODY_TICKER|TARGET_CONTEXT; score=24; event=DIVIDEND; symbol=ANV,TITLE_TICKER|TITLE_COMPANY|BODY_COMPANY|BODY_TICKER|TARGET_CONTEXT,TITLE_TICKER_WITH_TARGET_CONTEXT,HIGH_PRECISION,INFORMATIVE_CANDIDATE,EXPERIMENTAL_INFORMATIVE_UNVALIDATED,100,HIGH,NOT_INDEPENDENTLY_VALIDATED,True
0bde42db535e543520e7,e37a4defea24ebdb3b8c8025e1845c96,HPG,Công ty Cổ phần Tập đoàn Hòa Phát,2019-05-18,CafeF,https://cafef.vn/hbc-hpg-skg-vhc-lgc-mwg-bha-bws-pro-agp-hfs-vnt-pot-thong-tin-giao-dich-luong-lon-co-phieu-20190517230215187.chn,"HBC, HPG, SKG, VHC, LGC, MWG, BHA, BWS, PRO, AGP, HFS, VNT, POT: Thông tin giao dịch lượng lớn cổ phiếu",OTHER,OTHER,NEUTRAL,LOW,STOCK_SPECIFIC,MEDIUM,WEAK_RULE_V3_ENTITY_TIERED,WEAK_RULE_V3; tier=HIGH_PRECISION; entity=TITLE_TICKER|BODY_COMPANY|BODY_TICKER|TARGET_CONTEXT; score=17; event=OTHER; symbol=HPG,TITLE_TICKER|BODY_COMPANY|BODY_TICKER|TARGET_CONTEXT,TITLE_TICKER_WITH_TARGET_CONTEXT,HIGH_PRECISION,FALLBACK_QUARANTINE,FALLBACK_NO_EVENT_DETECTED,80,MEDIUM,NOT_INDEPENDENTLY_VALIDATED,False
bbc87f7e79db4660292d,e37a4defea24ebdb3b8c8025e1845c96,MWG,Công ty Cổ phần Đầu tư Thế Giới Di Động,2019-05-18,CafeF,https://cafef.vn/hbc-hpg-skg-vhc-lgc-mwg-bha-bws-pro-agp-hfs-vnt-pot-thong-tin-giao-dich-luong-lon-co-phieu-20190517230215187.chn,"HBC, HPG, SKG, VHC, LGC, MWG, BHA, BWS, PRO, AGP, HFS, VNT, POT: Thông tin giao dịch lượng lớn cổ phiếu",OTHER,OTHER,NEUTRAL,LOW,STOCK_SPECIFIC,MEDIUM,WEAK_RULE_V3_ENTITY_TIERED,WEAK_RULE_V3; tier=HIGH_PRECISION; entity=TITLE_TICKER|BODY_ALIAS|BODY_TICKER|TARGET_CONTEXT; score=17; event=OTHER; symbol=MWG,TITLE_TICKER|BODY_ALIAS|BODY_TICKER|TARGET_CONTEXT,TITLE_TICKER_WITH_TARGET_CONTEXT,HIGH_PRECISION,FALLBACK_QUARANTINE,FALLBACK_NO_EVENT_DETECTED,80,MEDIUM,NOT_INDEPENDENTLY_VALIDATED,False
6f71d696b71a4541df2b,e37a4defea24ebdb3b8c8025e1845c96,VHC,Công ty Cổ phần Vĩnh Hoàn,2019-05-18,CafeF,https://cafef.vn/hbc-hpg-skg-vhc-lgc-mwg-bha-bws-pro-agp-hfs-vnt-pot-thong-tin-giao-dich-luong-lon-co-phieu-20190517230215187.chn,"HBC, HPG, SKG, VHC, LGC, MWG, BHA, BWS, PRO, AGP, HFS, VNT, POT: Thông tin giao dịch lượng lớn cổ phiếu",OTHER,OTHER,NEUTRAL,LOW,STOCK_SPECIFIC,MEDIUM,WEAK_RULE_V3_ENTITY_TIERED,WEAK_RULE_V3; tier=HIGH_PRECISION; entity=TITLE_TICKER|BODY_COMPANY|BODY_TICKER|TARGET_CONTEXT; score=17; event=OTHER; symbol=VHC,TITLE_TICKER|BODY_COMPANY|BODY_TICKER|TARGET_CONTEXT,TITLE_TICKER_WITH_TARGET_CONTEXT,HIGH_PRECISION,FALLBACK_QUARANTINE,FALLBACK_NO_EVENT_DETECTED,80,MEDIUM,NOT_INDEPENDENTLY_VALIDATED,False
7b4dee4005ed79a6d536,0e3c918ed8b7f289200d27abb1866554,HPG,Công ty Cổ phần Tập đoàn Hòa Phát,2019-05-19,CafeF,https://cafef.vn/tuan-13-17-5-khoi-ngoai-ban-rong-hon-1050-ty-dong-vhm-va-hpg-la-tam-diem-20190519091931828.chn,"Tuần 13-17/5: Khối ngoại bán ròng hơn 1.050 tỷ đồng, VHM và HPG là tâm điểm",OTHER,OTHER,NEUTRAL,LOW,STOCK_SPECIFIC,MEDIUM,WEAK_RULE_V3_ENTITY_TIERED,WEAK_RULE_V3; tier=HIGH_PRECISION; entity=TITLE_TICKER|BODY_TICKER|TARGET_CONTEXT; score=13; event=OTHER; symbol=HPG,TITLE_TICKER|BODY_TICKER|TARGET_CONTEXT,TITLE_TICKER_WITH_TARGET_CONTEXT,HIGH_PRECISION,FALLBACK_QUARANTINE,FALLBACK_NO_EVENT_DETECTED,80,MEDIUM,NOT_INDEPENDENTLY_VALIDATED,False
3acedf8321f434def55a,0e3c918ed8b7f289200d27abb1866554,VHM,Công ty Cổ phần Vinhomes,2019-05-19,CafeF,https://cafef.vn/tuan-13-17-5-khoi-ngoai-ban-rong-hon-1050-ty-dong-vhm-va-hpg-la-tam-diem-20190519091931828.chn,"Tuần 13-17/5: Khối ngoại bán ròng hơn 1.050 tỷ đồng, VHM và HPG là tâm điểm",OTHER,OTHER,NEUTRAL,LOW,STOCK_SPECIFIC,MEDIUM,WEAK_RULE_V3_ENTITY_TIERED,WEAK_RULE_V3; tier=HIGH_PRECISION; entity=TITLE_TICKER|BODY_TICKER|TARGET_CONTEXT; score=13; event=OTHER; symbol=VHM,TITLE_TICKER|BODY_TICKER|TARGET_CONTEXT,TITLE_TICKER_WITH_TARGET_CONTEXT,HIGH_PRECISION,FALLBACK_QUARANTINE,FALLBACK_NO_EVENT_DETECTED,80,MEDIUM,NOT_INDEPENDENTLY_VALIDATED,False
88738fa44e4fc046806d,8e7035729d9e4a160ea3cbb18618b274,STB,Ngân hàng TMCP Sài Gòn Thương Tín,2019-05-22,CafeF,https://cafef.vn/cre-stb-vgc-sic-mpt-vnf-dnc-tdp-ct3-thong-tin-giao-dich-luong-lon-co-phieu-20190522084517187.chn,"CRE, STB, VGC, SIC, MPT, VNF, DNC, TDP, CT3: Thông tin giao dịch lượng lớn cổ phiếu",OTHER,OTHER,NEUTRAL,LOW,STOCK_SPECIFIC,MEDIUM,WEAK_RULE_V3_ENTITY_TIERED,WEAK_RULE_V3; tier=HIGH_PRECISION; entity=TITLE_TICKER|BODY_COMPANY|BODY_TICKER|TARGET_CONTEXT; score=17; event=OTHER; symbol=STB,TITLE_TICKER|BODY_COMPANY|BODY_TICKER|TARGET_CONTEXT,TITLE_TICKER_WITH_TARGET_CONTEXT,HIGH_PRECISION,FALLBACK_QUARANTINE,FALLBACK_NO_EVENT_DETECTED,80,MEDIUM,NOT_INDEPENDENTLY_VALIDATED,False
b5bb9456815911a49f70,5753defd20e880a4a6fc8c77d19fd9c2,MWG,Công ty Cổ phần Đầu tư Thế Giới Di Động,2019-05-24,CafeF,https://cafef.vn/the-gioi-di-dong-lnst-4-thang-dau-nam-tang-truong-36-mang-online-da-dong-gop-gan-1-5-doanh-so-20190524134139753.chn,"Thế giới Di động: LNST 4 tháng đầu năm tăng trưởng 36%, mảng online đã đóng góp gần 1/5 doanh số",BUSINESS_RESULT,PROFIT_DECLINE,NEGATIVE,HIGH,STOCK_SPECIFIC,HIGH,WEAK_RULE_V3_ENTITY_TIERED,WEAK_RULE_V3; tier=HIGH_PRECISION; entity=TITLE_ALIAS|BODY_ALIAS|BODY_TICKER|TARGET_CONTEXT; score=17; event=PROFIT_DECLINE; symbol=MWG,TITLE_ALIAS|BODY_ALIAS|BODY_TICKER|TARGET_CONTEXT,TITLE_ENTITY_WITH_TARGET_CONTEXT,HIGH_PRECISION,INFORMATIVE_CANDIDATE,EXPERIMENTAL_INFORMATIVE_UNVALIDATED,100,HIGH,NOT_INDEPENDENTLY_VALIDATED,True
3aa0e14f6f0060707089,dd9b71d306e4c3903994341746678418,PVS,Tổng Công ty Cổ phần Dịch vụ Kỹ thuật Dầu khí Việt Nam,2019-05-24,CafeF,https://cafef.vn/nhieu-du-an-moi-dong-loat-trien-khai-loi-nhuan-pvs-duoc-du-bao-cai-thien-trong-nam-2019-2019052411113576.chn,"Nhiều dự án mới đồng loạt triển khai, lợi nhuận PVS được dự báo cải thiện trong năm 2019",BUSINESS_RESULT,PROJECT_EXPANSION,POSITIVE,MODERATE,STOCK_SPECIFIC,HIGH,WEAK_RULE_V3_ENTITY_TIERED,WEAK_RULE_V3; tier=HIGH_PRECISION; entity=TITLE_TICKER|BODY_ALIAS|BODY_TICKER|TARGET_CONTEXT; score=17; event=PROJECT_EXPANSION; symbol=PVS,TITLE_TICKER|BODY_ALIAS|BODY_TICKER|TARGET_CONTEXT,TITLE_TICKER_WITH_TARGET_CONTEXT,HIGH_PRECISION,INFORMATIVE_CANDIDATE,EXPERIMENTAL_INFORMATIVE_UNVALIDATED,100,HIGH,NOT_INDEPENDENTLY_VALIDATED,True
d480342494fafe633957,d19f61fe95dcea55f44fed0008d77138,VCI,Công ty Cổ phần Chứng khoán Vietcap,2019-05-26,CafeF,https://cafef.vn/vcsc-thu-tuc-phap-ly-keo-dai-co-the-khien-dat-xanh-dxg-phai-cham-tien-do-thu-tien-giam-gia-tri-hop-dong-20190525230100775.chn,"VCSC: Đất Xanh đang tập trung xử lý pháp lý Gem Riverside, giá cổ phiếu DXG đã điều chỉnh quá mức",BUSINESS_RESULT,PROJECT_EXPANSION,POSITIVE,MODERATE,STOCK_SPECIFIC,HIGH,WEAK_RULE_V3_ENTITY_TIERED,WEAK_RULE_V3; tier=HIGH_PRECISION; entity=TITLE_ALIAS|BODY_ALIAS; score=11; event=PROJECT_EXPANSION; symbol=VCI,TITLE_ALIAS|BODY_ALIAS,TITLE_ENTITY_MENTION,HIGH_PRECISION,INFORMATIVE_CANDIDATE,EXPERIMENTAL_INFORMATIVE_UNVALIDATED,100,HIGH,NOT_INDEPENDENTLY_VALIDATED,True
a2d6be69106fc027edcb,4311ae7581a6247c20b81ace4e8eb89c,PNJ,Công ty Cổ phần Vàng bạc Đá quý Phú Nhuận,2019-05-30,CafeF,https://cafef.vn/kbsv-du-bao-pnj-se-hoan-thanh-vuot-chi-tieu-kinh-doanh-nam-2019-20190530163742214.chn,KBSV dự báo PNJ sẽ hoàn thành vượt chỉ tiêu kinh doanh năm 2019,OTHER,OTHER,NEUTRAL,LOW,STOCK_SPECIFIC,MEDIUM,WEAK_RULE_V3_ENTITY_TIERED,WEAK_RULE_V3; tier=HIGH_PRECISION; entity=TITLE_TICKER|BODY_TICKER|TARGET_CONTEXT; score=13; event=OTHER; symbol=PNJ,TITLE_TICKER|BODY_TICKER|TARGET_CONTEXT,TITLE_TICKER_WITH_TARGET_CONTEXT,HIGH_PRECISION,FALLBACK_QUARANTINE,FALLBACK_NO_EVENT_DETECTED,80,MEDIUM,NOT_INDEPENDENTLY_VALIDATED,False
0b2f03ab3297b9df6dc3,0b2f9cf7d6fe7c7d9a1aacf82fa4f7fd,GEX,Công ty Cổ phần Tập đoàn GELEX,2019-05-31,CafeF,https://cafef.vn/hbc-vnt-fcn-nlg-gex-dfc-thong-tin-giao-dich-luong-lon-co-phieu-2019053017111844.chn,"HBC, VNT, FCN, NLG, GEX, DFC : Thông tin giao dịch lượng lớn cổ phiếu",OTHER,OTHER,NEUTRAL,LOW,STOCK_SPECIFIC,MEDIUM,WEAK_RULE_V3_ENTITY_TIERED,WEAK_RULE_V3; tier=HIGH_PRECISION; entity=TITLE_TICKER|BODY_TICKER|TARGET_CONTEXT; score=13; event=OTHER; symbol=GEX,TITLE_TICKER|BODY_TICKER|TARGET_CONTEXT,TITLE_TICKER_WITH_TARGET_CONTEXT,HIGH_PRECISION,FALLBACK_QUARANTINE,FALLBACK_NO_EVENT_DETECTED,80,MEDIUM,NOT_INDEPENDENTLY_VALIDATED,False
96cf25d3cdabb60da78e,d1d9bdde5accccff5b8c3ba49d09030d,VJC,Công ty Cổ phần Hàng không Vietjet,2019-06-01,CafeF,https://cafef.vn/tuan-cuoi-thang-5-khoi-ngoai-ban-rong-270-ty-dong-do-thoa-thuan-manh-tai-vjc-20190601153731526.chn,Tuần cuối tháng 5: Khối ngoại bán ròng 270 tỷ đồng do thỏa thuận mạnh tại VJC,OTHER,OTHER,NEUTRAL,LOW,STOCK_SPECIFIC,MEDIUM,WEAK_RULE_V3_ENTITY_TIERED,WEAK_RULE_V3; tier=HIGH_PRECISION; entity=TITLE_TICKER|BODY_TICKER|TARGET_CONTEXT; score=13; event=OTHER; symbol=VJC,TITLE_TICKER|BODY_TICKER|TARGET_CONTEXT,TITLE_TICKER_WITH_TARGET_CONTEXT,HIGH_PRECISION,FALLBACK_QUARANTINE,FALLBACK_NO_EVENT_DETECTED,80,MEDIUM,NOT_INDEPENDENTLY_VALIDATED,False
4f5419bab6ade492a3a8,229ae2dd62ab2205317464e88c0f1388,FPT,Công ty Cổ phần FPT,2019-06-07,CafeF,https://cafef.vn/tundra-tang-nam-giu-tien-mat-giam-ty-trong-co-phieu-fpt-trong-thang-5-20190607115405599.chn,"Tundra tăng nắm giữ tiền mặt, giảm tỷ trọng cổ phiếu FPT trong tháng 5",OTHER,OTHER,NEUTRAL,LOW,STOCK_SPECIFIC,MEDIUM,WEAK_RULE_V3_ENTITY_TIERED,WEAK_RULE_V3; tier=HIGH_PRECISION; entity=TITLE_TICKER|BODY_TICKER|TARGET_CONTEXT; score=13; event=OTHER; symbol=FPT,TITLE_TICKER|BODY_TICKER|TARGET_CONTEXT,TITLE_TICKER_WITH_TARGET_CONTEXT,HIGH_PRECISION,FALLBACK_QUARANTINE,FALLBACK_NO_EVENT_DETECTED,80,MEDIUM,NOT_INDEPENDENTLY_VALIDATED,False
704803e6282a9ad42f2b,58ee5f63200cfa5066f94409488ddb2c,POW,Tổng Công ty Điện lực Dầu khí Việt Nam,2019-06-07,CafeF,https://cafef.vn/ftse-vietnam-index-them-moi-pow-loai-hng-khoi-danh-muc-trong-ky-review-quy-2-2019-20190607174838074.chn,"FTSE Vietnam Index thêm mới POW, loại HNG khỏi danh mục trong kỳ review quý 2/2019",OTHER,OTHER,NEUTRAL,LOW,STOCK_SPECIFIC,MEDIUM,WEAK_RULE_V3_ENTITY_TIERED,WEAK_RULE_V3; tier=HIGH_PRECISION; entity=TITLE_TICKER|BODY_TICKER|TARGET_CONTEXT; score=13; event=OTHER; symbol=POW,TITLE_TICKER|BODY_TICKER|TARGET_CONTEXT,TITLE_TICKER_WITH_TARGET_CONTEXT,HIGH_PRECISION,FALLBACK_QUARANTINE,FALLBACK_NO_EVENT_DETECTED,80,MEDIUM,NOT_INDEPENDENTLY_VALIDATED,False
f37750cb0cedf710f6a3,90e73339133b7a3644d765038e942fc7,FPT,Công ty Cổ phần FPT,2019-06-07,CafeF,https://cafef.vn/ssi-se-phat-hanh-6-chung-quyen-dam-bao-cw-voi-4-co-phieu-mwg-hpg-fpt-va-hpg-20190607084412511.chn,"SSI sẽ phát hành 6 chứng quyền đảm bảo (CW) với 4 cổ phiếu MWG, HPG, FPT và MBB",OTHER,OTHER,NEUTRAL,LOW,STOCK_SPECIFIC,MEDIUM,WEAK_RULE_V3_ENTITY_TIERED,WEAK_RULE_V3; tier=HIGH_PRECISION; entity=TITLE_TICKER|BODY_ALIAS|BODY_TICKER|TARGET_CONTEXT; score=17; event=OTHER; symbol=FPT,TITLE_TICKER|BODY_ALIAS|BODY_TICKER|TARGET_CONTEXT,TITLE_TICKER_WITH_TARGET_CONTEXT,HIGH_PRECISION,FALLBACK_QUARANTINE,FALLBACK_NO_EVENT_DETECTED,80,MEDIUM,NOT_INDEPENDENTLY_VALIDATED,False
22c0070984dec15fd076,90e73339133b7a3644d765038e942fc7,HPG,Công ty Cổ phần Tập đoàn Hòa Phát,2019-06-07,CafeF,https://cafef.vn/ssi-se-phat-hanh-6-chung-quyen-dam-bao-cw-voi-4-co-phieu-mwg-hpg-fpt-va-hpg-20190607084412511.chn,"SSI sẽ phát hành 6 chứng quyền đảm bảo (CW) với 4 cổ phiếu MWG, HPG, FPT và MBB",OTHER,OTHER,NEUTRAL,LOW,STOCK_SPECIFIC,MEDIUM,WEAK_RULE_V3_ENTITY_TIERED,WEAK_RULE_V3; tier=HIGH_PRECISION; entity=TITLE_TICKER|BODY_COMPANY|BODY_TICKER|TARGET_CONTEXT; score=17; event=OTHER; symbol=HPG,TITLE_TICKER|BODY_COMPANY|BODY_TICKER|TARGET_CONTEXT,TITLE_TICKER_WITH_TARGET_CONTEXT,HIGH_PRECISION,FALLBACK_QUARANTINE,FALLBACK_NO_EVENT_DETECTED,80,MEDIUM,NOT_INDEPENDENTLY_VALIDATED,False
c6bf8a3fd69dfb53f720,90e73339133b7a3644d765038e942fc7,MBB,Ngân hàng TMCP Quân Đội,2019-06-07,CafeF,https://cafef.vn/ssi-se-phat-hanh-6-chung-quyen-dam-bao-cw-voi-4-co-phieu-mwg-hpg-fpt-va-hpg-20190607084412511.chn,"SSI sẽ phát hành 6 chứng quyền đảm bảo (CW) với 4 cổ phiếu MWG, HPG, FPT và MBB",OTHER,OTHER,NEUTRAL,LOW,STOCK_SPECIFIC,MEDIUM,WEAK_RULE_V3_ENTITY_TIERED,WEAK_RULE_V3; tier=HIGH_PRECISION; entity=TITLE_TICKER|BODY_TICKER|TARGET_CONTEXT; score=13; event=OTHER; symbol=MBB,TITLE_TICKER|BODY_TICKER|TARGET_CONTEXT,TITLE_TICKER_WITH_TARGET_CONTEXT,HIGH_PRECISION,FALLBACK_QUARANTINE,FALLBACK_NO_EVENT_DETECTED,80,MEDIUM,NOT_INDEPENDENTLY_VALIDATED,False
544ee41dbf1714346e4b,90e73339133b7a3644d765038e942fc7,MWG,Công ty Cổ phần Đầu tư Thế Giới Di Động,2019-06-07,CafeF,https://cafef.vn/ssi-se-phat-hanh-6-chung-quyen-dam-bao-cw-voi-4-co-phieu-mwg-hpg-fpt-va-hpg-20190607084412511.chn,"SSI sẽ phát hành 6 chứng quyền đảm bảo (CW) với 4 cổ phiếu MWG, HPG, FPT và MBB",OTHER,OTHER,NEUTRAL,LOW,STOCK_SPECIFIC,MEDIUM,WEAK_RULE_V3_ENTITY_TIERED,WEAK_RULE_V3; tier=HIGH_PRECISION; entity=TITLE_TICKER|BODY_ALIAS|BODY_TICKER|TARGET_CONTEXT; score=17; event=OTHER; symbol=MWG,TITLE_TICKER|BODY_ALIAS|BODY_TICKER|TARGET_CONTEXT,TITLE_TICKER_WITH_TARGET_CONTEXT,HIGH_PRECISION,FALLBACK_QUARANTINE,FALLBACK_NO_EVENT_DETECTED,80,MEDIUM,NOT_INDEPENDENTLY_VALIDATED,False
275f59a8eb7ab74df60a,90e73339133b7a3644d765038e942fc7,SSI,Công ty Cổ phần Chứng khoán SSI,2019-06-07,CafeF,https://cafef.vn/ssi-se-phat-hanh-6-chung-quyen-dam-bao-cw-voi-4-co-phieu-mwg-hpg-fpt-va-hpg-20190607084412511.chn,"SSI sẽ phát hành 6 chứng quyền đảm bảo (CW) với 4 cổ phiếu MWG, HPG, FPT và MBB",OTHER,OTHER,NEUTRAL,LOW,STOCK_SPECIFIC,MEDIUM,WEAK_RULE_V3_ENTITY_TIERED,WEAK_RULE_V3; tier=HIGH_PRECISION; entity=TITLE_TICKER|BODY_COMPANY|BODY_TICKER|TARGET_CONTEXT; score=17; event=OTHER; symbol=SSI,TITLE_TICKER|BODY_COMPANY|BODY_TICKER|TARGET_CONTEXT,TITLE_TICKER_WITH_TARGET_CONTEXT,HIGH_PRECISION,FALLBACK_QUARANTINE,FALLBACK_NO_EVENT_DETECTED,80,MEDIUM,NOT_INDEPENDENTLY_VALIDATED,False
964cefdf0dbad9b8d000,01ddc382eb4f0f2b708112ea864744e0,BID,Ngân hàng TMCP Đầu tư và Phát triển Việt Nam,2019-06-14,CafeF,https://cafef.vn/chung-khoan-yuanta-du-bao-bid-se-thay-the-dhg-trong-ro-vn30-20190614172400812.chn,Chứng khoán Yuanta dự báo BID sẽ thay thế DHG trong rổ VN30,OTHER,OTHER,NEUTRAL,LOW,STOCK_SPECIFIC,MEDIUM,WEAK_RULE_V3_ENTITY_TIERED,WEAK_RULE_V3; tier=HIGH_PRECISION; entity=TITLE_TICKER|BODY_TICKER; score=9; event=OTHER; symbol=BID,TITLE_TICKER|BODY_TICKER,TITLE_ENTITY_MENTION,HIGH_PRECISION,FALLBACK_QUARANTINE,FALLBACK_NO_EVENT_DETECTED,80,MEDIUM,NOT_INDEPENDENTLY_VALIDATED,False
61a58ffe85c3e9d5426b,01ddc382eb4f0f2b708112ea864744e0,DHG,Công ty Cổ phần Dược Hậu Giang,2019-06-14,CafeF,https://cafef.vn/chung-khoan-yuanta-du-bao-bid-se-thay-the-dhg-trong-ro-vn30-20190614172400812.chn,Chứng khoán Yuanta dự báo BID sẽ thay thế DHG trong rổ VN30,OTHER,OTHER,NEUTRAL,LOW,STOCK_SPECIFIC,MEDIUM,WEAK_RULE_V3_ENTITY_TIERED,WEAK_RULE_V3; tier=HIGH_PRECISION; entity=TITLE_TICKER|BODY_TICKER; score=9; event=OTHER; symbol=DHG,TITLE_TICKER|BODY_TICKER,TITLE_ENTITY_MENTION,HIGH_PRECISION,FALLBACK_QUARANTINE,FALLBACK_NO_EVENT_DETECTED,80,MEDIUM,NOT_INDEPENDENTLY_VALIDATED,False
6ec4f4b35cd256d8287e,eacddd7c916b1d83068c99226b2a25e2,GEX,Công ty Cổ phần Tập đoàn GELEX,2019-06-14,CafeF,https://cafef.vn/scr-pvi-gex-vds-naf-lgc-dpg-c32-ttb-s55-pxm-tdp-idj-thong-tin-giao-dich-luong-lon-co-phieu-20190613181724359.chn,"SCR, PVI, GEX, VDS, NAF, LGC, DPG, C32, TTB, S55, PXM, TDP, IDJ: Thông tin giao dịch lượng lớn cổ phiếu",OTHER,OTHER,NEUTRAL,LOW,STOCK_SPECIFIC,MEDIUM,WEAK_RULE_V3_ENTITY_TIERED,WEAK_RULE_V3; tier=HIGH_PRECISION; entity=TITLE_TICKER|BODY_TICKER|TARGET_CONTEXT; score=13; event=OTHER; symbol=GEX,TITLE_TICKER|BODY_TICKER|TARGET_CONTEXT,TITLE_TICKER_WITH_TARGET_CONTEXT,HIGH_PRECISION,FALLBACK_QUARANTINE,FALLBACK_NO_EVENT_DETECTED,80,MEDIUM,NOT_INDEPENDENTLY_VALIDATED,False
eb16b62ec41d331a9b4d,6bab0d12574a7789c26e0805b102becf,MSN,Công ty Cổ phần Tập đoàn Masan,2019-06-15,CafeF,https://cafef.vn/masan-group-msn-phat-hanh-gan-6-trieu-co-phieu-esop-gia-10000-dong-cp-2019061511211089.chn,Masan Group (MSN) phát hành gần 6 triệu cổ phiếu ESOP giá 10.000 đồng/cp,CORPORATE_ACTION,STOCK_ISSUANCE,NEUTRAL,MODERATE,STOCK_SPECIFIC,HIGH,WEAK_RULE_V3_ENTITY_TIERED,WEAK_RULE_V3; tier=HIGH_PRECISION; entity=TITLE_TICKER|TITLE_COMPANY|BODY_COMPANY|BODY_TICKER|TARGET_CONTEXT; score=24; event=STOCK_ISSUANCE; symbol=MSN,TITLE_TICKER|TITLE_COMPANY|BODY_COMPANY|BODY_TICKER|TARGET_CONTEXT,TITLE_TICKER_WITH_TARGET_CONTEXT,HIGH_PRECISION,INFORMATIVE_CANDIDATE,EXPERIMENTAL_INFORMATIVE_UNVALIDATED,100,HIGH,NOT_INDEPENDENTLY_VALIDATED,True
bf3db8d8d5f98744cb51,7faabee75f2d62b7affc4e3223cbbd26,POW,Tổng Công ty Điện lực Dầu khí Việt Nam,2019-06-15,CafeF,https://cafef.vn/sau-ftse-vietnam-etf-den-luot-vnm-etf-them-pow-vao-danh-muc-trong-ky-review-quy-2-2019-20190615053322078.chn,"Sau FTSE Vietnam ETF, đến lượt VNM ETF thêm POW vào danh mục trong kỳ review quý 2/2019",OTHER,OTHER,NEUTRAL,LOW,STOCK_SPECIFIC,MEDIUM,WEAK_RULE_V3_ENTITY_TIERED,WEAK_RULE_V3; tier=HIGH_PRECISION; entity=TITLE_TICKER|BODY_TICKER|TARGET_CONTEXT; score=13; event=OTHER; symbol=POW,TITLE_TICKER|BODY_TICKER|TARGET_CONTEXT,TITLE_TICKER_WITH_TARGET_CONTEXT,HIGH_PRECISION,FALLBACK_QUARANTINE,FALLBACK_NO_EVENT_DETECTED,80,MEDIUM,NOT_INDEPENDENTLY_VALIDATED,False
3854ac7a7b06bcf3d538,b6af123bb04c63379369e71a772a255c,VHC,Công ty Cổ phần Vĩnh Hoàn,2019-06-20,CafeF,https://cafef.vn/ban-dut-van-duc-tien-giang-vinh-hoan-co-the-thu-ve-khoan-lai-bat-thuong-100-ty-dong-trong-quy-2-20190620113601234.chn,"Bán đứt Vạn Đức Tiền Giang, Vĩnh Hoàn có thể thu về khoản lãi bất thường 100 tỷ đồng trong quý 2",CORPORATE_ACTION,STOCK_ISSUANCE,NEUTRAL,MODERATE,STOCK_SPECIFIC,HIGH,WEAK_RULE_V3_ENTITY_TIERED,WEAK_RULE_V3; tier=HIGH_PRECISION; entity=TITLE_COMPANY|BODY_COMPANY|BODY_TICKER; score=13; event=STOCK_ISSUANCE; symbol=VHC,TITLE_COMPANY|BODY_COMPANY|BODY_TICKER,TITLE_ENTITY_MENTION,HIGH_PRECISION,INFORMATIVE_CANDIDATE,EXPERIMENTAL_INFORMATIVE_UNVALIDATED,100,HIGH,NOT_INDEPENDENTLY_VALIDATED,True
d90c34d2f2537ba532c7,d0c12bfee3c7967a897334aec2d56037,VCB,Ngân hàng TMCP Ngoại thương Việt Nam,2019-06-20,CafeF,https://cafef.vn/giao-dich-am-dam-vn-index-giang-co-quanh-moc-950-diem-20190620100731234.chn,"VCB áp sát đỉnh lịch sử, VN-Index tăng hơn 9 điểm với dòng tiền lan tỏa nhiều nhóm ngành",OTHER,OTHER,NEUTRAL,LOW,STOCK_SPECIFIC,MEDIUM,WEAK_RULE_V3_ENTITY_TIERED,WEAK_RULE_V3; tier=HIGH_PRECISION; entity=TITLE_TICKER|BODY_TICKER|TARGET_CONTEXT; score=13; event=OTHER; symbol=VCB,TITLE_TICKER|BODY_TICKER|TARGET_CONTEXT,TITLE_TICKER_WITH_TARGET_CONTEXT,HIGH_PRECISION,FALLBACK_QUARANTINE,FALLBACK_NO_EVENT_DETECTED,80,MEDIUM,NOT_INDEPENDENTLY_VALIDATED,False
d8e607bfba009720e100,033aac2f9b9224791119d19b94182132,FPT,Công ty Cổ phần FPT,2019-06-28,CafeF,https://cafef.vn/ssi-tiep-tuc-phat-hanh-5-chung-quyen-co-bao-dam-cho-3-ma-hpg-fpt-mwg-20190627220305031.chn,"SSI tiếp tục phát hành 5 chứng quyền có bảo đảm cho 3 mã HPG, FPT, MWG",OTHER,OTHER,NEUTRAL,LOW,STOCK_SPECIFIC,MEDIUM,WEAK_RULE_V3_ENTITY_TIERED,WEAK_RULE_V3; tier=HIGH_PRECISION; entity=TITLE_TICKER|BODY_TICKER; score=9; event=OTHER; symbol=FPT,TITLE_TICKER|BODY_TICKER,TITLE_ENTITY_MENTION,HIGH_PRECISION,FALLBACK_QUARANTINE,FALLBACK_NO_EVENT_DETECTED,80,MEDIUM,NOT_INDEPENDENTLY_VALIDATED,False
1d359d779d99a4d78042,033aac2f9b9224791119d19b94182132,HPG,Công ty Cổ phần Tập đoàn Hòa Phát,2019-06-28,CafeF,https://cafef.vn/ssi-tiep-tuc-phat-hanh-5-chung-quyen-co-bao-dam-cho-3-ma-hpg-fpt-mwg-20190627220305031.chn,"SSI tiếp tục phát hành 5 chứng quyền có bảo đảm cho 3 mã HPG, FPT, MWG",OTHER,OTHER,NEUTRAL,LOW,STOCK_SPECIFIC,MEDIUM,WEAK_RULE_V3_ENTITY_TIERED,WEAK_RULE_V3; tier=HIGH_PRECISION; entity=TITLE_TICKER|BODY_TICKER; score=9; event=OTHER; symbol=HPG,TITLE_TICKER|BODY_TICKER,TITLE_ENTITY_MENTION,HIGH_PRECISION,FALLBACK_QUARANTINE,FALLBACK_NO_EVENT_DETECTED,80,MEDIUM,NOT_INDEPENDENTLY_VALIDATED,False
faa8a73b09bca82fff01,033aac2f9b9224791119d19b94182132,MWG,Công ty Cổ phần Đầu tư Thế Giới Di Động,2019-06-28,CafeF,https://cafef.vn/ssi-tiep-tuc-phat-hanh-5-chung-quyen-co-bao-dam-cho-3-ma-hpg-fpt-mwg-20190627220305031.chn,"SSI tiếp tục phát hành 5 chứng quyền có bảo đảm cho 3 mã HPG, FPT, MWG",OTHER,OTHER,NEUTRAL,LOW,STOCK_SPECIFIC,MEDIUM,WEAK_RULE_V3_ENTITY_TIERED,WEAK_RULE_V3; tier=HIGH_PRECISION; entity=TITLE_TICKER|BODY_TICKER; score=9; event=OTHER; symbol=MWG,TITLE_TICKER|BODY_TICKER,TITLE_ENTITY_MENTION,HIGH_PRECISION,FALLBACK_QUARANTINE,FALLBACK_NO_EVENT_DETECTED,80,MEDIUM,NOT_INDEPENDENTLY_VALIDATED,False
a68071bedb6fffcd433d,033aac2f9b9224791119d19b94182132,SSI,Công ty Cổ phần Chứng khoán SSI,2019-06-28,CafeF,https://cafef.vn/ssi-tiep-tuc-phat-hanh-5-chung-quyen-co-bao-dam-cho-3-ma-hpg-fpt-mwg-20190627220305031.chn,"SSI tiếp tục phát hành 5 chứng quyền có bảo đảm cho 3 mã HPG, FPT, MWG",OTHER,OTHER,NEUTRAL,LOW,STOCK_SPECIFIC,MEDIUM,WEAK_RULE_V3_ENTITY_TIERED,WEAK_RULE_V3; tier=HIGH_PRECISION; entity=TITLE_TICKER|BODY_COMPANY|BODY_TICKER|TARGET_CONTEXT; score=17; event=OTHER; symbol=SSI,TITLE_TICKER|BODY_COMPANY|BODY_TICKER|TARGET_CONTEXT,TITLE_TICKER_WITH_TARGET_CONTEXT,HIGH_PRECISION,FALLBACK_QUARANTINE,FALLBACK_NO_EVENT_DETECTED,80,MEDIUM,NOT_INDEPENDENTLY_VALIDATED,False
0342cdd11ffc169fc1aa,f735749319b3c491e5e271cffba16612,PVS,Tổng Công ty Cổ phần Dịch vụ Kỹ thuật Dầu khí Việt Nam,2019-07-03,CafeF,https://cafef.vn/mang-co-khi-dau-khi-nhieu-trien-vong-pvs-duoc-du-bao-hoan-thanh-vuot-xa-ke-hoach-loi-nhuan-nam-2019-201907031702325.chn,"Mảng cơ khí dầu khí nhiều triển vọng, PVS được dự báo hoàn thành vượt xa kế hoạch lợi nhuận năm 2019",CORPORATE_ACTION,LEADERSHIP_CHANGE,NEUTRAL,MODERATE,STOCK_SPECIFIC,HIGH,WEAK_RULE_V3_ENTITY_TIERED,WEAK_RULE_V3; tier=HIGH_PRECISION; entity=TITLE_TICKER|BODY_ALIAS|BODY_TICKER|TARGET_CONTEXT; score=17; event=LEADERSHIP_CHANGE; symbol=PVS,TITLE_TICKER|BODY_ALIAS|BODY_TICKER|TARGET_CONTEXT,TITLE_TICKER_WITH_TARGET_CONTEXT,HIGH_PRECISION,INFORMATIVE_CANDIDATE,EXPERIMENTAL_INFORMATIVE_UNVALIDATED,100,HIGH,NOT_INDEPENDENTLY_VALIDATED,True
24056ba7d2dd0faed3df,759321218ba9cdb374f17ca6143839b7,VND,Công ty Cổ phần Chứng khoán VNDIRECT,2019-07-08,CafeF,https://cafef.vn/vndirect-danh-gia-thoi-diem-kho-khan-nhat-voi-thi-truong-da-qua-vn-index-se-vuot-1000-diem-vao-cuoi-nam-2019-20190708175950968.chn,"VNDIRECT đánh giá thời điểm khó khăn nhất với thị trường đã qua, VN-Index sẽ vượt 1.000 điểm vào cuối năm 2019",MACRO_POLICY,MACRO_POLICY,NEUTRAL,MODERATE,MARKET,HIGH,WEAK_RULE_V3_ENTITY_TIERED,WEAK_RULE_V3; tier=HIGH_PRECISION; entity=TITLE_ALIAS|BODY_ALIAS; score=11; event=MACRO_POLICY; symbol=VND,TITLE_ALIAS|BODY_ALIAS,TITLE_ENTITY_MENTION,HIGH_PRECISION,INFORMATIVE_CANDIDATE,EXPERIMENTAL_INFORMATIVE_UNVALIDATED,100,CRITICAL,NOT_INDEPENDENTLY_VALIDATED,True
b27bdbc85e1853d9b174,f2f8cb6568dead060f55eeb5662cfb46,SSI,Công ty Cổ phần Chứng khoán SSI,2019-07-08,CafeF,https://cafef.vn/ssi-research-uoc-tinh-loi-nhuan-quy-2-cua-25-doanh-nghiep-niem-yet-20190708164314437.chn,SSI Research ước tính lợi nhuận quý 2 của 25 doanh nghiệp niêm yết,BUSINESS_RESULT,PROFIT_GROWTH,POSITIVE,HIGH,STOCK_SPECIFIC,HIGH,WEAK_RULE_V3_ENTITY_TIERED,WEAK_RULE_V3; tier=HIGH_PRECISION; entity=TITLE_TICKER|BODY_TICKER|TARGET_CONTEXT; score=13; event=PROFIT_GROWTH; symbol=SSI,TITLE_TICKER|BODY_TICKER|TARGET_CONTEXT,TITLE_TICKER_WITH_TARGET_CONTEXT,HIGH_PRECISION,INFORMATIVE_CANDIDATE,EXPERIMENTAL_INFORMATIVE_UNVALIDATED,100,HIGH,NOT_INDEPENDENTLY_VALIDATED,True
84e92b717c285ed60649,cc5c4ed95c7e77749b77b856ac77d65e,FRT,Công ty Cổ phần Bán lẻ Kỹ thuật số FPT,2019-07-09,CafeF,https://cafef.vn/hpg-hng-shb-lpb-frt-gsm-gex-nkg-smb-hem-thg-ptl-apg-sip-kst-skv-vcp-vta-thong-tin-giao-dich-luong-lon-co-phieu-20190709074549921.chn,"HPG, HNG, SHB, LPB, FRT, GSM, GEX, NKG, SMB, HEM, THG, PTL, APG, SIP, KST, SKV, VCP, VTA: Thông tin giao dịch lượng lớn cổ phiếu",OTHER,OTHER,NEUTRAL,LOW,STOCK_SPECIFIC,MEDIUM,WEAK_RULE_V3_ENTITY_TIERED,WEAK_RULE_V3; tier=HIGH_PRECISION; entity=TITLE_TICKER|BODY_TICKER|TARGET_CONTEXT; score=13; event=OTHER; symbol=FRT,TITLE_TICKER|BODY_TICKER|TARGET_CONTEXT,TITLE_TICKER_WITH_TARGET_CONTEXT,HIGH_PRECISION,FALLBACK_QUARANTINE,FALLBACK_NO_EVENT_DETECTED,80,MEDIUM,NOT_INDEPENDENTLY_VALIDATED,False
50c278c79e2a536437c7,cc5c4ed95c7e77749b77b856ac77d65e,GEX,Công ty Cổ phần Tập đoàn GELEX,2019-07-09,CafeF,https://cafef.vn/hpg-hng-shb-lpb-frt-gsm-gex-nkg-smb-hem-thg-ptl-apg-sip-kst-skv-vcp-vta-thong-tin-giao-dich-luong-lon-co-phieu-20190709074549921.chn,"HPG, HNG, SHB, LPB, FRT, GSM, GEX, NKG, SMB, HEM, THG, PTL, APG, SIP, KST, SKV, VCP, VTA: Thông tin giao dịch lượng lớn cổ phiếu",OTHER,OTHER,NEUTRAL,LOW,STOCK_SPECIFIC,MEDIUM,WEAK_RULE_V3_ENTITY_TIERED,WEAK_RULE_V3; tier=HIGH_PRECISION; entity=TITLE_TICKER|BODY_COMPANY|BODY_TICKER|TARGET_CONTEXT; score=17; event=OTHER; symbol=GEX,TITLE_TICKER|BODY_COMPANY|BODY_TICKER|TARGET_CONTEXT,TITLE_TICKER_WITH_TARGET_CONTEXT,HIGH_PRECISION,FALLBACK_QUARANTINE,FALLBACK_NO_EVENT_DETECTED,80,MEDIUM,NOT_INDEPENDENTLY_VALIDATED,False
97799795dfe80c18bcce,cc5c4ed95c7e77749b77b856ac77d65e,HPG,Công ty Cổ phần Tập đoàn Hòa Phát,2019-07-09,CafeF,https://cafef.vn/hpg-hng-shb-lpb-frt-gsm-gex-nkg-smb-hem-thg-ptl-apg-sip-kst-skv-vcp-vta-thong-tin-giao-dich-luong-lon-co-phieu-20190709074549921.chn,"HPG, HNG, SHB, LPB, FRT, GSM, GEX, NKG, SMB, HEM, THG, PTL, APG, SIP, KST, SKV, VCP, VTA: Thông tin giao dịch lượng lớn cổ phiếu",OTHER,OTHER,NEUTRAL,LOW,STOCK_SPECIFIC,MEDIUM,WEAK_RULE_V3_ENTITY_TIERED,WEAK_RULE_V3; tier=HIGH_PRECISION; entity=TITLE_TICKER|BODY_COMPANY|BODY_TICKER|TARGET_CONTEXT; score=17; event=OTHER; symbol=HPG,TITLE_TICKER|BODY_COMPANY|BODY_TICKER|TARGET_CONTEXT,TITLE_TICKER_WITH_TARGET_CONTEXT,HIGH_PRECISION,FALLBACK_QUARANTINE,FALLBACK_NO_EVENT_DETECTED,80,MEDIUM,NOT_INDEPENDENTLY_VALIDATED,False
6700c305b59b9c6608e4,cc5c4ed95c7e77749b77b856ac77d65e,NKG,Công ty Cổ phần Thép Nam Kim,2019-07-09,CafeF,https://cafef.vn/hpg-hng-shb-lpb-frt-gsm-gex-nkg-smb-hem-thg-ptl-apg-sip-kst-skv-vcp-vta-thong-tin-giao-dich-luong-lon-co-phieu-20190709074549921.chn,"HPG, HNG, SHB, LPB, FRT, GSM, GEX, NKG, SMB, HEM, THG, PTL, APG, SIP, KST, SKV, VCP, VTA: Thông tin giao dịch lượng lớn cổ phiếu",OTHER,OTHER,NEUTRAL,LOW,STOCK_SPECIFIC,MEDIUM,WEAK_RULE_V3_ENTITY_TIERED,WEAK_RULE_V3; tier=HIGH_PRECISION; entity=TITLE_TICKER|BODY_COMPANY|BODY_TICKER|TARGET_CONTEXT; score=17; event=OTHER; symbol=NKG,TITLE_TICKER|BODY_COMPANY|BODY_TICKER|TARGET_CONTEXT,TITLE_TICKER_WITH_TARGET_CONTEXT,HIGH_PRECISION,FALLBACK_QUARANTINE,FALLBACK_NO_EVENT_DETECTED,80,MEDIUM,NOT_INDEPENDENTLY_VALIDATED,False
6b5c9b9f801c34758be6,11ec8f7a3b5e5e2732dc5fc2f1ae80c8,FPT,Công ty Cổ phần FPT,2019-07-11,CafeF,https://cafef.vn/fpt-retail-frt-du-kien-phat-hanh-hon-10-trieu-co-phieu-tra-co-tuc-20190711090519921.chn,FPT Retail (FRT) dự kiến phát hành hơn 10 triệu cổ phiếu trả cổ tức,BUSINESS_RESULT,PROFIT_GROWTH,POSITIVE,HIGH,STOCK_SPECIFIC,HIGH,WEAK_RULE_V3_ENTITY_TIERED,WEAK_RULE_V3; tier=HIGH_PRECISION; entity=TITLE_TICKER|BODY_TICKER; score=9; event=PROFIT_GROWTH; symbol=FPT,TITLE_TICKER|BODY_TICKER,TITLE_ENTITY_MENTION,HIGH_PRECISION,INFORMATIVE_CANDIDATE,EXPERIMENTAL_INFORMATIVE_UNVALIDATED,100,HIGH,NOT_INDEPENDENTLY_VALIDATED,True
91cfa2760357ba81ad95,11ec8f7a3b5e5e2732dc5fc2f1ae80c8,FRT,Công ty Cổ phần Bán lẻ Kỹ thuật số FPT,2019-07-11,CafeF,https://cafef.vn/fpt-retail-frt-du-kien-phat-hanh-hon-10-trieu-co-phieu-tra-co-tuc-20190711090519921.chn,FPT Retail (FRT) dự kiến phát hành hơn 10 triệu cổ phiếu trả cổ tức,BUSINESS_RESULT,PROFIT_GROWTH,POSITIVE,HIGH,STOCK_SPECIFIC,HIGH,WEAK_RULE_V3_ENTITY_TIERED,WEAK_RULE_V3; tier=HIGH_PRECISION; entity=TITLE_TICKER|TITLE_ALIAS|BODY_ALIAS|BODY_TICKER|TARGET_CONTEXT; score=24; event=PROFIT_GROWTH; symbol=FRT,TITLE_TICKER|TITLE_ALIAS|BODY_ALIAS|BODY_TICKER|TARGET_CONTEXT,TITLE_TICKER_WITH_TARGET_CONTEXT,HIGH_PRECISION,INFORMATIVE_CANDIDATE,EXPERIMENTAL_INFORMATIVE_UNVALIDATED,100,HIGH,NOT_INDEPENDENTLY_VALIDATED,True
dd131a36cdb56b44cabb,f7d7c8869f727e74f2a2a75619d0f34d,VCB,Ngân hàng TMCP Ngoại thương Việt Nam,2019-07-15,CafeF,https://cafef.vn/thi-truong-giao-dich-giang-co-dong-tien-do-manh-vao-nhom-khu-cong-nghiep-20190715101453531.chn,"VCB bứt phá mạnh cuối phiên, VN-Index vẫn giảm gần 3 điểm",OTHER,OTHER,NEUTRAL,LOW,STOCK_SPECIFIC,MEDIUM,WEAK_RULE_V3_ENTITY_TIERED,WEAK_RULE_V3; tier=HIGH_PRECISION; entity=TITLE_TICKER|BODY_TICKER|TARGET_CONTEXT; score=13; event=OTHER; symbol=VCB,TITLE_TICKER|BODY_TICKER|TARGET_CONTEXT,TITLE_TICKER_WITH_TARGET_CONTEXT,HIGH_PRECISION,FALLBACK_QUARANTINE,FALLBACK_NO_EVENT_DETECTED,80,MEDIUM,NOT_INDEPENDENTLY_VALIDATED,False
e21acbcd376b8924fd05,69c4b544ae0e9c908bd840dda5e8ea1b,FPT,Công ty Cổ phần FPT,2019-07-19,CafeF,https://cafef.vn/fpt-retail-6-thang-dau-nam-dat-158-ty-dong-lnst-doanh-thu-online-tang-truong-41-20190719083350312.chn,"FPT Retail: 6 tháng đầu năm đạt 158 tỷ đồng LNST, doanh thu online tăng trưởng 41%",BUSINESS_RESULT,PROJECT_EXPANSION,POSITIVE,MODERATE,STOCK_SPECIFIC,HIGH,WEAK_RULE_V3_ENTITY_TIERED,WEAK_RULE_V3; tier=HIGH_PRECISION; entity=TITLE_TICKER|BODY_TICKER|TARGET_CONTEXT; score=13; event=PROJECT_EXPANSION; symbol=FPT,TITLE_TICKER|BODY_TICKER|TARGET_CONTEXT,TITLE_TICKER_WITH_TARGET_CONTEXT,HIGH_PRECISION,INFORMATIVE_CANDIDATE,EXPERIMENTAL_INFORMATIVE_UNVALIDATED,100,HIGH,NOT_INDEPENDENTLY_VALIDATED,True
45e6f72fff92cff49a70,69c4b544ae0e9c908bd840dda5e8ea1b,FRT,Công ty Cổ phần Bán lẻ Kỹ thuật số FPT,2019-07-19,CafeF,https://cafef.vn/fpt-retail-6-thang-dau-nam-dat-158-ty-dong-lnst-doanh-thu-online-tang-truong-41-20190719083350312.chn,"FPT Retail: 6 tháng đầu năm đạt 158 tỷ đồng LNST, doanh thu online tăng trưởng 41%",BUSINESS_RESULT,PROJECT_EXPANSION,POSITIVE,MODERATE,STOCK_SPECIFIC,HIGH,WEAK_RULE_V3_ENTITY_TIERED,WEAK_RULE_V3; tier=HIGH_PRECISION; entity=TITLE_ALIAS|BODY_ALIAS|BODY_TICKER|TARGET_CONTEXT; score=17; event=PROJECT_EXPANSION; symbol=FRT,TITLE_ALIAS|BODY_ALIAS|BODY_TICKER|TARGET_CONTEXT,TITLE_ENTITY_WITH_TARGET_CONTEXT,HIGH_PRECISION,INFORMATIVE_CANDIDATE,EXPERIMENTAL_INFORMATIVE_UNVALIDATED,100,HIGH,NOT_INDEPENDENTLY_VALIDATED,True
b7bd66604ba97eccd01f,fddc7dbee03604494f3d910d5ebdd94b,MSN,Công ty Cổ phần Tập đoàn Masan,2019-07-19,CafeF,https://cafef.vn/co-phieu-msn-can-day-1-nam-truoc-them-co-phieu-esop-gia-thap-duoc-giao-dich-20190719090230062.chn,"Cổ phiếu MSN ""cán"" đáy 1 năm trước thềm cổ phiếu ESOP giá thấp được giao dịch",CORPORATE_ACTION,STOCK_ISSUANCE,NEUTRAL,MODERATE,STOCK_SPECIFIC,HIGH,WEAK_RULE_V3_ENTITY_TIERED,WEAK_RULE_V3; tier=HIGH_PRECISION; entity=TITLE_TICKER|BODY_COMPANY|BODY_TICKER|TARGET_CONTEXT; score=17; event=STOCK_ISSUANCE; symbol=MSN,TITLE_TICKER|BODY_COMPANY|BODY_TICKER|TARGET_CONTEXT,TITLE_TICKER_WITH_TARGET_CONTEXT,HIGH_PRECISION,INFORMATIVE_CANDIDATE,EXPERIMENTAL_INFORMATIVE_UNVALIDATED,100,HIGH,NOT_INDEPENDENTLY_VALIDATED,True
eea6dcc5b9cb5d95c21d,a333df5de0e0fc0174e964e9e2bf2a63,VCI,Công ty Cổ phần Chứng khoán Vietcap,2019-07-22,CafeF,https://cafef.vn/mang-moi-gioi-gap-kho-loi-nhuan-chung-khoan-ban-viet-vcsc-giam-30-trong-quy-2-2019-20190722160333562.chn,"Mảng môi giới gặp khó, lợi nhuận Chứng khoán Bản Việt (VCSC) giảm 30% trong quý 2/2019",OTHER,OTHER,NEUTRAL,LOW,STOCK_SPECIFIC,MEDIUM,WEAK_RULE_V3_ENTITY_TIERED,WEAK_RULE_V3; tier=HIGH_PRECISION; entity=TITLE_ALIAS|BODY_ALIAS; score=11; event=OTHER; symbol=VCI,TITLE_ALIAS|BODY_ALIAS,TITLE_ENTITY_MENTION,HIGH_PRECISION,FALLBACK_QUARANTINE,FALLBACK_NO_EVENT_DETECTED,80,MEDIUM,NOT_INDEPENDENTLY_VALIDATED,False
4f933a6287b1680333f7,58eadea5f16382843e47984ed961614e,MWG,Công ty Cổ phần Đầu tư Thế Giới Di Động,2019-07-26,CafeF,https://cafef.vn/the-gioi-di-dong-mwg-ban-duoc-11000-dong-ho-trong-thang-6-nua-dau-nam-dat-2121-ty-lai-rong-20190726135508593.chn,"Thế giới Di động (MWG) bán được 11.000 đồng hồ trong tháng 6, nửa đầu năm đạt 2.121 tỷ lãi ròng",OTHER,OTHER,NEUTRAL,LOW,STOCK_SPECIFIC,MEDIUM,WEAK_RULE_V3_ENTITY_TIERED,WEAK_RULE_V3; tier=HIGH_PRECISION; entity=TITLE_TICKER|TITLE_ALIAS|BODY_ALIAS|BODY_TICKER|TARGET_CONTEXT; score=24; event=OTHER; symbol=MWG,TITLE_TICKER|TITLE_ALIAS|BODY_ALIAS|BODY_TICKER|TARGET_CONTEXT,TITLE_TICKER_WITH_TARGET_CONTEXT,HIGH_PRECISION,FALLBACK_QUARANTINE,FALLBACK_NO_EVENT_DETECTED,80,MEDIUM,NOT_INDEPENDENTLY_VALIDATED,False
41b29869761ad6e0f2e5,f07fc35f147a588da235c04861c47237,HPG,Công ty Cổ phần Tập đoàn Hòa Phát,2019-07-26,CafeF,https://cafef.vn/chu-tich-hoa-phat-tran-dinh-long-noi-gi-ve-viec-gia-quang-sat-lien-tuc-tang-20190726115443843.chn,Chủ tịch Hòa Phát Trần Đình Long nói gì về việc giá quặng sắt liên tục tăng?,CORPORATE_ACTION,LEADERSHIP_CHANGE,NEUTRAL,MODERATE,STOCK_SPECIFIC,HIGH,WEAK_RULE_V3_ENTITY_TIERED,WEAK_RULE_V3; tier=HIGH_PRECISION; entity=TITLE_COMPANY|BODY_COMPANY|BODY_TICKER|TARGET_CONTEXT; score=17; event=LEADERSHIP_CHANGE; symbol=HPG,TITLE_COMPANY|BODY_COMPANY|BODY_TICKER|TARGET_CONTEXT,TITLE_ENTITY_WITH_TARGET_CONTEXT,HIGH_PRECISION,INFORMATIVE_CANDIDATE,EXPERIMENTAL_INFORMATIVE_UNVALIDATED,100,HIGH,NOT_INDEPENDENTLY_VALIDATED,True
091377756656c01a1def,c0f29d527e78e607fcd190a831ed6daa,GEX,Công ty Cổ phần Tập đoàn GELEX,2019-07-27,CafeF,https://cafef.vn/fcm-nkg-vpb-gex-gsm-mig-drh-ast-cpi-gta-thong-tin-giao-dich-luong-lon-co-phieu-2019072708064725.chn,"FCM, NKG, VPB, GEX, GSM, MIG, DRH, AST, CPI, GTA: Thông tin giao dịch lượng lớn cổ phiếu",MACRO_POLICY,MACRO_POLICY,NEUTRAL,MODERATE,MARKET,HIGH,WEAK_RULE_V3_ENTITY_TIERED,WEAK_RULE_V3; tier=HIGH_PRECISION; entity=TITLE_TICKER|BODY_TICKER|TARGET_CONTEXT; score=13; event=MACRO_POLICY; symbol=GEX,TITLE_TICKER|BODY_TICKER|TARGET_CONTEXT,TITLE_TICKER_WITH_TARGET_CONTEXT,HIGH_PRECISION,INFORMATIVE_CANDIDATE,EXPERIMENTAL_INFORMATIVE_UNVALIDATED,100,CRITICAL,NOT_INDEPENDENTLY_VALIDATED,True
b51a4a5f9305f7810354,c0f29d527e78e607fcd190a831ed6daa,NKG,Công ty Cổ phần Thép Nam Kim,2019-07-27,CafeF,https://cafef.vn/fcm-nkg-vpb-gex-gsm-mig-drh-ast-cpi-gta-thong-tin-giao-dich-luong-lon-co-phieu-2019072708064725.chn,"FCM, NKG, VPB, GEX, GSM, MIG, DRH, AST, CPI, GTA: Thông tin giao dịch lượng lớn cổ phiếu",MACRO_POLICY,MACRO_POLICY,NEUTRAL,MODERATE,MARKET,HIGH,WEAK_RULE_V3_ENTITY_TIERED,WEAK_RULE_V3; tier=HIGH_PRECISION; entity=TITLE_TICKER|BODY_COMPANY|BODY_TICKER|TARGET_CONTEXT; score=17; event=MACRO_POLICY; symbol=NKG,TITLE_TICKER|BODY_COMPANY|BODY_TICKER|TARGET_CONTEXT,TITLE_TICKER_WITH_TARGET_CONTEXT,HIGH_PRECISION,INFORMATIVE_CANDIDATE,EXPERIMENTAL_INFORMATIVE_UNVALIDATED,100,CRITICAL,NOT_INDEPENDENTLY_VALIDATED,True
521b29db572fa8c00bba,c0f29d527e78e607fcd190a831ed6daa,VPB,Ngân hàng TMCP Việt Nam Thịnh Vượng,2019-07-27,CafeF,https://cafef.vn/fcm-nkg-vpb-gex-gsm-mig-drh-ast-cpi-gta-thong-tin-giao-dich-luong-lon-co-phieu-2019072708064725.chn,"FCM, NKG, VPB, GEX, GSM, MIG, DRH, AST, CPI, GTA: Thông tin giao dịch lượng lớn cổ phiếu",MACRO_POLICY,MACRO_POLICY,NEUTRAL,MODERATE,MARKET,HIGH,WEAK_RULE_V3_ENTITY_TIERED,WEAK_RULE_V3; tier=HIGH_PRECISION; entity=TITLE_TICKER|BODY_COMPANY|BODY_TICKER|TARGET_CONTEXT; score=17; event=MACRO_POLICY; symbol=VPB,TITLE_TICKER|BODY_COMPANY|BODY_TICKER|TARGET_CONTEXT,TITLE_TICKER_WITH_TARGET_CONTEXT,HIGH_PRECISION,INFORMATIVE_CANDIDATE,EXPERIMENTAL_INFORMATIVE_UNVALIDATED,100,CRITICAL,NOT_INDEPENDENTLY_VALIDATED,True
2e9cf8a9374ef310d5f6,b98d7274cf7427b74ce2721a154fa09e,VIC,Tập đoàn Vingroup,2019-07-30,CafeF,https://cafef.vn/vingroup-lntt-quy-2-dat-gan-4900-ty-dong-doanh-thu-mang-ban-le-tang-truong-74-20190730221101296.chn,"Vingroup: LNTT quý 2 đạt gần 4.900 tỷ đồng, doanh thu mảng bán lẻ tăng trưởng 74%",BUSINESS_RESULT,PROJECT_EXPANSION,POSITIVE,MODERATE,STOCK_SPECIFIC,HIGH,WEAK_RULE_V3_ENTITY_TIERED,WEAK_RULE_V3; tier=HIGH_PRECISION; entity=TITLE_COMPANY|BODY_COMPANY|BODY_TICKER|TARGET_CONTEXT; score=17; event=PROJECT_EXPANSION; symbol=VIC,TITLE_COMPANY|BODY_COMPANY|BODY_TICKER|TARGET_CONTEXT,TITLE_ENTITY_WITH_TARGET_CONTEXT,HIGH_PRECISION,INFORMATIVE_CANDIDATE,EXPERIMENTAL_INFORMATIVE_UNVALIDATED,100,HIGH,NOT_INDEPENDENTLY_VALIDATED,True
ab997b5a062ae437f5dd,46f2d026483c7c87ae87fe4b72b1ccc0,HSG,Công ty Cổ phần Tập đoàn Hoa Sen,2019-07-31,CafeF,https://cafef.vn/hoa-sen-group-hsg-da-giam-duoc-hon-3300-ty-no-vay-thu-gon-gan-100-chi-nhanh-loi-nhuan-3-quy-van-chi-dat-phan-nua-cung-ky-voi-277-ty-dong-20190730175223843.chn,"Hoa Sen Group (HSG) đã giảm được hơn 3.300 tỷ nợ vay, thu gọn gần 100 chi nhánh, lợi nhuận 3 quý vẫn chỉ đạt phân nửa cùng kỳ với 277 tỷ đồng",SECTOR_NEWS,SECTOR_NEWS,NEUTRAL,MODERATE,SECTOR,HIGH,WEAK_RULE_V3_ENTITY_TIERED,WEAK_RULE_V3; tier=HIGH_PRECISION; entity=TITLE_TICKER|TITLE_COMPANY|BODY_COMPANY|BODY_TICKER|TARGET_CONTEXT; score=24; event=SECTOR_NEWS; symbol=HSG,TITLE_TICKER|TITLE_COMPANY|BODY_COMPANY|BODY_TICKER|TARGET_CONTEXT,TITLE_TICKER_WITH_TARGET_CONTEXT,HIGH_PRECISION,INFORMATIVE_CANDIDATE,EXPERIMENTAL_INFORMATIVE_UNVALIDATED,100,CRITICAL,NOT_INDEPENDENTLY_VALIDATED,True
99f1177eac57f8d45a3f,87ea7715611f37bd72f5a2db1c4c0a13,GEX,Công ty Cổ phần Tập đoàn GELEX,2019-08-06,CafeF,https://cafef.vn/vnm-hpg-nlg-tdg-phc-gex-ttf-sdg-qns-nps-thong-tin-giao-dich-luong-lon-co-phieu-20190806092628556.chn,"VNM, HPG, NLG, TDG, PHC, GEX, TTF, SDG, QNS, NPS: Thông tin giao dịch lượng lớn cổ phiếu",OTHER,OTHER,NEUTRAL,LOW,STOCK_SPECIFIC,MEDIUM,WEAK_RULE_V3_ENTITY_TIERED,WEAK_RULE_V3; tier=HIGH_PRECISION; entity=TITLE_TICKER|BODY_COMPANY|BODY_TICKER|TARGET_CONTEXT; score=17; event=OTHER; symbol=GEX,TITLE_TICKER|BODY_COMPANY|BODY_TICKER|TARGET_CONTEXT,TITLE_TICKER_WITH_TARGET_CONTEXT,HIGH_PRECISION,FALLBACK_QUARANTINE,FALLBACK_NO_EVENT_DETECTED,80,MEDIUM,NOT_INDEPENDENTLY_VALIDATED,False
0f4697e01b852796a881,87ea7715611f37bd72f5a2db1c4c0a13,HPG,Công ty Cổ phần Tập đoàn Hòa Phát,2019-08-06,CafeF,https://cafef.vn/vnm-hpg-nlg-tdg-phc-gex-ttf-sdg-qns-nps-thong-tin-giao-dich-luong-lon-co-phieu-20190806092628556.chn,"VNM, HPG, NLG, TDG, PHC, GEX, TTF, SDG, QNS, NPS: Thông tin giao dịch lượng lớn cổ phiếu",OTHER,OTHER,NEUTRAL,LOW,STOCK_SPECIFIC,MEDIUM,WEAK_RULE_V3_ENTITY_TIERED,WEAK_RULE_V3; tier=HIGH_PRECISION; entity=TITLE_TICKER|BODY_COMPANY|BODY_TICKER|TARGET_CONTEXT; score=17; event=OTHER; symbol=HPG,TITLE_TICKER|BODY_COMPANY|BODY_TICKER|TARGET_CONTEXT,TITLE_TICKER_WITH_TARGET_CONTEXT,HIGH_PRECISION,FALLBACK_QUARANTINE,FALLBACK_NO_EVENT_DETECTED,80,MEDIUM,NOT_INDEPENDENTLY_VALIDATED,False
8bee9ca7d7fb336f74cd,87ea7715611f37bd72f5a2db1c4c0a13,VNM,Công ty Cổ phần Sữa Việt Nam,2019-08-06,CafeF,https://cafef.vn/vnm-hpg-nlg-tdg-phc-gex-ttf-sdg-qns-nps-thong-tin-giao-dich-luong-lon-co-phieu-20190806092628556.chn,"VNM, HPG, NLG, TDG, PHC, GEX, TTF, SDG, QNS, NPS: Thông tin giao dịch lượng lớn cổ phiếu",OTHER,OTHER,NEUTRAL,LOW,STOCK_SPECIFIC,MEDIUM,WEAK_RULE_V3_ENTITY_TIERED,WEAK_RULE_V3; tier=HIGH_PRECISION; entity=TITLE_TICKER|BODY_ALIAS|BODY_TICKER|TARGET_CONTEXT; score=17; event=OTHER; symbol=VNM,TITLE_TICKER|BODY_ALIAS|BODY_TICKER|TARGET_CONTEXT,TITLE_TICKER_WITH_TARGET_CONTEXT,HIGH_PRECISION,FALLBACK_QUARANTINE,FALLBACK_NO_EVENT_DETECTED,80,MEDIUM,NOT_INDEPENDENTLY_VALIDATED,False
d6e5eaaac15639d4da48,c9db345968dfb155bf114562871d9375,DGW,Công ty Cổ phần Thế Giới Số,2019-08-12,CafeF,https://cafef.vn/khong-chi-tang-cuong-ma-mang-hang-tieu-dung-bien-lai-cao-digiworld-con-muon-tham-nhap-vao-mang-tv-thong-minh-20190810195602939.chn,"Không chỉ tăng cường M&A mảng hàng tiêu dùng biên lãi cao, Digiworld còn muốn thâm nhập vào mảng TV thông minh",M_AND_A,M_AND_A,NEUTRAL,HIGH,STOCK_SPECIFIC,HIGH,WEAK_RULE_V3_ENTITY_TIERED,WEAK_RULE_V3; tier=HIGH_PRECISION; entity=TITLE_ALIAS|BODY_COMPANY|BODY_TICKER|TARGET_CONTEXT; score=17; event=M_AND_A; symbol=DGW,TITLE_ALIAS|BODY_COMPANY|BODY_TICKER|TARGET_CONTEXT,TITLE_ENTITY_WITH_TARGET_CONTEXT,HIGH_PRECISION,INFORMATIVE_CANDIDATE,EXPERIMENTAL_INFORMATIVE_UNVALIDATED,100,CRITICAL,NOT_INDEPENDENTLY_VALIDATED,True
86bb3d4e5249cffc4d73,b2d73b271a8edcddf0046a4a48c3af94,FPT,Công ty Cổ phần FPT,2019-08-16,CafeF,https://cafef.vn/vafi-chinh-phu-nen-ban-von-o-vinamilk-sabeco-fptde-xay-cang-nuoc-sau-20190816194502222.chn,"VAFI: “Chính phủ nên bán vốn ở Vinamilk, Sabeco, FPT...để xây cảng nước sâu”",OTHER,OTHER,NEUTRAL,LOW,STOCK_SPECIFIC,MEDIUM,WEAK_RULE_V3_ENTITY_TIERED,WEAK_RULE_V3; tier=HIGH_PRECISION; entity=TITLE_TICKER|BODY_TICKER; score=9; event=OTHER; symbol=FPT,TITLE_TICKER|BODY_TICKER,TITLE_ENTITY_MENTION,HIGH_PRECISION,FALLBACK_QUARANTINE,FALLBACK_NO_EVENT_DETECTED,80,MEDIUM,NOT_INDEPENDENTLY_VALIDATED,False
6a25a1b1b2693ebd5903,b2d73b271a8edcddf0046a4a48c3af94,VNM,Công ty Cổ phần Sữa Việt Nam,2019-08-16,CafeF,https://cafef.vn/vafi-chinh-phu-nen-ban-von-o-vinamilk-sabeco-fptde-xay-cang-nuoc-sau-20190816194502222.chn,"VAFI: “Chính phủ nên bán vốn ở Vinamilk, Sabeco, FPT...để xây cảng nước sâu”",OTHER,OTHER,NEUTRAL,LOW,STOCK_SPECIFIC,MEDIUM,WEAK_RULE_V3_ENTITY_TIERED,WEAK_RULE_V3; tier=HIGH_PRECISION; entity=TITLE_ALIAS|BODY_ALIAS; score=11; event=OTHER; symbol=VNM,TITLE_ALIAS|BODY_ALIAS,TITLE_ENTITY_MENTION,HIGH_PRECISION,FALLBACK_QUARANTINE,FALLBACK_NO_EVENT_DETECTED,80,MEDIUM,NOT_INDEPENDENTLY_VALIDATED,False
7140c82d87430cb565b6,420944e3b2a57043fb7bb0943bee1752,HAH,Công ty Cổ phần Vận tải và Xếp dỡ Hải An,2019-08-17,CafeF,https://cafef.vn/pdr-tdm-ctf-hah-sfi-hmh-bed-tli-ctw-ve1-thong-tin-giao-dich-luong-lon-co-phieu-20190817083157199.chn,"PDR, TDM, CTF, HAH, SFI, HMH, BED, TLI, CTW, VE1: Thông tin giao dịch lượng lớn cổ phiếu",OTHER,OTHER,NEUTRAL,LOW,STOCK_SPECIFIC,MEDIUM,WEAK_RULE_V3_ENTITY_TIERED,WEAK_RULE_V3; tier=HIGH_PRECISION; entity=TITLE_TICKER|BODY_ALIAS|BODY_TICKER|TARGET_CONTEXT; score=17; event=OTHER; symbol=HAH,TITLE_TICKER|BODY_ALIAS|BODY_TICKER|TARGET_CONTEXT,TITLE_TICKER_WITH_TARGET_CONTEXT,HIGH_PRECISION,FALLBACK_QUARANTINE,FALLBACK_NO_EVENT_DETECTED,80,MEDIUM,NOT_INDEPENDENTLY_VALIDATED,False
8cc9e2000c0b68761b60,420944e3b2a57043fb7bb0943bee1752,PDR,Công ty Cổ phần Phát triển Bất động sản Phát Đạt,2019-08-17,CafeF,https://cafef.vn/pdr-tdm-ctf-hah-sfi-hmh-bed-tli-ctw-ve1-thong-tin-giao-dich-luong-lon-co-phieu-20190817083157199.chn,"PDR, TDM, CTF, HAH, SFI, HMH, BED, TLI, CTW, VE1: Thông tin giao dịch lượng lớn cổ phiếu",OTHER,OTHER,NEUTRAL,LOW,STOCK_SPECIFIC,MEDIUM,WEAK_RULE_V3_ENTITY_TIERED,WEAK_RULE_V3; tier=HIGH_PRECISION; entity=TITLE_TICKER|BODY_ALIAS|BODY_TICKER|TARGET_CONTEXT; score=17; event=OTHER; symbol=PDR,TITLE_TICKER|BODY_ALIAS|BODY_TICKER|TARGET_CONTEXT,TITLE_TICKER_WITH_TARGET_CONTEXT,HIGH_PRECISION,FALLBACK_QUARANTINE,FALLBACK_NO_EVENT_DETECTED,80,MEDIUM,NOT_INDEPENDENTLY_VALIDATED,False
e521d8ae6cb4f7106648,5a4417d4c414d17faf82b4e53d3635b6,ACB,Ngân hàng TMCP Á Châu,2019-08-19,CafeF,https://cafef.vn/dau-la-ly-do-cac-quy-ngoai-o-at-dang-ky-ban-co-phieu-acb-20190819151947025.chn,Đâu là lý do các quỹ ngoại ồ ạt đăng ký bán cổ phiếu ACB?,BUSINESS_RESULT,PROFIT_GROWTH,POSITIVE,HIGH,STOCK_SPECIFIC,HIGH,WEAK_RULE_V3_ENTITY_TIERED,WEAK_RULE_V3; tier=HIGH_PRECISION; entity=TITLE_TICKER|BODY_TICKER|TARGET_CONTEXT; score=13; event=PROFIT_GROWTH; symbol=ACB,TITLE_TICKER|BODY_TICKER|TARGET_CONTEXT,TITLE_TICKER_WITH_TARGET_CONTEXT,HIGH_PRECISION,INFORMATIVE_CANDIDATE,EXPERIMENTAL_INFORMATIVE_UNVALIDATED,100,HIGH,NOT_INDEPENDENTLY_VALIDATED,True
4f844e564fabd2af20d7,a4967f6d2ceeb0f725a34680def305b3,ASM,Công ty Cổ phần Tập đoàn Sao Mai,2019-08-20,CafeF,https://cafef.vn/asm-giam-sau-nguoi-nha-cua-ceo-sao-mai-group-tranh-thu-dang-ky-mua-5-trieu-co-phieu-20190820094920467.chn,"ASM giảm sâu, người nhà của CEO Sao Mai Group tranh thủ đăng ký mua 5 triệu cổ phiếu",OTHER,OTHER,NEUTRAL,LOW,STOCK_SPECIFIC,MEDIUM,WEAK_RULE_V3_ENTITY_TIERED,WEAK_RULE_V3; tier=HIGH_PRECISION; entity=TITLE_TICKER|TITLE_COMPANY|BODY_COMPANY|BODY_TICKER|TARGET_CONTEXT; score=24; event=OTHER; symbol=ASM,TITLE_TICKER|TITLE_COMPANY|BODY_COMPANY|BODY_TICKER|TARGET_CONTEXT,TITLE_TICKER_WITH_TARGET_CONTEXT,HIGH_PRECISION,FALLBACK_QUARANTINE,FALLBACK_NO_EVENT_DETECTED,80,MEDIUM,NOT_INDEPENDENTLY_VALIDATED,False
e514c15c9ab43ac53f22,8aa4be69dd26c43348a834d35836b77a,VHM,Công ty Cổ phần Vinhomes,2019-09-09,CafeF,https://cafef.vn/quy-chinh-phu-singapore-gic-dau-tu-500-trieu-usd-vao-cong-ty-me-cua-vinmart-20190909175436906.chn,"Sau VinHomes, Quỹ GIC của Chính phủ Singapore đầu tư tiếp 500 triệu USD vào công ty mẹ của Vinmart",OTHER,OTHER,NEUTRAL,LOW,STOCK_SPECIFIC,MEDIUM,WEAK_RULE_V3_ENTITY_TIERED,WEAK_RULE_V3; tier=HIGH_PRECISION; entity=TITLE_COMPANY|BODY_COMPANY; score=11; event=OTHER; symbol=VHM,TITLE_COMPANY|BODY_COMPANY,TITLE_ENTITY_MENTION,HIGH_PRECISION,FALLBACK_QUARANTINE,FALLBACK_NO_EVENT_DETECTED,80,MEDIUM,NOT_INDEPENDENTLY_VALIDATED,False
e43628af09e18c3ee7ea,d7604d925a18a2e55d85f5e023a698e6,VJC,Công ty Cổ phần Hàng không Vietjet,2019-09-09,CafeF,https://cafef.vn/phien-9-9-khoi-ngoai-tiep-tuc-mua-rong-360-ty-tap-trung-gom-vjc-20190909152552531.chn,"Phiên 9/9: Khối ngoại tiếp tục mua ròng 360 tỷ, tập trung “gom” VJC",OTHER,OTHER,NEUTRAL,LOW,STOCK_SPECIFIC,MEDIUM,WEAK_RULE_V3_ENTITY_TIERED,WEAK_RULE_V3; tier=HIGH_PRECISION; entity=TITLE_TICKER|BODY_TICKER|TARGET_CONTEXT; score=13; event=OTHER; symbol=VJC,TITLE_TICKER|BODY_TICKER|TARGET_CONTEXT,TITLE_TICKER_WITH_TARGET_CONTEXT,HIGH_PRECISION,FALLBACK_QUARANTINE,FALLBACK_NO_EVENT_DETECTED,80,MEDIUM,NOT_INDEPENDENTLY_VALIDATED,False
2dcc2983b780fc156813,73635cf7579d3f074bf799c959f6777a,VNM,Công ty Cổ phần Sữa Việt Nam,2019-09-10,CafeF,https://cafef.vn/vnm-vpb-hrc-naf-hqc-hdg-bot-cgp-hrb-thong-tin-giao-dich-luong-lon-co-phieu-20190910073352984.chn,"VNM, VPB, HRC, NAF, HQC, HDG, BOT, CGP, HRB: Thông tin giao dịch lượng lớn cổ phiếu",OTHER,OTHER,NEUTRAL,LOW,STOCK_SPECIFIC,MEDIUM,WEAK_RULE_V3_ENTITY_TIERED,WEAK_RULE_V3; tier=HIGH_PRECISION; entity=TITLE_TICKER|BODY_ALIAS|BODY_TICKER|TARGET_CONTEXT; score=17; event=OTHER; symbol=VNM,TITLE_TICKER|BODY_ALIAS|BODY_TICKER|TARGET_CONTEXT,TITLE_TICKER_WITH_TARGET_CONTEXT,HIGH_PRECISION,FALLBACK_QUARANTINE,FALLBACK_NO_EVENT_DETECTED,80,MEDIUM,NOT_INDEPENDENTLY_VALIDATED,False
31742bfa44cd664e2212,73635cf7579d3f074bf799c959f6777a,VPB,Ngân hàng TMCP Việt Nam Thịnh Vượng,2019-09-10,CafeF,https://cafef.vn/vnm-vpb-hrc-naf-hqc-hdg-bot-cgp-hrb-thong-tin-giao-dich-luong-lon-co-phieu-20190910073352984.chn,"VNM, VPB, HRC, NAF, HQC, HDG, BOT, CGP, HRB: Thông tin giao dịch lượng lớn cổ phiếu",OTHER,OTHER,NEUTRAL,LOW,STOCK_SPECIFIC,MEDIUM,WEAK_RULE_V3_ENTITY_TIERED,WEAK_RULE_V3; tier=HIGH_PRECISION; entity=TITLE_TICKER|BODY_COMPANY|BODY_TICKER|TARGET_CONTEXT; score=17; event=OTHER; symbol=VPB,TITLE_TICKER|BODY_COMPANY|BODY_TICKER|TARGET_CONTEXT,TITLE_TICKER_WITH_TARGET_CONTEXT,HIGH_PRECISION,FALLBACK_QUARANTINE,FALLBACK_NO_EVENT_DETECTED,80,MEDIUM,NOT_INDEPENDENTLY_VALIDATED,False
be63ae4a06042a8525fa,205fd831c117aa849874b65662efb1e0,HPG,Công ty Cổ phần Tập đoàn Hòa Phát,2019-09-14,CafeF,https://cafef.vn/mwg-hpg-pxl-smb-lmh-s4a-ast-tco-stk-ndc-evg-cti-nvt-bmf-dnp-spv-gdp-thong-tin-giao-dich-luong-lon-co-phieu-20190914091717968.chn,"MWG, HPG, PXL, SMB, LMH, S4A, AST, TCO, STK, NDC, EVG, CTI, NVT, BMF, DNP, SPV, GDP: Thông tin giao dịch lượng lớn cổ phiếu",MACRO_POLICY,MACRO_POLICY,NEUTRAL,MODERATE,MARKET,HIGH,WEAK_RULE_V3_ENTITY_TIERED,WEAK_RULE_V3; tier=HIGH_PRECISION; entity=TITLE_TICKER|BODY_COMPANY|BODY_TICKER|TARGET_CONTEXT; score=17; event=MACRO_POLICY; symbol=HPG,TITLE_TICKER|BODY_COMPANY|BODY_TICKER|TARGET_CONTEXT,TITLE_TICKER_WITH_TARGET_CONTEXT,HIGH_PRECISION,INFORMATIVE_CANDIDATE,EXPERIMENTAL_INFORMATIVE_UNVALIDATED,100,CRITICAL,NOT_INDEPENDENTLY_VALIDATED,True
8fb2db487d9f826955b9,205fd831c117aa849874b65662efb1e0,MWG,Công ty Cổ phần Đầu tư Thế Giới Di Động,2019-09-14,CafeF,https://cafef.vn/mwg-hpg-pxl-smb-lmh-s4a-ast-tco-stk-ndc-evg-cti-nvt-bmf-dnp-spv-gdp-thong-tin-giao-dich-luong-lon-co-phieu-20190914091717968.chn,"MWG, HPG, PXL, SMB, LMH, S4A, AST, TCO, STK, NDC, EVG, CTI, NVT, BMF, DNP, SPV, GDP: Thông tin giao dịch lượng lớn cổ phiếu",MACRO_POLICY,MACRO_POLICY,NEUTRAL,MODERATE,MARKET,HIGH,WEAK_RULE_V3_ENTITY_TIERED,WEAK_RULE_V3; tier=HIGH_PRECISION; entity=TITLE_TICKER|BODY_ALIAS|BODY_TICKER|TARGET_CONTEXT; score=17; event=MACRO_POLICY; symbol=MWG,TITLE_TICKER|BODY_ALIAS|BODY_TICKER|TARGET_CONTEXT,TITLE_TICKER_WITH_TARGET_CONTEXT,HIGH_PRECISION,INFORMATIVE_CANDIDATE,EXPERIMENTAL_INFORMATIVE_UNVALIDATED,100,CRITICAL,NOT_INDEPENDENTLY_VALIDATED,True
6a1f5e8ff58dd62d5b34,1b5132ac952191f02283c1741908df2a,PVD,Tổng Công ty Cổ phần Khoan và Dịch vụ Khoan Dầu khí,2019-09-19,CafeF,https://cafef.vn/vcbs-danh-gia-cao-kha-nang-gian-pvd-tad-v-co-viec-du-bao-hoat-dong-kinh-doanh-pvd-nam-2020-kha-quan-20190919162854921.chn,"VCBS đánh giá cao khả năng giàn PVD TAD V có việc, dự báo hoạt động kinh doanh PVD năm 2020 khả quan",SECTOR_NEWS,SECTOR_NEWS,NEUTRAL,MODERATE,SECTOR,HIGH,WEAK_RULE_V3_ENTITY_TIERED,WEAK_RULE_V3; tier=HIGH_PRECISION; entity=TITLE_TICKER|BODY_ALIAS|BODY_TICKER|TARGET_CONTEXT; score=17; event=SECTOR_NEWS; symbol=PVD,TITLE_TICKER|BODY_ALIAS|BODY_TICKER|TARGET_CONTEXT,TITLE_TICKER_WITH_TARGET_CONTEXT,HIGH_PRECISION,INFORMATIVE_CANDIDATE,EXPERIMENTAL_INFORMATIVE_UNVALIDATED,100,CRITICAL,NOT_INDEPENDENTLY_VALIDATED,True
6e9d29785f2633eb1062,8425b26bb4b008489424e3fb47931ea8,VJC,Công ty Cổ phần Hàng không Vietjet,2019-09-19,CafeF,https://cafef.vn/doanh-thu-phu-tro-vietjet-nam-trong-top-12-hang-cao-nhat-the-gioi-20190903193214203.chn,Vietjet nằm trong top 12 thế giới về tỷ trọng doanh thu phụ trợ vận chuyển hàng không,BUSINESS_RESULT,PROJECT_EXPANSION,POSITIVE,MODERATE,STOCK_SPECIFIC,HIGH,WEAK_RULE_V3_ENTITY_TIERED,WEAK_RULE_V3; tier=HIGH_PRECISION; entity=TITLE_ALIAS|BODY_ALIAS; score=11; event=PROJECT_EXPANSION; symbol=VJC,TITLE_ALIAS|BODY_ALIAS,TITLE_ENTITY_MENTION,HIGH_PRECISION,INFORMATIVE_CANDIDATE,EXPERIMENTAL_INFORMATIVE_UNVALIDATED,100,HIGH,NOT_INDEPENDENTLY_VALIDATED,True
4a7f8b27deb45978423a,8b1e2dcdce98480984d16415265fbd6a,HCM,Công ty Cổ phần Chứng khoán Thành phố Hồ Chí Minh,2019-09-19,CafeF,https://cafef.vn/chung-khoan-hsc-chuyen-nhuong-hon-2-trieu-co-phan-tai-quan-ly-quy-vfm-cho-dargon-capital-20190919161729218.chn,Chứng khoán HSC chuyển nhượng hơn 2 triệu cổ phần tại Quản lý quỹ VFM cho Dargon Capital,OTHER,OTHER,NEUTRAL,LOW,STOCK_SPECIFIC,MEDIUM,WEAK_RULE_V3_ENTITY_TIERED,WEAK_RULE_V3; tier=HIGH_PRECISION; entity=TITLE_ALIAS|BODY_ALIAS|BODY_TICKER|TARGET_CONTEXT; score=17; event=OTHER; symbol=HCM,TITLE_ALIAS|BODY_ALIAS|BODY_TICKER|TARGET_CONTEXT,TITLE_ENTITY_WITH_TARGET_CONTEXT,HIGH_PRECISION,FALLBACK_QUARANTINE,FALLBACK_NO_EVENT_DETECTED,80,MEDIUM,NOT_INDEPENDENTLY_VALIDATED,False
cad6553a45ad1e7c55ee,14de459b49d2086dd9cfb66190e8384e,GMD,Công ty Cổ phần Gemadept,2019-09-26,CafeF,https://cafef.vn/pnj-gmd-ctf-ftm-kpf-naf-lmh-nt2-vnt-sfi-nbb-dhc-dp3-ttz-thong-tin-giao-dich-luong-lon-co-phieu-2019092608410716.chn,"PNJ, GMD, CTF, FTM, KPF, NAF, LMH, NT2, VNT, SFI, NBB, DHC, DP3, TTZ: Thông tin giao dịch lượng lớn cổ phiếu",OTHER,OTHER,NEUTRAL,LOW,STOCK_SPECIFIC,MEDIUM,WEAK_RULE_V3_ENTITY_TIERED,WEAK_RULE_V3; tier=HIGH_PRECISION; entity=TITLE_TICKER|BODY_COMPANY|BODY_TICKER|TARGET_CONTEXT; score=17; event=OTHER; symbol=GMD,TITLE_TICKER|BODY_COMPANY|BODY_TICKER|TARGET_CONTEXT,TITLE_TICKER_WITH_TARGET_CONTEXT,HIGH_PRECISION,FALLBACK_QUARANTINE,FALLBACK_NO_EVENT_DETECTED,80,MEDIUM,NOT_INDEPENDENTLY_VALIDATED,False
ee908d54e16950c00823,14de459b49d2086dd9cfb66190e8384e,PNJ,Công ty Cổ phần Vàng bạc Đá quý Phú Nhuận,2019-09-26,CafeF,https://cafef.vn/pnj-gmd-ctf-ftm-kpf-naf-lmh-nt2-vnt-sfi-nbb-dhc-dp3-ttz-thong-tin-giao-dich-luong-lon-co-phieu-2019092608410716.chn,"PNJ, GMD, CTF, FTM, KPF, NAF, LMH, NT2, VNT, SFI, NBB, DHC, DP3, TTZ: Thông tin giao dịch lượng lớn cổ phiếu",OTHER,OTHER,NEUTRAL,LOW,STOCK_SPECIFIC,MEDIUM,WEAK_RULE_V3_ENTITY_TIERED,WEAK_RULE_V3; tier=HIGH_PRECISION; entity=TITLE_TICKER|BODY_TICKER|TARGET_CONTEXT; score=13; event=OTHER; symbol=PNJ,TITLE_TICKER|BODY_TICKER|TARGET_CONTEXT,TITLE_TICKER_WITH_TARGET_CONTEXT,HIGH_PRECISION,FALLBACK_QUARANTINE,FALLBACK_NO_EVENT_DETECTED,80,MEDIUM,NOT_INDEPENDENTLY_VALIDATED,False
097b78784a8bdd7312b8,3a660bcae1a75f290728b1e77cb07ebb,ANV,Công ty Cổ phần Nam Việt,2019-09-26,CafeF,https://cafef.vn/thuy-san-nam-viet-anv-day-manh-xuat-khau-vao-trung-quoc-lai-sau-thue-9-thang-dat-510-ty-dong-20190925233136691.chn,"Thủy sản Nam Việt (ANV) đẩy mạnh xuất khẩu vào Trung Quốc, lãi sau thuế 9 tháng ước đạt 510 tỷ đồng",OTHER,OTHER,NEUTRAL,LOW,STOCK_SPECIFIC,MEDIUM,WEAK_RULE_V3_ENTITY_TIERED,WEAK_RULE_V3; tier=HIGH_PRECISION; entity=TITLE_TICKER|TITLE_COMPANY|BODY_COMPANY|BODY_TICKER|TARGET_CONTEXT; score=24; event=OTHER; symbol=ANV,TITLE_TICKER|TITLE_COMPANY|BODY_COMPANY|BODY_TICKER|TARGET_CONTEXT,TITLE_TICKER_WITH_TARGET_CONTEXT,HIGH_PRECISION,FALLBACK_QUARANTINE,FALLBACK_NO_EVENT_DETECTED,80,MEDIUM,NOT_INDEPENDENTLY_VALIDATED,False
2dd4f5976baf480712f8,92e8bd19f91e19d8daa2c89d43e003ec,GEX,Công ty Cổ phần Tập đoàn GELEX,2019-09-26,CafeF,https://cafef.vn/gelex-sang-tay-noi-bo-40-trieu-co-phieu-viglacera-cho-cong-ty-con-201909251520153.chn,Gelex sang tay nội bộ 40 triệu cổ phiếu Viglacera cho công ty con,OTHER,OTHER,NEUTRAL,LOW,STOCK_SPECIFIC,MEDIUM,WEAK_RULE_V3_ENTITY_TIERED,WEAK_RULE_V3; tier=HIGH_PRECISION; entity=TITLE_COMPANY|BODY_COMPANY; score=11; event=OTHER; symbol=GEX,TITLE_COMPANY|BODY_COMPANY,TITLE_ENTITY_MENTION,HIGH_PRECISION,FALLBACK_QUARANTINE,FALLBACK_NO_EVENT_DETECTED,80,MEDIUM,NOT_INDEPENDENTLY_VALIDATED,False
34619c4eb287d6b71907,18ae6727c8c96d3649b6699defb4fed6,IMP,Công ty Cổ phần Dược phẩm Imexpharm,2019-10-02,CafeF,https://cafef.vn/ntp-ppe-imp-cti-ct3-htt-lmh-ldp-vpr-d11-thong-tin-giao-dich-luong-lon-co-phieu-20191002083230316.chn,"NTP, PPE, IMP, CTI, CT3, HTT, LMH, LDP, VPR, D11: Thông tin giao dịch lượng lớn cổ phiếu",OTHER,OTHER,NEUTRAL,LOW,STOCK_SPECIFIC,MEDIUM,WEAK_RULE_V3_ENTITY_TIERED,WEAK_RULE_V3; tier=HIGH_PRECISION; entity=TITLE_TICKER|BODY_COMPANY|BODY_TICKER|TARGET_CONTEXT; score=17; event=OTHER; symbol=IMP,TITLE_TICKER|BODY_COMPANY|BODY_TICKER|TARGET_CONTEXT,TITLE_TICKER_WITH_TARGET_CONTEXT,HIGH_PRECISION,FALLBACK_QUARANTINE,FALLBACK_NO_EVENT_DETECTED,80,MEDIUM,NOT_INDEPENDENTLY_VALIDATED,False
5911d2fc2ac2b1d27385,79635be852b1303b9eda88082963b577,VCB,Ngân hàng TMCP Ngoại thương Việt Nam,2019-10-08,CafeF,https://cafef.vn/vn-index-hoi-phuc-len-vung-985-diem-vcs-tiep-tuc-bi-ban-manh-20191008101413296.chn,"VCB vượt đỉnh, VN-Index bứt phá hơn 5 điểm trong phiên chiều",OTHER,OTHER,NEUTRAL,LOW,STOCK_SPECIFIC,MEDIUM,WEAK_RULE_V3_ENTITY_TIERED,WEAK_RULE_V3; tier=HIGH_PRECISION; entity=TITLE_TICKER|BODY_TICKER|TARGET_CONTEXT; score=13; event=OTHER; symbol=VCB,TITLE_TICKER|BODY_TICKER|TARGET_CONTEXT,TITLE_TICKER_WITH_TARGET_CONTEXT,HIGH_PRECISION,FALLBACK_QUARANTINE,FALLBACK_NO_EVENT_DETECTED,80,MEDIUM,NOT_INDEPENDENTLY_VALIDATED,False
272ce0761b8b5afa8721,6720fa0acc3012811993bf3e9ce56e36,VIC,Tập đoàn Vingroup,2019-10-11,VietnamBiz,https://vietnambiz.vn/giao-dich-khoi-ngoai-11-10-tiep-tuc-rut-rong-gan-80-ti-dong-tam-diem-ban-co-phieu-vic-20191011165550256.htm,"Giao dịch khối ngoại (11/10): Tiếp tục rút ròng gần 80 tỉ đồng, tâm điểm bán cổ phiếu VIC",OTHER,OTHER,NEUTRAL,LOW,STOCK_SPECIFIC,MEDIUM,WEAK_RULE_V3_ENTITY_TIERED,WEAK_RULE_V3; tier=HIGH_PRECISION; entity=TITLE_TICKER|BODY_TICKER|TARGET_CONTEXT; score=13; event=OTHER; symbol=VIC,TITLE_TICKER|BODY_TICKER|TARGET_CONTEXT,TITLE_TICKER_WITH_TARGET_CONTEXT,HIGH_PRECISION,FALLBACK_QUARANTINE,FALLBACK_NO_EVENT_DETECTED,80,MEDIUM,NOT_INDEPENDENTLY_VALIDATED,False
e7ead76b3772e22c6b0d,2d049c83aec9f00c50ef44e6927c18c0,FPT,Công ty Cổ phần FPT,2019-10-14,CafeF,https://cafef.vn/tundra-ban-fpt-vnm-day-manh-mua-dxg-hpg-trong-thang-9-20191014111042625.chn,"Tundra bán FPT, VNM, đẩy mạnh mua DXG, HPG trong tháng 9",LEGAL_REGULATORY,LEGAL_RISK,NEGATIVE,HIGH,STOCK_SPECIFIC,HIGH,WEAK_RULE_V3_ENTITY_TIERED,WEAK_RULE_V3; tier=HIGH_PRECISION; entity=TITLE_TICKER|BODY_TICKER|TARGET_CONTEXT; score=13; event=LEGAL_RISK; symbol=FPT,TITLE_TICKER|BODY_TICKER|TARGET_CONTEXT,TITLE_TICKER_WITH_TARGET_CONTEXT,HIGH_PRECISION,INFORMATIVE_CANDIDATE,EXPERIMENTAL_INFORMATIVE_UNVALIDATED,100,CRITICAL,NOT_INDEPENDENTLY_VALIDATED,True
9c46e17de4ad714de079,2d049c83aec9f00c50ef44e6927c18c0,HPG,Công ty Cổ phần Tập đoàn Hòa Phát,2019-10-14,CafeF,https://cafef.vn/tundra-ban-fpt-vnm-day-manh-mua-dxg-hpg-trong-thang-9-20191014111042625.chn,"Tundra bán FPT, VNM, đẩy mạnh mua DXG, HPG trong tháng 9",LEGAL_REGULATORY,LEGAL_RISK,NEGATIVE,HIGH,STOCK_SPECIFIC,HIGH,WEAK_RULE_V3_ENTITY_TIERED,WEAK_RULE_V3; tier=HIGH_PRECISION; entity=TITLE_TICKER|BODY_TICKER|TARGET_CONTEXT; score=13; event=LEGAL_RISK; symbol=HPG,TITLE_TICKER|BODY_TICKER|TARGET_CONTEXT,TITLE_TICKER_WITH_TARGET_CONTEXT,HIGH_PRECISION,INFORMATIVE_CANDIDATE,EXPERIMENTAL_INFORMATIVE_UNVALIDATED,100,CRITICAL,NOT_INDEPENDENTLY_VALIDATED,True
7e79344210016cb07f15,2d049c83aec9f00c50ef44e6927c18c0,VNM,Công ty Cổ phần Sữa Việt Nam,2019-10-14,CafeF,https://cafef.vn/tundra-ban-fpt-vnm-day-manh-mua-dxg-hpg-trong-thang-9-20191014111042625.chn,"Tundra bán FPT, VNM, đẩy mạnh mua DXG, HPG trong tháng 9",LEGAL_REGULATORY,LEGAL_RISK,NEGATIVE,HIGH,STOCK_SPECIFIC,HIGH,WEAK_RULE_V3_ENTITY_TIERED,WEAK_RULE_V3; tier=HIGH_PRECISION; entity=TITLE_TICKER|BODY_TICKER|TARGET_CONTEXT; score=13; event=LEGAL_RISK; symbol=VNM,TITLE_TICKER|BODY_TICKER|TARGET_CONTEXT,TITLE_TICKER_WITH_TARGET_CONTEXT,HIGH_PRECISION,INFORMATIVE_CANDIDATE,EXPERIMENTAL_INFORMATIVE_UNVALIDATED,100,CRITICAL,NOT_INDEPENDENTLY_VALIDATED,True
69d1054101f91c5bd434,678ed1059ba86493bc20530c5c081911,PLX,Tập đoàn Xăng dầu Việt Nam,2019-10-14,CafeF,https://cafef.vn/bi-cat-margin-petrolimex-thay-luon-bao-cao-kiem-toan-bi-ngoai-tru-loi-nhuan-sau-thue-tang-108-ty-20191014112150312.chn,"Bị cắt margin, Petrolimex thay luôn báo cáo kiểm toán bị ngoại trừ, lợi nhuận sau thuế tăng 108 tỷ",OTHER,OTHER,NEUTRAL,LOW,STOCK_SPECIFIC,MEDIUM,WEAK_RULE_V3_ENTITY_TIERED,WEAK_RULE_V3; tier=HIGH_PRECISION; entity=TITLE_ALIAS|BODY_COMPANY|BODY_TICKER|TARGET_CONTEXT; score=17; event=OTHER; symbol=PLX,TITLE_ALIAS|BODY_COMPANY|BODY_TICKER|TARGET_CONTEXT,TITLE_ENTITY_WITH_TARGET_CONTEXT,HIGH_PRECISION,FALLBACK_QUARANTINE,FALLBACK_NO_EVENT_DETECTED,80,MEDIUM,NOT_INDEPENDENTLY_VALIDATED,False
120978822026ac8fcc4d,e0292c7e994ba9634ed16bbb4a030e42,MBB,Ngân hàng TMCP Quân Đội,2019-10-14,VietnamBiz,https://vietnambiz.vn/dong-tien-thong-minh-14-10-tu-doanh-ctck-cung-khoi-ngoai-ban-rong-147-ti-dong-phien-cuoi-tuan-tiep-tuc-mua-vao-ma-mbb-20191014062100121.htm,"Dòng tiền thông minh (14/10): Tự doanh CTCK cùng khối ngoại bán ròng 147 tỉ đồng phiên cuối tuần, tiếp tục mua vào mã MBB",LEGAL_REGULATORY,LEGAL_RISK,NEGATIVE,HIGH,STOCK_SPECIFIC,HIGH,WEAK_RULE_V3_ENTITY_TIERED,WEAK_RULE_V3; tier=HIGH_PRECISION; entity=TITLE_TICKER|BODY_TICKER|TARGET_CONTEXT; score=13; event=LEGAL_RISK; symbol=MBB,TITLE_TICKER|BODY_TICKER|TARGET_CONTEXT,TITLE_TICKER_WITH_TARGET_CONTEXT,HIGH_PRECISION,INFORMATIVE_CANDIDATE,EXPERIMENTAL_INFORMATIVE_UNVALIDATED,100,CRITICAL,NOT_INDEPENDENTLY_VALIDATED,True
90114830c05f03074b6c,14f1657a7057c408affa953474d96e5e,VHC,Công ty Cổ phần Vĩnh Hoàn,2019-10-21,CafeF,https://cafef.vn/vinh-hoan-lai-rong-quy-3-giam-58-xuong-254-ty-dong-20191021153251764.chn,Vĩnh Hoàn: Lãi ròng quý 3 giảm 58% xuống 254 tỷ đồng,OTHER,OTHER,NEUTRAL,LOW,STOCK_SPECIFIC,MEDIUM,WEAK_RULE_V3_ENTITY_TIERED,WEAK_RULE_V3; tier=HIGH_PRECISION; entity=TITLE_COMPANY|BODY_COMPANY|BODY_TICKER|TARGET_CONTEXT; score=17; event=OTHER; symbol=VHC,TITLE_COMPANY|BODY_COMPANY|BODY_TICKER|TARGET_CONTEXT,TITLE_ENTITY_WITH_TARGET_CONTEXT,HIGH_PRECISION,FALLBACK_QUARANTINE,FALLBACK_NO_EVENT_DETECTED,80,MEDIUM,NOT_INDEPENDENTLY_VALIDATED,False
32d300013d22b62d393b,11b4c7a89c4402f363614e38d99c43a8,DPM,Tổng Công ty Phân bón và Hóa chất Dầu khí,2019-10-22,CafeF,https://cafef.vn/loi-nhuan-quy-3-cua-dam-phu-my-giam-61-xuong-60-ty-dong-2019102208570103.chn,Lợi nhuận quý 3 của Đạm Phú Mỹ giảm 61% xuống 60 tỷ đồng,MACRO_POLICY,MACRO_POLICY,NEUTRAL,MODERATE,MARKET,HIGH,WEAK_RULE_V3_ENTITY_TIERED,WEAK_RULE_V3; tier=HIGH_PRECISION; entity=TITLE_ALIAS|BODY_ALIAS|BODY_TICKER|TARGET_CONTEXT; score=17; event=MACRO_POLICY; symbol=DPM,TITLE_ALIAS|BODY_ALIAS|BODY_TICKER|TARGET_CONTEXT,TITLE_ENTITY_WITH_TARGET_CONTEXT,HIGH_PRECISION,INFORMATIVE_CANDIDATE,EXPERIMENTAL_INFORMATIVE_UNVALIDATED,100,CRITICAL,NOT_INDEPENDENTLY_VALIDATED,True
4bcf056f9137eed41b45,1e76241f5bb7d5e87733184fabedcc6a,MWG,Công ty Cổ phần Đầu tư Thế Giới Di Động,2019-10-25,CafeF,https://cafef.vn/nhom-dragon-capital-sang-tay-2-trieu-co-phieu-mwg-cho-quy-singapore-2019102510562675.chn,Nhóm Dragon Capital sang tay 2 triệu cổ phiếu MWG cho quỹ Singapore,OTHER,OTHER,NEUTRAL,LOW,STOCK_SPECIFIC,MEDIUM,WEAK_RULE_V3_ENTITY_TIERED,WEAK_RULE_V3; tier=HIGH_PRECISION; entity=TITLE_TICKER|BODY_ALIAS|BODY_TICKER|TARGET_CONTEXT; score=17; event=OTHER; symbol=MWG,TITLE_TICKER|BODY_ALIAS|BODY_TICKER|TARGET_CONTEXT,TITLE_TICKER_WITH_TARGET_CONTEXT,HIGH_PRECISION,FALLBACK_QUARANTINE,FALLBACK_NO_EVENT_DETECTED,80,MEDIUM,NOT_INDEPENDENTLY_VALIDATED,False
9c652b1005c6efebece3,c02c8e10e1773b7015caf15f01b18320,MWG,Công ty Cổ phần Đầu tư Thế Giới Di Động,2019-10-28,VietnamBiz,https://vietnambiz.vn/thi-truong-chung-quyen-21-25-10-nhon-nhip-chung-quyen-mwg-ho-vingroup-kem-sac-20191028002603265.htm,"Thị trường chứng quyền 21 - 25/10: Nhộn nhịp chứng quyền MWG, họ Vingroup kém sắc",CORPORATE_ACTION,STOCK_ISSUANCE,NEUTRAL,MODERATE,STOCK_SPECIFIC,HIGH,WEAK_RULE_V3_ENTITY_TIERED,WEAK_RULE_V3; tier=HIGH_PRECISION; entity=TITLE_TICKER|BODY_TICKER|TARGET_CONTEXT; score=13; event=STOCK_ISSUANCE; symbol=MWG,TITLE_TICKER|BODY_TICKER|TARGET_CONTEXT,TITLE_TICKER_WITH_TARGET_CONTEXT,HIGH_PRECISION,INFORMATIVE_CANDIDATE,EXPERIMENTAL_INFORMATIVE_UNVALIDATED,100,HIGH,NOT_INDEPENDENTLY_VALIDATED,True
46add6b9f3689159619b,c02c8e10e1773b7015caf15f01b18320,VIC,Tập đoàn Vingroup,2019-10-28,VietnamBiz,https://vietnambiz.vn/thi-truong-chung-quyen-21-25-10-nhon-nhip-chung-quyen-mwg-ho-vingroup-kem-sac-20191028002603265.htm,"Thị trường chứng quyền 21 - 25/10: Nhộn nhịp chứng quyền MWG, họ Vingroup kém sắc",CORPORATE_ACTION,STOCK_ISSUANCE,NEUTRAL,MODERATE,STOCK_SPECIFIC,HIGH,WEAK_RULE_V3_ENTITY_TIERED,WEAK_RULE_V3; tier=HIGH_PRECISION; entity=TITLE_COMPANY|BODY_COMPANY|BODY_TICKER|TARGET_CONTEXT; score=17; event=STOCK_ISSUANCE; symbol=VIC,TITLE_COMPANY|BODY_COMPANY|BODY_TICKER|TARGET_CONTEXT,TITLE_ENTITY_WITH_TARGET_CONTEXT,HIGH_PRECISION,INFORMATIVE_CANDIDATE,EXPERIMENTAL_INFORMATIVE_UNVALIDATED,100,HIGH,NOT_INDEPENDENTLY_VALIDATED,True
ca98d343bdf86c1f6afd,c99d1da74f9ab7c864d244a4c0ddbf2e,DGW,Công ty Cổ phần Thế Giới Số,2019-10-28,VietnamBiz,https://vietnambiz.vn/co-phieu-tam-diem-ngay-29-10-vjc-vnm-ntl-ht1-dgw-20191028174801982.htm,"Cổ phiếu tâm điểm ngày 29/10: VJC, VNM, NTL, HT1, DGW",OTHER,OTHER,NEUTRAL,LOW,STOCK_SPECIFIC,MEDIUM,WEAK_RULE_V3_ENTITY_TIERED,WEAK_RULE_V3; tier=HIGH_PRECISION; entity=TITLE_TICKER|BODY_TICKER|TARGET_CONTEXT; score=13; event=OTHER; symbol=DGW,TITLE_TICKER|BODY_TICKER|TARGET_CONTEXT,TITLE_TICKER_WITH_TARGET_CONTEXT,HIGH_PRECISION,FALLBACK_QUARANTINE,FALLBACK_NO_EVENT_DETECTED,80,MEDIUM,NOT_INDEPENDENTLY_VALIDATED,False
086bbb696e4f4dff2d3a,c99d1da74f9ab7c864d244a4c0ddbf2e,VJC,Công ty Cổ phần Hàng không Vietjet,2019-10-28,VietnamBiz,https://vietnambiz.vn/co-phieu-tam-diem-ngay-29-10-vjc-vnm-ntl-ht1-dgw-20191028174801982.htm,"Cổ phiếu tâm điểm ngày 29/10: VJC, VNM, NTL, HT1, DGW",OTHER,OTHER,NEUTRAL,LOW,STOCK_SPECIFIC,MEDIUM,WEAK_RULE_V3_ENTITY_TIERED,WEAK_RULE_V3; tier=HIGH_PRECISION; entity=TITLE_TICKER|BODY_TICKER|TARGET_CONTEXT; score=13; event=OTHER; symbol=VJC,TITLE_TICKER|BODY_TICKER|TARGET_CONTEXT,TITLE_TICKER_WITH_TARGET_CONTEXT,HIGH_PRECISION,FALLBACK_QUARANTINE,FALLBACK_NO_EVENT_DETECTED,80,MEDIUM,NOT_INDEPENDENTLY_VALIDATED,False
69b93793de666a34e988,c99d1da74f9ab7c864d244a4c0ddbf2e,VNM,Công ty Cổ phần Sữa Việt Nam,2019-10-28,VietnamBiz,https://vietnambiz.vn/co-phieu-tam-diem-ngay-29-10-vjc-vnm-ntl-ht1-dgw-20191028174801982.htm,"Cổ phiếu tâm điểm ngày 29/10: VJC, VNM, NTL, HT1, DGW",OTHER,OTHER,NEUTRAL,LOW,STOCK_SPECIFIC,MEDIUM,WEAK_RULE_V3_ENTITY_TIERED,WEAK_RULE_V3; tier=HIGH_PRECISION; entity=TITLE_TICKER|BODY_TICKER|TARGET_CONTEXT; score=13; event=OTHER; symbol=VNM,TITLE_TICKER|BODY_TICKER|TARGET_CONTEXT,TITLE_TICKER_WITH_TARGET_CONTEXT,HIGH_PRECISION,FALLBACK_QUARANTINE,FALLBACK_NO_EVENT_DETECTED,80,MEDIUM,NOT_INDEPENDENTLY_VALIDATED,False
fa595f23bd14e050b9d1,3aef510499b902e6c5e7f27a2dfc1096,REE,Công ty Cổ phần Cơ Điện Lạnh,2019-10-29,VietnamBiz,https://vietnambiz.vn/du-chi-1150-ti-dong-platinum-victory-tiep-tuc-dang-ki-mua-hon-31-trieu-co-phieu-ree-20191029081702736.htm,"Dự chi 1.150 tỉ đồng, Platinum Victory tiếp tục đăng kí mua hơn 31 triệu cổ phiếu REE",OTHER,OTHER,NEUTRAL,LOW,STOCK_SPECIFIC,MEDIUM,WEAK_RULE_V3_ENTITY_TIERED,WEAK_RULE_V3; tier=HIGH_PRECISION; entity=TITLE_TICKER|BODY_COMPANY|BODY_TICKER|TARGET_CONTEXT; score=17; event=OTHER; symbol=REE,TITLE_TICKER|BODY_COMPANY|BODY_TICKER|TARGET_CONTEXT,TITLE_TICKER_WITH_TARGET_CONTEXT,HIGH_PRECISION,FALLBACK_QUARANTINE,FALLBACK_NO_EVENT_DETECTED,80,MEDIUM,NOT_INDEPENDENTLY_VALIDATED,False
0a2a5e88d9e47de92451,f5f96e29a825da3419674c0a6a28c005,ASM,Công ty Cổ phần Tập đoàn Sao Mai,2019-11-01,CafeF,https://cafef.vn/sao-mai-group-asm-ganh-nang-chi-phi-lnst-9-thang-nam-2019-giam-mot-nua-so-voi-cung-ky-con-hon-600-ty-dong-20191031162542576.chn,"Sao Mai Group (ASM): Gánh nặng chi phí, LNST 9 tháng năm 2019 giảm một nửa so với cùng kỳ, còn hơn 600 tỷ đồng",BUSINESS_RESULT,PROFIT_GROWTH,POSITIVE,HIGH,STOCK_SPECIFIC,HIGH,WEAK_RULE_V3_ENTITY_TIERED,WEAK_RULE_V3; tier=HIGH_PRECISION; entity=TITLE_TICKER|TITLE_COMPANY|BODY_COMPANY|BODY_TICKER|TARGET_CONTEXT; score=24; event=PROFIT_GROWTH; symbol=ASM,TITLE_TICKER|TITLE_COMPANY|BODY_COMPANY|BODY_TICKER|TARGET_CONTEXT,TITLE_TICKER_WITH_TARGET_CONTEXT,HIGH_PRECISION,INFORMATIVE_CANDIDATE,EXPERIMENTAL_INFORMATIVE_UNVALIDATED,100,HIGH,NOT_INDEPENDENTLY_VALIDATED,True
4de7492e4c65a6a1fb35,030f953c2f6b2814c6e7dd92ccd47a3a,MSN,Công ty Cổ phần Tập đoàn Masan,2019-11-07,CafeF,https://cafef.vn/masan-resources-msr-chot-danh-sach-co-dong-phat-hanh-gan-90-trieu-co-phieu-tra-co-tuc-20191107092042407.chn,Masan Resources (MSR) chốt danh sách cổ đông phát hành gần 90 triệu cổ phiếu trả cổ tức,CORPORATE_ACTION,DIVIDEND,POSITIVE,MODERATE,STOCK_SPECIFIC,HIGH,WEAK_RULE_V3_ENTITY_TIERED,WEAK_RULE_V3; tier=HIGH_PRECISION; entity=TITLE_COMPANY|BODY_COMPANY; score=11; event=DIVIDEND; symbol=MSN,TITLE_COMPANY|BODY_COMPANY,TITLE_ENTITY_MENTION,HIGH_PRECISION,INFORMATIVE_CANDIDATE,EXPERIMENTAL_INFORMATIVE_UNVALIDATED,100,HIGH,NOT_INDEPENDENTLY_VALIDATED,True
2e70d43e7c27c18de61d,c601c8477d846ab97d8303a32679ad4e,REE,Công ty Cổ phần Cơ Điện Lạnh,2019-11-07,CafeF,https://cafef.vn/ree-mua-49-co-phan-thuy-dien-muong-hum-nang-danh-muc-doanh-nghiep-dien-len-13-20191107175658922.chn,"REE mua 49% cổ phần thủy điện Mường Hum, nâng danh mục doanh nghiệp điện lên 13",OTHER,OTHER,NEUTRAL,LOW,STOCK_SPECIFIC,MEDIUM,WEAK_RULE_V3_ENTITY_TIERED,WEAK_RULE_V3; tier=HIGH_PRECISION; entity=TITLE_TICKER|BODY_COMPANY|BODY_TICKER|TARGET_CONTEXT; score=17; event=OTHER; symbol=REE,TITLE_TICKER|BODY_COMPANY|BODY_TICKER|TARGET_CONTEXT,TITLE_TICKER_WITH_TARGET_CONTEXT,HIGH_PRECISION,FALLBACK_QUARANTINE,FALLBACK_NO_EVENT_DETECTED,80,MEDIUM,NOT_INDEPENDENTLY_VALIDATED,False
1849f6a76c294aa5dfce,a4e22400e36f23032f67001cea55850f,VNM,Công ty Cổ phần Sữa Việt Nam,2019-11-12,VietnamBiz,https://vietnambiz.vn/giao-dich-khoi-ngoai-12-11-ban-rong-hon-180-ti-dong-toan-thi-truong-xa-tram-ti-co-phieu-vnm-20191112164525295.htm,"Giao dịch khối ngoại 12/11: Bán ròng hơn 180 tỉ đồng toàn thị trường, xả trăm tỉ cổ phiếu VNM",OTHER,OTHER,NEUTRAL,LOW,STOCK_SPECIFIC,MEDIUM,WEAK_RULE_V3_ENTITY_TIERED,WEAK_RULE_V3; tier=HIGH_PRECISION; entity=TITLE_TICKER|BODY_TICKER|TARGET_CONTEXT; score=13; event=OTHER; symbol=VNM,TITLE_TICKER|BODY_TICKER|TARGET_CONTEXT,TITLE_TICKER_WITH_TARGET_CONTEXT,HIGH_PRECISION,FALLBACK_QUARANTINE,FALLBACK_NO_EVENT_DETECTED,80,MEDIUM,NOT_INDEPENDENTLY_VALIDATED,False
0c4d5f9ab8fa5cc45035,c0f757cc3e0d3e3d9f99e34c3bcb2331,MSN,Công ty Cổ phần Tập đoàn Masan,2019-11-12,VietnamBiz,https://vietnambiz.vn/tam-nhin-masan-so-huu-gan-8-co-phan-masan-meatlife-20191112165301966.htm,Tầm nhìn Masan sở hữu gần 8% cổ phần Masan MEATLife,OTHER,OTHER,NEUTRAL,LOW,STOCK_SPECIFIC,MEDIUM,WEAK_RULE_V3_ENTITY_TIERED,WEAK_RULE_V3; tier=HIGH_PRECISION; entity=TITLE_COMPANY|BODY_COMPANY|BODY_TICKER|TARGET_CONTEXT; score=17; event=OTHER; symbol=MSN,TITLE_COMPANY|BODY_COMPANY|BODY_TICKER|TARGET_CONTEXT,TITLE_ENTITY_WITH_TARGET_CONTEXT,HIGH_PRECISION,FALLBACK_QUARANTINE,FALLBACK_NO_EVENT_DETECTED,80,MEDIUM,NOT_INDEPENDENTLY_VALIDATED,False
c243df711fbd30e85d1f,ed002db0198bf5834ee467733b1c057a,PLX,Tập đoàn Xăng dầu Việt Nam,2019-11-12,VietnamBiz,https://vietnambiz.vn/dong-tien-thong-minh-12-11-tu-doanh-ctck-noi-rong-da-mua-rong-bat-chap-khoi-ngoai-tro-lai-ban-rong-tap-trung-plx-20191112074124146.htm,"Dòng tiền thông minh (12/11): Tự doanh CTCK nới rộng đà mua ròng bất chấp khối ngoại trở lại bán ròng, tập trung PLX",BUSINESS_RESULT,PROJECT_EXPANSION,POSITIVE,MODERATE,STOCK_SPECIFIC,HIGH,WEAK_RULE_V3_ENTITY_TIERED,WEAK_RULE_V3; tier=HIGH_PRECISION; entity=TITLE_TICKER|BODY_TICKER|TARGET_CONTEXT; score=13; event=PROJECT_EXPANSION; symbol=PLX,TITLE_TICKER|BODY_TICKER|TARGET_CONTEXT,TITLE_TICKER_WITH_TARGET_CONTEXT,HIGH_PRECISION,INFORMATIVE_CANDIDATE,EXPERIMENTAL_INFORMATIVE_UNVALIDATED,100,HIGH,NOT_INDEPENDENTLY_VALIDATED,True
0df5cba455b4c6c816a5,1181959bac9c005db52268b6eff9368e,NVL,Công ty Cổ phần Tập đoàn Đầu tư Địa ốc No Va,2019-11-13,CafeF,https://cafef.vn/novaland-tiep-tuc-rot-them-2319-ty-vao-nova-hospitality-20191112183108484.chn,Novaland tiếp tục rót thêm 2.319 tỷ vào Nova Hospitality,OTHER,OTHER,NEUTRAL,LOW,STOCK_SPECIFIC,MEDIUM,WEAK_RULE_V3_ENTITY_TIERED,WEAK_RULE_V3; tier=HIGH_PRECISION; entity=TITLE_ALIAS|BODY_ALIAS|BODY_TICKER; score=13; event=OTHER; symbol=NVL,TITLE_ALIAS|BODY_ALIAS|BODY_TICKER,TITLE_ENTITY_MENTION,HIGH_PRECISION,FALLBACK_QUARANTINE,FALLBACK_NO_EVENT_DETECTED,80,MEDIUM,NOT_INDEPENDENTLY_VALIDATED,False
f75d2273da4d027a7f6a,7721d7fd8ebd9dd3b43ccaed8d26c91c,CTG,Ngân hàng TMCP Công Thương Việt Nam,2019-11-13,VietnamBiz,https://vietnambiz.vn/hang-loat-co-phieu-thoa-thuan-dot-bien-phien-13-11-ai-da-trao-tay-gan-474-trieu-co-phieu-ctg-20191113154609029.htm,"Hàng loạt cổ phiếu thỏa thuận đột biến phiên 13/11, ai đã trao tay gần 47,4 triệu cổ phiếu CTG?",OTHER,OTHER,NEUTRAL,LOW,STOCK_SPECIFIC,MEDIUM,WEAK_RULE_V3_ENTITY_TIERED,WEAK_RULE_V3; tier=HIGH_PRECISION; entity=TITLE_TICKER|BODY_ALIAS|BODY_TICKER|TARGET_CONTEXT; score=17; event=OTHER; symbol=CTG,TITLE_TICKER|BODY_ALIAS|BODY_TICKER|TARGET_CONTEXT,TITLE_TICKER_WITH_TARGET_CONTEXT,HIGH_PRECISION,FALLBACK_QUARANTINE,FALLBACK_NO_EVENT_DETECTED,80,MEDIUM,NOT_INDEPENDENTLY_VALIDATED,False
da03ec73468f8d5b3715,d6fdc89e6691a2ae622b1048759fd61c,CTG,Ngân hàng TMCP Công Thương Việt Nam,2019-11-13,VietnamBiz,https://vietnambiz.vn/vietinbank-capital-bi-xu-phat-do-bo-tri-nguoi-chua-co-chung-chi-hanh-nghe-chung-khoan-thuc-hien-nghiep-vu-va-hang-loat-vi-pham-20191113130124806.htm,VietinBank Capital bị xử phạt do bố trí người chưa có chứng chỉ hành nghề chứng khoán thực hiện nghiệp vụ và hàng loạt vi phạm,LEGAL_REGULATORY,LEGAL_RISK,NEGATIVE,HIGH,STOCK_SPECIFIC,HIGH,WEAK_RULE_V3_ENTITY_TIERED,WEAK_RULE_V3; tier=HIGH_PRECISION; entity=TITLE_ALIAS|BODY_COMPANY|BODY_TICKER; score=13; event=LEGAL_RISK; symbol=CTG,TITLE_ALIAS|BODY_COMPANY|BODY_TICKER,TITLE_ENTITY_MENTION,HIGH_PRECISION,INFORMATIVE_CANDIDATE,EXPERIMENTAL_INFORMATIVE_UNVALIDATED,100,CRITICAL,NOT_INDEPENDENTLY_VALIDATED,True
aec81ffd73776048d681,470d1eb354442cf72abd25df973560f7,VJC,Công ty Cổ phần Hàng không Vietjet,2019-11-14,VietnamBiz,https://vietnambiz.vn/chinh-phu-singapore-ban-hon-300000-co-phieu-vietjet-thu-ve-44-ti-dong-20191114090434539.htm,Chính phủ Singapore bán hơn 300.000 cổ phiếu Vietjet thu về 44 tỉ đồng,OTHER,OTHER,NEUTRAL,LOW,STOCK_SPECIFIC,MEDIUM,WEAK_RULE_V3_ENTITY_TIERED,WEAK_RULE_V3; tier=HIGH_PRECISION; entity=TITLE_ALIAS|BODY_COMPANY|BODY_TICKER|TARGET_CONTEXT; score=17; event=OTHER; symbol=VJC,TITLE_ALIAS|BODY_COMPANY|BODY_TICKER|TARGET_CONTEXT,TITLE_ENTITY_WITH_TARGET_CONTEXT,HIGH_PRECISION,FALLBACK_QUARANTINE,FALLBACK_NO_EVENT_DETECTED,80,MEDIUM,NOT_INDEPENDENTLY_VALIDATED,False
562ea89fa38ee4f473fe,157e2f2c0a20cb55726716033f0451b8,CTG,Ngân hàng TMCP Công Thương Việt Nam,2019-11-19,CafeF,https://cafef.vn/ifc-ban-57-trieu-co-phieu-vietinbank-thu-ve-hon-1200-ty-dong-20191119211520174.chn,"IFC bán 57 triệu cổ phiếu VietinBank, thu về hơn 1.200 tỷ đồng",OTHER,OTHER,NEUTRAL,LOW,STOCK_SPECIFIC,MEDIUM,WEAK_RULE_V3_ENTITY_TIERED,WEAK_RULE_V3; tier=HIGH_PRECISION; entity=TITLE_ALIAS|BODY_COMPANY|BODY_TICKER|TARGET_CONTEXT; score=17; event=OTHER; symbol=CTG,TITLE_ALIAS|BODY_COMPANY|BODY_TICKER|TARGET_CONTEXT,TITLE_ENTITY_WITH_TARGET_CONTEXT,HIGH_PRECISION,FALLBACK_QUARANTINE,FALLBACK_NO_EVENT_DETECTED,80,MEDIUM,NOT_INDEPENDENTLY_VALIDATED,False
fc9af95ef3aca572ff0b,f8bdbf02cd87547f3f92966fea96af86,VCB,Ngân hàng TMCP Ngoại thương Việt Nam,2019-11-19,CafeF,https://cafef.vn/flc-tang-tran-sau-bai-phat-bieu-cua-ty-phu-trinh-van-quyet-vnindex-giu-duoc-moc-nghin-diem-nho-vinamilk-20191119114700509.chn,"FLC chất lệnh dư mua trần, VnIndex tăng mạnh hơn 5 điểm Vinamilk và Vietcombank",MACRO_POLICY,MACRO_POLICY,NEUTRAL,MODERATE,MARKET,HIGH,WEAK_RULE_V3_ENTITY_TIERED,WEAK_RULE_V3; tier=HIGH_PRECISION; entity=TITLE_ALIAS|BODY_TICKER|TARGET_CONTEXT; score=13; event=MACRO_POLICY; symbol=VCB,TITLE_ALIAS|BODY_TICKER|TARGET_CONTEXT,TITLE_ENTITY_WITH_TARGET_CONTEXT,HIGH_PRECISION,INFORMATIVE_CANDIDATE,EXPERIMENTAL_INFORMATIVE_UNVALIDATED,100,CRITICAL,NOT_INDEPENDENTLY_VALIDATED,True
a029465b6b144c5c877d,f8bdbf02cd87547f3f92966fea96af86,VNM,Công ty Cổ phần Sữa Việt Nam,2019-11-19,CafeF,https://cafef.vn/flc-tang-tran-sau-bai-phat-bieu-cua-ty-phu-trinh-van-quyet-vnindex-giu-duoc-moc-nghin-diem-nho-vinamilk-20191119114700509.chn,"FLC chất lệnh dư mua trần, VnIndex tăng mạnh hơn 5 điểm Vinamilk và Vietcombank",MACRO_POLICY,MACRO_POLICY,NEUTRAL,MODERATE,MARKET,HIGH,WEAK_RULE_V3_ENTITY_TIERED,WEAK_RULE_V3; tier=HIGH_PRECISION; entity=TITLE_ALIAS|BODY_ALIAS|BODY_TICKER|TARGET_CONTEXT; score=17; event=MACRO_POLICY; symbol=VNM,TITLE_ALIAS|BODY_ALIAS|BODY_TICKER|TARGET_CONTEXT,TITLE_ENTITY_WITH_TARGET_CONTEXT,HIGH_PRECISION,INFORMATIVE_CANDIDATE,EXPERIMENTAL_INFORMATIVE_UNVALIDATED,100,CRITICAL,NOT_INDEPENDENTLY_VALIDATED,True
bfa4a9160e4bb3b24a71,8235057f061e8fd32d796a50355872a1,PDR,Công ty Cổ phần Phát triển Bất động sản Phát Đạt,2019-11-20,CafeF,https://cafef.vn/phat-dat-pdr-huy-dong-them-110-ty-trai-phieu-lai-suat-13-nam-nha-dau-tu-ngoai-mua-mot-nua-20191119214451049.chn,"Phát đạt (PDR) huy động thêm 110 tỷ trái phiếu lãi suất 13%/năm, nhà đầu tư ngoại mua một nửa",CORPORATE_ACTION,STOCK_ISSUANCE,NEUTRAL,MODERATE,STOCK_SPECIFIC,HIGH,WEAK_RULE_V3_ENTITY_TIERED,WEAK_RULE_V3; tier=HIGH_PRECISION; entity=TITLE_TICKER|TITLE_ALIAS|BODY_ALIAS|BODY_TICKER|TARGET_CONTEXT; score=24; event=STOCK_ISSUANCE; symbol=PDR,TITLE_TICKER|TITLE_ALIAS|BODY_ALIAS|BODY_TICKER|TARGET_CONTEXT,TITLE_TICKER_WITH_TARGET_CONTEXT,HIGH_PRECISION,INFORMATIVE_CANDIDATE,EXPERIMENTAL_INFORMATIVE_UNVALIDATED,100,HIGH,NOT_INDEPENDENTLY_VALIDATED,True
785311eb5cbcab7fab03,5b406d7b41f56506a71a65b6068b11ac,FPT,Công ty Cổ phần FPT,2019-11-25,CafeF,https://cafef.vn/chu-quan-chuoi-nha-thuoc-long-chau-dat-236-ty-dong-loi-nhuan-rong-sau-10-thang-20191125141248065.chn,"FPT Retail (FRT): LNST 10 tháng giảm 11% xuống 236 tỷ đồng, dự kiến đạt 70 nhà thuốc trong năm 2019",BUSINESS_RESULT,NEW_CONTRACT,POSITIVE,MODERATE,STOCK_SPECIFIC,HIGH,WEAK_RULE_V3_ENTITY_TIERED,WEAK_RULE_V3; tier=HIGH_PRECISION; entity=TITLE_TICKER|BODY_TICKER|TARGET_CONTEXT; score=13; event=NEW_CONTRACT; symbol=FPT,TITLE_TICKER|BODY_TICKER|TARGET_CONTEXT,TITLE_TICKER_WITH_TARGET_CONTEXT,HIGH_PRECISION,INFORMATIVE_CANDIDATE,EXPERIMENTAL_INFORMATIVE_UNVALIDATED,100,HIGH,NOT_INDEPENDENTLY_VALIDATED,True
541856bfde9e88c8aac0,5b406d7b41f56506a71a65b6068b11ac,FRT,Công ty Cổ phần Bán lẻ Kỹ thuật số FPT,2019-11-25,CafeF,https://cafef.vn/chu-quan-chuoi-nha-thuoc-long-chau-dat-236-ty-dong-loi-nhuan-rong-sau-10-thang-20191125141248065.chn,"FPT Retail (FRT): LNST 10 tháng giảm 11% xuống 236 tỷ đồng, dự kiến đạt 70 nhà thuốc trong năm 2019",BUSINESS_RESULT,NEW_CONTRACT,POSITIVE,MODERATE,STOCK_SPECIFIC,HIGH,WEAK_RULE_V3_ENTITY_TIERED,WEAK_RULE_V3; tier=HIGH_PRECISION; entity=TITLE_TICKER|TITLE_ALIAS|BODY_ALIAS|BODY_TICKER|TARGET_CONTEXT; score=24; event=NEW_CONTRACT; symbol=FRT,TITLE_TICKER|TITLE_ALIAS|BODY_ALIAS|BODY_TICKER|TARGET_CONTEXT,TITLE_TICKER_WITH_TARGET_CONTEXT,HIGH_PRECISION,INFORMATIVE_CANDIDATE,EXPERIMENTAL_INFORMATIVE_UNVALIDATED,100,HIGH,NOT_INDEPENDENTLY_VALIDATED,True
8614268b1afc09f618d0,d0f64cac69242e92c33b4249860fb6fe,NKG,Công ty Cổ phần Thép Nam Kim,2019-11-25,CafeF,https://cafef.vn/thep-nam-kim-du-chi-150-ty-dau-tu-du-an-ong-thep-20191125091223737.chn,Thép Nam Kim dự chi 150 tỷ đầu tư dự án ống thép,OTHER,OTHER,NEUTRAL,LOW,STOCK_SPECIFIC,MEDIUM,WEAK_RULE_V3_ENTITY_TIERED,WEAK_RULE_V3; tier=HIGH_PRECISION; entity=TITLE_COMPANY|BODY_COMPANY|BODY_TICKER; score=13; event=OTHER; symbol=NKG,TITLE_COMPANY|BODY_COMPANY|BODY_TICKER,TITLE_ENTITY_MENTION,HIGH_PRECISION,FALLBACK_QUARANTINE,FALLBACK_NO_EVENT_DETECTED,80,MEDIUM,NOT_INDEPENDENTLY_VALIDATED,False
34cae782e86935218c8a,b9e5bd8575de2bb7ec8d14dbda48b5b2,VHM,Công ty Cổ phần Vinhomes,2019-11-26,VietnamBiz,https://vietnambiz.vn/vinhomes-va-vincom-retail-mua-vao-gan-274-trieu-co-phieu-qui-con-14-phien-de-thuc-hien-giao-dich-20191125234704248.htm,"Vinhomes và Vincom Retail mua vào gần 27,4 triệu cổ phiếu quĩ, còn 14 phiên để thực hiện giao dịch",CORPORATE_ACTION,LEADERSHIP_CHANGE,NEUTRAL,MODERATE,STOCK_SPECIFIC,HIGH,WEAK_RULE_V3_ENTITY_TIERED,WEAK_RULE_V3; tier=HIGH_PRECISION; entity=TITLE_COMPANY|BODY_COMPANY|BODY_TICKER|TARGET_CONTEXT; score=17; event=LEADERSHIP_CHANGE; symbol=VHM,TITLE_COMPANY|BODY_COMPANY|BODY_TICKER|TARGET_CONTEXT,TITLE_ENTITY_WITH_TARGET_CONTEXT,HIGH_PRECISION,INFORMATIVE_CANDIDATE,EXPERIMENTAL_INFORMATIVE_UNVALIDATED,100,HIGH,NOT_INDEPENDENTLY_VALIDATED,True
a301b6f7b7f2a5cc60ea,b9e5bd8575de2bb7ec8d14dbda48b5b2,VRE,Công ty Cổ phần Vincom Retail,2019-11-26,VietnamBiz,https://vietnambiz.vn/vinhomes-va-vincom-retail-mua-vao-gan-274-trieu-co-phieu-qui-con-14-phien-de-thuc-hien-giao-dich-20191125234704248.htm,"Vinhomes và Vincom Retail mua vào gần 27,4 triệu cổ phiếu quĩ, còn 14 phiên để thực hiện giao dịch",CORPORATE_ACTION,LEADERSHIP_CHANGE,NEUTRAL,MODERATE,STOCK_SPECIFIC,HIGH,WEAK_RULE_V3_ENTITY_TIERED,WEAK_RULE_V3; tier=HIGH_PRECISION; entity=TITLE_COMPANY|BODY_COMPANY|BODY_TICKER|TARGET_CONTEXT; score=17; event=LEADERSHIP_CHANGE; symbol=VRE,TITLE_COMPANY|BODY_COMPANY|BODY_TICKER|TARGET_CONTEXT,TITLE_ENTITY_WITH_TARGET_CONTEXT,HIGH_PRECISION,INFORMATIVE_CANDIDATE,EXPERIMENTAL_INFORMATIVE_UNVALIDATED,100,HIGH,NOT_INDEPENDENTLY_VALIDATED,True
c9358ac4e8285463df30,62e649fd82624096099f90e93dbc6ca6,DGC,Công ty Cổ phần Tập đoàn Hóa chất Đức Giang,2019-11-27,VietnamBiz,https://vietnambiz.vn/co-phieu-tam-diem-ngay-28-11-l14-mbg-jvc-dgc-20191127203426572.htm,"Cổ phiếu tâm điểm ngày 28/11: L14, MBG, JVC, DGC",OTHER,OTHER,NEUTRAL,LOW,STOCK_SPECIFIC,MEDIUM,WEAK_RULE_V3_ENTITY_TIERED,WEAK_RULE_V3; tier=HIGH_PRECISION; entity=TITLE_TICKER|BODY_TICKER|TARGET_CONTEXT; score=13; event=OTHER; symbol=DGC,TITLE_TICKER|BODY_TICKER|TARGET_CONTEXT,TITLE_TICKER_WITH_TARGET_CONTEXT,HIGH_PRECISION,FALLBACK_QUARANTINE,FALLBACK_NO_EVENT_DETECTED,80,MEDIUM,NOT_INDEPENDENTLY_VALIDATED,False
2b9ae6e2486adf985464,a8ca4619de3eb3190d77c9a4e6c6bbe6,MWG,Công ty Cổ phần Đầu tư Thế Giới Di Động,2019-11-30,CafeF,https://cafef.vn/norges-bank-va-samsung-vietnam-securities-ban-bot-co-phieu-mwg-cua-the-gioi-di-dong-trong-boi-canh-co-phieu-lao-doc-20191130101932471.chn,Norges Bank và Samsung Vietnam Securities bán bớt cổ phiếu MWG của Thế giới di động trong bối cảnh cổ phiếu lao dốc,OTHER,OTHER,NEUTRAL,LOW,STOCK_SPECIFIC,MEDIUM,WEAK_RULE_V3_ENTITY_TIERED,WEAK_RULE_V3; tier=HIGH_PRECISION; entity=TITLE_TICKER|TITLE_ALIAS|BODY_ALIAS|BODY_TICKER|TARGET_CONTEXT; score=24; event=OTHER; symbol=MWG,TITLE_TICKER|TITLE_ALIAS|BODY_ALIAS|BODY_TICKER|TARGET_CONTEXT,TITLE_TICKER_WITH_TARGET_CONTEXT,HIGH_PRECISION,FALLBACK_QUARANTINE,FALLBACK_NO_EVENT_DETECTED,80,MEDIUM,NOT_INDEPENDENTLY_VALIDATED,False
96dc341fbb9f17f27f07,d54948a1589372ac4c4721007f8d0dfa,VCI,Công ty Cổ phần Chứng khoán Vietcap,2019-12-01,CafeF,https://cafef.vn/vcsc-dau-tu-san-bay-long-thanh-giup-dam-bao-tang-truong-dai-han-cua-acv-nhung-se-tac-dong-den-dong-tien-trong-tuong-lai-20191201100716609.chn,VCSC: Đầu tư sân bay Long Thành giúp đảm bảo tăng trưởng dài hạn của ACV nhưng sẽ tác động đến dòng tiền trong tương lai,BUSINESS_RESULT,PROJECT_EXPANSION,POSITIVE,MODERATE,STOCK_SPECIFIC,HIGH,WEAK_RULE_V3_ENTITY_TIERED,WEAK_RULE_V3; tier=HIGH_PRECISION; entity=TITLE_ALIAS|BODY_ALIAS; score=11; event=PROJECT_EXPANSION; symbol=VCI,TITLE_ALIAS|BODY_ALIAS,TITLE_ENTITY_MENTION,HIGH_PRECISION,INFORMATIVE_CANDIDATE,EXPERIMENTAL_INFORMATIVE_UNVALIDATED,100,HIGH,NOT_INDEPENDENTLY_VALIDATED,True
ae2effcfef6ae6b9bf0e,2b3914fcf6cf5b4e1fb9d9ba718e4924,MSN,Công ty Cổ phần Tập đoàn Masan,2019-12-02,CafeF,https://cafef.vn/masan-meatlife-mml-len-san-upcom-vao-ngay-9-12-20191202170316406.chn,Masan MeatLife (MML) dự kiến lên sàn UPCom vào ngày 9/12,BUSINESS_RESULT,PROJECT_EXPANSION,POSITIVE,MODERATE,STOCK_SPECIFIC,HIGH,WEAK_RULE_V3_ENTITY_TIERED,WEAK_RULE_V3; tier=HIGH_PRECISION; entity=TITLE_COMPANY|BODY_COMPANY; score=11; event=PROJECT_EXPANSION; symbol=MSN,TITLE_COMPANY|BODY_COMPANY,TITLE_ENTITY_MENTION,HIGH_PRECISION,INFORMATIVE_CANDIDATE,EXPERIMENTAL_INFORMATIVE_UNVALIDATED,100,HIGH,NOT_INDEPENDENTLY_VALIDATED,True
a54b41b85023a517d3c3,2f6f9b18f21f6db5310fd7b2ac6aa7f9,HSG,Công ty Cổ phần Tập đoàn Hoa Sen,2019-12-02,CafeF,https://cafef.vn/sau-cu-nga-dau-co-hang-ton-hoa-sen-group-hsg-chuan-bi-don-dau-nguyen-lieu-gia-re-tro-lai-20191201182843171.chn,"Sau ‘cú ngã’ đầu cơ hàng tồn, Hoa Sen Group (HSG) chuẩn bị ‘đón đầu’ nguyên liệu giá rẻ trở lại",BUSINESS_RESULT,PROFIT_DECLINE,NEGATIVE,HIGH,STOCK_SPECIFIC,HIGH,WEAK_RULE_V3_ENTITY_TIERED,WEAK_RULE_V3; tier=HIGH_PRECISION; entity=TITLE_TICKER|TITLE_COMPANY|BODY_COMPANY|BODY_TICKER|TARGET_CONTEXT; score=24; event=PROFIT_DECLINE; symbol=HSG,TITLE_TICKER|TITLE_COMPANY|BODY_COMPANY|BODY_TICKER|TARGET_CONTEXT,TITLE_TICKER_WITH_TARGET_CONTEXT,HIGH_PRECISION,INFORMATIVE_CANDIDATE,EXPERIMENTAL_INFORMATIVE_UNVALIDATED,100,HIGH,NOT_INDEPENDENTLY_VALIDATED,True
9c02366885dc30893df4,b11f0e45feb365cf234f0cdf1a917e69,HPG,Công ty Cổ phần Tập đoàn Hòa Phát,2019-12-02,CafeF,https://cafef.vn/hoa-phat-lap-moc-ky-luc-ban-hang-300000-tan-trong-thang-11-20191202163747875.chn,Hòa Phát lập mốc kỷ lục bán hàng 300.000 tấn trong tháng 11,BUSINESS_RESULT,PROJECT_EXPANSION,POSITIVE,MODERATE,STOCK_SPECIFIC,HIGH,WEAK_RULE_V3_ENTITY_TIERED,WEAK_RULE_V3; tier=HIGH_PRECISION; entity=TITLE_COMPANY|BODY_COMPANY; score=11; event=PROJECT_EXPANSION; symbol=HPG,TITLE_COMPANY|BODY_COMPANY,TITLE_ENTITY_MENTION,HIGH_PRECISION,INFORMATIVE_CANDIDATE,EXPERIMENTAL_INFORMATIVE_UNVALIDATED,100,HIGH,NOT_INDEPENDENTLY_VALIDATED,True
a0ba84762ce1c87595d6,5bf0d9113689aaedeb03564fd9032d90,MSN,Công ty Cổ phần Tập đoàn Masan,2019-12-05,CafeF,https://cafef.vn/phien-5-12-khoi-ngoai-tiep-tuc-ban-rong-tap-trung-xa-msn-20191205152306125.chn,"Phiên 5/12: Khối ngoại tiếp tục bán ròng, tập trung “xả” MSN",OTHER,OTHER,NEUTRAL,LOW,STOCK_SPECIFIC,MEDIUM,WEAK_RULE_V3_ENTITY_TIERED,WEAK_RULE_V3; tier=HIGH_PRECISION; entity=TITLE_TICKER|BODY_TICKER|TARGET_CONTEXT; score=13; event=OTHER; symbol=MSN,TITLE_TICKER|BODY_TICKER|TARGET_CONTEXT,TITLE_TICKER_WITH_TARGET_CONTEXT,HIGH_PRECISION,FALLBACK_QUARANTINE,FALLBACK_NO_EVENT_DETECTED,80,MEDIUM,NOT_INDEPENDENTLY_VALIDATED,False
b26b59ee9187111da879,5b2e5bfef8b8a45ced58c022cd4de31a,GMD,Công ty Cổ phần Gemadept,2019-12-09,VietnamBiz,https://vietnambiz.vn/co-dong-lon-nhat-thoai-4-lan-khong-thanh-cong-tong-giam-doc-gemadept-dang-ki-mua-vao-500000-co-phieu-20191209121650638.htm,"Cổ đông lớn nhất thoái 4 lần không thành công, tổng giám đốc Gemadept đăng kí mua vào 500.000 cổ phiếu",BUSINESS_RESULT,PROJECT_EXPANSION,POSITIVE,MODERATE,STOCK_SPECIFIC,HIGH,WEAK_RULE_V3_ENTITY_TIERED,WEAK_RULE_V3; tier=HIGH_PRECISION; entity=TITLE_COMPANY|BODY_COMPANY|BODY_TICKER|TARGET_CONTEXT; score=17; event=PROJECT_EXPANSION; symbol=GMD,TITLE_COMPANY|BODY_COMPANY|BODY_TICKER|TARGET_CONTEXT,TITLE_ENTITY_WITH_TARGET_CONTEXT,HIGH_PRECISION,INFORMATIVE_CANDIDATE,EXPERIMENTAL_INFORMATIVE_UNVALIDATED,100,HIGH,NOT_INDEPENDENTLY_VALIDATED,True
4adc57cd3285fb2f3363,129a36a7a28afe959b4bd632e29df414,TCB,Ngân hàng TMCP Kỹ Thương Việt Nam,2019-12-10,VietnamBiz,https://vietnambiz.vn/thoa-thuan-khung-tcb-ros-vjc-vnm-phien-vn-index-con-960-diem-20191210162715801.htm,"Thỏa thuận khủng TCB, ROS, VJC, VNM phiên VN-Index còn 960 điểm",OTHER,OTHER,NEUTRAL,LOW,STOCK_SPECIFIC,MEDIUM,WEAK_RULE_V3_ENTITY_TIERED,WEAK_RULE_V3; tier=HIGH_PRECISION; entity=TITLE_TICKER|BODY_ALIAS|BODY_TICKER|TARGET_CONTEXT; score=17; event=OTHER; symbol=TCB,TITLE_TICKER|BODY_ALIAS|BODY_TICKER|TARGET_CONTEXT,TITLE_TICKER_WITH_TARGET_CONTEXT,HIGH_PRECISION,FALLBACK_QUARANTINE,FALLBACK_NO_EVENT_DETECTED,80,MEDIUM,NOT_INDEPENDENTLY_VALIDATED,False
36e4ea3f86cc6775cfd3,129a36a7a28afe959b4bd632e29df414,VJC,Công ty Cổ phần Hàng không Vietjet,2019-12-10,VietnamBiz,https://vietnambiz.vn/thoa-thuan-khung-tcb-ros-vjc-vnm-phien-vn-index-con-960-diem-20191210162715801.htm,"Thỏa thuận khủng TCB, ROS, VJC, VNM phiên VN-Index còn 960 điểm",OTHER,OTHER,NEUTRAL,LOW,STOCK_SPECIFIC,MEDIUM,WEAK_RULE_V3_ENTITY_TIERED,WEAK_RULE_V3; tier=HIGH_PRECISION; entity=TITLE_TICKER|BODY_ALIAS|BODY_TICKER|TARGET_CONTEXT; score=17; event=OTHER; symbol=VJC,TITLE_TICKER|BODY_ALIAS|BODY_TICKER|TARGET_CONTEXT,TITLE_TICKER_WITH_TARGET_CONTEXT,HIGH_PRECISION,FALLBACK_QUARANTINE,FALLBACK_NO_EVENT_DETECTED,80,MEDIUM,NOT_INDEPENDENTLY_VALIDATED,False
914e6fe117683d80a525,129a36a7a28afe959b4bd632e29df414,VNM,Công ty Cổ phần Sữa Việt Nam,2019-12-10,VietnamBiz,https://vietnambiz.vn/thoa-thuan-khung-tcb-ros-vjc-vnm-phien-vn-index-con-960-diem-20191210162715801.htm,"Thỏa thuận khủng TCB, ROS, VJC, VNM phiên VN-Index còn 960 điểm",OTHER,OTHER,NEUTRAL,LOW,STOCK_SPECIFIC,MEDIUM,WEAK_RULE_V3_ENTITY_TIERED,WEAK_RULE_V3; tier=HIGH_PRECISION; entity=TITLE_TICKER|BODY_ALIAS|BODY_TICKER|TARGET_CONTEXT; score=17; event=OTHER; symbol=VNM,TITLE_TICKER|BODY_ALIAS|BODY_TICKER|TARGET_CONTEXT,TITLE_TICKER_WITH_TARGET_CONTEXT,HIGH_PRECISION,FALLBACK_QUARANTINE,FALLBACK_NO_EVENT_DETECTED,80,MEDIUM,NOT_INDEPENDENTLY_VALIDATED,False
a9d43af1d3d26ddc7ae8,b774ad241f558b21b34955b25d784fbe,MSN,Công ty Cổ phần Tập đoàn Masan,2019-12-10,VietnamBiz,https://vietnambiz.vn/giao-dich-khoi-ngoai-10-12-dao-chieu-ban-rong-267-ti-dong-tren-hai-san-phien-vn-index-mat-gan-6-diem-tap-trung-msn-20191210164532439.htm,"Giao dịch khối ngoại 10/12: Đảo chiều bán ròng 267 tỉ đồng trên hai sàn phiên VN-Index mất gần 6 điểm, tập trung MSN",OTHER,OTHER,NEUTRAL,LOW,STOCK_SPECIFIC,MEDIUM,WEAK_RULE_V3_ENTITY_TIERED,WEAK_RULE_V3; tier=HIGH_PRECISION; entity=TITLE_TICKER|BODY_TICKER|TARGET_CONTEXT; score=13; event=OTHER; symbol=MSN,TITLE_TICKER|BODY_TICKER|TARGET_CONTEXT,TITLE_TICKER_WITH_TARGET_CONTEXT,HIGH_PRECISION,FALLBACK_QUARANTINE,FALLBACK_NO_EVENT_DETECTED,80,MEDIUM,NOT_INDEPENDENTLY_VALIDATED,False
38f8e8c4447869d3c90b,df8e6aa2ea83df97505ccdcee78920e1,VIC,Tập đoàn Vingroup,2019-12-10,VietnamBiz,https://vietnambiz.vn/co-phieu-sdi-se-huy-giao-dich-tren-upcom-vao-ngay-27-12-de-hoan-doi-voi-vic-20191210114818589.htm,Cổ phiếu SDI sẽ hủy giao dịch trên UPCoM vào ngày 27/12 để hoán đổi với VIC,CORPORATE_ACTION,STOCK_ISSUANCE,NEUTRAL,MODERATE,STOCK_SPECIFIC,HIGH,WEAK_RULE_V3_ENTITY_TIERED,WEAK_RULE_V3; tier=HIGH_PRECISION; entity=TITLE_TICKER|BODY_COMPANY|BODY_TICKER|TARGET_CONTEXT; score=17; event=STOCK_ISSUANCE; symbol=VIC,TITLE_TICKER|BODY_COMPANY|BODY_TICKER|TARGET_CONTEXT,TITLE_TICKER_WITH_TARGET_CONTEXT,HIGH_PRECISION,INFORMATIVE_CANDIDATE,EXPERIMENTAL_INFORMATIVE_UNVALIDATED,100,HIGH,NOT_INDEPENDENTLY_VALIDATED,True
3e51e77a6f89fdc4daba,eec8f6b502fb16fc83823b072d15857c,ACB,Ngân hàng TMCP Á Châu,2019-12-10,VietnamBiz,https://vietnambiz.vn/co-phieu-tam-diem-ngay-11-12-acb-hsg-dbc-ntl-nlg-20191210172235311.htm,"Cổ phiếu tâm điểm ngày 11/12: ACB, HSG, DBC, NTL, NLG",OTHER,OTHER,NEUTRAL,LOW,STOCK_SPECIFIC,MEDIUM,WEAK_RULE_V3_ENTITY_TIERED,WEAK_RULE_V3; tier=HIGH_PRECISION; entity=TITLE_TICKER|BODY_TICKER|TARGET_CONTEXT; score=13; event=OTHER; symbol=ACB,TITLE_TICKER|BODY_TICKER|TARGET_CONTEXT,TITLE_TICKER_WITH_TARGET_CONTEXT,HIGH_PRECISION,FALLBACK_QUARANTINE,FALLBACK_NO_EVENT_DETECTED,80,MEDIUM,NOT_INDEPENDENTLY_VALIDATED,False
ffa787385ca8d382a28f,eec8f6b502fb16fc83823b072d15857c,HSG,Công ty Cổ phần Tập đoàn Hoa Sen,2019-12-10,VietnamBiz,https://vietnambiz.vn/co-phieu-tam-diem-ngay-11-12-acb-hsg-dbc-ntl-nlg-20191210172235311.htm,"Cổ phiếu tâm điểm ngày 11/12: ACB, HSG, DBC, NTL, NLG",OTHER,OTHER,NEUTRAL,LOW,STOCK_SPECIFIC,MEDIUM,WEAK_RULE_V3_ENTITY_TIERED,WEAK_RULE_V3; tier=HIGH_PRECISION; entity=TITLE_TICKER|BODY_TICKER|TARGET_CONTEXT; score=13; event=OTHER; symbol=HSG,TITLE_TICKER|BODY_TICKER|TARGET_CONTEXT,TITLE_TICKER_WITH_TARGET_CONTEXT,HIGH_PRECISION,FALLBACK_QUARANTINE,FALLBACK_NO_EVENT_DETECTED,80,MEDIUM,NOT_INDEPENDENTLY_VALIDATED,False
6b68c5fd80368bb1e9bb,9800dabc01e8c77ce1a5cdf2bae4bb22,ANV,Công ty Cổ phần Nam Việt,2019-12-11,VietnamBiz,https://vietnambiz.vn/co-phieu-nav-tang-gap-doi-trong-hon-hai-thang-chu-tich-nam-viet-muon-thoai-toan-bo-co-phan-20191210223539668.htm,"Cổ phiếu NAV tăng gấp đôi trong hơn hai tháng, chủ tịch Nam Việt muốn thoái toàn bộ cổ phần",BUSINESS_RESULT,PROJECT_EXPANSION,POSITIVE,MODERATE,STOCK_SPECIFIC,HIGH,WEAK_RULE_V3_ENTITY_TIERED,WEAK_RULE_V3; tier=HIGH_PRECISION; entity=TITLE_COMPANY|BODY_COMPANY; score=11; event=PROJECT_EXPANSION; symbol=ANV,TITLE_COMPANY|BODY_COMPANY,TITLE_ENTITY_MENTION,HIGH_PRECISION,INFORMATIVE_CANDIDATE,EXPERIMENTAL_INFORMATIVE_UNVALIDATED,100,HIGH,NOT_INDEPENDENTLY_VALIDATED,True
35643879739e298a391e,d47752d533e53380515be91ad24d9a99,ANV,Công ty Cổ phần Nam Việt,2019-12-12,CafeF,https://cafef.vn/anv-giam-manh-chu-tich-navico-tranh-thu-dang-ky-mua-28-trieu-co-phieu-20191212100312781.chn,"ANV giảm mạnh, Chủ tịch Navico tranh thủ đăng ký mua 2,8 triệu cổ phiếu",OTHER,OTHER,NEUTRAL,LOW,STOCK_SPECIFIC,MEDIUM,WEAK_RULE_V3_ENTITY_TIERED,WEAK_RULE_V3; tier=HIGH_PRECISION; entity=TITLE_TICKER|BODY_COMPANY|BODY_TICKER|TARGET_CONTEXT; score=17; event=OTHER; symbol=ANV,TITLE_TICKER|BODY_COMPANY|BODY_TICKER|TARGET_CONTEXT,TITLE_TICKER_WITH_TARGET_CONTEXT,HIGH_PRECISION,FALLBACK_QUARANTINE,FALLBACK_NO_EVENT_DETECTED,80,MEDIUM,NOT_INDEPENDENTLY_VALIDATED,False
aae14d072f711df1dc2d,14bb5a979a079c0d391ba1cf15103ca5,GMD,Công ty Cổ phần Gemadept,2019-12-19,CafeF,https://cafef.vn/gmd-hbc-nbb-sze-pvp-apg-tpc-spv-sum-thong-tin-giao-dich-luong-lon-co-phieu-20191218174130623.chn,"GMD, HBC, NBB, SZE, PVP, APG, TPC, SPV, SUM: Thông tin giao dịch lượng lớn cổ phiếu",OTHER,OTHER,NEUTRAL,LOW,STOCK_SPECIFIC,MEDIUM,WEAK_RULE_V3_ENTITY_TIERED,WEAK_RULE_V3; tier=HIGH_PRECISION; entity=TITLE_TICKER|BODY_COMPANY|BODY_TICKER|TARGET_CONTEXT; score=17; event=OTHER; symbol=GMD,TITLE_TICKER|BODY_COMPANY|BODY_TICKER|TARGET_CONTEXT,TITLE_TICKER_WITH_TARGET_CONTEXT,HIGH_PRECISION,FALLBACK_QUARANTINE,FALLBACK_NO_EVENT_DETECTED,80,MEDIUM,NOT_INDEPENDENTLY_VALIDATED,False
1624d06b4f80c8f9abf5,9b978df5f39fbf9b589837720a847131,PNJ,Công ty Cổ phần Vàng bạc Đá quý Phú Nhuận,2019-12-23,CafeF,https://cafef.vn/hop-tac-voi-walt-disney-loi-nhuan-thang-11-pnj-tang-truong-60-so-voi-cung-ky-nam-truoc-2019122322514867.chn,"Hợp tác với Walt Disney, lợi nhuận tháng 11 PNJ tăng trưởng 60% so với cùng kỳ năm trước",OTHER,OTHER,NEUTRAL,LOW,STOCK_SPECIFIC,MEDIUM,WEAK_RULE_V3_ENTITY_TIERED,WEAK_RULE_V3; tier=HIGH_PRECISION; entity=TITLE_TICKER|BODY_TICKER|TARGET_CONTEXT; score=13; event=OTHER; symbol=PNJ,TITLE_TICKER|BODY_TICKER|TARGET_CONTEXT,TITLE_TICKER_WITH_TARGET_CONTEXT,HIGH_PRECISION,FALLBACK_QUARANTINE,FALLBACK_NO_EVENT_DETECTED,80,MEDIUM,NOT_INDEPENDENTLY_VALIDATED,False
cc576764f6f8fbbcc237,7fde36614a5594fef3dc06826a60f289,MSN,Công ty Cổ phần Tập đoàn Masan,2019-12-24,CafeF,https://cafef.vn/vnindex-mat-4-diem-no-luc-tang-gia-may-phien-do-song-do-be-20191224113147467.chn,"Cổ phiếu Masan tăng vọt, CTD giảm sâu, HBC tìm về mệnh giá",MACRO_POLICY,MACRO_POLICY,NEUTRAL,MODERATE,MARKET,HIGH,WEAK_RULE_V3_ENTITY_TIERED,WEAK_RULE_V3; tier=HIGH_PRECISION; entity=TITLE_COMPANY|BODY_COMPANY|BODY_TICKER|TARGET_CONTEXT; score=17; event=MACRO_POLICY; symbol=MSN,TITLE_COMPANY|BODY_COMPANY|BODY_TICKER|TARGET_CONTEXT,TITLE_ENTITY_WITH_TARGET_CONTEXT,HIGH_PRECISION,INFORMATIVE_CANDIDATE,EXPERIMENTAL_INFORMATIVE_UNVALIDATED,100,CRITICAL,NOT_INDEPENDENTLY_VALIDATED,True
f155ae15ecd19e414ec0,93bbc7d2dbb4a7e60ac286dd87fdeacd,MSN,Công ty Cổ phần Tập đoàn Masan,2019-12-24,CafeF,https://cafef.vn/dong-thai-dau-tien-cua-masan-sau-khi-nhan-sap-nhap-vinmart-chao-mua-cong-khai-60-co-phan-bot-giat-net-20191224112141513.chn,Động thái đầu tiên của Masan sau khi nhận sáp nhập Vinmart: Chi 645 tỷ đồng thâu tóm Bột giặt NET,M_AND_A,M_AND_A,NEUTRAL,HIGH,STOCK_SPECIFIC,HIGH,WEAK_RULE_V3_ENTITY_TIERED,WEAK_RULE_V3; tier=HIGH_PRECISION; entity=TITLE_COMPANY|BODY_COMPANY; score=11; event=M_AND_A; symbol=MSN,TITLE_COMPANY|BODY_COMPANY,TITLE_ENTITY_MENTION,HIGH_PRECISION,INFORMATIVE_CANDIDATE,EXPERIMENTAL_INFORMATIVE_UNVALIDATED,100,CRITICAL,NOT_INDEPENDENTLY_VALIDATED,True
2ebf0222994cdf2e3d4a,c4d160d20d5b776361e4ddd5ece8f454,REE,Công ty Cổ phần Cơ Điện Lạnh,2019-12-24,CafeF,https://cafef.vn/ree-dang-ky-mua-them-60-trieu-co-phieu-vsh-de-nang-so-huu-len-tren-50-20191224093939326.chn,REE đăng ký mua thêm 60 triệu cổ phiếu VSH để nâng sở hữu lên trên 50%,OTHER,OTHER,NEUTRAL,LOW,STOCK_SPECIFIC,MEDIUM,WEAK_RULE_V3_ENTITY_TIERED,WEAK_RULE_V3; tier=HIGH_PRECISION; entity=TITLE_TICKER|BODY_COMPANY|BODY_TICKER|TARGET_CONTEXT; score=17; event=OTHER; symbol=REE,TITLE_TICKER|BODY_COMPANY|BODY_TICKER|TARGET_CONTEXT,TITLE_TICKER_WITH_TARGET_CONTEXT,HIGH_PRECISION,FALLBACK_QUARANTINE,FALLBACK_NO_EVENT_DETECTED,80,MEDIUM,NOT_INDEPENDENTLY_VALIDATED,False
86bcb678cb2e38c03b19,d27d6cb50a730f56742f3e9f82d0a240,REE,Công ty Cổ phần Cơ Điện Lạnh,2019-12-24,VietnamBiz,https://vietnambiz.vn/ree-muon-thau-tom-thuy-dien-vinh-son-song-hinh-20191224155049842.htm,REE muốn thâu tóm Thủy điện Vĩnh Sơn - Sông Hinh,BUSINESS_RESULT,PROFIT_DECLINE,NEGATIVE,HIGH,STOCK_SPECIFIC,HIGH,WEAK_RULE_V3_ENTITY_TIERED,WEAK_RULE_V3; tier=HIGH_PRECISION; entity=TITLE_TICKER|BODY_COMPANY|BODY_TICKER|TARGET_CONTEXT; score=17; event=PROFIT_DECLINE; symbol=REE,TITLE_TICKER|BODY_COMPANY|BODY_TICKER|TARGET_CONTEXT,TITLE_TICKER_WITH_TARGET_CONTEXT,HIGH_PRECISION,INFORMATIVE_CANDIDATE,EXPERIMENTAL_INFORMATIVE_UNVALIDATED,100,HIGH,NOT_INDEPENDENTLY_VALIDATED,True
1550b8f03eab27212da1,e3c9010859d067c858a71325e9774ba1,MWG,Công ty Cổ phần Đầu tư Thế Giới Di Động,2019-12-24,VietnamBiz,https://vietnambiz.vn/tu-29-12-the-gioi-di-dong-nhan-tien-mua-hon-106-trieu-co-phieu-esop-gia-10000-dong-cp-20191224183834704.htm,"Từ 29/12, Thế Giới Di Động nhận tiền mua hơn 10,6 triệu cổ phiếu ESOP giá 10.000 đồng/cp",OTHER,OTHER,NEUTRAL,LOW,STOCK_SPECIFIC,MEDIUM,WEAK_RULE_V3_ENTITY_TIERED,WEAK_RULE_V3; tier=HIGH_PRECISION; entity=TITLE_ALIAS|BODY_ALIAS|BODY_TICKER|TARGET_CONTEXT; score=17; event=OTHER; symbol=MWG,TITLE_ALIAS|BODY_ALIAS|BODY_TICKER|TARGET_CONTEXT,TITLE_ENTITY_WITH_TARGET_CONTEXT,HIGH_PRECISION,FALLBACK_QUARANTINE,FALLBACK_NO_EVENT_DETECTED,80,MEDIUM,NOT_INDEPENDENTLY_VALIDATED,False
7d71d9e5e52399756e83,eb9f81741dd9d69c40dcef8f435626b8,MWG,Công ty Cổ phần Đầu tư Thế Giới Di Động,2019-12-24,CafeF,https://cafef.vn/pyn-elite-fund-du-phong-von-hoa-mwg-cung-hang-loat-co-phieu-trong-danh-muc-tang-bang-lan-trong-3-nam-toi-20191224110635467.chn,Pyn Elite Fund dự phóng vốn hóa MWG cùng hàng loạt cổ phiếu trong danh mục “tăng bằng lần” trong 3 năm tới,OTHER,OTHER,NEUTRAL,LOW,STOCK_SPECIFIC,MEDIUM,WEAK_RULE_V3_ENTITY_TIERED,WEAK_RULE_V3; tier=HIGH_PRECISION; entity=TITLE_TICKER|BODY_TICKER|TARGET_CONTEXT; score=13; event=OTHER; symbol=MWG,TITLE_TICKER|BODY_TICKER|TARGET_CONTEXT,TITLE_TICKER_WITH_TARGET_CONTEXT,HIGH_PRECISION,FALLBACK_QUARANTINE,FALLBACK_NO_EVENT_DETECTED,80,MEDIUM,NOT_INDEPENDENTLY_VALIDATED,False
1fbe0ca389328fc92664,c5b2ccb95fb1c769310e372f97605efa,NVL,Công ty Cổ phần Tập đoàn Đầu tư Địa ốc No Va,2019-12-25,VietnamBiz,https://vietnambiz.vn/giao-dich-thoa-thuan-khung-tcb-nvl-dig-cre-phien-25-12-20191225232643664.htm,"Giao dịch thỏa thuận khủng TCB, NVL, DIG, CRE phiên 25/12",OTHER,OTHER,NEUTRAL,LOW,STOCK_SPECIFIC,MEDIUM,WEAK_RULE_V3_ENTITY_TIERED,WEAK_RULE_V3; tier=HIGH_PRECISION; entity=TITLE_TICKER|BODY_ALIAS|BODY_TICKER|TARGET_CONTEXT; score=17; event=OTHER; symbol=NVL,TITLE_TICKER|BODY_ALIAS|BODY_TICKER|TARGET_CONTEXT,TITLE_TICKER_WITH_TARGET_CONTEXT,HIGH_PRECISION,FALLBACK_QUARANTINE,FALLBACK_NO_EVENT_DETECTED,80,MEDIUM,NOT_INDEPENDENTLY_VALIDATED,False
caf023ab56ed9beb565e,c5b2ccb95fb1c769310e372f97605efa,TCB,Ngân hàng TMCP Kỹ Thương Việt Nam,2019-12-25,VietnamBiz,https://vietnambiz.vn/giao-dich-thoa-thuan-khung-tcb-nvl-dig-cre-phien-25-12-20191225232643664.htm,"Giao dịch thỏa thuận khủng TCB, NVL, DIG, CRE phiên 25/12",OTHER,OTHER,NEUTRAL,LOW,STOCK_SPECIFIC,MEDIUM,WEAK_RULE_V3_ENTITY_TIERED,WEAK_RULE_V3; tier=HIGH_PRECISION; entity=TITLE_TICKER|BODY_ALIAS|BODY_TICKER|TARGET_CONTEXT; score=17; event=OTHER; symbol=TCB,TITLE_TICKER|BODY_ALIAS|BODY_TICKER|TARGET_CONTEXT,TITLE_TICKER_WITH_TARGET_CONTEXT,HIGH_PRECISION,FALLBACK_QUARANTINE,FALLBACK_NO_EVENT_DETECTED,80,MEDIUM,NOT_INDEPENDENTLY_VALIDATED,False
e7f3f0c7a2e9d135fd40,cdf334bf104cadaac3bbb03f22e06983,TCB,Ngân hàng TMCP Kỹ Thương Việt Nam,2019-12-25,VietnamBiz,https://vietnambiz.vn/dong-tien-thong-minh-25-12-tu-doanh-dao-chieu-xa-163-ti-dong-bat-chap-khoi-ngoai-mo-rong-da-mua-rong-tap-trung-tcb-va-tpb-20191225081217568.htm,"Dòng tiền thông minh (25/12): Tự doanh đảo chiều xả 163 tỉ đồng bất chấp khối ngoại mở rộng đà mua ròng, tập trung TCB và TPB",BUSINESS_RESULT,PROJECT_EXPANSION,POSITIVE,MODERATE,STOCK_SPECIFIC,HIGH,WEAK_RULE_V3_ENTITY_TIERED,WEAK_RULE_V3; tier=HIGH_PRECISION; entity=TITLE_TICKER|BODY_TICKER|TARGET_CONTEXT; score=13; event=PROJECT_EXPANSION; symbol=TCB,TITLE_TICKER|BODY_TICKER|TARGET_CONTEXT,TITLE_TICKER_WITH_TARGET_CONTEXT,HIGH_PRECISION,INFORMATIVE_CANDIDATE,EXPERIMENTAL_INFORMATIVE_UNVALIDATED,100,HIGH,NOT_INDEPENDENTLY_VALIDATED,True
e63c429087dd006f9962,fd842a92512a3ad99377a377f84dea75,MSN,Công ty Cổ phần Tập đoàn Masan,2019-12-25,VietnamBiz,https://vietnambiz.vn/giao-dich-khoi-ngoai-25-12-rut-rong-tren-ba-san-trong-phien-khoi-sac-msn-duoc-mua-rong-tro-lai-20191225164259094.htm,"Giao dịch khối ngoại 25/12: Rút ròng trên ba sàn trong phiên khởi sắc, MSN được mua ròng trở lại",OTHER,OTHER,NEUTRAL,LOW,STOCK_SPECIFIC,MEDIUM,WEAK_RULE_V3_ENTITY_TIERED,WEAK_RULE_V3; tier=HIGH_PRECISION; entity=TITLE_TICKER|BODY_TICKER|TARGET_CONTEXT; score=13; event=OTHER; symbol=MSN,TITLE_TICKER|BODY_TICKER|TARGET_CONTEXT,TITLE_TICKER_WITH_TARGET_CONTEXT,HIGH_PRECISION,FALLBACK_QUARANTINE,FALLBACK_NO_EVENT_DETECTED,80,MEDIUM,NOT_INDEPENDENTLY_VALIDATED,False
7e3fba20d517bbd97e4a,1e13a466a08070e4192ec3b1ae7cd6ba,HVN,Tổng Công ty Hàng không Việt Nam,2019-12-30,CafeF,https://cafef.vn/loi-nhuan-quy-4-cua-vietnam-airlines-xuong-thap-nhat-tu-khi-len-san-20191230110530513.chn,"Lợi nhuận quý 4 của Vietnam Airlines xuống thấp nhất từ khi lên sàn, cả năm vẫn lãi cao kỷ lục",OTHER,OTHER,NEUTRAL,LOW,STOCK_SPECIFIC,MEDIUM,WEAK_RULE_V3_ENTITY_TIERED,WEAK_RULE_V3; tier=HIGH_PRECISION; entity=TITLE_ALIAS|BODY_ALIAS; score=11; event=OTHER; symbol=HVN,TITLE_ALIAS|BODY_ALIAS,TITLE_ENTITY_MENTION,HIGH_PRECISION,FALLBACK_QUARANTINE,FALLBACK_NO_EVENT_DETECTED,80,MEDIUM,NOT_INDEPENDENTLY_VALIDATED,False
7fff790bcbb4be1da8e2,332e58de5226c6a919aa232c1a3794c5,PVS,Tổng Công ty Cổ phần Dịch vụ Kỹ thuật Dầu khí Việt Nam,2019-12-30,CafeF,https://cafef.vn/pvs-uoc-lai-hop-nhat-sau-thue-654-ty-dong-trong-nam-2019-hoanh-thanh-vuot-17-ke-hoach-20191230112455982.chn,"PVS ước lãi hợp nhất sau thuế 654 tỷ đồng trong năm 2019, hoành thành vượt 17% kế hoạch",OTHER,OTHER,NEUTRAL,LOW,STOCK_SPECIFIC,MEDIUM,WEAK_RULE_V3_ENTITY_TIERED,WEAK_RULE_V3; tier=HIGH_PRECISION; entity=TITLE_TICKER|BODY_ALIAS|BODY_TICKER|TARGET_CONTEXT; score=17; event=OTHER; symbol=PVS,TITLE_TICKER|BODY_ALIAS|BODY_TICKER|TARGET_CONTEXT,TITLE_TICKER_WITH_TARGET_CONTEXT,HIGH_PRECISION,FALLBACK_QUARANTINE,FALLBACK_NO_EVENT_DETECTED,80,MEDIUM,NOT_INDEPENDENTLY_VALIDATED,False
4983fed30c4e716b0e31,3743ababa0ed9aec5cf92f03295bfb73,HCM,Công ty Cổ phần Chứng khoán Thành phố Hồ Chí Minh,2020-01-04,CafeF,https://cafef.vn/hfic-muon-ban-len-10-trieu-co-phieu-hcm-cua-chung-khoan-hsc-thay-vi-5-trieu-co-phieu-nhu-truoc-do-20200103173503455.chn,HFIC muốn bán lên 10 triệu cổ phiếu HCM của Chứng khoán HSC thay vì 5 triệu cổ phiếu như trước đó,OTHER,OTHER,NEUTRAL,LOW,STOCK_SPECIFIC,MEDIUM,WEAK_RULE_V3_ENTITY_TIERED,WEAK_RULE_V3; tier=HIGH_PRECISION; entity=TITLE_TICKER|TITLE_ALIAS|BODY_TICKER|TARGET_CONTEXT; score=20; event=OTHER; symbol=HCM,TITLE_TICKER|TITLE_ALIAS|BODY_TICKER|TARGET_CONTEXT,TITLE_TICKER_WITH_TARGET_CONTEXT,HIGH_PRECISION,FALLBACK_QUARANTINE,FALLBACK_NO_EVENT_DETECTED,80,MEDIUM,NOT_INDEPENDENTLY_VALIDATED,False
006cc66c8437de4c8652,140edd6085182d467ef0969cbe63bc72,VIC,Tập đoàn Vingroup,2020-01-07,VietnamBiz,https://vietnambiz.vn/bvsc-du-bao-vn-index-tang-truong-10-nam-2020-dong-luc-tu-co-phieu-ho-vingroup-va-nhom-ngan-hang-20200107182721309.htm,"BVSC dự báo VN-Index tăng trưởng 10% năm 2020, động lực từ cổ phiếu họ Vingroup và nhóm ngân hàng",BUSINESS_RESULT,PROFIT_GROWTH,POSITIVE,HIGH,STOCK_SPECIFIC,HIGH,WEAK_RULE_V3_ENTITY_TIERED,WEAK_RULE_V3; tier=HIGH_PRECISION; entity=TITLE_COMPANY|BODY_COMPANY; score=11; event=PROFIT_GROWTH; symbol=VIC,TITLE_COMPANY|BODY_COMPANY,TITLE_ENTITY_MENTION,HIGH_PRECISION,INFORMATIVE_CANDIDATE,EXPERIMENTAL_INFORMATIVE_UNVALIDATED,100,HIGH,NOT_INDEPENDENTLY_VALIDATED,True
f7816fe01935b1631f98,636fdc1f4fb5a083ec3577cf98d6e0dc,VCB,Ngân hàng TMCP Ngoại thương Việt Nam,2020-01-07,VietnamBiz,https://vietnambiz.vn/giao-dich-khoi-ngoai-7-1-dao-chieu-xa-co-phieu-tren-hose-tap-trung-ma-vcb-20200107202809267.htm,"Giao dịch khối ngoại 7/1: Đảo chiều xả cổ phiếu trên HOSE, tập trung mã VCB",OTHER,OTHER,NEUTRAL,LOW,STOCK_SPECIFIC,MEDIUM,WEAK_RULE_V3_ENTITY_TIERED,WEAK_RULE_V3; tier=HIGH_PRECISION; entity=TITLE_TICKER|BODY_TICKER|TARGET_CONTEXT; score=13; event=OTHER; symbol=VCB,TITLE_TICKER|BODY_TICKER|TARGET_CONTEXT,TITLE_TICKER_WITH_TARGET_CONTEXT,HIGH_PRECISION,FALLBACK_QUARANTINE,FALLBACK_NO_EVENT_DETECTED,80,MEDIUM,NOT_INDEPENDENTLY_VALIDATED,False
be57ec17881532894475,ad0fef41d4a67d7588d1b2226c6506d6,GAS,Tổng Công ty Khí Việt Nam,2020-01-07,VietnamBiz,https://vietnambiz.vn/co-phieu-tam-diem-ngay-8-1-mpc-gas-pvs-20200107210919133.htm,"Cổ phiếu tâm điểm ngày 8/1: MPC, GAS, PVS",OTHER,OTHER,NEUTRAL,LOW,STOCK_SPECIFIC,MEDIUM,WEAK_RULE_V3_ENTITY_TIERED,WEAK_RULE_V3; tier=HIGH_PRECISION; entity=TITLE_TICKER|BODY_TICKER|TARGET_CONTEXT; score=13; event=OTHER; symbol=GAS,TITLE_TICKER|BODY_TICKER|TARGET_CONTEXT,TITLE_TICKER_WITH_TARGET_CONTEXT,HIGH_PRECISION,FALLBACK_QUARANTINE,FALLBACK_NO_EVENT_DETECTED,80,MEDIUM,NOT_INDEPENDENTLY_VALIDATED,False
e39fac2f958fff144035,ad0fef41d4a67d7588d1b2226c6506d6,PVS,Tổng Công ty Cổ phần Dịch vụ Kỹ thuật Dầu khí Việt Nam,2020-01-07,VietnamBiz,https://vietnambiz.vn/co-phieu-tam-diem-ngay-8-1-mpc-gas-pvs-20200107210919133.htm,"Cổ phiếu tâm điểm ngày 8/1: MPC, GAS, PVS",OTHER,OTHER,NEUTRAL,LOW,STOCK_SPECIFIC,MEDIUM,WEAK_RULE_V3_ENTITY_TIERED,WEAK_RULE_V3; tier=HIGH_PRECISION; entity=TITLE_TICKER|BODY_TICKER|TARGET_CONTEXT; score=13; event=OTHER; symbol=PVS,TITLE_TICKER|BODY_TICKER|TARGET_CONTEXT,TITLE_TICKER_WITH_TARGET_CONTEXT,HIGH_PRECISION,FALLBACK_QUARANTINE,FALLBACK_NO_EVENT_DETECTED,80,MEDIUM,NOT_INDEPENDENTLY_VALIDATED,False
0880efed84c86c1a3caa,591c3e8d48dbc449fbcd00dc8ff86345,CTG,Ngân hàng TMCP Công Thương Việt Nam,2020-01-08,VietnamBiz,https://vietnambiz.vn/thoa-thuan-khung-hon-1100-ti-dong-co-phieu-ctg-phien-sang-8-1-20200108112748845.htm,"Sau tin lãi lớn, VietinBank có giao dịch khủng hơn 1.100 tỉ đồng cổ phiếu sáng 8/1",OTHER,OTHER,NEUTRAL,LOW,STOCK_SPECIFIC,MEDIUM,WEAK_RULE_V3_ENTITY_TIERED,WEAK_RULE_V3; tier=HIGH_PRECISION; entity=TITLE_ALIAS|BODY_ALIAS|BODY_TICKER|TARGET_CONTEXT; score=17; event=OTHER; symbol=CTG,TITLE_ALIAS|BODY_ALIAS|BODY_TICKER|TARGET_CONTEXT,TITLE_ENTITY_WITH_TARGET_CONTEXT,HIGH_PRECISION,FALLBACK_QUARANTINE,FALLBACK_NO_EVENT_DETECTED,80,MEDIUM,NOT_INDEPENDENTLY_VALIDATED,False
edd7bf6968807301160b,27c94876d9307f63cf2376280f4e5fb1,PNJ,Công ty Cổ phần Vàng bạc Đá quý Phú Nhuận,2020-01-09,CafeF,https://cafef.vn/phien-9-1-khoi-ngoai-tro-lai-mua-rong-tap-trung-gom-pnj-20200109165648002.chn,"Phiên 9/1: Khối ngoại trở lại mua ròng, tập trung ""gom"" PNJ",OTHER,OTHER,NEUTRAL,LOW,STOCK_SPECIFIC,MEDIUM,WEAK_RULE_V3_ENTITY_TIERED,WEAK_RULE_V3; tier=HIGH_PRECISION; entity=TITLE_TICKER|BODY_TICKER|TARGET_CONTEXT; score=13; event=OTHER; symbol=PNJ,TITLE_TICKER|BODY_TICKER|TARGET_CONTEXT,TITLE_TICKER_WITH_TARGET_CONTEXT,HIGH_PRECISION,FALLBACK_QUARANTINE,FALLBACK_NO_EVENT_DETECTED,80,MEDIUM,NOT_INDEPENDENTLY_VALIDATED,False
206149d841cc5d6d1da9,3196292ecc51d42c31cd1d87b4d38e1b,SSI,Công ty Cổ phần Chứng khoán SSI,2020-01-09,VietnamBiz,https://vietnambiz.vn/thi-phan-moi-gioi-hnx-nam-2019-vndirect-vuot-ssi-tai-upcom-vps-chiem-gan-nua-thi-phan-phai-sinh-20200109151240942.htm,"Thị phần môi giới HNX năm 2019: VNDirect vượt SSI tại UPCoM, VPS chiếm gần nửa thị phần phái sinh",OTHER,OTHER,NEUTRAL,LOW,STOCK_SPECIFIC,MEDIUM,WEAK_RULE_V3_ENTITY_TIERED,WEAK_RULE_V3; tier=HIGH_PRECISION; entity=TITLE_TICKER|BODY_COMPANY|BODY_TICKER|TARGET_CONTEXT; score=17; event=OTHER; symbol=SSI,TITLE_TICKER|BODY_COMPANY|BODY_TICKER|TARGET_CONTEXT,TITLE_TICKER_WITH_TARGET_CONTEXT,HIGH_PRECISION,FALLBACK_QUARANTINE,FALLBACK_NO_EVENT_DETECTED,80,MEDIUM,NOT_INDEPENDENTLY_VALIDATED,False
33a6b3385fe75f724ad5,3196292ecc51d42c31cd1d87b4d38e1b,VND,Công ty Cổ phần Chứng khoán VNDIRECT,2020-01-09,VietnamBiz,https://vietnambiz.vn/thi-phan-moi-gioi-hnx-nam-2019-vndirect-vuot-ssi-tai-upcom-vps-chiem-gan-nua-thi-phan-phai-sinh-20200109151240942.htm,"Thị phần môi giới HNX năm 2019: VNDirect vượt SSI tại UPCoM, VPS chiếm gần nửa thị phần phái sinh",OTHER,OTHER,NEUTRAL,LOW,STOCK_SPECIFIC,MEDIUM,WEAK_RULE_V3_ENTITY_TIERED,WEAK_RULE_V3; tier=HIGH_PRECISION; entity=TITLE_ALIAS|BODY_COMPANY; score=11; event=OTHER; symbol=VND,TITLE_ALIAS|BODY_COMPANY,TITLE_ENTITY_MENTION,HIGH_PRECISION,FALLBACK_QUARANTINE,FALLBACK_NO_EVENT_DETECTED,80,MEDIUM,NOT_INDEPENDENTLY_VALIDATED,False
ab2c309b89ad2cf1df8e,365f9fe9142d477674999fc9b22bc9a8,CTG,Ngân hàng TMCP Công Thương Việt Nam,2020-01-09,VietnamBiz,https://vietnambiz.vn/dong-tien-thong-minh-9-1-trai-chieu-khoi-ngoai-tu-doanh-ctck-rot-256-ti-dong-vao-thi-truong-tap-trung-co-phieu-ctg-20200109080015175.htm,"Dòng tiền thông minh (9/1): Trái chiều khối ngoại, tự doanh CTCK rót 256 tỉ đồng vào thị trường, tập trung cổ phiếu CTG",OTHER,OTHER,NEUTRAL,LOW,STOCK_SPECIFIC,MEDIUM,WEAK_RULE_V3_ENTITY_TIERED,WEAK_RULE_V3; tier=HIGH_PRECISION; entity=TITLE_TICKER|BODY_TICKER|TARGET_CONTEXT; score=13; event=OTHER; symbol=CTG,TITLE_TICKER|BODY_TICKER|TARGET_CONTEXT,TITLE_TICKER_WITH_TARGET_CONTEXT,HIGH_PRECISION,FALLBACK_QUARANTINE,FALLBACK_NO_EVENT_DETECTED,80,MEDIUM,NOT_INDEPENDENTLY_VALIDATED,False
97654c899b995d80c12c,4443464cfd5c5af735dfd378d367877a,REE,Công ty Cổ phần Cơ Điện Lạnh,2020-01-09,CafeF,https://cafef.vn/ree-da-hoan-tat-mua-dot-3-lo-trai-phieu-700-ty-do-vinh-son-song-hinh-phat-hanh-20200108170226049.chn,REE đã hoàn tất mua đợt 3 lô trái phiếu 700 tỷ do Vĩnh Sơn Sông Hinh phát hành,CORPORATE_ACTION,STOCK_ISSUANCE,NEUTRAL,MODERATE,STOCK_SPECIFIC,HIGH,WEAK_RULE_V3_ENTITY_TIERED,WEAK_RULE_V3; tier=HIGH_PRECISION; entity=TITLE_TICKER|BODY_COMPANY|BODY_TICKER|TARGET_CONTEXT; score=17; event=STOCK_ISSUANCE; symbol=REE,TITLE_TICKER|BODY_COMPANY|BODY_TICKER|TARGET_CONTEXT,TITLE_TICKER_WITH_TARGET_CONTEXT,HIGH_PRECISION,INFORMATIVE_CANDIDATE,EXPERIMENTAL_INFORMATIVE_UNVALIDATED,100,HIGH,NOT_INDEPENDENTLY_VALIDATED,True
03dbc33d492630d7ed80,9be5fc053c654edfa6ee044289979636,POW,Tổng Công ty Điện lực Dầu khí Việt Nam,2020-01-09,CafeF,https://cafef.vn/pv-power-pow-uoc-dat-3100-ty-lntt-hop-nhat-nam-2019-co-phieu-tiep-tuc-do-day-20200109165102533.chn,"PV Power (POW) ước đạt 3.100 tỷ LNTT hợp nhất năm 2019, cổ phiếu tiếp tục dò đáy",BUSINESS_RESULT,PROJECT_EXPANSION,POSITIVE,MODERATE,STOCK_SPECIFIC,HIGH,WEAK_RULE_V3_ENTITY_TIERED,WEAK_RULE_V3; tier=HIGH_PRECISION; entity=TITLE_TICKER|TITLE_ALIAS|BODY_COMPANY|BODY_TICKER|TARGET_CONTEXT; score=24; event=PROJECT_EXPANSION; symbol=POW,TITLE_TICKER|TITLE_ALIAS|BODY_COMPANY|BODY_TICKER|TARGET_CONTEXT,TITLE_TICKER_WITH_TARGET_CONTEXT,HIGH_PRECISION,INFORMATIVE_CANDIDATE,EXPERIMENTAL_INFORMATIVE_UNVALIDATED,100,HIGH,NOT_INDEPENDENTLY_VALIDATED,True
f5ffb7ab1c24e21d5239,9f24ab2f6038b44a748ed9f8e35e5217,VND,Công ty Cổ phần Chứng khoán VNDIRECT,2020-01-09,CafeF,https://cafef.vn/tranh-thu-gia-co-phieu-giam-sau-vndirect-chi-gan-18-ty-dong-tro-thanh-co-dong-lon-cua-tap-doan-cienco4-20200109165045549.chn,"Tranh thủ giá cổ phiếu giảm sâu, VNDIRECT chi gần 18 tỷ đồng trở thành cổ đông lớn của Tập đoàn CIENCO4",OTHER,OTHER,NEUTRAL,LOW,STOCK_SPECIFIC,MEDIUM,WEAK_RULE_V3_ENTITY_TIERED,WEAK_RULE_V3; tier=HIGH_PRECISION; entity=TITLE_ALIAS|BODY_COMPANY|BODY_TICKER|TARGET_CONTEXT; score=17; event=OTHER; symbol=VND,TITLE_ALIAS|BODY_COMPANY|BODY_TICKER|TARGET_CONTEXT,TITLE_ENTITY_WITH_TARGET_CONTEXT,HIGH_PRECISION,FALLBACK_QUARANTINE,FALLBACK_NO_EVENT_DETECTED,80,MEDIUM,NOT_INDEPENDENTLY_VALIDATED,False
16323e21d1de8c1516e3,df31a6656c6a076ba5912a40eb5030bd,SSI,Công ty Cổ phần Chứng khoán SSI,2020-01-09,CafeF,https://cafef.vn/thi-phan-moi-gioi-hnx-quy-4-2019-ssi-tut-hang-acbs-bat-ngo-vuon-len-vi-tri-so-1-20200109164555361.chn,"Thị phần môi giới HNX quý 4/2019: SSI tụt hạng, ACBS bất ngờ vươn lên vị trí số 1",OTHER,OTHER,NEUTRAL,LOW,STOCK_SPECIFIC,MEDIUM,WEAK_RULE_V3_ENTITY_TIERED,WEAK_RULE_V3; tier=HIGH_PRECISION; entity=TITLE_TICKER|BODY_TICKER|TARGET_CONTEXT; score=13; event=OTHER; symbol=SSI,TITLE_TICKER|BODY_TICKER|TARGET_CONTEXT,TITLE_TICKER_WITH_TARGET_CONTEXT,HIGH_PRECISION,FALLBACK_QUARANTINE,FALLBACK_NO_EVENT_DETECTED,80,MEDIUM,NOT_INDEPENDENTLY_VALIDATED,False
66da1d8487a985f10ca0,dcc0b00eaa735141ce62344b2e8b9788,VND,Công ty Cổ phần Chứng khoán VNDIRECT,2020-01-14,CafeF,https://cafef.vn/vndirect-bo-nhiem-ong-do-ngoc-quynh-lam-quyen-tong-giam-doc-20200114215130619.chn,VNDIRECT bổ nhiệm ông Đỗ Ngọc Quỳnh làm quyền tổng giám đốc,CORPORATE_ACTION,LEADERSHIP_CHANGE,NEUTRAL,MODERATE,STOCK_SPECIFIC,HIGH,WEAK_RULE_V3_ENTITY_TIERED,WEAK_RULE_V3; tier=HIGH_PRECISION; entity=TITLE_ALIAS|BODY_COMPANY|BODY_TICKER|TARGET_CONTEXT; score=17; event=LEADERSHIP_CHANGE; symbol=VND,TITLE_ALIAS|BODY_COMPANY|BODY_TICKER|TARGET_CONTEXT,TITLE_ENTITY_WITH_TARGET_CONTEXT,HIGH_PRECISION,INFORMATIVE_CANDIDATE,EXPERIMENTAL_INFORMATIVE_UNVALIDATED,100,HIGH,NOT_INDEPENDENTLY_VALIDATED,True
b6659f7c23c6b02e3695,0f74c1e219b0169a63a866ace835498b,REE,Công ty Cổ phần Cơ Điện Lạnh,2020-01-15,CafeF,https://cafef.vn/ree-sap-dau-tu-du-an-dien-gio-2120-ty-dong-tai-tra-vinh-20200115115926588.chn,REE sắp đầu tư dự án điện gió 2.120 tỷ đồng tại Trà Vinh,OTHER,OTHER,NEUTRAL,LOW,STOCK_SPECIFIC,MEDIUM,WEAK_RULE_V3_ENTITY_TIERED,WEAK_RULE_V3; tier=HIGH_PRECISION; entity=TITLE_TICKER|BODY_COMPANY|BODY_TICKER; score=13; event=OTHER; symbol=REE,TITLE_TICKER|BODY_COMPANY|BODY_TICKER,TITLE_ENTITY_MENTION,HIGH_PRECISION,FALLBACK_QUARANTINE,FALLBACK_NO_EVENT_DETECTED,80,MEDIUM,NOT_INDEPENDENTLY_VALIDATED,False
cf4ae0f8b7011781bbc5,5f2f4ed5b691c6cfc7a698290822582e,HSG,Công ty Cổ phần Tập đoàn Hoa Sen,2020-01-15,CafeF,https://cafef.vn/uoc-quy-1-lai-gap-3-cung-ky-ong-le-phuoc-vu-dang-ky-mua-3-trieu-co-phieu-hsg-20200115092728104.chn,"Ước quý 1 lãi gấp 3 cùng kỳ, ông Lê Phước Vũ đăng ký mua 3 triệu cổ phiếu HSG",OTHER,OTHER,NEUTRAL,LOW,STOCK_SPECIFIC,MEDIUM,WEAK_RULE_V3_ENTITY_TIERED,WEAK_RULE_V3; tier=HIGH_PRECISION; entity=TITLE_TICKER|BODY_COMPANY|BODY_TICKER|TARGET_CONTEXT; score=17; event=OTHER; symbol=HSG,TITLE_TICKER|BODY_COMPANY|BODY_TICKER|TARGET_CONTEXT,TITLE_TICKER_WITH_TARGET_CONTEXT,HIGH_PRECISION,FALLBACK_QUARANTINE,FALLBACK_NO_EVENT_DETECTED,80,MEDIUM,NOT_INDEPENDENTLY_VALIDATED,False
9e4025ab6dd27ab9f36a,bfdaedd9957691626ab815c9428a91ab,HSG,Công ty Cổ phần Tập đoàn Hoa Sen,2020-01-15,CafeF,https://cafef.vn/hut-hsg-ogc-smc-vjc-vhe-tna-tns-mvy-nls-tdp-thong-tin-giao-dich-luong-lon-co-phieu-20200115084023291.chn,"HUT, HSG, OGC, SMC, VJC, VHE, TNA, TNS, MVY, NLS, TDP: Thông tin giao dịch lượng lớn cổ phiếu",OTHER,OTHER,NEUTRAL,LOW,STOCK_SPECIFIC,MEDIUM,WEAK_RULE_V3_ENTITY_TIERED,WEAK_RULE_V3; tier=HIGH_PRECISION; entity=TITLE_TICKER|BODY_COMPANY|BODY_TICKER|TARGET_CONTEXT; score=17; event=OTHER; symbol=HSG,TITLE_TICKER|BODY_COMPANY|BODY_TICKER|TARGET_CONTEXT,TITLE_TICKER_WITH_TARGET_CONTEXT,HIGH_PRECISION,FALLBACK_QUARANTINE,FALLBACK_NO_EVENT_DETECTED,80,MEDIUM,NOT_INDEPENDENTLY_VALIDATED,False
7affdec752201aae4329,bfdaedd9957691626ab815c9428a91ab,VJC,Công ty Cổ phần Hàng không Vietjet,2020-01-15,CafeF,https://cafef.vn/hut-hsg-ogc-smc-vjc-vhe-tna-tns-mvy-nls-tdp-thong-tin-giao-dich-luong-lon-co-phieu-20200115084023291.chn,"HUT, HSG, OGC, SMC, VJC, VHE, TNA, TNS, MVY, NLS, TDP: Thông tin giao dịch lượng lớn cổ phiếu",OTHER,OTHER,NEUTRAL,LOW,STOCK_SPECIFIC,MEDIUM,WEAK_RULE_V3_ENTITY_TIERED,WEAK_RULE_V3; tier=HIGH_PRECISION; entity=TITLE_TICKER|BODY_COMPANY|BODY_TICKER|TARGET_CONTEXT; score=17; event=OTHER; symbol=VJC,TITLE_TICKER|BODY_COMPANY|BODY_TICKER|TARGET_CONTEXT,TITLE_TICKER_WITH_TARGET_CONTEXT,HIGH_PRECISION,FALLBACK_QUARANTINE,FALLBACK_NO_EVENT_DETECTED,80,MEDIUM,NOT_INDEPENDENTLY_VALIDATED,False
20dc7afa2719946572f7,7427ecd048bc870fbec6eb25fa19c889,FPT,Công ty Cổ phần FPT,2020-01-16,CafeF,https://cafef.vn/nvl-fpt-pgd-pgc-tni-nkg-bii-wss-dic-hdc-epc-thong-tin-giao-dich-luong-lon-co-phieu-20200116085150384.chn,"NVL, FPT, PGD, PGC, TNI, NKG, BII, WSS, DIC, HDC, EPC: Thông tin giao dịch lượng lớn cổ phiếu",OTHER,OTHER,NEUTRAL,LOW,STOCK_SPECIFIC,MEDIUM,WEAK_RULE_V3_ENTITY_TIERED,WEAK_RULE_V3; tier=HIGH_PRECISION; entity=TITLE_TICKER|BODY_TICKER|TARGET_CONTEXT; score=13; event=OTHER; symbol=FPT,TITLE_TICKER|BODY_TICKER|TARGET_CONTEXT,TITLE_TICKER_WITH_TARGET_CONTEXT,HIGH_PRECISION,FALLBACK_QUARANTINE,FALLBACK_NO_EVENT_DETECTED,80,MEDIUM,NOT_INDEPENDENTLY_VALIDATED,False
cd54e27832248f1fc4ed,7427ecd048bc870fbec6eb25fa19c889,NKG,Công ty Cổ phần Thép Nam Kim,2020-01-16,CafeF,https://cafef.vn/nvl-fpt-pgd-pgc-tni-nkg-bii-wss-dic-hdc-epc-thong-tin-giao-dich-luong-lon-co-phieu-20200116085150384.chn,"NVL, FPT, PGD, PGC, TNI, NKG, BII, WSS, DIC, HDC, EPC: Thông tin giao dịch lượng lớn cổ phiếu",OTHER,OTHER,NEUTRAL,LOW,STOCK_SPECIFIC,MEDIUM,WEAK_RULE_V3_ENTITY_TIERED,WEAK_RULE_V3; tier=HIGH_PRECISION; entity=TITLE_TICKER|BODY_COMPANY|BODY_TICKER|TARGET_CONTEXT; score=17; event=OTHER; symbol=NKG,TITLE_TICKER|BODY_COMPANY|BODY_TICKER|TARGET_CONTEXT,TITLE_TICKER_WITH_TARGET_CONTEXT,HIGH_PRECISION,FALLBACK_QUARANTINE,FALLBACK_NO_EVENT_DETECTED,80,MEDIUM,NOT_INDEPENDENTLY_VALIDATED,False
bb3977536ee033dd5946,7427ecd048bc870fbec6eb25fa19c889,NVL,Công ty Cổ phần Tập đoàn Đầu tư Địa ốc No Va,2020-01-16,CafeF,https://cafef.vn/nvl-fpt-pgd-pgc-tni-nkg-bii-wss-dic-hdc-epc-thong-tin-giao-dich-luong-lon-co-phieu-20200116085150384.chn,"NVL, FPT, PGD, PGC, TNI, NKG, BII, WSS, DIC, HDC, EPC: Thông tin giao dịch lượng lớn cổ phiếu",OTHER,OTHER,NEUTRAL,LOW,STOCK_SPECIFIC,MEDIUM,WEAK_RULE_V3_ENTITY_TIERED,WEAK_RULE_V3; tier=HIGH_PRECISION; entity=TITLE_TICKER|BODY_ALIAS|BODY_TICKER|TARGET_CONTEXT; score=17; event=OTHER; symbol=NVL,TITLE_TICKER|BODY_ALIAS|BODY_TICKER|TARGET_CONTEXT,TITLE_TICKER_WITH_TARGET_CONTEXT,HIGH_PRECISION,FALLBACK_QUARANTINE,FALLBACK_NO_EVENT_DETECTED,80,MEDIUM,NOT_INDEPENDENTLY_VALIDATED,False
a102f74bcda24b616a1b,7c2aa05579f0f1744d8a7cefcdcdafd5,GAS,Tổng Công ty Khí Việt Nam,2020-01-16,CafeF,https://cafef.vn/mot-cong-ty-gas-cua-nhat-ban-chi-hon-nghin-ty-dong-cua-co-phieu-pgd-20200116094000618.chn,Một công ty Gas của Nhật Bản chi hơn nghìn tỷ đồng của cổ phiếu PGD,OTHER,OTHER,NEUTRAL,LOW,STOCK_SPECIFIC,MEDIUM,WEAK_RULE_V3_ENTITY_TIERED,WEAK_RULE_V3; tier=HIGH_PRECISION; entity=TITLE_TICKER|BODY_ALIAS|BODY_TICKER|TARGET_CONTEXT; score=17; event=OTHER; symbol=GAS,TITLE_TICKER|BODY_ALIAS|BODY_TICKER|TARGET_CONTEXT,TITLE_TICKER_WITH_TARGET_CONTEXT,HIGH_PRECISION,FALLBACK_QUARANTINE,FALLBACK_NO_EVENT_DETECTED,80,MEDIUM,NOT_INDEPENDENTLY_VALIDATED,False
3dc87c66f9b1e0b192d5,2c703091be5ce63840cb800f379e9398,DGC,Công ty Cổ phần Tập đoàn Hóa chất Đức Giang,2020-01-20,CafeF,https://cafef.vn/hau-lum-xum-500-trieu-dong-tien-thuong-cho-bong-da-nu-hoa-chat-duc-giang-bao-lai-quy-4-sut-giam-35-so-voi-cung-ky-20200120105335454.chn,"Hậu lùm xùm ""500 triệu đồng tiền thưởng cho bóng đá nữ"", Hóa chất Đức Giang báo lãi quý 4 sụt giảm 35% so với cùng kỳ",BUSINESS_RESULT,PROFIT_GROWTH,POSITIVE,HIGH,STOCK_SPECIFIC,HIGH,WEAK_RULE_V3_ENTITY_TIERED,WEAK_RULE_V3; tier=HIGH_PRECISION; entity=TITLE_COMPANY|BODY_COMPANY|BODY_TICKER|TARGET_CONTEXT; score=17; event=PROFIT_GROWTH; symbol=DGC,TITLE_COMPANY|BODY_COMPANY|BODY_TICKER|TARGET_CONTEXT,TITLE_ENTITY_WITH_TARGET_CONTEXT,HIGH_PRECISION,INFORMATIVE_CANDIDATE,EXPERIMENTAL_INFORMATIVE_UNVALIDATED,100,HIGH,NOT_INDEPENDENTLY_VALIDATED,True
ee5ef03dc5d48040fd92,4145edcb7da2d2cb4c1b2c6a6a92fa41,GEX,Công ty Cổ phần Tập đoàn GELEX,2020-01-20,VietnamBiz,https://vietnambiz.vn/giao-dich-thoa-thuan-lon-mwg-vnm-vjc-ros-gex-phien-20-1-20200120162621829.htm,"Giao dịch thỏa thuận lớn MWG, VNM, VJC, ROS, GEX phiên 20/1",OTHER,OTHER,NEUTRAL,LOW,STOCK_SPECIFIC,MEDIUM,WEAK_RULE_V3_ENTITY_TIERED,WEAK_RULE_V3; tier=HIGH_PRECISION; entity=TITLE_TICKER|BODY_COMPANY|BODY_TICKER|TARGET_CONTEXT; score=17; event=OTHER; symbol=GEX,TITLE_TICKER|BODY_COMPANY|BODY_TICKER|TARGET_CONTEXT,TITLE_TICKER_WITH_TARGET_CONTEXT,HIGH_PRECISION,FALLBACK_QUARANTINE,FALLBACK_NO_EVENT_DETECTED,80,MEDIUM,NOT_INDEPENDENTLY_VALIDATED,False
1d8186307afa6ee9ee59,4145edcb7da2d2cb4c1b2c6a6a92fa41,MWG,Công ty Cổ phần Đầu tư Thế Giới Di Động,2020-01-20,VietnamBiz,https://vietnambiz.vn/giao-dich-thoa-thuan-lon-mwg-vnm-vjc-ros-gex-phien-20-1-20200120162621829.htm,"Giao dịch thỏa thuận lớn MWG, VNM, VJC, ROS, GEX phiên 20/1",OTHER,OTHER,NEUTRAL,LOW,STOCK_SPECIFIC,MEDIUM,WEAK_RULE_V3_ENTITY_TIERED,WEAK_RULE_V3; tier=HIGH_PRECISION; entity=TITLE_TICKER|BODY_ALIAS|BODY_TICKER|TARGET_CONTEXT; score=17; event=OTHER; symbol=MWG,TITLE_TICKER|BODY_ALIAS|BODY_TICKER|TARGET_CONTEXT,TITLE_TICKER_WITH_TARGET_CONTEXT,HIGH_PRECISION,FALLBACK_QUARANTINE,FALLBACK_NO_EVENT_DETECTED,80,MEDIUM,NOT_INDEPENDENTLY_VALIDATED,False
30649e400ffb10e8f3c8,4145edcb7da2d2cb4c1b2c6a6a92fa41,VJC,Công ty Cổ phần Hàng không Vietjet,2020-01-20,VietnamBiz,https://vietnambiz.vn/giao-dich-thoa-thuan-lon-mwg-vnm-vjc-ros-gex-phien-20-1-20200120162621829.htm,"Giao dịch thỏa thuận lớn MWG, VNM, VJC, ROS, GEX phiên 20/1",OTHER,OTHER,NEUTRAL,LOW,STOCK_SPECIFIC,MEDIUM,WEAK_RULE_V3_ENTITY_TIERED,WEAK_RULE_V3; tier=HIGH_PRECISION; entity=TITLE_TICKER|BODY_ALIAS|BODY_TICKER|TARGET_CONTEXT; score=17; event=OTHER; symbol=VJC,TITLE_TICKER|BODY_ALIAS|BODY_TICKER|TARGET_CONTEXT,TITLE_TICKER_WITH_TARGET_CONTEXT,HIGH_PRECISION,FALLBACK_QUARANTINE,FALLBACK_NO_EVENT_DETECTED,80,MEDIUM,NOT_INDEPENDENTLY_VALIDATED,False
cf4e1679717b62801483,4145edcb7da2d2cb4c1b2c6a6a92fa41,VNM,Công ty Cổ phần Sữa Việt Nam,2020-01-20,VietnamBiz,https://vietnambiz.vn/giao-dich-thoa-thuan-lon-mwg-vnm-vjc-ros-gex-phien-20-1-20200120162621829.htm,"Giao dịch thỏa thuận lớn MWG, VNM, VJC, ROS, GEX phiên 20/1",OTHER,OTHER,NEUTRAL,LOW,STOCK_SPECIFIC,MEDIUM,WEAK_RULE_V3_ENTITY_TIERED,WEAK_RULE_V3; tier=HIGH_PRECISION; entity=TITLE_TICKER|BODY_ALIAS|BODY_TICKER|TARGET_CONTEXT; score=17; event=OTHER; symbol=VNM,TITLE_TICKER|BODY_ALIAS|BODY_TICKER|TARGET_CONTEXT,TITLE_TICKER_WITH_TARGET_CONTEXT,HIGH_PRECISION,FALLBACK_QUARANTINE,FALLBACK_NO_EVENT_DETECTED,80,MEDIUM,NOT_INDEPENDENTLY_VALIDATED,False
1e49c40681351aa6684b,7d31dfb9a3f40577bacc6070cafbab3d,MWG,Công ty Cổ phần Đầu tư Thế Giới Di Động,2020-01-20,VietnamBiz,https://vietnambiz.vn/giao-dich-khoi-ngoai-20-1-mua-rong-532-ti-dong-toan-thi-truong-thoa-thuan-khung-co-phieu-mwg-20200121074947012.htm,"Giao dịch khối ngoại 20/1: Mua ròng 532 tỉ đồng toàn thị trường, thỏa thuận khủng cổ phiếu MWG",OTHER,OTHER,NEUTRAL,LOW,STOCK_SPECIFIC,MEDIUM,WEAK_RULE_V3_ENTITY_TIERED,WEAK_RULE_V3; tier=HIGH_PRECISION; entity=TITLE_TICKER|BODY_TICKER|TARGET_CONTEXT; score=13; event=OTHER; symbol=MWG,TITLE_TICKER|BODY_TICKER|TARGET_CONTEXT,TITLE_TICKER_WITH_TARGET_CONTEXT,HIGH_PRECISION,FALLBACK_QUARANTINE,FALLBACK_NO_EVENT_DETECTED,80,MEDIUM,NOT_INDEPENDENTLY_VALIDATED,False
25804efb82a2cddd1ed0,c0b44730f0bc6343f323ab381279bf91,FPT,Công ty Cổ phần FPT,2020-01-20,CafeF,https://cafef.vn/fpt-online-foc-loi-nhuan-sau-thue-2019-tiep-tuc-di-ngang-dat-256-ty-dong-20200120110738017.chn,"FPT Online (FOC): Lợi nhuận sau thuế 2019 tiếp tục đi ngang, đạt 256 tỷ đồng",CORPORATE_ACTION,DIVIDEND,POSITIVE,MODERATE,STOCK_SPECIFIC,HIGH,WEAK_RULE_V3_ENTITY_TIERED,WEAK_RULE_V3; tier=HIGH_PRECISION; entity=TITLE_TICKER|BODY_TICKER|TARGET_CONTEXT; score=13; event=DIVIDEND; symbol=FPT,TITLE_TICKER|BODY_TICKER|TARGET_CONTEXT,TITLE_TICKER_WITH_TARGET_CONTEXT,HIGH_PRECISION,INFORMATIVE_CANDIDATE,EXPERIMENTAL_INFORMATIVE_UNVALIDATED,100,HIGH,NOT_INDEPENDENTLY_VALIDATED,True
efb919d2fa96b81d95d2,ef7e8c22695c8be20cfcbcebc57a0384,MWG,Công ty Cổ phần Đầu tư Thế Giới Di Động,2020-01-20,VietnamBiz,https://vietnambiz.vn/thoa-thuan-gia-tran-gan-5-trieu-co-phieu-mwg-ngay-dau-phien-20-1-gia-tri-gan-600-ti-dong-20200120104642292.htm,"Thỏa thuận giá trần gần 5 triệu cổ phiếu MWG ngay đầu phiên 20/1, giá trị gần 600 tỉ đồng",OTHER,OTHER,NEUTRAL,LOW,STOCK_SPECIFIC,MEDIUM,WEAK_RULE_V3_ENTITY_TIERED,WEAK_RULE_V3; tier=HIGH_PRECISION; entity=TITLE_TICKER|BODY_ALIAS|BODY_TICKER|TARGET_CONTEXT; score=17; event=OTHER; symbol=MWG,TITLE_TICKER|BODY_ALIAS|BODY_TICKER|TARGET_CONTEXT,TITLE_TICKER_WITH_TARGET_CONTEXT,HIGH_PRECISION,FALLBACK_QUARANTINE,FALLBACK_NO_EVENT_DETECTED,80,MEDIUM,NOT_INDEPENDENTLY_VALIDATED,False
a0febc954eb8ba7cb9e2,7f24defd509a493a79a2dc38adb10c56,VND,Công ty Cổ phần Chứng khoán VNDIRECT,2020-01-21,VietnamBiz,https://vietnambiz.vn/tpb-va-vnd-bi-loai-khoi-danh-muc-vnfin-lead-ki-thang-1-2020-20200121112807168.htm,TPB và VND bị loại khỏi danh mục VNFin Lead kì tháng 1/2020,OTHER,OTHER,NEUTRAL,LOW,STOCK_SPECIFIC,MEDIUM,WEAK_RULE_V3_ENTITY_TIERED,WEAK_RULE_V3; tier=HIGH_PRECISION; entity=TITLE_TICKER|BODY_COMPANY|BODY_TICKER; score=13; event=OTHER; symbol=VND,TITLE_TICKER|BODY_COMPANY|BODY_TICKER,TITLE_ENTITY_MENTION,HIGH_PRECISION,FALLBACK_QUARANTINE,FALLBACK_NO_EVENT_DETECTED,80,MEDIUM,NOT_INDEPENDENTLY_VALIDATED,False
942a128b7818d0717142,bacb8e23733f4a142af013e514f2bb60,HPG,Công ty Cổ phần Tập đoàn Hòa Phát,2020-01-21,VietnamBiz,https://vietnambiz.vn/co-phieu-tam-diem-ngay-21-1-vcb-hpg-vjc-ree-20200121071123262.htm,"Cổ phiếu tâm điểm ngày 21/1: VCB, HPG, VJC, REE",OTHER,OTHER,NEUTRAL,LOW,STOCK_SPECIFIC,MEDIUM,WEAK_RULE_V3_ENTITY_TIERED,WEAK_RULE_V3; tier=HIGH_PRECISION; entity=TITLE_TICKER|BODY_TICKER|TARGET_CONTEXT; score=13; event=OTHER; symbol=HPG,TITLE_TICKER|BODY_TICKER|TARGET_CONTEXT,TITLE_TICKER_WITH_TARGET_CONTEXT,HIGH_PRECISION,FALLBACK_QUARANTINE,FALLBACK_NO_EVENT_DETECTED,80,MEDIUM,NOT_INDEPENDENTLY_VALIDATED,False
125898c9937cfcab177a,bacb8e23733f4a142af013e514f2bb60,REE,Công ty Cổ phần Cơ Điện Lạnh,2020-01-21,VietnamBiz,https://vietnambiz.vn/co-phieu-tam-diem-ngay-21-1-vcb-hpg-vjc-ree-20200121071123262.htm,"Cổ phiếu tâm điểm ngày 21/1: VCB, HPG, VJC, REE",OTHER,OTHER,NEUTRAL,LOW,STOCK_SPECIFIC,MEDIUM,WEAK_RULE_V3_ENTITY_TIERED,WEAK_RULE_V3; tier=HIGH_PRECISION; entity=TITLE_TICKER|BODY_TICKER|TARGET_CONTEXT; score=13; event=OTHER; symbol=REE,TITLE_TICKER|BODY_TICKER|TARGET_CONTEXT,TITLE_TICKER_WITH_TARGET_CONTEXT,HIGH_PRECISION,FALLBACK_QUARANTINE,FALLBACK_NO_EVENT_DETECTED,80,MEDIUM,NOT_INDEPENDENTLY_VALIDATED,False
37ef17a84ca28e28e225,bacb8e23733f4a142af013e514f2bb60,VCB,Ngân hàng TMCP Ngoại thương Việt Nam,2020-01-21,VietnamBiz,https://vietnambiz.vn/co-phieu-tam-diem-ngay-21-1-vcb-hpg-vjc-ree-20200121071123262.htm,"Cổ phiếu tâm điểm ngày 21/1: VCB, HPG, VJC, REE",OTHER,OTHER,NEUTRAL,LOW,STOCK_SPECIFIC,MEDIUM,WEAK_RULE_V3_ENTITY_TIERED,WEAK_RULE_V3; tier=HIGH_PRECISION; entity=TITLE_TICKER|BODY_TICKER|TARGET_CONTEXT; score=13; event=OTHER; symbol=VCB,TITLE_TICKER|BODY_TICKER|TARGET_CONTEXT,TITLE_TICKER_WITH_TARGET_CONTEXT,HIGH_PRECISION,FALLBACK_QUARANTINE,FALLBACK_NO_EVENT_DETECTED,80,MEDIUM,NOT_INDEPENDENTLY_VALIDATED,False
99b528f9908f8c92c0d6,bacb8e23733f4a142af013e514f2bb60,VJC,Công ty Cổ phần Hàng không Vietjet,2020-01-21,VietnamBiz,https://vietnambiz.vn/co-phieu-tam-diem-ngay-21-1-vcb-hpg-vjc-ree-20200121071123262.htm,"Cổ phiếu tâm điểm ngày 21/1: VCB, HPG, VJC, REE",OTHER,OTHER,NEUTRAL,LOW,STOCK_SPECIFIC,MEDIUM,WEAK_RULE_V3_ENTITY_TIERED,WEAK_RULE_V3; tier=HIGH_PRECISION; entity=TITLE_TICKER|BODY_TICKER|TARGET_CONTEXT; score=13; event=OTHER; symbol=VJC,TITLE_TICKER|BODY_TICKER|TARGET_CONTEXT,TITLE_TICKER_WITH_TARGET_CONTEXT,HIGH_PRECISION,FALLBACK_QUARANTINE,FALLBACK_NO_EVENT_DETECTED,80,MEDIUM,NOT_INDEPENDENTLY_VALIDATED,False
ef5a1659e626b7184796,14993d4cc680090c5c417bd41dd328b1,VIC,Tập đoàn Vingroup,2020-01-22,VietnamBiz,https://vietnambiz.vn/vn-index-tang-diem-phien-cuoi-nam-ky-hoi-nhom-det-may-day-song-sau-evfta-co-phieu-vrc-duoc-giai-cuu-20200122094754987.htm,Khép lại năm Kỷ Hợi: VN-Index vượt 990 điểm nhờ nhóm Ngân hàng và họ Vingroup,OTHER,OTHER,NEUTRAL,LOW,STOCK_SPECIFIC,MEDIUM,WEAK_RULE_V3_ENTITY_TIERED,WEAK_RULE_V3; tier=HIGH_PRECISION; entity=TITLE_COMPANY|BODY_COMPANY|BODY_TICKER|TARGET_CONTEXT; score=17; event=OTHER; symbol=VIC,TITLE_COMPANY|BODY_COMPANY|BODY_TICKER|TARGET_CONTEXT,TITLE_ENTITY_WITH_TARGET_CONTEXT,HIGH_PRECISION,FALLBACK_QUARANTINE,FALLBACK_NO_EVENT_DETECTED,80,MEDIUM,NOT_INDEPENDENTLY_VALIDATED,False
709085d0f51638ffd663,15f1b0f3aaceca0807751f908309110d,GMD,Công ty Cổ phần Gemadept,2020-01-24,CafeF,https://cafef.vn/khong-con-loi-nhuan-tu-ban-von-gemadept-bao-lai-nam-2019-sut-giam-sau-so-voi-cung-ky-20200124202040786.chn,"Không còn lợi nhuận từ bán vốn, Gemadept báo lãi năm 2019 sụt giảm sâu so với cùng kỳ",BUSINESS_RESULT,PROFIT_GROWTH,POSITIVE,HIGH,STOCK_SPECIFIC,HIGH,WEAK_RULE_V3_ENTITY_TIERED,WEAK_RULE_V3; tier=HIGH_PRECISION; entity=TITLE_COMPANY|BODY_COMPANY|BODY_TICKER; score=13; event=PROFIT_GROWTH; symbol=GMD,TITLE_COMPANY|BODY_COMPANY|BODY_TICKER,TITLE_ENTITY_MENTION,HIGH_PRECISION,INFORMATIVE_CANDIDATE,EXPERIMENTAL_INFORMATIVE_UNVALIDATED,100,HIGH,NOT_INDEPENDENTLY_VALIDATED,True
14a4bfb84fdf25bd4494,a00fea8b171c82deb324b187105d32e3,MWG,Công ty Cổ phần Đầu tư Thế Giới Di Động,2020-01-24,CafeF,https://cafef.vn/the-gioi-di-dong-dat-3834-ty-lai-rong-muc-tieu-2020-tang-hon-26-voi-dong-gop-lon-tu-dien-may-xanh-20200124091011817.chn,"Thế giới Di động đạt 3.834 tỷ lãi ròng, mục tiêu 2020 tăng hơn 26% với đóng góp lớn từ Điện Máy Xanh",BUSINESS_RESULT,PROJECT_EXPANSION,POSITIVE,MODERATE,STOCK_SPECIFIC,HIGH,WEAK_RULE_V3_ENTITY_TIERED,WEAK_RULE_V3; tier=HIGH_PRECISION; entity=TITLE_ALIAS|BODY_ALIAS|BODY_TICKER|TARGET_CONTEXT; score=17; event=PROJECT_EXPANSION; symbol=MWG,TITLE_ALIAS|BODY_ALIAS|BODY_TICKER|TARGET_CONTEXT,TITLE_ENTITY_WITH_TARGET_CONTEXT,HIGH_PRECISION,INFORMATIVE_CANDIDATE,EXPERIMENTAL_INFORMATIVE_UNVALIDATED,100,HIGH,NOT_INDEPENDENTLY_VALIDATED,True
c5bd62b85fa3ce8f6fcc,0dee095c738a93e81700c04dfbb9f16c,CTG,Ngân hàng TMCP Công Thương Việt Nam,2020-02-05,CafeF,https://cafef.vn/pyn-elite-don-tien-mua-co-phieu-vietinbank-20200205135718668.chn,PYN Elite dồn tiền mua cổ phiếu VietinBank,BUSINESS_RESULT,PROFIT_GROWTH,POSITIVE,HIGH,STOCK_SPECIFIC,HIGH,WEAK_RULE_V3_ENTITY_TIERED,WEAK_RULE_V3; tier=HIGH_PRECISION; entity=TITLE_ALIAS|BODY_ALIAS|BODY_TICKER|TARGET_CONTEXT; score=17; event=PROFIT_GROWTH; symbol=CTG,TITLE_ALIAS|BODY_ALIAS|BODY_TICKER|TARGET_CONTEXT,TITLE_ENTITY_WITH_TARGET_CONTEXT,HIGH_PRECISION,INFORMATIVE_CANDIDATE,EXPERIMENTAL_INFORMATIVE_UNVALIDATED,100,HIGH,NOT_INDEPENDENTLY_VALIDATED,True
843ee683679f2fad8b55,9d8769c2b04e6edc0806325e6271cad5,DPM,Tổng Công ty Phân bón và Hóa chất Dầu khí,2020-02-05,CafeF,https://cafef.vn/nam-2019-dam-phu-my-dpm-lai-hon-370-ty-dong-giam-gan-mot-nua-so-voi-cung-ky-20200204162534324.chn,Năm 2019 Đạm Phú Mỹ (DPM) lãi hơn 370 tỷ đồng giảm gần một nửa so với cùng kỳ,BUSINESS_RESULT,PROFIT_GROWTH,POSITIVE,HIGH,STOCK_SPECIFIC,HIGH,WEAK_RULE_V3_ENTITY_TIERED,WEAK_RULE_V3; tier=HIGH_PRECISION; entity=TITLE_TICKER|TITLE_ALIAS|BODY_ALIAS|BODY_TICKER|TARGET_CONTEXT; score=24; event=PROFIT_GROWTH; symbol=DPM,TITLE_TICKER|TITLE_ALIAS|BODY_ALIAS|BODY_TICKER|TARGET_CONTEXT,TITLE_TICKER_WITH_TARGET_CONTEXT,HIGH_PRECISION,INFORMATIVE_CANDIDATE,EXPERIMENTAL_INFORMATIVE_UNVALIDATED,100,HIGH,NOT_INDEPENDENTLY_VALIDATED,True
c99bbb3c9b55bef74ad5,dc9fd8d5c1e3e9ba104368bb22c1b260,HSG,Công ty Cổ phần Tập đoàn Hoa Sen,2020-02-06,CafeF,https://cafef.vn/hsg-tna-htt-tgg-acs-thong-tin-giao-dich-luong-lon-co-phieu-20200206081832433.chn,"HSG, TNA, HTT, TGG, ACS: Thông tin giao dịch lượng lớn cổ phiếu",OTHER,OTHER,NEUTRAL,LOW,STOCK_SPECIFIC,MEDIUM,WEAK_RULE_V3_ENTITY_TIERED,WEAK_RULE_V3; tier=HIGH_PRECISION; entity=TITLE_TICKER|BODY_COMPANY|BODY_TICKER|TARGET_CONTEXT; score=17; event=OTHER; symbol=HSG,TITLE_TICKER|BODY_COMPANY|BODY_TICKER|TARGET_CONTEXT,TITLE_TICKER_WITH_TARGET_CONTEXT,HIGH_PRECISION,FALLBACK_QUARANTINE,FALLBACK_NO_EVENT_DETECTED,80,MEDIUM,NOT_INDEPENDENTLY_VALIDATED,False
73b8373702c333159812,85ff1ea87cdfe44802f790b78495ceb2,REE,Công ty Cổ phần Cơ Điện Lạnh,2020-02-11,CafeF,https://cafef.vn/ree-bwe-hvh-ric-tdh-thong-tin-giao-dich-luong-lon-co-phieu-20200211074102501.chn,"REE, BWE, HVH, RIC, TDH: Thông tin giao dịch lượng lớn cổ phiếu",OTHER,OTHER,NEUTRAL,LOW,STOCK_SPECIFIC,MEDIUM,WEAK_RULE_V3_ENTITY_TIERED,WEAK_RULE_V3; tier=HIGH_PRECISION; entity=TITLE_TICKER|BODY_COMPANY|BODY_TICKER|TARGET_CONTEXT; score=17; event=OTHER; symbol=REE,TITLE_TICKER|BODY_COMPANY|BODY_TICKER|TARGET_CONTEXT,TITLE_TICKER_WITH_TARGET_CONTEXT,HIGH_PRECISION,FALLBACK_QUARANTINE,FALLBACK_NO_EVENT_DETECTED,80,MEDIUM,NOT_INDEPENDENTLY_VALIDATED,False
3e40a2ff01720e6f26ed,acaab11cf406193f39568ae0afbfd35c,REE,Công ty Cổ phần Cơ Điện Lạnh,2020-02-11,CafeF,https://cafef.vn/co-dien-lanh-ree-du-chi-gan-500-ty-dong-tam-ung-co-tuc-nam-2019-20200211101823861.chn,Cơ điện lạnh REE dự chi gần 500 tỷ đồng tạm ứng cổ tức năm 2019,CORPORATE_ACTION,DIVIDEND,POSITIVE,MODERATE,STOCK_SPECIFIC,HIGH,WEAK_RULE_V3_ENTITY_TIERED,WEAK_RULE_V3; tier=HIGH_PRECISION; entity=TITLE_TICKER|TITLE_COMPANY|BODY_COMPANY|BODY_TICKER; score=20; event=DIVIDEND; symbol=REE,TITLE_TICKER|TITLE_COMPANY|BODY_COMPANY|BODY_TICKER,TITLE_ENTITY_MENTION,HIGH_PRECISION,INFORMATIVE_CANDIDATE,EXPERIMENTAL_INFORMATIVE_UNVALIDATED,100,HIGH,NOT_INDEPENDENTLY_VALIDATED,True
3d0ed19fdc893265b2d4,b53aaf586cf9ffda2018465a52ae00b3,HPG,Công ty Cổ phần Tập đoàn Hòa Phát,2020-02-11,CafeF,https://cafef.vn/hoa-phat-muon-dau-tu-tiep-60000-ty-dong-mo-rong-khu-lien-hop-dung-quat-20200211111358845.chn,Hòa Phát muốn đầu tư tiếp 60.000 tỷ đồng mở rộng khu liên hợp Dung Quất,BUSINESS_RESULT,PROJECT_EXPANSION,POSITIVE,MODERATE,STOCK_SPECIFIC,HIGH,WEAK_RULE_V3_ENTITY_TIERED,WEAK_RULE_V3; tier=HIGH_PRECISION; entity=TITLE_COMPANY|BODY_COMPANY|BODY_TICKER; score=13; event=PROJECT_EXPANSION; symbol=HPG,TITLE_COMPANY|BODY_COMPANY|BODY_TICKER,TITLE_ENTITY_MENTION,HIGH_PRECISION,INFORMATIVE_CANDIDATE,EXPERIMENTAL_INFORMATIVE_UNVALIDATED,100,HIGH,NOT_INDEPENDENTLY_VALIDATED,True
f15c130363320f2d0126,44752106c28255e5b2b09ded776ae485,IMP,Công ty Cổ phần Dược phẩm Imexpharm,2020-02-17,CafeF,https://cafef.vn/smc-tni-tms-imp-vnt-nha-dzm-l35-thong-tin-giao-dich-luong-lon-co-phieu-20200215080228032.chn,"SMC, TNI, TMS, IMP, VNT, NHA, DZM, L35: Thông tin giao dịch lượng lớn cổ phiếu",OTHER,OTHER,NEUTRAL,LOW,STOCK_SPECIFIC,MEDIUM,WEAK_RULE_V3_ENTITY_TIERED,WEAK_RULE_V3; tier=HIGH_PRECISION; entity=TITLE_TICKER|BODY_COMPANY|BODY_TICKER|TARGET_CONTEXT; score=17; event=OTHER; symbol=IMP,TITLE_TICKER|BODY_COMPANY|BODY_TICKER|TARGET_CONTEXT,TITLE_TICKER_WITH_TARGET_CONTEXT,HIGH_PRECISION,FALLBACK_QUARANTINE,FALLBACK_NO_EVENT_DETECTED,80,MEDIUM,NOT_INDEPENDENTLY_VALIDATED,False
9a238dc523b594593888,7aa9feb4441f148ac10d6da4b4612d36,VIC,Tập đoàn Vingroup,2020-02-17,CafeF,https://cafef.vn/tam-ly-than-trong-bao-trum-thi-truong-vn-index-giam-diem-boi-anh-huong-tu-nhom-bluechips-20200217100925017.chn,"“Nhóm VinGroup” kéo VN-Index giảm gần 3 điểm, cổ phiếu ngân hàng ngược dòng bứt phá",OTHER,OTHER,NEUTRAL,LOW,STOCK_SPECIFIC,MEDIUM,WEAK_RULE_V3_ENTITY_TIERED,WEAK_RULE_V3; tier=HIGH_PRECISION; entity=TITLE_COMPANY|BODY_COMPANY|BODY_TICKER|TARGET_CONTEXT; score=17; event=OTHER; symbol=VIC,TITLE_COMPANY|BODY_COMPANY|BODY_TICKER|TARGET_CONTEXT,TITLE_ENTITY_WITH_TARGET_CONTEXT,HIGH_PRECISION,FALLBACK_QUARANTINE,FALLBACK_NO_EVENT_DETECTED,80,MEDIUM,NOT_INDEPENDENTLY_VALIDATED,False
b884609bbfde602ef287,228ce3c1ba810e03d1b8736e318eae6d,MWG,Công ty Cổ phần Đầu tư Thế Giới Di Động,2020-02-21,CafeF,https://cafef.vn/the-gioi-di-dong-lai-rong-thang-1-tang-22-len-dat-553-ty-dong-20200221152330782.chn,Thế giới Di động: Lãi ròng tháng 1 tăng 22% lên đạt 553 tỷ đồng,OTHER,OTHER,NEUTRAL,LOW,STOCK_SPECIFIC,MEDIUM,WEAK_RULE_V3_ENTITY_TIERED,WEAK_RULE_V3; tier=HIGH_PRECISION; entity=TITLE_ALIAS|BODY_ALIAS|BODY_TICKER|TARGET_CONTEXT; score=17; event=OTHER; symbol=MWG,TITLE_ALIAS|BODY_ALIAS|BODY_TICKER|TARGET_CONTEXT,TITLE_ENTITY_WITH_TARGET_CONTEXT,HIGH_PRECISION,FALLBACK_QUARANTINE,FALLBACK_NO_EVENT_DETECTED,80,MEDIUM,NOT_INDEPENDENTLY_VALIDATED,False
8a7a721c48107fbdc79d,3e16676fe28e157cbd55973ec28b5ce8,VPB,Ngân hàng TMCP Việt Nam Thịnh Vượng,2020-02-21,CafeF,https://cafef.vn/composite-capital-gom-them-73-trieu-co-phieu-vpb-tro-thanh-co-dong-lon-cua-vpbank-20200221173245563.chn,"Composite Capital gom thêm 7,3 triệu cổ phiếu VPB, trở thành cổ đông lớn của VPBank",OTHER,OTHER,NEUTRAL,LOW,STOCK_SPECIFIC,MEDIUM,WEAK_RULE_V3_ENTITY_TIERED,WEAK_RULE_V3; tier=HIGH_PRECISION; entity=TITLE_TICKER|TITLE_ALIAS|BODY_COMPANY|BODY_TICKER|TARGET_CONTEXT; score=24; event=OTHER; symbol=VPB,TITLE_TICKER|TITLE_ALIAS|BODY_COMPANY|BODY_TICKER|TARGET_CONTEXT,TITLE_TICKER_WITH_TARGET_CONTEXT,HIGH_PRECISION,FALLBACK_QUARANTINE,FALLBACK_NO_EVENT_DETECTED,80,MEDIUM,NOT_INDEPENDENTLY_VALIDATED,False
2140f1f34fdb682230f2,18b180ba199d5f01e8649dd7b1ce2869,MWG,Công ty Cổ phần Đầu tư Thế Giới Di Động,2020-02-22,CafeF,https://cafef.vn/chu-tich-mwg-se-tap-trung-vao-dich-vu-khong-theo-con-duong-dot-tien-cua-lazada-shopee-hay-tiki-20200222111342766.chn,"Chủ tịch MWG: Sẽ tập trung vào dịch vụ, không theo con đường 'đốt tiền' của Lazada, Shopee hay Tiki",OTHER,OTHER,NEUTRAL,LOW,STOCK_SPECIFIC,MEDIUM,WEAK_RULE_V3_ENTITY_TIERED,WEAK_RULE_V3; tier=HIGH_PRECISION; entity=TITLE_TICKER|BODY_ALIAS|BODY_TICKER|TARGET_CONTEXT; score=17; event=OTHER; symbol=MWG,TITLE_TICKER|BODY_ALIAS|BODY_TICKER|TARGET_CONTEXT,TITLE_TICKER_WITH_TARGET_CONTEXT,HIGH_PRECISION,FALLBACK_QUARANTINE,FALLBACK_NO_EVENT_DETECTED,80,MEDIUM,NOT_INDEPENDENTLY_VALIDATED,False
61a348bcf67d970ec4c2,71622d6fe22b3e12fdfb78a060ccc74d,CTG,Ngân hàng TMCP Công Thương Việt Nam,2020-02-28,VietnamBiz,https://vietnambiz.vn/co-phieu-tam-diem-ngay-28-2-ctg-shb-mwg-dtd-20200228064124768.htm,"Cổ phiếu tâm điểm ngày 28/2: CTG, SHB, MWG, DTD",OTHER,OTHER,NEUTRAL,LOW,STOCK_SPECIFIC,MEDIUM,WEAK_RULE_V3_ENTITY_TIERED,WEAK_RULE_V3; tier=HIGH_PRECISION; entity=TITLE_TICKER|BODY_TICKER|TARGET_CONTEXT; score=13; event=OTHER; symbol=CTG,TITLE_TICKER|BODY_TICKER|TARGET_CONTEXT,TITLE_TICKER_WITH_TARGET_CONTEXT,HIGH_PRECISION,FALLBACK_QUARANTINE,FALLBACK_NO_EVENT_DETECTED,80,MEDIUM,NOT_INDEPENDENTLY_VALIDATED,False
4b60c85263abf710b0a4,71622d6fe22b3e12fdfb78a060ccc74d,MWG,Công ty Cổ phần Đầu tư Thế Giới Di Động,2020-02-28,VietnamBiz,https://vietnambiz.vn/co-phieu-tam-diem-ngay-28-2-ctg-shb-mwg-dtd-20200228064124768.htm,"Cổ phiếu tâm điểm ngày 28/2: CTG, SHB, MWG, DTD",OTHER,OTHER,NEUTRAL,LOW,STOCK_SPECIFIC,MEDIUM,WEAK_RULE_V3_ENTITY_TIERED,WEAK_RULE_V3; tier=HIGH_PRECISION; entity=TITLE_TICKER|BODY_TICKER|TARGET_CONTEXT; score=13; event=OTHER; symbol=MWG,TITLE_TICKER|BODY_TICKER|TARGET_CONTEXT,TITLE_TICKER_WITH_TARGET_CONTEXT,HIGH_PRECISION,FALLBACK_QUARANTINE,FALLBACK_NO_EVENT_DETECTED,80,MEDIUM,NOT_INDEPENDENTLY_VALIDATED,False
dabd70fa2bf5a424a11e,c11c86c72986fa408ceaec8d7dde65d0,VIC,Tập đoàn Vingroup,2020-03-01,VietnamBiz,https://vietnambiz.vn/thi-truong-chung-quyen-tuan-24-28-2-nhom-vingroup-lao-doc-nhieu-ma-mat-hon-50-gia-tri-20200301121003164.htm,"Thị trường chứng quyền tuần (24 - 28/2): Nhóm Vingroup lao dốc, nhiều mã mất hơn 50% giá trị",OTHER,OTHER,NEUTRAL,LOW,STOCK_SPECIFIC,MEDIUM,WEAK_RULE_V3_ENTITY_TIERED,WEAK_RULE_V3; tier=HIGH_PRECISION; entity=TITLE_COMPANY|BODY_COMPANY; score=11; event=OTHER; symbol=VIC,TITLE_COMPANY|BODY_COMPANY,TITLE_ENTITY_MENTION,HIGH_PRECISION,FALLBACK_QUARANTINE,FALLBACK_NO_EVENT_DETECTED,80,MEDIUM,NOT_INDEPENDENTLY_VALIDATED,False
fabe0cec37061961f9f5,b4e656e720b2414a14b43073f6031a52,FPT,Công ty Cổ phần FPT,2020-03-02,CafeF,https://cafef.vn/vcsc-viec-tang-toc-mo-rong-chuoi-nha-thuoc-anh-huong-den-loi-nhuan-cua-fpt-retail-20200229120051192.chn,VCSC: Việc tăng tốc mở rộng chuỗi nhà thuốc ảnh hưởng đến lợi nhuận của FPT Retail,BUSINESS_RESULT,PROJECT_EXPANSION,POSITIVE,MODERATE,STOCK_SPECIFIC,HIGH,WEAK_RULE_V3_ENTITY_TIERED,WEAK_RULE_V3; tier=HIGH_PRECISION; entity=TITLE_TICKER|BODY_TICKER|TARGET_CONTEXT; score=13; event=PROJECT_EXPANSION; symbol=FPT,TITLE_TICKER|BODY_TICKER|TARGET_CONTEXT,TITLE_TICKER_WITH_TARGET_CONTEXT,HIGH_PRECISION,INFORMATIVE_CANDIDATE,EXPERIMENTAL_INFORMATIVE_UNVALIDATED,100,HIGH,NOT_INDEPENDENTLY_VALIDATED,True
785012adcfcc7f6ef3b0,b4e656e720b2414a14b43073f6031a52,FRT,Công ty Cổ phần Bán lẻ Kỹ thuật số FPT,2020-03-02,CafeF,https://cafef.vn/vcsc-viec-tang-toc-mo-rong-chuoi-nha-thuoc-anh-huong-den-loi-nhuan-cua-fpt-retail-20200229120051192.chn,VCSC: Việc tăng tốc mở rộng chuỗi nhà thuốc ảnh hưởng đến lợi nhuận của FPT Retail,BUSINESS_RESULT,PROJECT_EXPANSION,POSITIVE,MODERATE,STOCK_SPECIFIC,HIGH,WEAK_RULE_V3_ENTITY_TIERED,WEAK_RULE_V3; tier=HIGH_PRECISION; entity=TITLE_ALIAS|BODY_ALIAS|BODY_TICKER|TARGET_CONTEXT; score=17; event=PROJECT_EXPANSION; symbol=FRT,TITLE_ALIAS|BODY_ALIAS|BODY_TICKER|TARGET_CONTEXT,TITLE_ENTITY_WITH_TARGET_CONTEXT,HIGH_PRECISION,INFORMATIVE_CANDIDATE,EXPERIMENTAL_INFORMATIVE_UNVALIDATED,100,HIGH,NOT_INDEPENDENTLY_VALIDATED,True
ec50fd83a62a85dcf4d7,b4e656e720b2414a14b43073f6031a52,VCI,Công ty Cổ phần Chứng khoán Vietcap,2020-03-02,CafeF,https://cafef.vn/vcsc-viec-tang-toc-mo-rong-chuoi-nha-thuoc-anh-huong-den-loi-nhuan-cua-fpt-retail-20200229120051192.chn,VCSC: Việc tăng tốc mở rộng chuỗi nhà thuốc ảnh hưởng đến lợi nhuận của FPT Retail,BUSINESS_RESULT,PROJECT_EXPANSION,POSITIVE,MODERATE,STOCK_SPECIFIC,HIGH,WEAK_RULE_V3_ENTITY_TIERED,WEAK_RULE_V3; tier=HIGH_PRECISION; entity=TITLE_ALIAS|BODY_ALIAS; score=11; event=PROJECT_EXPANSION; symbol=VCI,TITLE_ALIAS|BODY_ALIAS,TITLE_ENTITY_MENTION,HIGH_PRECISION,INFORMATIVE_CANDIDATE,EXPERIMENTAL_INFORMATIVE_UNVALIDATED,100,HIGH,NOT_INDEPENDENTLY_VALIDATED,True
1620697d74e2bf6c3002,5ba0bcbd33e822740e4c8dbe652da0bb,HCM,Công ty Cổ phần Chứng khoán Thành phố Hồ Chí Minh,2020-03-03,Vietstock,https://vietstock.vn/2020/03/giao-dich-tram-lang-gia-nha-dat-vung-ven-tphcm-hien-gio-ra-sao-4220-734638.htm,"Giao dịch trầm lắng, giá nhà đất vùng ven Tp.HCM hiện giờ ra sao?",CORPORATE_ACTION,STOCK_ISSUANCE,NEUTRAL,MODERATE,STOCK_SPECIFIC,HIGH,WEAK_RULE_V3_ENTITY_TIERED,WEAK_RULE_V3; tier=HIGH_PRECISION; entity=TITLE_TICKER|BODY_TICKER|TARGET_CONTEXT; score=13; event=STOCK_ISSUANCE; symbol=HCM,TITLE_TICKER|BODY_TICKER|TARGET_CONTEXT,TITLE_TICKER_WITH_TARGET_CONTEXT,HIGH_PRECISION,INFORMATIVE_CANDIDATE,EXPERIMENTAL_INFORMATIVE_UNVALIDATED,100,HIGH,NOT_INDEPENDENTLY_VALIDATED,True
d5a85d0c0f23db5abe4d,ea1c91bb531bbd8f0d900c03eaabcd4d,HVN,Tổng Công ty Hàng không Việt Nam,2020-03-04,Vietstock,https://vietstock.vn/2020/03/vietjet-tam-dung-khai-thac-cac-chuyen-bay-den-va-di-han-quoc-737-734830.htm,Thêm hãng hàng không tạm dừng khai thác các chuyến bay đến và đi Hàn Quốc,OTHER,OTHER,NEUTRAL,LOW,STOCK_SPECIFIC,MEDIUM,WEAK_RULE_V3_ENTITY_TIERED,WEAK_RULE_V3; tier=HIGH_PRECISION; entity=TITLE_COMPANY|BODY_COMPANY; score=11; event=OTHER; symbol=HVN,TITLE_COMPANY|BODY_COMPANY,TITLE_ENTITY_MENTION,HIGH_PRECISION,FALLBACK_QUARANTINE,FALLBACK_NO_EVENT_DETECTED,80,MEDIUM,NOT_INDEPENDENTLY_VALIDATED,False
19687a15d6b5eaf834d2,0a15e71a84ea0afd12d29c2b8e28b44a,MSN,Công ty Cổ phần Tập đoàn Masan,2020-03-06,Vietstock,https://vietstock.vn/2020/03/nhip-dap-thi-truong-0603-msn-tran-vn-index-ve-gan-tham-chieu-1636-735473.htm,"Nhịp đập Thị trường 06/03: MSN trần, VN-Index về gần tham chiếu!",MARKET_TRADING,MARKET_TRADING,NEUTRAL,MODERATE,MARKET,HIGH,WEAK_RULE_V3_ENTITY_TIERED,WEAK_RULE_V3; tier=HIGH_PRECISION; entity=TITLE_TICKER|BODY_TICKER|TARGET_CONTEXT; score=13; event=MARKET_TRADING; symbol=MSN,TITLE_TICKER|BODY_TICKER|TARGET_CONTEXT,TITLE_TICKER_WITH_TARGET_CONTEXT,HIGH_PRECISION,INFORMATIVE_CANDIDATE,EXPERIMENTAL_INFORMATIVE_UNVALIDATED,100,CRITICAL,NOT_INDEPENDENTLY_VALIDATED,True
4ba4ef235108e0487ace,a16e3198d04213122cce7b859c040454,VNM,Công ty Cổ phần Sữa Việt Nam,2020-03-06,CafeF,https://cafef.vn/vnm-bcg-cmx-hid-apg-tvs-ksh-tcd-gdt-s4a-ams-d11-icg-thong-tin-giao-dich-luong-lon-co-phieu-20200305175542394.chn,"VNM, BCG, CMX, HID, APG, TVS, KSH, TCD, GDT, S4A, AMS, D11, ICG: Thông tin giao dịch lượng lớn cổ phiếu",OTHER,OTHER,NEUTRAL,LOW,STOCK_SPECIFIC,MEDIUM,WEAK_RULE_V3_ENTITY_TIERED,WEAK_RULE_V3; tier=HIGH_PRECISION; entity=TITLE_TICKER|BODY_ALIAS|BODY_TICKER|TARGET_CONTEXT; score=17; event=OTHER; symbol=VNM,TITLE_TICKER|BODY_ALIAS|BODY_TICKER|TARGET_CONTEXT,TITLE_TICKER_WITH_TARGET_CONTEXT,HIGH_PRECISION,FALLBACK_QUARANTINE,FALLBACK_NO_EVENT_DETECTED,80,MEDIUM,NOT_INDEPENDENTLY_VALIDATED,False
496dae9be399b330f5bb,c39f1cd09e33733af31c0f0ff4f15ddd,MSN,Công ty Cổ phần Tập đoàn Masan,2020-03-06,CafeF,https://cafef.vn/nhieu-bluechips-giam-sau-vn-index-mat-moc-890-diem-20200306095153582.chn,"MSN bất ngờ tăng trần, VN-Index giữ được mốc 890 điểm trong phiên cuối tuần",OTHER,OTHER,NEUTRAL,LOW,STOCK_SPECIFIC,MEDIUM,WEAK_RULE_V3_ENTITY_TIERED,WEAK_RULE_V3; tier=HIGH_PRECISION; entity=TITLE_TICKER|BODY_TICKER|TARGET_CONTEXT; score=13; event=OTHER; symbol=MSN,TITLE_TICKER|BODY_TICKER|TARGET_CONTEXT,TITLE_TICKER_WITH_TARGET_CONTEXT,HIGH_PRECISION,FALLBACK_QUARANTINE,FALLBACK_NO_EVENT_DETECTED,80,MEDIUM,NOT_INDEPENDENTLY_VALIDATED,False
b5830172519f02193eb6,f0e42ef9f6a313f385316d975b89f74f,PDR,Công ty Cổ phần Phát triển Bất động sản Phát Đạt,2020-03-06,Vietstock,https://vietstock.vn/2020/03/ban-het-san-pham-phan-khu-2-khu-do-thi-nhon-hoi-pdr-len-ke-hoach-lai-truoc-thue-1500-ty-nam-2020-737-735486.htm,"Bán hết sản phẩm phân khu 2 Khu đô thị Nhơn Hội, PDR lên kế hoạch lãi trước thuế 1,500 tỷ năm 2020",BUSINESS_RESULT,PROFIT_DECLINE,NEGATIVE,HIGH,STOCK_SPECIFIC,HIGH,WEAK_RULE_V3_ENTITY_TIERED,WEAK_RULE_V3; tier=HIGH_PRECISION; entity=TITLE_TICKER|BODY_COMPANY|BODY_TICKER|TARGET_CONTEXT; score=17; event=PROFIT_DECLINE; symbol=PDR,TITLE_TICKER|BODY_COMPANY|BODY_TICKER|TARGET_CONTEXT,TITLE_TICKER_WITH_TARGET_CONTEXT,HIGH_PRECISION,INFORMATIVE_CANDIDATE,EXPERIMENTAL_INFORMATIVE_UNVALIDATED,100,HIGH,NOT_INDEPENDENTLY_VALIDATED,True
ebfc151a9f33045413a1,a60a33dbeae888aa4b7ef0a292be7c58,MSN,Công ty Cổ phần Tập đoàn Masan,2020-03-10,Vietstock,https://vietstock.vn/2020/03/masan-huy-dong-duoc-3000-ty-dong-tu-phat-hanh-trai-phieu-3118-736198.htm,"Masan huy động được 3,000 tỷ đồng từ phát hành trái phiếu",CORPORATE_ACTION,STOCK_ISSUANCE,NEUTRAL,MODERATE,STOCK_SPECIFIC,HIGH,WEAK_RULE_V3_ENTITY_TIERED,WEAK_RULE_V3; tier=HIGH_PRECISION; entity=TITLE_COMPANY|BODY_COMPANY|BODY_TICKER|TARGET_CONTEXT; score=17; event=STOCK_ISSUANCE; symbol=MSN,TITLE_COMPANY|BODY_COMPANY|BODY_TICKER|TARGET_CONTEXT,TITLE_ENTITY_WITH_TARGET_CONTEXT,HIGH_PRECISION,INFORMATIVE_CANDIDATE,EXPERIMENTAL_INFORMATIVE_UNVALIDATED,100,HIGH,NOT_INDEPENDENTLY_VALIDATED,True
fea473dc0771b9c05120,ab510e8cacd1ab28b24b21f65314b273,PNJ,Công ty Cổ phần Vàng bạc Đá quý Phú Nhuận,2020-03-11,Vietstock,https://vietstock.vn/2020/03/pnj-du-kien-phat-hanh-26-trieu-cp-esop-tra-co-tuc-2019-ty-le-18-737-736600.htm,"PNJ dự kiến phát hành 2.6 triệu cp ESOP, trả cổ tức 2019 tỷ lệ 18%",CORPORATE_ACTION,DIVIDEND,POSITIVE,MODERATE,STOCK_SPECIFIC,HIGH,WEAK_RULE_V3_ENTITY_TIERED,WEAK_RULE_V3; tier=HIGH_PRECISION; entity=TITLE_TICKER|BODY_TICKER|TARGET_CONTEXT; score=13; event=DIVIDEND; symbol=PNJ,TITLE_TICKER|BODY_TICKER|TARGET_CONTEXT,TITLE_TICKER_WITH_TARGET_CONTEXT,HIGH_PRECISION,INFORMATIVE_CANDIDATE,EXPERIMENTAL_INFORMATIVE_UNVALIDATED,100,HIGH,NOT_INDEPENDENTLY_VALIDATED,True
7334778ade1a03c3e81a,18f86c6451e9e3dc5793b0462811f025,GEX,Công ty Cổ phần Tập đoàn GELEX,2020-03-12,VietnamBiz,https://vietnambiz.vn/giao-dich-thoa-thuan-lon-gab-vnm-nvl-gex-phien-vn-index-mat-hon-42-diem-20200312163456238.htm,"Giao dịch thỏa thuận lớn GAB, VNM, NVL, GEX phiên VN-Index mất hơn 42 điểm",CORPORATE_ACTION,STOCK_ISSUANCE,NEUTRAL,MODERATE,STOCK_SPECIFIC,HIGH,WEAK_RULE_V3_ENTITY_TIERED,WEAK_RULE_V3; tier=HIGH_PRECISION; entity=TITLE_TICKER|BODY_COMPANY|BODY_TICKER|TARGET_CONTEXT; score=17; event=STOCK_ISSUANCE; symbol=GEX,TITLE_TICKER|BODY_COMPANY|BODY_TICKER|TARGET_CONTEXT,TITLE_TICKER_WITH_TARGET_CONTEXT,HIGH_PRECISION,INFORMATIVE_CANDIDATE,EXPERIMENTAL_INFORMATIVE_UNVALIDATED,100,HIGH,NOT_INDEPENDENTLY_VALIDATED,True
2f04d89cbfea70987c72,18f86c6451e9e3dc5793b0462811f025,NVL,Công ty Cổ phần Tập đoàn Đầu tư Địa ốc No Va,2020-03-12,VietnamBiz,https://vietnambiz.vn/giao-dich-thoa-thuan-lon-gab-vnm-nvl-gex-phien-vn-index-mat-hon-42-diem-20200312163456238.htm,"Giao dịch thỏa thuận lớn GAB, VNM, NVL, GEX phiên VN-Index mất hơn 42 điểm",CORPORATE_ACTION,STOCK_ISSUANCE,NEUTRAL,MODERATE,STOCK_SPECIFIC,HIGH,WEAK_RULE_V3_ENTITY_TIERED,WEAK_RULE_V3; tier=HIGH_PRECISION; entity=TITLE_TICKER|BODY_ALIAS|BODY_TICKER|TARGET_CONTEXT; score=17; event=STOCK_ISSUANCE; symbol=NVL,TITLE_TICKER|BODY_ALIAS|BODY_TICKER|TARGET_CONTEXT,TITLE_TICKER_WITH_TARGET_CONTEXT,HIGH_PRECISION,INFORMATIVE_CANDIDATE,EXPERIMENTAL_INFORMATIVE_UNVALIDATED,100,HIGH,NOT_INDEPENDENTLY_VALIDATED,True
8fab9e9a5bcb9777a953,18f86c6451e9e3dc5793b0462811f025,VNM,Công ty Cổ phần Sữa Việt Nam,2020-03-12,VietnamBiz,https://vietnambiz.vn/giao-dich-thoa-thuan-lon-gab-vnm-nvl-gex-phien-vn-index-mat-hon-42-diem-20200312163456238.htm,"Giao dịch thỏa thuận lớn GAB, VNM, NVL, GEX phiên VN-Index mất hơn 42 điểm",CORPORATE_ACTION,STOCK_ISSUANCE,NEUTRAL,MODERATE,STOCK_SPECIFIC,HIGH,WEAK_RULE_V3_ENTITY_TIERED,WEAK_RULE_V3; tier=HIGH_PRECISION; entity=TITLE_TICKER|BODY_ALIAS|BODY_TICKER|TARGET_CONTEXT; score=17; event=STOCK_ISSUANCE; symbol=VNM,TITLE_TICKER|BODY_ALIAS|BODY_TICKER|TARGET_CONTEXT,TITLE_TICKER_WITH_TARGET_CONTEXT,HIGH_PRECISION,INFORMATIVE_CANDIDATE,EXPERIMENTAL_INFORMATIVE_UNVALIDATED,100,HIGH,NOT_INDEPENDENTLY_VALIDATED,True
d7b133d4f7be09e21529,19bbe6dc77f808f682f27279d6fe77d9,HPG,Công ty Cổ phần Tập đoàn Hòa Phát,2020-03-12,VietnamBiz,https://vietnambiz.vn/con-trai-chu-tich-hoa-phat-dang-ki-mua-20-trieu-co-phieu-hpg-tri-gia-gan-400-ti-dong-20200312175039816.htm,"Con trai Chủ tịch Hòa Phát đăng kí mua 20 triệu cổ phiếu HPG, trị giá gần 400 tỉ đồng",OTHER,OTHER,NEUTRAL,LOW,STOCK_SPECIFIC,MEDIUM,WEAK_RULE_V3_ENTITY_TIERED,WEAK_RULE_V3; tier=HIGH_PRECISION; entity=TITLE_TICKER|TITLE_COMPANY|BODY_COMPANY|BODY_TICKER|TARGET_CONTEXT; score=24; event=OTHER; symbol=HPG,TITLE_TICKER|TITLE_COMPANY|BODY_COMPANY|BODY_TICKER|TARGET_CONTEXT,TITLE_TICKER_WITH_TARGET_CONTEXT,HIGH_PRECISION,FALLBACK_QUARANTINE,FALLBACK_NO_EVENT_DETECTED,80,MEDIUM,NOT_INDEPENDENTLY_VALIDATED,False
33f45e576a1bfc59bc16,47cbf0dd243e2590145f5256f3bfb26b,VJC,Công ty Cổ phần Hàng không Vietjet,2020-03-12,CafeF,https://cafef.vn/vjc-tdm-sjs-svc-l10-ksh-pbk-hlt-hda-thong-tin-giao-dich-luong-lon-co-phieu-20200312073651041.chn,"VJC, TDM, SJS, SVC, L10, KSH, PBK, HLT, HDA: Thông tin giao dịch lượng lớn cổ phiếu",OTHER,OTHER,NEUTRAL,LOW,STOCK_SPECIFIC,MEDIUM,WEAK_RULE_V3_ENTITY_TIERED,WEAK_RULE_V3; tier=HIGH_PRECISION; entity=TITLE_TICKER|BODY_COMPANY|BODY_TICKER|TARGET_CONTEXT; score=17; event=OTHER; symbol=VJC,TITLE_TICKER|BODY_COMPANY|BODY_TICKER|TARGET_CONTEXT,TITLE_TICKER_WITH_TARGET_CONTEXT,HIGH_PRECISION,FALLBACK_QUARANTINE,FALLBACK_NO_EVENT_DETECTED,80,MEDIUM,NOT_INDEPENDENTLY_VALIDATED,False
06d2fb15e9bc42ac4b82,4cae91b6218ffebd0c236bf33b14cf04,PLX,Tập đoàn Xăng dầu Việt Nam,2020-03-17,CafeF,https://cafef.vn/petrolimex-plx-chot-danh-sach-co-dong-tra-co-tuc-bang-tien-ty-le-20-20200317102456546.chn,Petrolimex (PLX) chốt danh sách cổ đông trả cổ tức bằng tiền tỷ lệ 20%,CORPORATE_ACTION,DIVIDEND,POSITIVE,MODERATE,STOCK_SPECIFIC,HIGH,WEAK_RULE_V3_ENTITY_TIERED,WEAK_RULE_V3; tier=HIGH_PRECISION; entity=TITLE_TICKER|TITLE_ALIAS|BODY_COMPANY|BODY_TICKER|TARGET_CONTEXT; score=24; event=DIVIDEND; symbol=PLX,TITLE_TICKER|TITLE_ALIAS|BODY_COMPANY|BODY_TICKER|TARGET_CONTEXT,TITLE_TICKER_WITH_TARGET_CONTEXT,HIGH_PRECISION,INFORMATIVE_CANDIDATE,EXPERIMENTAL_INFORMATIVE_UNVALIDATED,100,HIGH,NOT_INDEPENDENTLY_VALIDATED,True
dbcdf4e34296df075d98,4d62377ae5872411565970d1ea8c5992,POW,Tổng Công ty Điện lực Dầu khí Việt Nam,2020-03-17,CafeF,https://cafef.vn/pv-power-2-thang-dau-nam-dat-4806-ty-dong-co-phieu-tiep-tuc-giam-sau-20200316145400703.chn,"PV Power: Doanh thu 2 tháng đầu năm đạt 4.806 tỷ đồng, cổ phiếu tiếp tục giảm sâu",OTHER,OTHER,NEUTRAL,LOW,STOCK_SPECIFIC,MEDIUM,WEAK_RULE_V3_ENTITY_TIERED,WEAK_RULE_V3; tier=HIGH_PRECISION; entity=TITLE_ALIAS|BODY_COMPANY|BODY_TICKER|TARGET_CONTEXT; score=17; event=OTHER; symbol=POW,TITLE_ALIAS|BODY_COMPANY|BODY_TICKER|TARGET_CONTEXT,TITLE_ENTITY_WITH_TARGET_CONTEXT,HIGH_PRECISION,FALLBACK_QUARANTINE,FALLBACK_NO_EVENT_DETECTED,80,MEDIUM,NOT_INDEPENDENTLY_VALIDATED,False
99ecf3098c9a93d0e136,80cc79ac2cefd56a53fc6ef7a86f7b8b,GEX,Công ty Cổ phần Tập đoàn GELEX,2020-03-17,CafeF,https://cafef.vn/mat-gan-50-gia-tri-trong-nua-nam-gelex-muon-mua-29-trieu-co-phieu-quy-20200317100235625.chn,"Mất gần 50% giá trị trong nửa năm, Gelex muốn mua 29 triệu cổ phiếu quỹ",OTHER,OTHER,NEUTRAL,LOW,STOCK_SPECIFIC,MEDIUM,WEAK_RULE_V3_ENTITY_TIERED,WEAK_RULE_V3; tier=HIGH_PRECISION; entity=TITLE_COMPANY|BODY_COMPANY|BODY_TICKER|TARGET_CONTEXT; score=17; event=OTHER; symbol=GEX,TITLE_COMPANY|BODY_COMPANY|BODY_TICKER|TARGET_CONTEXT,TITLE_ENTITY_WITH_TARGET_CONTEXT,HIGH_PRECISION,FALLBACK_QUARANTINE,FALLBACK_NO_EVENT_DETECTED,80,MEDIUM,NOT_INDEPENDENTLY_VALIDATED,False
94c8f1d1970db77f2a48,8afc3b29db0c6d37cecdeac7f0c61d00,MWG,Công ty Cổ phần Đầu tư Thế Giới Di Động,2020-03-20,CafeF,https://cafef.vn/the-gioi-di-dong-loi-nhuan-2-thang-dau-nam-van-tang-tot-16-len-845-ty-dong-song-tham-chien-cho-bach-hoa-xanh-dang-bi-cham-lai-boi-covid-19-20200306075359019.chn,"Thế giới Di động: Lợi nhuận 2 tháng đầu năm vẫn tăng tốt 16% lên 845 tỷ đồng, song tham chiến cho Bách Hoá Xanh đang bị chậm lại bởi COVID-19",BUSINESS_RESULT,PROJECT_EXPANSION,POSITIVE,MODERATE,STOCK_SPECIFIC,HIGH,WEAK_RULE_V3_ENTITY_TIERED,WEAK_RULE_V3; tier=HIGH_PRECISION; entity=TITLE_ALIAS|BODY_ALIAS|BODY_TICKER|TARGET_CONTEXT; score=17; event=PROJECT_EXPANSION; symbol=MWG,TITLE_ALIAS|BODY_ALIAS|BODY_TICKER|TARGET_CONTEXT,TITLE_ENTITY_WITH_TARGET_CONTEXT,HIGH_PRECISION,INFORMATIVE_CANDIDATE,EXPERIMENTAL_INFORMATIVE_UNVALIDATED,100,HIGH,NOT_INDEPENDENTLY_VALIDATED,True
a32bf4682a96c15eea31,c472170eb113439ddc2c18675dbfbb5b,POW,Tổng Công ty Điện lực Dầu khí Việt Nam,2020-03-20,CafeF,https://cafef.vn/dien-luc-dau-khi-nhon-trach-2-nt2-ke-hoach-lnst-2020-giam-18-xuong-620-ty-dong-2020032011313741.chn,Điện lực Dầu khí Nhơn Trạch 2 (NT2): Kế hoạch LNST 2020 giảm 18% xuống 620 tỷ đồng,CORPORATE_ACTION,DIVIDEND,POSITIVE,MODERATE,STOCK_SPECIFIC,HIGH,WEAK_RULE_V3_ENTITY_TIERED,WEAK_RULE_V3; tier=HIGH_PRECISION; entity=TITLE_COMPANY|BODY_COMPANY; score=11; event=DIVIDEND; symbol=POW,TITLE_COMPANY|BODY_COMPANY,TITLE_ENTITY_MENTION,HIGH_PRECISION,INFORMATIVE_CANDIDATE,EXPERIMENTAL_INFORMATIVE_UNVALIDATED,100,HIGH,NOT_INDEPENDENTLY_VALIDATED,True
d7fe0de4cf9bb41f82b5,5be3c5d20f7e683fcc0fd7fcc8419b2c,ANV,Công ty Cổ phần Nam Việt,2020-03-21,CafeF,https://cafef.vn/navico-anv-chot-danh-sach-co-dong-tra-co-tuc-bang-tien-ty-le-10-20200320154201238.chn,Navico (ANV) chốt danh sách cổ đông trả cổ tức bằng tiền tỷ lệ 10%,CORPORATE_ACTION,DIVIDEND,POSITIVE,MODERATE,STOCK_SPECIFIC,HIGH,WEAK_RULE_V3_ENTITY_TIERED,WEAK_RULE_V3; tier=HIGH_PRECISION; entity=TITLE_TICKER|BODY_COMPANY|BODY_TICKER|TARGET_CONTEXT; score=17; event=DIVIDEND; symbol=ANV,TITLE_TICKER|BODY_COMPANY|BODY_TICKER|TARGET_CONTEXT,TITLE_TICKER_WITH_TARGET_CONTEXT,HIGH_PRECISION,INFORMATIVE_CANDIDATE,EXPERIMENTAL_INFORMATIVE_UNVALIDATED,100,HIGH,NOT_INDEPENDENTLY_VALIDATED,True
95446c8dd137db0bab86,bc06a36d47c6213620805a9a0255f553,PNJ,Công ty Cổ phần Vàng bạc Đá quý Phú Nhuận,2020-03-21,CafeF,https://cafef.vn/giam-gan-40-tu-dau-nam-con-gai-cua-chu-tich-pnj-dang-ky-mua-2-trieu-co-phieu-20200321094705546.chn,"Giảm gần 40% từ đầu năm, con gái của Chủ tịch PNJ đăng ký mua 2 triệu cổ phiếu",CORPORATE_ACTION,DIVIDEND,POSITIVE,MODERATE,STOCK_SPECIFIC,HIGH,WEAK_RULE_V3_ENTITY_TIERED,WEAK_RULE_V3; tier=HIGH_PRECISION; entity=TITLE_TICKER|BODY_TICKER|TARGET_CONTEXT; score=13; event=DIVIDEND; symbol=PNJ,TITLE_TICKER|BODY_TICKER|TARGET_CONTEXT,TITLE_TICKER_WITH_TARGET_CONTEXT,HIGH_PRECISION,INFORMATIVE_CANDIDATE,EXPERIMENTAL_INFORMATIVE_UNVALIDATED,100,HIGH,NOT_INDEPENDENTLY_VALIDATED,True
d0d9be9998b14a7d3c0d,e4594c3bfd1db286a281328bdd71ad36,GEX,Công ty Cổ phần Tập đoàn GELEX,2020-03-21,CafeF,https://cafef.vn/vnm-kbc-pnj-vnd-gex-vpr-hid-hdc-pc1-hid-mac-d11-thong-tin-giao-dich-luong-lon-co-phieu-20200320163939269.chn,"VNM, KBC, PNJ, GEX, VPR, HID, HDC, PC1, HID, MAC, D11: Thông tin giao dịch lượng lớn cổ phiếu",OTHER,OTHER,NEUTRAL,LOW,STOCK_SPECIFIC,MEDIUM,WEAK_RULE_V3_ENTITY_TIERED,WEAK_RULE_V3; tier=HIGH_PRECISION; entity=TITLE_TICKER|BODY_COMPANY|BODY_TICKER|TARGET_CONTEXT; score=17; event=OTHER; symbol=GEX,TITLE_TICKER|BODY_COMPANY|BODY_TICKER|TARGET_CONTEXT,TITLE_TICKER_WITH_TARGET_CONTEXT,HIGH_PRECISION,FALLBACK_QUARANTINE,FALLBACK_NO_EVENT_DETECTED,80,MEDIUM,NOT_INDEPENDENTLY_VALIDATED,False
a647910218858fb95779,e4594c3bfd1db286a281328bdd71ad36,PC1,Công ty Cổ phần Tập đoàn PC1,2020-03-21,CafeF,https://cafef.vn/vnm-kbc-pnj-vnd-gex-vpr-hid-hdc-pc1-hid-mac-d11-thong-tin-giao-dich-luong-lon-co-phieu-20200320163939269.chn,"VNM, KBC, PNJ, GEX, VPR, HID, HDC, PC1, HID, MAC, D11: Thông tin giao dịch lượng lớn cổ phiếu",OTHER,OTHER,NEUTRAL,LOW,STOCK_SPECIFIC,MEDIUM,WEAK_RULE_V3_ENTITY_TIERED,WEAK_RULE_V3; tier=HIGH_PRECISION; entity=TITLE_TICKER|BODY_TICKER|TARGET_CONTEXT; score=13; event=OTHER; symbol=PC1,TITLE_TICKER|BODY_TICKER|TARGET_CONTEXT,TITLE_TICKER_WITH_TARGET_CONTEXT,HIGH_PRECISION,FALLBACK_QUARANTINE,FALLBACK_NO_EVENT_DETECTED,80,MEDIUM,NOT_INDEPENDENTLY_VALIDATED,False
cdd30e67b63d1957cfc5,e4594c3bfd1db286a281328bdd71ad36,PNJ,Công ty Cổ phần Vàng bạc Đá quý Phú Nhuận,2020-03-21,CafeF,https://cafef.vn/vnm-kbc-pnj-vnd-gex-vpr-hid-hdc-pc1-hid-mac-d11-thong-tin-giao-dich-luong-lon-co-phieu-20200320163939269.chn,"VNM, KBC, PNJ, GEX, VPR, HID, HDC, PC1, HID, MAC, D11: Thông tin giao dịch lượng lớn cổ phiếu",OTHER,OTHER,NEUTRAL,LOW,STOCK_SPECIFIC,MEDIUM,WEAK_RULE_V3_ENTITY_TIERED,WEAK_RULE_V3; tier=HIGH_PRECISION; entity=TITLE_TICKER|BODY_TICKER|TARGET_CONTEXT; score=13; event=OTHER; symbol=PNJ,TITLE_TICKER|BODY_TICKER|TARGET_CONTEXT,TITLE_TICKER_WITH_TARGET_CONTEXT,HIGH_PRECISION,FALLBACK_QUARANTINE,FALLBACK_NO_EVENT_DETECTED,80,MEDIUM,NOT_INDEPENDENTLY_VALIDATED,False
ab602a757a6977f3b0ce,e4594c3bfd1db286a281328bdd71ad36,VNM,Công ty Cổ phần Sữa Việt Nam,2020-03-21,CafeF,https://cafef.vn/vnm-kbc-pnj-vnd-gex-vpr-hid-hdc-pc1-hid-mac-d11-thong-tin-giao-dich-luong-lon-co-phieu-20200320163939269.chn,"VNM, KBC, PNJ, GEX, VPR, HID, HDC, PC1, HID, MAC, D11: Thông tin giao dịch lượng lớn cổ phiếu",OTHER,OTHER,NEUTRAL,LOW,STOCK_SPECIFIC,MEDIUM,WEAK_RULE_V3_ENTITY_TIERED,WEAK_RULE_V3; tier=HIGH_PRECISION; entity=TITLE_TICKER|BODY_ALIAS|BODY_TICKER|TARGET_CONTEXT; score=17; event=OTHER; symbol=VNM,TITLE_TICKER|BODY_ALIAS|BODY_TICKER|TARGET_CONTEXT,TITLE_TICKER_WITH_TARGET_CONTEXT,HIGH_PRECISION,FALLBACK_QUARANTINE,FALLBACK_NO_EVENT_DETECTED,80,MEDIUM,NOT_INDEPENDENTLY_VALIDATED,False
6a406f22ce86d81d7a33,2b78059be3b4d9427156fc8a1a97a9fd,HPG,Công ty Cổ phần Tập đoàn Hòa Phát,2020-03-24,VietnamBiz,https://vietnambiz.vn/dong-von-ngoai-tiep-tuc-rut-708-ti-dong-khoi-thi-truong-xa-tram-ti-ma-msn-va-hpg-20200324175947913.htm,"Dòng vốn ngoại tiếp tục rút 708 tỉ đồng khỏi thị trường, xả trăm tỉ mã MSN và HPG",OTHER,OTHER,NEUTRAL,LOW,STOCK_SPECIFIC,MEDIUM,WEAK_RULE_V3_ENTITY_TIERED,WEAK_RULE_V3; tier=HIGH_PRECISION; entity=TITLE_TICKER|BODY_TICKER|TARGET_CONTEXT; score=13; event=OTHER; symbol=HPG,TITLE_TICKER|BODY_TICKER|TARGET_CONTEXT,TITLE_TICKER_WITH_TARGET_CONTEXT,HIGH_PRECISION,FALLBACK_QUARANTINE,FALLBACK_NO_EVENT_DETECTED,80,MEDIUM,NOT_INDEPENDENTLY_VALIDATED,False
06448250cdd40a492893,2b78059be3b4d9427156fc8a1a97a9fd,MSN,Công ty Cổ phần Tập đoàn Masan,2020-03-24,VietnamBiz,https://vietnambiz.vn/dong-von-ngoai-tiep-tuc-rut-708-ti-dong-khoi-thi-truong-xa-tram-ti-ma-msn-va-hpg-20200324175947913.htm,"Dòng vốn ngoại tiếp tục rút 708 tỉ đồng khỏi thị trường, xả trăm tỉ mã MSN và HPG",OTHER,OTHER,NEUTRAL,LOW,STOCK_SPECIFIC,MEDIUM,WEAK_RULE_V3_ENTITY_TIERED,WEAK_RULE_V3; tier=HIGH_PRECISION; entity=TITLE_TICKER|BODY_TICKER|TARGET_CONTEXT; score=13; event=OTHER; symbol=MSN,TITLE_TICKER|BODY_TICKER|TARGET_CONTEXT,TITLE_TICKER_WITH_TARGET_CONTEXT,HIGH_PRECISION,FALLBACK_QUARANTINE,FALLBACK_NO_EVENT_DETECTED,80,MEDIUM,NOT_INDEPENDENTLY_VALIDATED,False
4680a8b91741a84a0e74,c6b58b9273a8659e230d8d0b745486c6,FPT,Công ty Cổ phần FPT,2020-03-24,CafeF,https://cafef.vn/du-bao-danh-muc-vn30-thang-4-fpt-va-vpb-bi-giam-ty-trong-20200323215737687.chn,Dự báo danh mục VN30 tháng 4: FPT và VPB bị giảm tỷ trọng?,OTHER,OTHER,NEUTRAL,LOW,STOCK_SPECIFIC,MEDIUM,WEAK_RULE_V3_ENTITY_TIERED,WEAK_RULE_V3; tier=HIGH_PRECISION; entity=TITLE_TICKER|BODY_TICKER|TARGET_CONTEXT; score=13; event=OTHER; symbol=FPT,TITLE_TICKER|BODY_TICKER|TARGET_CONTEXT,TITLE_TICKER_WITH_TARGET_CONTEXT,HIGH_PRECISION,FALLBACK_QUARANTINE,FALLBACK_NO_EVENT_DETECTED,80,MEDIUM,NOT_INDEPENDENTLY_VALIDATED,False
d5c43b0729eb0729bb89,c6b58b9273a8659e230d8d0b745486c6,VPB,Ngân hàng TMCP Việt Nam Thịnh Vượng,2020-03-24,CafeF,https://cafef.vn/du-bao-danh-muc-vn30-thang-4-fpt-va-vpb-bi-giam-ty-trong-20200323215737687.chn,Dự báo danh mục VN30 tháng 4: FPT và VPB bị giảm tỷ trọng?,OTHER,OTHER,NEUTRAL,LOW,STOCK_SPECIFIC,MEDIUM,WEAK_RULE_V3_ENTITY_TIERED,WEAK_RULE_V3; tier=HIGH_PRECISION; entity=TITLE_TICKER|BODY_TICKER|TARGET_CONTEXT; score=13; event=OTHER; symbol=VPB,TITLE_TICKER|BODY_TICKER|TARGET_CONTEXT,TITLE_TICKER_WITH_TARGET_CONTEXT,HIGH_PRECISION,FALLBACK_QUARANTINE,FALLBACK_NO_EVENT_DETECTED,80,MEDIUM,NOT_INDEPENDENTLY_VALIDATED,False
65f0f09225bc2e293aae,6323a193bcef8a09509e974a448b3d1a,HPG,Công ty Cổ phần Tập đoàn Hòa Phát,2020-03-25,VietnamBiz,https://vietnambiz.vn/moi-mua-xong-20-trieu-co-phieu-hpg-con-trai-chu-tich-tran-dinh-long-muon-mua-them-20-trieu-cp-nua-20200325083838607.htm,"Mới mua xong 20 triệu cổ phiếu HPG, con trai Chủ tịch Trần Đình Long muốn mua thêm 20 triệu cp nữa",OTHER,OTHER,NEUTRAL,LOW,STOCK_SPECIFIC,MEDIUM,WEAK_RULE_V3_ENTITY_TIERED,WEAK_RULE_V3; tier=HIGH_PRECISION; entity=TITLE_TICKER|BODY_COMPANY|BODY_TICKER|TARGET_CONTEXT; score=17; event=OTHER; symbol=HPG,TITLE_TICKER|BODY_COMPANY|BODY_TICKER|TARGET_CONTEXT,TITLE_TICKER_WITH_TARGET_CONTEXT,HIGH_PRECISION,FALLBACK_QUARANTINE,FALLBACK_NO_EVENT_DETECTED,80,MEDIUM,NOT_INDEPENDENTLY_VALIDATED,False
768b9db2e308129a1b95,c674197cbbfe049b356251a0766311f4,VNM,Công ty Cổ phần Sữa Việt Nam,2020-04-01,CafeF,https://cafef.vn/thach-thuc-nao-cho-muc-tieu-tang-truong-10-doanh-thu-2020-cua-vinamilk-20200329213725674.chn,Thách thức nào cho mục tiêu tăng trưởng 10% doanh thu 2020 của Vinamilk?,BUSINESS_RESULT,PROJECT_EXPANSION,POSITIVE,MODERATE,STOCK_SPECIFIC,HIGH,WEAK_RULE_V3_ENTITY_TIERED,WEAK_RULE_V3; tier=HIGH_PRECISION; entity=TITLE_ALIAS|BODY_ALIAS|BODY_TICKER|TARGET_CONTEXT; score=17; event=PROJECT_EXPANSION; symbol=VNM,TITLE_ALIAS|BODY_ALIAS|BODY_TICKER|TARGET_CONTEXT,TITLE_ENTITY_WITH_TARGET_CONTEXT,HIGH_PRECISION,INFORMATIVE_CANDIDATE,EXPERIMENTAL_INFORMATIVE_UNVALIDATED,100,HIGH,NOT_INDEPENDENTLY_VALIDATED,True
50e17b9ea488ae303955,929707c5e171c2194d61096de7a0af02,HAH,Công ty Cổ phần Vận tải và Xếp dỡ Hải An,2020-04-06,CafeF,https://cafef.vn/van-tai-va-xep-do-hai-an-hah-nam-2020-du-kien-doanh-thu-tang-21-lai-di-ngang-20200406101030577.chn,"Vận tải và Xếp dỡ Hải An (HAH): Năm 2020 dự kiến doanh thu tăng 21%, lãi đi ngang",BUSINESS_RESULT,PROFIT_GROWTH,POSITIVE,HIGH,STOCK_SPECIFIC,HIGH,WEAK_RULE_V3_ENTITY_TIERED,WEAK_RULE_V3; tier=HIGH_PRECISION; entity=TITLE_TICKER|TITLE_ALIAS|BODY_ALIAS|BODY_TICKER|TARGET_CONTEXT; score=24; event=PROFIT_GROWTH; symbol=HAH,TITLE_TICKER|TITLE_ALIAS|BODY_ALIAS|BODY_TICKER|TARGET_CONTEXT,TITLE_TICKER_WITH_TARGET_CONTEXT,HIGH_PRECISION,INFORMATIVE_CANDIDATE,EXPERIMENTAL_INFORMATIVE_UNVALIDATED,100,HIGH,NOT_INDEPENDENTLY_VALIDATED,True
ba477d75347726da2757,ca22aba6cbc4a282feb7110a5d709884,FPT,Công ty Cổ phần FPT,2020-04-06,VietnamBiz,https://vietnambiz.vn/co-phieu-tam-diem-ngay-7-4-hpg-fpt-ntc-qns-20200406203650864.htm,"Cổ phiếu tâm điểm ngày 7/4: HPG, FPT, NTC, QNS",OTHER,OTHER,NEUTRAL,LOW,STOCK_SPECIFIC,MEDIUM,WEAK_RULE_V3_ENTITY_TIERED,WEAK_RULE_V3; tier=HIGH_PRECISION; entity=TITLE_TICKER|BODY_TICKER|TARGET_CONTEXT; score=13; event=OTHER; symbol=FPT,TITLE_TICKER|BODY_TICKER|TARGET_CONTEXT,TITLE_TICKER_WITH_TARGET_CONTEXT,HIGH_PRECISION,FALLBACK_QUARANTINE,FALLBACK_NO_EVENT_DETECTED,80,MEDIUM,NOT_INDEPENDENTLY_VALIDATED,False
1229feea7960b3c94aef,ca22aba6cbc4a282feb7110a5d709884,HPG,Công ty Cổ phần Tập đoàn Hòa Phát,2020-04-06,VietnamBiz,https://vietnambiz.vn/co-phieu-tam-diem-ngay-7-4-hpg-fpt-ntc-qns-20200406203650864.htm,"Cổ phiếu tâm điểm ngày 7/4: HPG, FPT, NTC, QNS",OTHER,OTHER,NEUTRAL,LOW,STOCK_SPECIFIC,MEDIUM,WEAK_RULE_V3_ENTITY_TIERED,WEAK_RULE_V3; tier=HIGH_PRECISION; entity=TITLE_TICKER|BODY_TICKER|TARGET_CONTEXT; score=13; event=OTHER; symbol=HPG,TITLE_TICKER|BODY_TICKER|TARGET_CONTEXT,TITLE_TICKER_WITH_TARGET_CONTEXT,HIGH_PRECISION,FALLBACK_QUARANTINE,FALLBACK_NO_EVENT_DETECTED,80,MEDIUM,NOT_INDEPENDENTLY_VALIDATED,False
50105c8c622fc118af13,a0e660b5cdd424effb8be42e7999e4ef,MWG,Công ty Cổ phần Đầu tư Thế Giới Di Động,2020-04-07,VietnamBiz,https://vietnambiz.vn/sep-the-gioi-di-dong-da-mua-300000-co-phieu-mwg-nhu-dang-ki-20200407182104581.htm,Sếp Thế Giới Di Động đã mua 300.000 cổ phiếu MWG như đăng kí,OTHER,OTHER,NEUTRAL,LOW,STOCK_SPECIFIC,MEDIUM,WEAK_RULE_V3_ENTITY_TIERED,WEAK_RULE_V3; tier=HIGH_PRECISION; entity=TITLE_TICKER|TITLE_ALIAS|BODY_ALIAS|BODY_TICKER|TARGET_CONTEXT; score=24; event=OTHER; symbol=MWG,TITLE_TICKER|TITLE_ALIAS|BODY_ALIAS|BODY_TICKER|TARGET_CONTEXT,TITLE_TICKER_WITH_TARGET_CONTEXT,HIGH_PRECISION,FALLBACK_QUARANTINE,FALLBACK_NO_EVENT_DETECTED,80,MEDIUM,NOT_INDEPENDENTLY_VALIDATED,False
7919740bee362c62e149,e44628656e7743cd2c8330d2c8259dd9,VHM,Công ty Cổ phần Vinhomes,2020-04-07,VietnamBiz,https://vietnambiz.vn/thi-truong-chung-khoan-7-4-ap-luc-chot-loi-hang-bat-day-vn-index-giam-hon-6-diem-20200407095345212.htm,"Thị trường chứng khoán 7/4: VN-Index tăng gần 10 điểm, bộ đôi VHM và VRE tăng kịch trần",OTHER,OTHER,NEUTRAL,LOW,STOCK_SPECIFIC,MEDIUM,WEAK_RULE_V3_ENTITY_TIERED,WEAK_RULE_V3; tier=HIGH_PRECISION; entity=TITLE_TICKER|BODY_TICKER|TARGET_CONTEXT; score=13; event=OTHER; symbol=VHM,TITLE_TICKER|BODY_TICKER|TARGET_CONTEXT,TITLE_TICKER_WITH_TARGET_CONTEXT,HIGH_PRECISION,FALLBACK_QUARANTINE,FALLBACK_NO_EVENT_DETECTED,80,MEDIUM,NOT_INDEPENDENTLY_VALIDATED,False
735828f219eb95440bf3,e44628656e7743cd2c8330d2c8259dd9,VRE,Công ty Cổ phần Vincom Retail,2020-04-07,VietnamBiz,https://vietnambiz.vn/thi-truong-chung-khoan-7-4-ap-luc-chot-loi-hang-bat-day-vn-index-giam-hon-6-diem-20200407095345212.htm,"Thị trường chứng khoán 7/4: VN-Index tăng gần 10 điểm, bộ đôi VHM và VRE tăng kịch trần",OTHER,OTHER,NEUTRAL,LOW,STOCK_SPECIFIC,MEDIUM,WEAK_RULE_V3_ENTITY_TIERED,WEAK_RULE_V3; tier=HIGH_PRECISION; entity=TITLE_TICKER|BODY_TICKER|TARGET_CONTEXT; score=13; event=OTHER; symbol=VRE,TITLE_TICKER|BODY_TICKER|TARGET_CONTEXT,TITLE_TICKER_WITH_TARGET_CONTEXT,HIGH_PRECISION,FALLBACK_QUARANTINE,FALLBACK_NO_EVENT_DETECTED,80,MEDIUM,NOT_INDEPENDENTLY_VALIDATED,False
8a39d03a1da45adb1a2d,0675f605b5cb128345595bbfa84c0f87,NKG,Công ty Cổ phần Thép Nam Kim,2020-04-10,CafeF,https://cafef.vn/nhom-co-dong-ngoai-vua-ban-ra-hon-9-trieu-co-phieu-cua-thep-nam-kim-20200410113833161.chn,Nhóm cổ đông ngoại vừa bán ra hơn 9 triệu cổ phiếu của Thép Nam Kim,OTHER,OTHER,NEUTRAL,LOW,STOCK_SPECIFIC,MEDIUM,WEAK_RULE_V3_ENTITY_TIERED,WEAK_RULE_V3; tier=HIGH_PRECISION; entity=TITLE_COMPANY|BODY_COMPANY|BODY_TICKER|TARGET_CONTEXT; score=17; event=OTHER; symbol=NKG,TITLE_COMPANY|BODY_COMPANY|BODY_TICKER|TARGET_CONTEXT,TITLE_ENTITY_WITH_TARGET_CONTEXT,HIGH_PRECISION,FALLBACK_QUARANTINE,FALLBACK_NO_EVENT_DETECTED,80,MEDIUM,NOT_INDEPENDENTLY_VALIDATED,False
41f4c524139915222d63,9f37e3f28d0e2f9bad638fe857ccfd0b,VPB,Ngân hàng TMCP Việt Nam Thịnh Vượng,2020-04-10,CafeF,https://cafef.vn/con-trai-tong-giam-doc-cua-vpbank-dang-ky-mua-12-trieu-co-phieu-vpb-2020041014205174.chn,Con trai Tổng Giám đốc của VPBank đăng ký mua 12 triệu cổ phiếu VPB,OTHER,OTHER,NEUTRAL,LOW,STOCK_SPECIFIC,MEDIUM,WEAK_RULE_V3_ENTITY_TIERED,WEAK_RULE_V3; tier=HIGH_PRECISION; entity=TITLE_TICKER|TITLE_ALIAS|BODY_COMPANY|BODY_TICKER|TARGET_CONTEXT; score=24; event=OTHER; symbol=VPB,TITLE_TICKER|TITLE_ALIAS|BODY_COMPANY|BODY_TICKER|TARGET_CONTEXT,TITLE_TICKER_WITH_TARGET_CONTEXT,HIGH_PRECISION,FALLBACK_QUARANTINE,FALLBACK_NO_EVENT_DETECTED,80,MEDIUM,NOT_INDEPENDENTLY_VALIDATED,False
ab973dde76e33617b2c0,62851de03d650746e24cf88ca9010c69,NKG,Công ty Cổ phần Thép Nam Kim,2020-04-11,CafeF,https://cafef.vn/vpb-vds-dqc-nkg-asd-hsa-hlt-nps-thong-tin-giao-dich-luong-lon-co-phieu-20200411094247568.chn,"VPB, VDS, DQC, NKG, ASD, HSA, HLT, NPS: Thông tin giao dịch lượng lớn cổ phiếu",OTHER,OTHER,NEUTRAL,LOW,STOCK_SPECIFIC,MEDIUM,WEAK_RULE_V3_ENTITY_TIERED,WEAK_RULE_V3; tier=HIGH_PRECISION; entity=TITLE_TICKER|BODY_COMPANY|BODY_TICKER|TARGET_CONTEXT; score=17; event=OTHER; symbol=NKG,TITLE_TICKER|BODY_COMPANY|BODY_TICKER|TARGET_CONTEXT,TITLE_TICKER_WITH_TARGET_CONTEXT,HIGH_PRECISION,FALLBACK_QUARANTINE,FALLBACK_NO_EVENT_DETECTED,80,MEDIUM,NOT_INDEPENDENTLY_VALIDATED,False
35c941e882713c3ff706,62851de03d650746e24cf88ca9010c69,VPB,Ngân hàng TMCP Việt Nam Thịnh Vượng,2020-04-11,CafeF,https://cafef.vn/vpb-vds-dqc-nkg-asd-hsa-hlt-nps-thong-tin-giao-dich-luong-lon-co-phieu-20200411094247568.chn,"VPB, VDS, DQC, NKG, ASD, HSA, HLT, NPS: Thông tin giao dịch lượng lớn cổ phiếu",OTHER,OTHER,NEUTRAL,LOW,STOCK_SPECIFIC,MEDIUM,WEAK_RULE_V3_ENTITY_TIERED,WEAK_RULE_V3; tier=HIGH_PRECISION; entity=TITLE_TICKER|BODY_COMPANY|BODY_TICKER|TARGET_CONTEXT; score=17; event=OTHER; symbol=VPB,TITLE_TICKER|BODY_COMPANY|BODY_TICKER|TARGET_CONTEXT,TITLE_TICKER_WITH_TARGET_CONTEXT,HIGH_PRECISION,FALLBACK_QUARANTINE,FALLBACK_NO_EVENT_DETECTED,80,MEDIUM,NOT_INDEPENDENTLY_VALIDATED,False
781614f605d40e2f9c55,9460e8cbf5f7285895eaee551a97ae01,HVN,Tổng Công ty Hàng không Việt Nam,2020-04-11,CafeF,https://cafef.vn/vietnam-airlines-thanh-ly-5-may-bay-a321-kha-nang-hoat-dong-lien-tuc-phu-thuoc-vao-ho-tro-cua-chinh-phu-va-gia-han-cac-khoan-vay-20200411130737849.chn,Vietnam Airlines thanh lý 5 máy bay A321; khả năng hoạt động liên tục phụ thuộc vào hỗ trợ của Chính phủ và gia hạn các khoản vay,OTHER,OTHER,NEUTRAL,LOW,STOCK_SPECIFIC,MEDIUM,WEAK_RULE_V3_ENTITY_TIERED,WEAK_RULE_V3; tier=HIGH_PRECISION; entity=TITLE_ALIAS|BODY_COMPANY; score=11; event=OTHER; symbol=HVN,TITLE_ALIAS|BODY_COMPANY,TITLE_ENTITY_MENTION,HIGH_PRECISION,FALLBACK_QUARANTINE,FALLBACK_NO_EVENT_DETECTED,80,MEDIUM,NOT_INDEPENDENTLY_VALIDATED,False
b1f888e58244e559267e,c75f1ed157fd594ffb2ce577952940e1,KDH,Công ty Cổ phần Đầu tư và Kinh doanh Nhà Khang Điền,2020-04-14,CafeF,https://cafef.vn/khang-dien-kdh-dat-ke-hoach-lai-sau-thue-1100-ty-dong-trong-nam-2020-20200414160551208.chn,Khang Điền (KDH) đặt kế hoạch lãi sau thuế 1.100 tỷ đồng trong năm 2020,CORPORATE_ACTION,DIVIDEND,POSITIVE,MODERATE,STOCK_SPECIFIC,HIGH,WEAK_RULE_V3_ENTITY_TIERED,WEAK_RULE_V3; tier=HIGH_PRECISION; entity=TITLE_TICKER|TITLE_ALIAS|BODY_ALIAS|BODY_TICKER; score=20; event=DIVIDEND; symbol=KDH,TITLE_TICKER|TITLE_ALIAS|BODY_ALIAS|BODY_TICKER,TITLE_ENTITY_MENTION,HIGH_PRECISION,INFORMATIVE_CANDIDATE,EXPERIMENTAL_INFORMATIVE_UNVALIDATED,100,HIGH,NOT_INDEPENDENTLY_VALIDATED,True
75c52481e570e3bb0b76,4167fac5606f32d9365dd6919b765d26,MWG,Công ty Cổ phần Đầu tư Thế Giới Di Động,2020-04-15,CafeF,https://cafef.vn/vcsc-uoc-tinh-loi-nhuan-2020-cua-the-gioi-di-dong-giam-12-du-mot-thang-truoc-van-du-bao-tang-truong-33-20200415100722208.chn,VCSC ước tính lợi nhuận 2020 của Thế giới Di động giảm 12% dù một tháng trước vẫn dự báo tăng trưởng 33%,CORPORATE_ACTION,LEADERSHIP_CHANGE,NEUTRAL,MODERATE,STOCK_SPECIFIC,HIGH,WEAK_RULE_V3_ENTITY_TIERED,WEAK_RULE_V3; tier=HIGH_PRECISION; entity=TITLE_ALIAS|BODY_ALIAS|BODY_TICKER|TARGET_CONTEXT; score=17; event=LEADERSHIP_CHANGE; symbol=MWG,TITLE_ALIAS|BODY_ALIAS|BODY_TICKER|TARGET_CONTEXT,TITLE_ENTITY_WITH_TARGET_CONTEXT,HIGH_PRECISION,INFORMATIVE_CANDIDATE,EXPERIMENTAL_INFORMATIVE_UNVALIDATED,100,HIGH,NOT_INDEPENDENTLY_VALIDATED,True
9f261871b70dde70b474,4167fac5606f32d9365dd6919b765d26,VCI,Công ty Cổ phần Chứng khoán Vietcap,2020-04-15,CafeF,https://cafef.vn/vcsc-uoc-tinh-loi-nhuan-2020-cua-the-gioi-di-dong-giam-12-du-mot-thang-truoc-van-du-bao-tang-truong-33-20200415100722208.chn,VCSC ước tính lợi nhuận 2020 của Thế giới Di động giảm 12% dù một tháng trước vẫn dự báo tăng trưởng 33%,CORPORATE_ACTION,LEADERSHIP_CHANGE,NEUTRAL,MODERATE,STOCK_SPECIFIC,HIGH,WEAK_RULE_V3_ENTITY_TIERED,WEAK_RULE_V3; tier=HIGH_PRECISION; entity=TITLE_ALIAS|BODY_ALIAS; score=11; event=LEADERSHIP_CHANGE; symbol=VCI,TITLE_ALIAS|BODY_ALIAS,TITLE_ENTITY_MENTION,HIGH_PRECISION,INFORMATIVE_CANDIDATE,EXPERIMENTAL_INFORMATIVE_UNVALIDATED,100,HIGH,NOT_INDEPENDENTLY_VALIDATED,True
053a7621f153ca49a919,b72e0f32c23006257d3b4fa83cec31bd,GAS,Tổng Công ty Khí Việt Nam,2020-04-15,CafeF,https://cafef.vn/pvgas-gas-dat-muc-tieu-lai-sau-thue-6636-ty-dong-trong-nam-2020-2020041508532463.chn,PVGas (GAS) đặt mục tiêu lãi sau thuế 6.636 tỷ đồng trong năm 2020,BUSINESS_RESULT,PROFIT_GROWTH,POSITIVE,HIGH,STOCK_SPECIFIC,HIGH,WEAK_RULE_V3_ENTITY_TIERED,WEAK_RULE_V3; tier=HIGH_PRECISION; entity=TITLE_TICKER|BODY_ALIAS|BODY_TICKER; score=13; event=PROFIT_GROWTH; symbol=GAS,TITLE_TICKER|BODY_ALIAS|BODY_TICKER,TITLE_ENTITY_MENTION,HIGH_PRECISION,INFORMATIVE_CANDIDATE,EXPERIMENTAL_INFORMATIVE_UNVALIDATED,100,HIGH,NOT_INDEPENDENTLY_VALIDATED,True
c9c02f90112a0c10a582,142fbcedcc9bdcdcddf24b828391dcbf,PC1,Công ty Cổ phần Tập đoàn PC1,2020-04-18,CafeF,https://cafef.vn/pcc1-pc1-dat-ke-hoach-lai-sau-thue-469-ty-dong-nam-2020-tang-25-so-voi-cung-ky-20200417162858549.chn,"PCC1 (PC1) đặt kế hoạch lãi sau thuế 469 tỷ đồng năm 2020, tăng 25% so với cùng kỳ",BUSINESS_RESULT,PROJECT_EXPANSION,POSITIVE,MODERATE,STOCK_SPECIFIC,HIGH,WEAK_RULE_V3_ENTITY_TIERED,WEAK_RULE_V3; tier=HIGH_PRECISION; entity=TITLE_TICKER|BODY_TICKER|TARGET_CONTEXT; score=13; event=PROJECT_EXPANSION; symbol=PC1,TITLE_TICKER|BODY_TICKER|TARGET_CONTEXT,TITLE_TICKER_WITH_TARGET_CONTEXT,HIGH_PRECISION,INFORMATIVE_CANDIDATE,EXPERIMENTAL_INFORMATIVE_UNVALIDATED,100,HIGH,NOT_INDEPENDENTLY_VALIDATED,True
984ac3b153abcbeeadb2,1c6271ddf1b909979d087ee2114bf0ad,DPM,Tổng Công ty Phân bón và Hóa chất Dầu khí,2020-04-21,VietnamBiz,https://vietnambiz.vn/co-phieu-tam-diem-ngay-22-4-phr-pvb-dpm-20200421220338932.htm,"Cổ phiếu tâm điểm ngày 22/4: PHR, PVB, DPM",OTHER,OTHER,NEUTRAL,LOW,STOCK_SPECIFIC,MEDIUM,WEAK_RULE_V3_ENTITY_TIERED,WEAK_RULE_V3; tier=HIGH_PRECISION; entity=TITLE_TICKER|BODY_TICKER|TARGET_CONTEXT; score=13; event=OTHER; symbol=DPM,TITLE_TICKER|BODY_TICKER|TARGET_CONTEXT,TITLE_TICKER_WITH_TARGET_CONTEXT,HIGH_PRECISION,FALLBACK_QUARANTINE,FALLBACK_NO_EVENT_DETECTED,80,MEDIUM,NOT_INDEPENDENTLY_VALIDATED,False
a0a22aa0fba9555542d6,3b7dbc9a7b546d51588af52f0853a7a8,VND,Công ty Cổ phần Chứng khoán VNDIRECT,2020-04-21,VietnamBiz,https://vietnambiz.vn/doanh-thu-moi-gioi-sut-giam-vndirect-bao-lai-sau-thue-giam-gan-35-trong-qui-i-20200421104510997.htm,"Doanh thu môi giới sụt giảm, VNDirect báo lãi sau thuế giảm gần 35% trong quí I",BUSINESS_RESULT,PROFIT_GROWTH,POSITIVE,HIGH,STOCK_SPECIFIC,HIGH,WEAK_RULE_V3_ENTITY_TIERED,WEAK_RULE_V3; tier=HIGH_PRECISION; entity=TITLE_ALIAS|BODY_COMPANY; score=11; event=PROFIT_GROWTH; symbol=VND,TITLE_ALIAS|BODY_COMPANY,TITLE_ENTITY_MENTION,HIGH_PRECISION,INFORMATIVE_CANDIDATE,EXPERIMENTAL_INFORMATIVE_UNVALIDATED,100,HIGH,NOT_INDEPENDENTLY_VALIDATED,True
019923bbab9bd6c73c3f,3d8cb4d2d916fe85f27496de1f8b5bbe,SSI,Công ty Cổ phần Chứng khoán SSI,2020-04-21,VietnamBiz,https://vietnambiz.vn/qui-i-kho-khan-chung-khoan-ssi-tang-gap-doi-gia-tri-dau-tu-trai-phieu-20200421111546675.htm,"Quí I khó khăn, Chứng khoán SSI tăng gấp đôi giá trị đầu tư trái phiếu",OTHER,OTHER,NEUTRAL,LOW,STOCK_SPECIFIC,MEDIUM,WEAK_RULE_V3_ENTITY_TIERED,WEAK_RULE_V3; tier=HIGH_PRECISION; entity=TITLE_TICKER|TITLE_COMPANY|BODY_COMPANY|BODY_TICKER|TARGET_CONTEXT; score=24; event=OTHER; symbol=SSI,TITLE_TICKER|TITLE_COMPANY|BODY_COMPANY|BODY_TICKER|TARGET_CONTEXT,TITLE_TICKER_WITH_TARGET_CONTEXT,HIGH_PRECISION,FALLBACK_QUARANTINE,FALLBACK_NO_EVENT_DETECTED,80,MEDIUM,NOT_INDEPENDENTLY_VALIDATED,False
0cd7be5e73a5e5765769,d356e7d3302f6e7cc21c21c26ebe82f9,POW,Tổng Công ty Điện lực Dầu khí Việt Nam,2020-04-21,CafeF,https://cafef.vn/dien-luc-dau-khi-nhon-trach-2-nt2-quy-1-lai-179-ty-dong-di-ngang-so-voi-cung-ky-2020042115082033.chn,"Điện lực Dầu khí Nhơn Trạch 2 (NT2): Quý 1 lãi 179 tỷ đồng, đi ngang so với cùng kỳ",BUSINESS_RESULT,PROFIT_GROWTH,POSITIVE,HIGH,STOCK_SPECIFIC,HIGH,WEAK_RULE_V3_ENTITY_TIERED,WEAK_RULE_V3; tier=HIGH_PRECISION; entity=TITLE_COMPANY|BODY_COMPANY; score=11; event=PROFIT_GROWTH; symbol=POW,TITLE_COMPANY|BODY_COMPANY,TITLE_ENTITY_MENTION,HIGH_PRECISION,INFORMATIVE_CANDIDATE,EXPERIMENTAL_INFORMATIVE_UNVALIDATED,100,HIGH,NOT_INDEPENDENTLY_VALIDATED,True
cd8090e52639f1f7a59c,8d7294aab395f76ae79a1a9f0d5f0610,PDR,Công ty Cổ phần Phát triển Bất động sản Phát Đạt,2020-04-22,CafeF,https://cafef.vn/bat-dong-san-phat-dat-pdr-quy-1-doanh-thu-hut-nghin-ty-lai-rong-van-tang-3-so-voi-cung-ky-20200421181803065.chn,"Bất động sản Phát Đạt (PDR): Quý 1 doanh thu hụt nghìn tỷ, lãi ròng vẫn tăng 3% so với cùng kỳ",CORPORATE_ACTION,DIVIDEND,POSITIVE,MODERATE,STOCK_SPECIFIC,HIGH,WEAK_RULE_V3_ENTITY_TIERED,WEAK_RULE_V3; tier=HIGH_PRECISION; entity=TITLE_TICKER|TITLE_ALIAS|BODY_COMPANY|BODY_TICKER|TARGET_CONTEXT; score=24; event=DIVIDEND; symbol=PDR,TITLE_TICKER|TITLE_ALIAS|BODY_COMPANY|BODY_TICKER|TARGET_CONTEXT,TITLE_TICKER_WITH_TARGET_CONTEXT,HIGH_PRECISION,INFORMATIVE_CANDIDATE,EXPERIMENTAL_INFORMATIVE_UNVALIDATED,100,HIGH,NOT_INDEPENDENTLY_VALIDATED,True
d01a46ed8805db9fb1fb,c442a948d23d0afa91e589f7ca50b540,VIC,Tập đoàn Vingroup,2020-04-22,VietnamBiz,https://vietnambiz.vn/thi-truong-chung-khoan-22-4-vn-index-giam-gan-9-diem-nhom-thep-khoi-sac-20200422095619772.htm,"Thị trường chứng khoán 22/4: Họ Vingroup kém sắc, VN-Index tăng hơn 2 điểm nhờ nhóm ngân hàng và bán lẻ",BUSINESS_RESULT,PROFIT_GROWTH,POSITIVE,HIGH,STOCK_SPECIFIC,HIGH,WEAK_RULE_V3_ENTITY_TIERED,WEAK_RULE_V3; tier=HIGH_PRECISION; entity=TITLE_COMPANY|BODY_COMPANY|BODY_TICKER|TARGET_CONTEXT; score=17; event=PROFIT_GROWTH; symbol=VIC,TITLE_COMPANY|BODY_COMPANY|BODY_TICKER|TARGET_CONTEXT,TITLE_ENTITY_WITH_TARGET_CONTEXT,HIGH_PRECISION,INFORMATIVE_CANDIDATE,EXPERIMENTAL_INFORMATIVE_UNVALIDATED,100,HIGH,NOT_INDEPENDENTLY_VALIDATED,True
02207c1ed71eeb193a5e,4d62b2c6c3e349e469b8b4c2a79a882a,ANV,Công ty Cổ phần Nam Việt,2020-04-25,CafeF,https://cafef.vn/chu-tich-hdqt-cua-nam-viet-dang-ky-mua-45-trieu-co-phieu-anv-20200425083407484.chn,"Chủ tịch HĐQT của Nam Việt đăng ký mua 4,5 triệu cổ phiếu ANV",OTHER,OTHER,NEUTRAL,LOW,STOCK_SPECIFIC,MEDIUM,WEAK_RULE_V3_ENTITY_TIERED,WEAK_RULE_V3; tier=HIGH_PRECISION; entity=TITLE_TICKER|TITLE_COMPANY|BODY_COMPANY|BODY_TICKER|TARGET_CONTEXT; score=24; event=OTHER; symbol=ANV,TITLE_TICKER|TITLE_COMPANY|BODY_COMPANY|BODY_TICKER|TARGET_CONTEXT,TITLE_TICKER_WITH_TARGET_CONTEXT,HIGH_PRECISION,FALLBACK_QUARANTINE,FALLBACK_NO_EVENT_DETECTED,80,MEDIUM,NOT_INDEPENDENTLY_VALIDATED,False
6a7c4f4996b4dd0ab9e8,78d08b3a42c14c3b73323ae7906e2fd0,HVN,Tổng Công ty Hàng không Việt Nam,2020-04-25,CafeF,https://cafef.vn/vietnam-airlines-da-hoan-tat-thoai-49-von-tai-cambodia-angkor-air-2020042509511539.chn,Vietnam Airlines đã hoàn tất thoái 49% vốn tại Cambodia Angkor Air,OTHER,OTHER,NEUTRAL,LOW,STOCK_SPECIFIC,MEDIUM,WEAK_RULE_V3_ENTITY_TIERED,WEAK_RULE_V3; tier=HIGH_PRECISION; entity=TITLE_ALIAS|BODY_COMPANY|BODY_TICKER; score=13; event=OTHER; symbol=HVN,TITLE_ALIAS|BODY_COMPANY|BODY_TICKER,TITLE_ENTITY_MENTION,HIGH_PRECISION,FALLBACK_QUARANTINE,FALLBACK_NO_EVENT_DETECTED,80,MEDIUM,NOT_INDEPENDENTLY_VALIDATED,False
2ded483dacfa0d05cb60,835a31b15a2fccc1067c284d1ac2c398,GEX,Công ty Cổ phần Tập đoàn GELEX,2020-04-25,CafeF,https://cafef.vn/co-phieu-gelex-giam-sau-keo-mhc-lo-127-ty-trong-quy-1-20200424200255765.chn,Cổ phiếu Gelex giảm sâu kéo MHC lỗ 127 tỷ trong quý 1,BUSINESS_RESULT,PROFIT_DECLINE,NEGATIVE,HIGH,STOCK_SPECIFIC,HIGH,WEAK_RULE_V3_ENTITY_TIERED,WEAK_RULE_V3; tier=HIGH_PRECISION; entity=TITLE_COMPANY|BODY_COMPANY|BODY_TICKER|TARGET_CONTEXT; score=17; event=PROFIT_DECLINE; symbol=GEX,TITLE_COMPANY|BODY_COMPANY|BODY_TICKER|TARGET_CONTEXT,TITLE_ENTITY_WITH_TARGET_CONTEXT,HIGH_PRECISION,INFORMATIVE_CANDIDATE,EXPERIMENTAL_INFORMATIVE_UNVALIDATED,100,HIGH,NOT_INDEPENDENTLY_VALIDATED,True
474f741223efab0ee544,6d2a4a88de76d115d038bfa4c51645c5,VND,Công ty Cổ phần Chứng khoán VNDIRECT,2020-04-27,CafeF,https://cafef.vn/vndirect-nganh-bds-khu-cong-nghiep-se-phuc-hoi-manh-me-sau-dai-dich-covid-19-nho-lan-song-dich-chuyen-nha-may-khoi-trung-quoc-20200426171706422.chn,VNDIRECT: “Ngành BĐS Khu công nghiệp sẽ phục hồi mạnh mẽ sau đại dịch Covid-19 nhờ làn sóng dịch chuyển nhà máy khỏi Trung Quốc”,OTHER,OTHER,NEUTRAL,LOW,STOCK_SPECIFIC,MEDIUM,WEAK_RULE_V3_ENTITY_TIERED,WEAK_RULE_V3; tier=HIGH_PRECISION; entity=TITLE_ALIAS|BODY_ALIAS; score=11; event=OTHER; symbol=VND,TITLE_ALIAS|BODY_ALIAS,TITLE_ENTITY_MENTION,HIGH_PRECISION,FALLBACK_QUARANTINE,FALLBACK_NO_EVENT_DETECTED,80,MEDIUM,NOT_INDEPENDENTLY_VALIDATED,False
5e1c07b304605856acdc,438f8eb321ed9d091871bdbb9b8eed0d,BID,Ngân hàng TMCP Đầu tư và Phát triển Việt Nam,2020-04-29,CafeF,https://cafef.vn/nhieu-co-phieu-lon-dong-thuan-but-pha-vn-index-vuot-moc-770-diem-20200429095702203.chn,"Bộ 3 BID, VCB, CTG bứt phá mạnh, VN-Index giữ vững sắc xanh trước kỳ nghỉ lễ",OTHER,OTHER,NEUTRAL,LOW,STOCK_SPECIFIC,MEDIUM,WEAK_RULE_V3_ENTITY_TIERED,WEAK_RULE_V3; tier=HIGH_PRECISION; entity=TITLE_TICKER|BODY_TICKER|TARGET_CONTEXT; score=13; event=OTHER; symbol=BID,TITLE_TICKER|BODY_TICKER|TARGET_CONTEXT,TITLE_TICKER_WITH_TARGET_CONTEXT,HIGH_PRECISION,FALLBACK_QUARANTINE,FALLBACK_NO_EVENT_DETECTED,80,MEDIUM,NOT_INDEPENDENTLY_VALIDATED,False
5ebc92decd25cac275a2,438f8eb321ed9d091871bdbb9b8eed0d,CTG,Ngân hàng TMCP Công Thương Việt Nam,2020-04-29,CafeF,https://cafef.vn/nhieu-co-phieu-lon-dong-thuan-but-pha-vn-index-vuot-moc-770-diem-20200429095702203.chn,"Bộ 3 BID, VCB, CTG bứt phá mạnh, VN-Index giữ vững sắc xanh trước kỳ nghỉ lễ",OTHER,OTHER,NEUTRAL,LOW,STOCK_SPECIFIC,MEDIUM,WEAK_RULE_V3_ENTITY_TIERED,WEAK_RULE_V3; tier=HIGH_PRECISION; entity=TITLE_TICKER|BODY_TICKER|TARGET_CONTEXT; score=13; event=OTHER; symbol=CTG,TITLE_TICKER|BODY_TICKER|TARGET_CONTEXT,TITLE_TICKER_WITH_TARGET_CONTEXT,HIGH_PRECISION,FALLBACK_QUARANTINE,FALLBACK_NO_EVENT_DETECTED,80,MEDIUM,NOT_INDEPENDENTLY_VALIDATED,False
5efbca81fb89d9765337,438f8eb321ed9d091871bdbb9b8eed0d,VCB,Ngân hàng TMCP Ngoại thương Việt Nam,2020-04-29,CafeF,https://cafef.vn/nhieu-co-phieu-lon-dong-thuan-but-pha-vn-index-vuot-moc-770-diem-20200429095702203.chn,"Bộ 3 BID, VCB, CTG bứt phá mạnh, VN-Index giữ vững sắc xanh trước kỳ nghỉ lễ",OTHER,OTHER,NEUTRAL,LOW,STOCK_SPECIFIC,MEDIUM,WEAK_RULE_V3_ENTITY_TIERED,WEAK_RULE_V3; tier=HIGH_PRECISION; entity=TITLE_TICKER|BODY_TICKER|TARGET_CONTEXT; score=13; event=OTHER; symbol=VCB,TITLE_TICKER|BODY_TICKER|TARGET_CONTEXT,TITLE_TICKER_WITH_TARGET_CONTEXT,HIGH_PRECISION,FALLBACK_QUARANTINE,FALLBACK_NO_EVENT_DETECTED,80,MEDIUM,NOT_INDEPENDENTLY_VALIDATED,False
b1294e1d627e982b2314,5f090eb5226a8263785cccf77817d1ce,FRT,Công ty Cổ phần Bán lẻ Kỹ thuật số FPT,2020-04-29,CafeF,https://cafef.vn/lnst-quy-1-cua-frt-giam-phan-nua-xuong-con-356-ty-dong-chuoi-long-chau-dat-83-cua-hang-20200429064616656.chn,"LNST quý 1 của FRT giảm phân nửa xuống còn 35,6 tỷ đồng, chuỗi Long Châu đạt 83 cửa hàng",BUSINESS_RESULT,PROFIT_GROWTH,POSITIVE,HIGH,STOCK_SPECIFIC,HIGH,WEAK_RULE_V3_ENTITY_TIERED,WEAK_RULE_V3; tier=HIGH_PRECISION; entity=TITLE_TICKER|BODY_ALIAS|BODY_TICKER|TARGET_CONTEXT; score=17; event=PROFIT_GROWTH; symbol=FRT,TITLE_TICKER|BODY_ALIAS|BODY_TICKER|TARGET_CONTEXT,TITLE_TICKER_WITH_TARGET_CONTEXT,HIGH_PRECISION,INFORMATIVE_CANDIDATE,EXPERIMENTAL_INFORMATIVE_UNVALIDATED,100,HIGH,NOT_INDEPENDENTLY_VALIDATED,True
ab13e53ec0922895f7c6,ee1d7ad011923e927c5119e5c35dfe36,VIC,Tập đoàn Vingroup,2020-04-29,CafeF,https://cafef.vn/vingroup-dat-3400-ty-lntt-trong-quy-1-doanh-thu-tu-vinfast-vinsmart-gan-gap-3-cung-ky-20200429124720765.chn,"Vingroup đạt 3.400 tỷ LNTT trong quý 1, doanh thu từ VinFast, Vinsmart gần gấp 3 cùng kỳ",OTHER,OTHER,NEUTRAL,LOW,STOCK_SPECIFIC,MEDIUM,WEAK_RULE_V3_ENTITY_TIERED,WEAK_RULE_V3; tier=HIGH_PRECISION; entity=TITLE_COMPANY|BODY_COMPANY|BODY_TICKER|TARGET_CONTEXT; score=17; event=OTHER; symbol=VIC,TITLE_COMPANY|BODY_COMPANY|BODY_TICKER|TARGET_CONTEXT,TITLE_ENTITY_WITH_TARGET_CONTEXT,HIGH_PRECISION,FALLBACK_QUARANTINE,FALLBACK_NO_EVENT_DETECTED,80,MEDIUM,NOT_INDEPENDENTLY_VALIDATED,False
25515383c1a289fe5914,e19d456b5d4c3dca17af19bb620e4344,VJC,Công ty Cổ phần Hàng không Vietjet,2020-05-04,CafeF,https://cafef.vn/luong-khach-giam-22-trong-quy-1-lo-989-ty-thap-hon-ke-hoach-du-kien-vietjet-san-sang-tro-lai-voi-bau-troi-20200504130611341.chn,"Lượng khách giảm 22% trong quý 1, lỗ 989 tỷ thấp hơn kế hoạch dự kiến, Vietjet sẵn sàng trở lại với bầu trời",CORPORATE_ACTION,LEADERSHIP_CHANGE,NEUTRAL,MODERATE,STOCK_SPECIFIC,HIGH,WEAK_RULE_V3_ENTITY_TIERED,WEAK_RULE_V3; tier=HIGH_PRECISION; entity=TITLE_ALIAS|BODY_COMPANY|BODY_TICKER|TARGET_CONTEXT; score=17; event=LEADERSHIP_CHANGE; symbol=VJC,TITLE_ALIAS|BODY_COMPANY|BODY_TICKER|TARGET_CONTEXT,TITLE_ENTITY_WITH_TARGET_CONTEXT,HIGH_PRECISION,INFORMATIVE_CANDIDATE,EXPERIMENTAL_INFORMATIVE_UNVALIDATED,100,HIGH,NOT_INDEPENDENTLY_VALIDATED,True
0888e96fb70131bde1b6,b4775dcf3c7dc3d25b43a1aba91891fb,ACB,Ngân hàng TMCP Á Châu,2020-05-07,VietnamBiz,https://vietnambiz.vn/co-phieu-tam-diem-ngay-8-5-acb-mpc-drh-2020050718581716.htm,"Cổ phiếu tâm điểm ngày 8/5: ACB, MPC, DRH",OTHER,OTHER,NEUTRAL,LOW,STOCK_SPECIFIC,MEDIUM,WEAK_RULE_V3_ENTITY_TIERED,WEAK_RULE_V3; tier=HIGH_PRECISION; entity=TITLE_TICKER|BODY_TICKER|TARGET_CONTEXT; score=13; event=OTHER; symbol=ACB,TITLE_TICKER|BODY_TICKER|TARGET_CONTEXT,TITLE_TICKER_WITH_TARGET_CONTEXT,HIGH_PRECISION,FALLBACK_QUARANTINE,FALLBACK_NO_EVENT_DETECTED,80,MEDIUM,NOT_INDEPENDENTLY_VALIDATED,False
e04a8b1475905e7e672d,96b0acf61d4de19aa0eb0256b807bf40,TCB,Ngân hàng TMCP Kỹ Thương Việt Nam,2020-05-10,VietnamBiz,https://vietnambiz.vn/co-phieu-tam-diem-ngay-11-5-vcb-tcb-vhm-bce-20200510202411718.htm,"Cổ phiếu tâm điểm ngày 11/5: VCB, TCB, VHM, BCE",OTHER,OTHER,NEUTRAL,LOW,STOCK_SPECIFIC,MEDIUM,WEAK_RULE_V3_ENTITY_TIERED,WEAK_RULE_V3; tier=HIGH_PRECISION; entity=TITLE_TICKER|BODY_TICKER|TARGET_CONTEXT; score=13; event=OTHER; symbol=TCB,TITLE_TICKER|BODY_TICKER|TARGET_CONTEXT,TITLE_TICKER_WITH_TARGET_CONTEXT,HIGH_PRECISION,FALLBACK_QUARANTINE,FALLBACK_NO_EVENT_DETECTED,80,MEDIUM,NOT_INDEPENDENTLY_VALIDATED,False
c37a43caf422ec3abcbb,96b0acf61d4de19aa0eb0256b807bf40,VCB,Ngân hàng TMCP Ngoại thương Việt Nam,2020-05-10,VietnamBiz,https://vietnambiz.vn/co-phieu-tam-diem-ngay-11-5-vcb-tcb-vhm-bce-20200510202411718.htm,"Cổ phiếu tâm điểm ngày 11/5: VCB, TCB, VHM, BCE",OTHER,OTHER,NEUTRAL,LOW,STOCK_SPECIFIC,MEDIUM,WEAK_RULE_V3_ENTITY_TIERED,WEAK_RULE_V3; tier=HIGH_PRECISION; entity=TITLE_TICKER|BODY_TICKER|TARGET_CONTEXT; score=13; event=OTHER; symbol=VCB,TITLE_TICKER|BODY_TICKER|TARGET_CONTEXT,TITLE_TICKER_WITH_TARGET_CONTEXT,HIGH_PRECISION,FALLBACK_QUARANTINE,FALLBACK_NO_EVENT_DETECTED,80,MEDIUM,NOT_INDEPENDENTLY_VALIDATED,False
f57d18f08cef472ea3e0,96b0acf61d4de19aa0eb0256b807bf40,VHM,Công ty Cổ phần Vinhomes,2020-05-10,VietnamBiz,https://vietnambiz.vn/co-phieu-tam-diem-ngay-11-5-vcb-tcb-vhm-bce-20200510202411718.htm,"Cổ phiếu tâm điểm ngày 11/5: VCB, TCB, VHM, BCE",OTHER,OTHER,NEUTRAL,LOW,STOCK_SPECIFIC,MEDIUM,WEAK_RULE_V3_ENTITY_TIERED,WEAK_RULE_V3; tier=HIGH_PRECISION; entity=TITLE_TICKER|BODY_TICKER|TARGET_CONTEXT; score=13; event=OTHER; symbol=VHM,TITLE_TICKER|BODY_TICKER|TARGET_CONTEXT,TITLE_TICKER_WITH_TARGET_CONTEXT,HIGH_PRECISION,FALLBACK_QUARANTINE,FALLBACK_NO_EVENT_DETECTED,80,MEDIUM,NOT_INDEPENDENTLY_VALIDATED,False
f8bdfd0b50c93506203c,5068a5c6c53e012ecd1aeac26b8ee8fb,VCB,Ngân hàng TMCP Ngoại thương Việt Nam,2020-05-13,CafeF,https://cafef.vn/phien-13-5-khoi-ngoai-mua-rong-phien-thu-2-lien-tiep-tap-trung-gom-vnm-vcb-va-chung-chi-quy-fuevfvnd-20200513151820341.chn,"Phiên 13/5: Khối ngoại mua ròng phiên thứ 2 liên tiếp, tập trung “gom” VNM, VCB và chứng chỉ quỹ FUEVFVND",OTHER,OTHER,NEUTRAL,LOW,STOCK_SPECIFIC,MEDIUM,WEAK_RULE_V3_ENTITY_TIERED,WEAK_RULE_V3; tier=HIGH_PRECISION; entity=TITLE_TICKER|BODY_TICKER|TARGET_CONTEXT; score=13; event=OTHER; symbol=VCB,TITLE_TICKER|BODY_TICKER|TARGET_CONTEXT,TITLE_TICKER_WITH_TARGET_CONTEXT,HIGH_PRECISION,FALLBACK_QUARANTINE,FALLBACK_NO_EVENT_DETECTED,80,MEDIUM,NOT_INDEPENDENTLY_VALIDATED,False
d5ca833cd29e0476526d,5068a5c6c53e012ecd1aeac26b8ee8fb,VNM,Công ty Cổ phần Sữa Việt Nam,2020-05-13,CafeF,https://cafef.vn/phien-13-5-khoi-ngoai-mua-rong-phien-thu-2-lien-tiep-tap-trung-gom-vnm-vcb-va-chung-chi-quy-fuevfvnd-20200513151820341.chn,"Phiên 13/5: Khối ngoại mua ròng phiên thứ 2 liên tiếp, tập trung “gom” VNM, VCB và chứng chỉ quỹ FUEVFVND",OTHER,OTHER,NEUTRAL,LOW,STOCK_SPECIFIC,MEDIUM,WEAK_RULE_V3_ENTITY_TIERED,WEAK_RULE_V3; tier=HIGH_PRECISION; entity=TITLE_TICKER|BODY_TICKER|TARGET_CONTEXT; score=13; event=OTHER; symbol=VNM,TITLE_TICKER|BODY_TICKER|TARGET_CONTEXT,TITLE_TICKER_WITH_TARGET_CONTEXT,HIGH_PRECISION,FALLBACK_QUARANTINE,FALLBACK_NO_EVENT_DETECTED,80,MEDIUM,NOT_INDEPENDENTLY_VALIDATED,False
ae35cc7212e0c80f0496,8a99f54f14f4c78c19d127913cd3a095,PDR,Công ty Cổ phần Phát triển Bất động sản Phát Đạt,2020-05-13,CafeF,https://cafef.vn/bat-dong-san-phat-dat-pdr-chot-danh-sach-co-dong-phat-hanh-gan-43-trieu-co-phieu-tra-co-tuc-20200513110117701.chn,Bất động sản Phát Đạt (PDR) chốt danh sách cổ đông phát hành gần 43 triệu cổ phiếu trả cổ tức,CORPORATE_ACTION,DIVIDEND,POSITIVE,MODERATE,STOCK_SPECIFIC,HIGH,WEAK_RULE_V3_ENTITY_TIERED,WEAK_RULE_V3; tier=HIGH_PRECISION; entity=TITLE_TICKER|TITLE_ALIAS|BODY_COMPANY|BODY_TICKER|TARGET_CONTEXT; score=24; event=DIVIDEND; symbol=PDR,TITLE_TICKER|TITLE_ALIAS|BODY_COMPANY|BODY_TICKER|TARGET_CONTEXT,TITLE_TICKER_WITH_TARGET_CONTEXT,HIGH_PRECISION,INFORMATIVE_CANDIDATE,EXPERIMENTAL_INFORMATIVE_UNVALIDATED,100,HIGH,NOT_INDEPENDENTLY_VALIDATED,True
a6d686e1c6b41206f569,cd8c44ac8d5600d5cc2b46ed74ff0cdb,VNM,Công ty Cổ phần Sữa Việt Nam,2020-05-13,CafeF,https://cafef.vn/vnm-vph-hdc-dha-lm8-svi-vsc-ame-svn-spi-pbk-ktt-tkc-idj-thong-tin-giao-dich-luong-lon-co-phieu-20200513093215638.chn,"VNM, VPH, HDC, DHA, LM8, SVI, VSC, AME, SVN, SPI, PBK, KTT, TKC, IDJ: Thông tin giao dịch lượng lớn cổ phiếu",OTHER,OTHER,NEUTRAL,LOW,STOCK_SPECIFIC,MEDIUM,WEAK_RULE_V3_ENTITY_TIERED,WEAK_RULE_V3; tier=HIGH_PRECISION; entity=TITLE_TICKER|BODY_ALIAS|BODY_TICKER|TARGET_CONTEXT; score=17; event=OTHER; symbol=VNM,TITLE_TICKER|BODY_ALIAS|BODY_TICKER|TARGET_CONTEXT,TITLE_TICKER_WITH_TARGET_CONTEXT,HIGH_PRECISION,FALLBACK_QUARANTINE,FALLBACK_NO_EVENT_DETECTED,80,MEDIUM,NOT_INDEPENDENTLY_VALIDATED,False
1a84677ae77308f67e60,cd8c44ac8d5600d5cc2b46ed74ff0cdb,VSC,Công ty Cổ phần Container Việt Nam,2020-05-13,CafeF,https://cafef.vn/vnm-vph-hdc-dha-lm8-svi-vsc-ame-svn-spi-pbk-ktt-tkc-idj-thong-tin-giao-dich-luong-lon-co-phieu-20200513093215638.chn,"VNM, VPH, HDC, DHA, LM8, SVI, VSC, AME, SVN, SPI, PBK, KTT, TKC, IDJ: Thông tin giao dịch lượng lớn cổ phiếu",OTHER,OTHER,NEUTRAL,LOW,STOCK_SPECIFIC,MEDIUM,WEAK_RULE_V3_ENTITY_TIERED,WEAK_RULE_V3; tier=HIGH_PRECISION; entity=TITLE_TICKER|BODY_COMPANY|BODY_TICKER|TARGET_CONTEXT; score=17; event=OTHER; symbol=VSC,TITLE_TICKER|BODY_COMPANY|BODY_TICKER|TARGET_CONTEXT,TITLE_TICKER_WITH_TARGET_CONTEXT,HIGH_PRECISION,FALLBACK_QUARANTINE,FALLBACK_NO_EVENT_DETECTED,80,MEDIUM,NOT_INDEPENDENTLY_VALIDATED,False
a60249138d3869b6d652,5b5ae0ffc0ab2b6ebfed1b3639020ae4,KDH,Công ty Cổ phần Đầu tư và Kinh doanh Nhà Khang Điền,2020-05-14,CafeF,https://cafef.vn/kdh-apg-cmx-dxl-thong-tin-giao-dich-luong-lon-co-phieu-20200514080209478.chn,"KDH, APG, CMX, DXL: Thông tin giao dịch lượng lớn cổ phiếu",OTHER,OTHER,NEUTRAL,LOW,STOCK_SPECIFIC,MEDIUM,WEAK_RULE_V3_ENTITY_TIERED,WEAK_RULE_V3; tier=HIGH_PRECISION; entity=TITLE_TICKER|BODY_ALIAS|BODY_TICKER|TARGET_CONTEXT; score=17; event=OTHER; symbol=KDH,TITLE_TICKER|BODY_ALIAS|BODY_TICKER|TARGET_CONTEXT,TITLE_TICKER_WITH_TARGET_CONTEXT,HIGH_PRECISION,FALLBACK_QUARANTINE,FALLBACK_NO_EVENT_DETECTED,80,MEDIUM,NOT_INDEPENDENTLY_VALIDATED,False
f645f3977278521edb80,50af77ddf6266b109087c015c0f9417b,VIC,Tập đoàn Vingroup,2020-05-19,CafeF,https://cafef.vn/vingroup-xac-dinh-2020-la-nam-that-lung-buoc-bung-dat-muc-tieu-145000-ty-doanh-thu-va-5000-ty-lnst-20200519115208072.chn,"Vingroup xác định 2020 là năm thắt lưng buộc bụng, đặt mục tiêu 145.000 tỷ doanh thu và 5.000 tỷ LNST",BUSINESS_RESULT,PROJECT_EXPANSION,POSITIVE,MODERATE,STOCK_SPECIFIC,HIGH,WEAK_RULE_V3_ENTITY_TIERED,WEAK_RULE_V3; tier=HIGH_PRECISION; entity=TITLE_COMPANY|BODY_COMPANY; score=11; event=PROJECT_EXPANSION; symbol=VIC,TITLE_COMPANY|BODY_COMPANY,TITLE_ENTITY_MENTION,HIGH_PRECISION,INFORMATIVE_CANDIDATE,EXPERIMENTAL_INFORMATIVE_UNVALIDATED,100,HIGH,NOT_INDEPENDENTLY_VALIDATED,True
050c288d164caacc7c0d,b708c2f86b9996ef50445b427450f798,FPT,Công ty Cổ phần FPT,2020-05-19,CafeF,https://cafef.vn/nhom-quy-dragon-capital-giam-ty-trong-nam-giu-co-phieu-fpt-retail-frt-20200519140939728.chn,Nhóm quỹ Dragon Capital giảm tỷ trọng nắm giữ cổ phiếu FPT Retail (FRT),OTHER,OTHER,NEUTRAL,LOW,STOCK_SPECIFIC,MEDIUM,WEAK_RULE_V3_ENTITY_TIERED,WEAK_RULE_V3; tier=HIGH_PRECISION; entity=TITLE_TICKER|BODY_TICKER|TARGET_CONTEXT; score=13; event=OTHER; symbol=FPT,TITLE_TICKER|BODY_TICKER|TARGET_CONTEXT,TITLE_TICKER_WITH_TARGET_CONTEXT,HIGH_PRECISION,FALLBACK_QUARANTINE,FALLBACK_NO_EVENT_DETECTED,80,MEDIUM,NOT_INDEPENDENTLY_VALIDATED,False
cd32984f7affffd353e1,b708c2f86b9996ef50445b427450f798,FRT,Công ty Cổ phần Bán lẻ Kỹ thuật số FPT,2020-05-19,CafeF,https://cafef.vn/nhom-quy-dragon-capital-giam-ty-trong-nam-giu-co-phieu-fpt-retail-frt-20200519140939728.chn,Nhóm quỹ Dragon Capital giảm tỷ trọng nắm giữ cổ phiếu FPT Retail (FRT),OTHER,OTHER,NEUTRAL,LOW,STOCK_SPECIFIC,MEDIUM,WEAK_RULE_V3_ENTITY_TIERED,WEAK_RULE_V3; tier=HIGH_PRECISION; entity=TITLE_TICKER|TITLE_ALIAS|BODY_ALIAS|BODY_TICKER|TARGET_CONTEXT; score=24; event=OTHER; symbol=FRT,TITLE_TICKER|TITLE_ALIAS|BODY_ALIAS|BODY_TICKER|TARGET_CONTEXT,TITLE_TICKER_WITH_TARGET_CONTEXT,HIGH_PRECISION,FALLBACK_QUARANTINE,FALLBACK_NO_EVENT_DETECTED,80,MEDIUM,NOT_INDEPENDENTLY_VALIDATED,False
e40cd9ac6bbce42e8f2b,42022b1b052678e3386b47b5eb13468b,HPG,Công ty Cổ phần Tập đoàn Hòa Phát,2020-05-21,VietnamBiz,https://vietnambiz.vn/khoi-ngoai-ban-rong-nhe-61-ti-dong-toan-thi-truong-chu-yeu-xa-co-phieu-hpg-20200521155128362.htm,"Khối ngoại bán ròng nhẹ 61 tỉ đồng toàn thị trường, chủ yếu xả cổ phiếu HPG",OTHER,OTHER,NEUTRAL,LOW,STOCK_SPECIFIC,MEDIUM,WEAK_RULE_V3_ENTITY_TIERED,WEAK_RULE_V3; tier=HIGH_PRECISION; entity=TITLE_TICKER|BODY_TICKER|TARGET_CONTEXT; score=13; event=OTHER; symbol=HPG,TITLE_TICKER|BODY_TICKER|TARGET_CONTEXT,TITLE_TICKER_WITH_TARGET_CONTEXT,HIGH_PRECISION,FALLBACK_QUARANTINE,FALLBACK_NO_EVENT_DETECTED,80,MEDIUM,NOT_INDEPENDENTLY_VALIDATED,False
a568d63c6570917249b5,424eb3410f995ec838fe46e95051c9f9,MSN,Công ty Cổ phần Tập đoàn Masan,2020-05-22,VietnamBiz,https://vietnambiz.vn/qui-chinh-phu-singapore-gic-chi-hon-2300-ti-dong-mua-co-phieu-msn-20200522170357455.htm,Quĩ Chính phủ Singapore (GIC) chi hơn 2.300 tỉ đồng mua cổ phiếu MSN,BUSINESS_RESULT,PROFIT_DECLINE,NEGATIVE,HIGH,STOCK_SPECIFIC,HIGH,WEAK_RULE_V3_ENTITY_TIERED,WEAK_RULE_V3; tier=HIGH_PRECISION; entity=TITLE_TICKER|BODY_COMPANY|BODY_TICKER|TARGET_CONTEXT; score=17; event=PROFIT_DECLINE; symbol=MSN,TITLE_TICKER|BODY_COMPANY|BODY_TICKER|TARGET_CONTEXT,TITLE_TICKER_WITH_TARGET_CONTEXT,HIGH_PRECISION,INFORMATIVE_CANDIDATE,EXPERIMENTAL_INFORMATIVE_UNVALIDATED,100,HIGH,NOT_INDEPENDENTLY_VALIDATED,True
61de569c9fc3e33b9eaf,b3763f6f87053faf21249390ee98303b,HPG,Công ty Cổ phần Tập đoàn Hòa Phát,2020-05-22,VietnamBiz,https://vietnambiz.vn/thi-truong-chung-khoan-22-5-co-phieu-nha-kido-tiep-tuc-tang-soc-vn-index-giam-sau-dau-phien-20200522093643423.htm,"Thị trường chứng khoán 22/5: VN-Index giảm gần 10 điểm, HPG ngược dòng tăng giá",OTHER,OTHER,NEUTRAL,LOW,STOCK_SPECIFIC,MEDIUM,WEAK_RULE_V3_ENTITY_TIERED,WEAK_RULE_V3; tier=HIGH_PRECISION; entity=TITLE_TICKER|BODY_TICKER|TARGET_CONTEXT; score=13; event=OTHER; symbol=HPG,TITLE_TICKER|BODY_TICKER|TARGET_CONTEXT,TITLE_TICKER_WITH_TARGET_CONTEXT,HIGH_PRECISION,FALLBACK_QUARANTINE,FALLBACK_NO_EVENT_DETECTED,80,MEDIUM,NOT_INDEPENDENTLY_VALIDATED,False
4dc84af892468a743387,d0cbadd1eeba1d0e3fcaa71a8fcbf484,NKG,Công ty Cổ phần Thép Nam Kim,2020-05-22,VietnamBiz,https://vietnambiz.vn/qui-i-co-lai-thep-nam-kim-du-chi-hon-70-ti-dong-mua-10-trieu-co-phieu-qui-20200522122259688.htm,"Quí I có lãi, Thép Nam Kim dự chi hơn 70 tỉ đồng mua 10 triệu cổ phiếu quĩ",BUSINESS_RESULT,PROFIT_DECLINE,NEGATIVE,HIGH,STOCK_SPECIFIC,HIGH,WEAK_RULE_V3_ENTITY_TIERED,WEAK_RULE_V3; tier=HIGH_PRECISION; entity=TITLE_COMPANY|BODY_COMPANY|BODY_TICKER|TARGET_CONTEXT; score=17; event=PROFIT_DECLINE; symbol=NKG,TITLE_COMPANY|BODY_COMPANY|BODY_TICKER|TARGET_CONTEXT,TITLE_ENTITY_WITH_TARGET_CONTEXT,HIGH_PRECISION,INFORMATIVE_CANDIDATE,EXPERIMENTAL_INFORMATIVE_UNVALIDATED,100,HIGH,NOT_INDEPENDENTLY_VALIDATED,True
cfb712ae2779025b5700,f8be94a327d07d0c1207c69cdbabb5e2,FPT,Công ty Cổ phần FPT,2020-05-22,VietnamBiz,https://vietnambiz.vn/fpt-online-sap-trich-them-74-ti-dong-tra-co-tuc-20200522160144659.htm,FPT Online sắp trích thêm 74 tỉ đồng trả cổ tức,CORPORATE_ACTION,DIVIDEND,POSITIVE,MODERATE,STOCK_SPECIFIC,HIGH,WEAK_RULE_V3_ENTITY_TIERED,WEAK_RULE_V3; tier=HIGH_PRECISION; entity=TITLE_TICKER|BODY_ALIAS|BODY_TICKER; score=13; event=DIVIDEND; symbol=FPT,TITLE_TICKER|BODY_ALIAS|BODY_TICKER,TITLE_ENTITY_MENTION,HIGH_PRECISION,INFORMATIVE_CANDIDATE,EXPERIMENTAL_INFORMATIVE_UNVALIDATED,100,HIGH,NOT_INDEPENDENTLY_VALIDATED,True
ff0053baa063de1e8b85,ef55ceda6e551db7642d22156eae1845,HPG,Công ty Cổ phần Tập đoàn Hòa Phát,2020-05-24,VietnamBiz,https://vietnambiz.vn/thi-truong-chung-quyen-tuan-18-22-5-nhom-hpg-bung-no-chung-quyen-ros-giam-sau-20200524160432256.htm,"Thị trường chứng quyền tuần (18 - 22/5): Nhóm HPG bùng nổ, chứng quyền ROS giảm sâu",OTHER,OTHER,NEUTRAL,LOW,STOCK_SPECIFIC,MEDIUM,WEAK_RULE_V3_ENTITY_TIERED,WEAK_RULE_V3; tier=HIGH_PRECISION; entity=TITLE_TICKER|BODY_TICKER|TARGET_CONTEXT; score=13; event=OTHER; symbol=HPG,TITLE_TICKER|BODY_TICKER|TARGET_CONTEXT,TITLE_TICKER_WITH_TARGET_CONTEXT,HIGH_PRECISION,FALLBACK_QUARANTINE,FALLBACK_NO_EVENT_DETECTED,80,MEDIUM,NOT_INDEPENDENTLY_VALIDATED,False
2727e6d7be83f5d9c26f,14aff753c1891534b520a3d70387cac7,HSG,Công ty Cổ phần Tập đoàn Hoa Sen,2020-05-29,CafeF,https://cafef.vn/hsg-vuot-menh-gia-em-gai-pho-tong-nhanh-chong-ban-ra-hon-7-trieu-co-phieu-20200529100811293.chn,"HSG vượt mệnh giá, em gái Phó Tổng nhanh chóng bán ra hơn 7 triệu cổ phiếu",OTHER,OTHER,NEUTRAL,LOW,STOCK_SPECIFIC,MEDIUM,WEAK_RULE_V3_ENTITY_TIERED,WEAK_RULE_V3; tier=HIGH_PRECISION; entity=TITLE_TICKER|BODY_COMPANY|BODY_TICKER|TARGET_CONTEXT; score=17; event=OTHER; symbol=HSG,TITLE_TICKER|BODY_COMPANY|BODY_TICKER|TARGET_CONTEXT,TITLE_TICKER_WITH_TARGET_CONTEXT,HIGH_PRECISION,FALLBACK_QUARANTINE,FALLBACK_NO_EVENT_DETECTED,80,MEDIUM,NOT_INDEPENDENTLY_VALIDATED,False
6f7aa1827a4ed00cc2f8,98e828e5ecf080d7ef426c97d9f7ed8c,VND,Công ty Cổ phần Chứng khoán VNDIRECT,2020-05-29,CafeF,https://cafef.vn/sau-bien-dong-lon-ve-so-huu-tai-savico-cuu-ceo-vndirect-nguyen-hoang-giang-cung-dai-dien-dnp-water-tham-gia-hdqt-20200529103556386.chn,Sau biến động lớn về sở hữu tại Savico: Cựu CEO VNDirect Nguyễn Hoàng Giang cùng đại diện DNP Water tham gia HĐQT,CORPORATE_ACTION,LEADERSHIP_CHANGE,NEUTRAL,MODERATE,STOCK_SPECIFIC,HIGH,WEAK_RULE_V3_ENTITY_TIERED,WEAK_RULE_V3; tier=HIGH_PRECISION; entity=TITLE_ALIAS|BODY_COMPANY|BODY_TICKER; score=13; event=LEADERSHIP_CHANGE; symbol=VND,TITLE_ALIAS|BODY_COMPANY|BODY_TICKER,TITLE_ENTITY_MENTION,HIGH_PRECISION,INFORMATIVE_CANDIDATE,EXPERIMENTAL_INFORMATIVE_UNVALIDATED,100,HIGH,NOT_INDEPENDENTLY_VALIDATED,True
f2a1b42609194c95183a,5e030f08b683d6589e2dd27b2ad6a662,SSI,Công ty Cổ phần Chứng khoán SSI,2020-06-03,VietnamBiz,https://vietnambiz.vn/chung-khoan-ssi-dat-chi-tieu-lai-868-ti-dong-nam-nay-phat-trien-ung-dung-cong-nghe-trong-giao-dich-20200603161228541.htm,"Chứng khoán SSI đặt chỉ tiêu lãi 868 tỉ đồng năm nay, tiếp tục phát triển ứng dụng công nghệ trong giao dịch",OTHER,OTHER,NEUTRAL,LOW,STOCK_SPECIFIC,MEDIUM,WEAK_RULE_V3_ENTITY_TIERED,WEAK_RULE_V3; tier=HIGH_PRECISION; entity=TITLE_TICKER|TITLE_COMPANY|BODY_COMPANY|BODY_TICKER|TARGET_CONTEXT; score=24; event=OTHER; symbol=SSI,TITLE_TICKER|TITLE_COMPANY|BODY_COMPANY|BODY_TICKER|TARGET_CONTEXT,TITLE_TICKER_WITH_TARGET_CONTEXT,HIGH_PRECISION,FALLBACK_QUARANTINE,FALLBACK_NO_EVENT_DETECTED,80,MEDIUM,NOT_INDEPENDENTLY_VALIDATED,False
76eb5ba96f4741bc54ca,6423492468ef0ae5b8d8e0c4bd804f9f,HSG,Công ty Cổ phần Tập đoàn Hoa Sen,2020-06-03,VietnamBiz,https://vietnambiz.vn/lanh-dao-hoa-sen-dang-ki-thoai-von-20200603182804305.htm,Lãnh đạo Hoa Sen đăng kí thoái vốn,OTHER,OTHER,NEUTRAL,LOW,STOCK_SPECIFIC,MEDIUM,WEAK_RULE_V3_ENTITY_TIERED,WEAK_RULE_V3; tier=HIGH_PRECISION; entity=TITLE_COMPANY|BODY_COMPANY|BODY_TICKER|TARGET_CONTEXT; score=17; event=OTHER; symbol=HSG,TITLE_COMPANY|BODY_COMPANY|BODY_TICKER|TARGET_CONTEXT,TITLE_ENTITY_WITH_TARGET_CONTEXT,HIGH_PRECISION,FALLBACK_QUARANTINE,FALLBACK_NO_EVENT_DETECTED,80,MEDIUM,NOT_INDEPENDENTLY_VALIDATED,False
99a8746998aac3c1b2b7,81be0b9eafb960fe5108d8c8841d4fcf,POW,Tổng Công ty Điện lực Dầu khí Việt Nam,2020-06-03,VietnamBiz,https://vietnambiz.vn/co-phieu-nong-bsr-pow-oil-hang-hiem-ngay-ay-va-bay-gio-20200603075958556.htm,"Cổ phiếu nóng BSR, POW, OIL: Hàng hiếm ngày ấy và bây giờ",CORPORATE_ACTION,STOCK_ISSUANCE,NEUTRAL,MODERATE,STOCK_SPECIFIC,HIGH,WEAK_RULE_V3_ENTITY_TIERED,WEAK_RULE_V3; tier=HIGH_PRECISION; entity=TITLE_TICKER|BODY_ALIAS|BODY_TICKER|TARGET_CONTEXT; score=17; event=STOCK_ISSUANCE; symbol=POW,TITLE_TICKER|BODY_ALIAS|BODY_TICKER|TARGET_CONTEXT,TITLE_TICKER_WITH_TARGET_CONTEXT,HIGH_PRECISION,INFORMATIVE_CANDIDATE,EXPERIMENTAL_INFORMATIVE_UNVALIDATED,100,HIGH,NOT_INDEPENDENTLY_VALIDATED,True
e1dcfeae2edade1355a1,1d07008e10da4989ca8bab0a148eb89a,SSI,Công ty Cổ phần Chứng khoán SSI,2020-06-04,CafeF,https://cafef.vn/dhdcd-sgn-nhom-co-dong-lon-ssi-gioi-thieu-them-1-thanh-vien-bks-nhiem-ky-2020-2025-dat-chi-tieu-kinh-doanh-than-trong-truoc-lo-ngai-covid-19-20200604114355746.chn,"ĐHĐCĐ SGN: Nhóm cổ đông lớn SSI giới thiệu thêm 1 thành viên BKS nhiệm kỳ 2020-2025, đặt chỉ tiêu kinh doanh thận trọng trước lo ngại Covid-19",CORPORATE_ACTION,DIVIDEND,POSITIVE,MODERATE,STOCK_SPECIFIC,HIGH,WEAK_RULE_V3_ENTITY_TIERED,WEAK_RULE_V3; tier=HIGH_PRECISION; entity=TITLE_TICKER|BODY_COMPANY|BODY_TICKER|TARGET_CONTEXT; score=17; event=DIVIDEND; symbol=SSI,TITLE_TICKER|BODY_COMPANY|BODY_TICKER|TARGET_CONTEXT,TITLE_TICKER_WITH_TARGET_CONTEXT,HIGH_PRECISION,INFORMATIVE_CANDIDATE,EXPERIMENTAL_INFORMATIVE_UNVALIDATED,100,HIGH,NOT_INDEPENDENTLY_VALIDATED,True
a74149816d7bdd958570,a6ce94c90e60c7acab24c3086f03e587,HPG,Công ty Cổ phần Tập đoàn Hòa Phát,2020-06-04,CafeF,https://cafef.vn/phien-4-6-khoi-ngoai-ban-rong-hon-150-ty-dong-tap-trung-xa-hpg-va-e1vfvn30-20200604151904011.chn,"Phiên 4/6: Khối ngoại bán ròng hơn 150 tỷ đồng, tập trung “xả” HPG và E1VFVN30",OTHER,OTHER,NEUTRAL,LOW,STOCK_SPECIFIC,MEDIUM,WEAK_RULE_V3_ENTITY_TIERED,WEAK_RULE_V3; tier=HIGH_PRECISION; entity=TITLE_TICKER|BODY_TICKER|TARGET_CONTEXT; score=13; event=OTHER; symbol=HPG,TITLE_TICKER|BODY_TICKER|TARGET_CONTEXT,TITLE_TICKER_WITH_TARGET_CONTEXT,HIGH_PRECISION,FALLBACK_QUARANTINE,FALLBACK_NO_EVENT_DETECTED,80,MEDIUM,NOT_INDEPENDENTLY_VALIDATED,False
d9e33ede25bc98461946,c22ed3b1dd8cf789e50ea4ce3e41313d,GAS,Tổng Công ty Khí Việt Nam,2020-06-04,CafeF,https://cafef.vn/pv-gas-5-thang-dau-nam-uoc-dat-4500-ty-lntt-20200604172017433.chn,PV GAS: 5 tháng đầu năm ước đạt 4.500 tỷ LNTT,OTHER,OTHER,NEUTRAL,LOW,STOCK_SPECIFIC,MEDIUM,WEAK_RULE_V3_ENTITY_TIERED,WEAK_RULE_V3; tier=HIGH_PRECISION; entity=TITLE_TICKER|TITLE_ALIAS|BODY_ALIAS|BODY_TICKER|TARGET_CONTEXT; score=24; event=OTHER; symbol=GAS,TITLE_TICKER|TITLE_ALIAS|BODY_ALIAS|BODY_TICKER|TARGET_CONTEXT,TITLE_TICKER_WITH_TARGET_CONTEXT,HIGH_PRECISION,FALLBACK_QUARANTINE,FALLBACK_NO_EVENT_DETECTED,80,MEDIUM,NOT_INDEPENDENTLY_VALIDATED,False
0edd5efa7118c1a798b2,7736e9b8c8a3215f2de2667018d62bd2,FPT,Công ty Cổ phần FPT,2020-06-05,CafeF,https://cafef.vn/fpt-telecom-fox-chot-quyen-phat-hanh-gan-25-trieu-co-phieu-tra-co-tuc-nam-2019-20200604204138652.chn,FPT Telecom (FOX) chốt quyền phát hành gần 25 triệu cổ phiếu trả cổ tức năm 2019,CORPORATE_ACTION,DIVIDEND,POSITIVE,MODERATE,STOCK_SPECIFIC,HIGH,WEAK_RULE_V3_ENTITY_TIERED,WEAK_RULE_V3; tier=HIGH_PRECISION; entity=TITLE_TICKER|BODY_TICKER|TARGET_CONTEXT; score=13; event=DIVIDEND; symbol=FPT,TITLE_TICKER|BODY_TICKER|TARGET_CONTEXT,TITLE_TICKER_WITH_TARGET_CONTEXT,HIGH_PRECISION,INFORMATIVE_CANDIDATE,EXPERIMENTAL_INFORMATIVE_UNVALIDATED,100,HIGH,NOT_INDEPENDENTLY_VALIDATED,True
3ce9272fb09c2ffdfa87,b2037e97494f640df1d100b3f2e478be,HPG,Công ty Cổ phần Tập đoàn Hòa Phát,2020-06-09,CafeF,https://cafef.vn/tap-doan-hoa-phat-muc-tieu-lai-9000-ty-dong-nam-2020-ke-hoach-doanh-thu-tang-35-len-86000-ty-dong-20200609102809074.chn,"Tập đoàn Hòa Phát: Mục tiêu lãi 9.000 tỷ đồng năm 2020, kế hoạch doanh thu tăng 35% lên 86.000 tỷ đồng",BUSINESS_RESULT,PROFIT_GROWTH,POSITIVE,HIGH,STOCK_SPECIFIC,HIGH,WEAK_RULE_V3_ENTITY_TIERED,WEAK_RULE_V3; tier=HIGH_PRECISION; entity=TITLE_COMPANY|BODY_COMPANY|BODY_TICKER|TARGET_CONTEXT; score=17; event=PROFIT_GROWTH; symbol=HPG,TITLE_COMPANY|BODY_COMPANY|BODY_TICKER|TARGET_CONTEXT,TITLE_ENTITY_WITH_TARGET_CONTEXT,HIGH_PRECISION,INFORMATIVE_CANDIDATE,EXPERIMENTAL_INFORMATIVE_UNVALIDATED,100,HIGH,NOT_INDEPENDENTLY_VALIDATED,True
27676697af4909c61996,0f083ced50c02c13cc1fd200416fb48d,VHM,Công ty Cổ phần Vinhomes,2020-06-16,CafeF,https://cafef.vn/nhom-quy-gom-kkr-temasek-vua-rot-650-trieu-usd-mua-co-phan-vinhomes-20200616093303328.chn,"Nhóm quỹ gồm KKR, Temasek vừa rót 650 triệu USD mua cổ phần VinHomes",OTHER,OTHER,NEUTRAL,LOW,STOCK_SPECIFIC,MEDIUM,WEAK_RULE_V3_ENTITY_TIERED,WEAK_RULE_V3; tier=HIGH_PRECISION; entity=TITLE_COMPANY|BODY_COMPANY|BODY_TICKER|TARGET_CONTEXT; score=17; event=OTHER; symbol=VHM,TITLE_COMPANY|BODY_COMPANY|BODY_TICKER|TARGET_CONTEXT,TITLE_ENTITY_WITH_TARGET_CONTEXT,HIGH_PRECISION,FALLBACK_QUARANTINE,FALLBACK_NO_EVENT_DETECTED,80,MEDIUM,NOT_INDEPENDENTLY_VALIDATED,False
88076d7409947aff1d8c,26a8129c397ede8a149ebb14b6205449,STB,Ngân hàng TMCP Sài Gòn Thương Tín,2020-06-16,CafeF,https://cafef.vn/hdb-stb-tni-drh-vid-hpw-pob-ilc-tdp-stw-sd6-thong-tin-giao-dich-luong-lon-co-phieu-20200615172728718.chn,"HDB, STB, TNI, DRH, VID, HPW, POB, ILC, TDP, STW, SD6: Thông tin giao dịch lượng lớn cổ phiếu",OTHER,OTHER,NEUTRAL,LOW,STOCK_SPECIFIC,MEDIUM,WEAK_RULE_V3_ENTITY_TIERED,WEAK_RULE_V3; tier=HIGH_PRECISION; entity=TITLE_TICKER|BODY_COMPANY|BODY_TICKER|TARGET_CONTEXT; score=17; event=OTHER; symbol=STB,TITLE_TICKER|BODY_COMPANY|BODY_TICKER|TARGET_CONTEXT,TITLE_TICKER_WITH_TARGET_CONTEXT,HIGH_PRECISION,FALLBACK_QUARANTINE,FALLBACK_NO_EVENT_DETECTED,80,MEDIUM,NOT_INDEPENDENTLY_VALIDATED,False
3516b5c504d5e9b6b0de,5f6e306da768a32a9bb735018dca40c5,VCI,Công ty Cổ phần Chứng khoán Vietcap,2020-06-18,VietnamBiz,https://vietnambiz.vn/qui-ngoai-han-quoc-giam-ti-le-so-huu-tai-chung-khoan-ban-viet-20200617204257577.htm,Quĩ ngoại Hàn Quốc giảm tỉ lệ sở hữu tại Chứng khoán Bản Việt,OTHER,OTHER,NEUTRAL,LOW,STOCK_SPECIFIC,MEDIUM,WEAK_RULE_V3_ENTITY_TIERED,WEAK_RULE_V3; tier=HIGH_PRECISION; entity=TITLE_ALIAS|BODY_ALIAS|BODY_TICKER|TARGET_CONTEXT; score=17; event=OTHER; symbol=VCI,TITLE_ALIAS|BODY_ALIAS|BODY_TICKER|TARGET_CONTEXT,TITLE_ENTITY_WITH_TARGET_CONTEXT,HIGH_PRECISION,FALLBACK_QUARANTINE,FALLBACK_NO_EVENT_DETECTED,80,MEDIUM,NOT_INDEPENDENTLY_VALIDATED,False
110060ed602f1f65f119,d66f869f19baa9afca57470dc17ef75f,GMD,Công ty Cổ phần Gemadept,2020-06-22,CafeF,https://cafef.vn/dhdcd-gemadept-gmd-cang-nuoc-sau-gemalink-da-hoan-thien-duoc-80-tien-do-du-kien-hoan-von-trong-nam-2021-voi-loi-nhuan-toi-da-dat-20-trieu-usd-20200622112352742.chn,"ĐHĐCĐ Gemadept (GMD): Cảng nước sâu Gemalink đã hoàn thiện được 80% tiến độ, dự kiến hoàn vốn trong năm 2021 với lợi nhuận tối đa đạt 20 triệu USD",BUSINESS_RESULT,PROFIT_DECLINE,NEGATIVE,HIGH,STOCK_SPECIFIC,HIGH,WEAK_RULE_V3_ENTITY_TIERED,WEAK_RULE_V3; tier=HIGH_PRECISION; entity=TITLE_TICKER|TITLE_COMPANY|BODY_COMPANY|BODY_TICKER|TARGET_CONTEXT; score=24; event=PROFIT_DECLINE; symbol=GMD,TITLE_TICKER|TITLE_COMPANY|BODY_COMPANY|BODY_TICKER|TARGET_CONTEXT,TITLE_TICKER_WITH_TARGET_CONTEXT,HIGH_PRECISION,INFORMATIVE_CANDIDATE,EXPERIMENTAL_INFORMATIVE_UNVALIDATED,100,HIGH,NOT_INDEPENDENTLY_VALIDATED,True
1dd8de3f56226fa74473,2a5ea4f866d2d88b9097bbdb8b04073c,VNM,Công ty Cổ phần Sữa Việt Nam,2020-06-26,CafeF,https://cafef.vn/dhcd-vinamilk-to-chuc-truc-tuyen-de-bao-dam-suc-khoe-cho-co-dong-dat-ke-hoach-doanh-thu-gan-60000-ty-nam-2020-20200626090426871.chn,"ĐHCĐ Vinamilk: Tổ chức trực tuyến để bảo đảm sức khoẻ cho cổ đông, doanh thu quý 2/2020 tăng 2 chữ số so với quý 1",BUSINESS_RESULT,PROFIT_GROWTH,POSITIVE,HIGH,STOCK_SPECIFIC,HIGH,WEAK_RULE_V3_ENTITY_TIERED,WEAK_RULE_V3; tier=HIGH_PRECISION; entity=TITLE_ALIAS|BODY_ALIAS|BODY_TICKER|TARGET_CONTEXT; score=17; event=PROFIT_GROWTH; symbol=VNM,TITLE_ALIAS|BODY_ALIAS|BODY_TICKER|TARGET_CONTEXT,TITLE_ENTITY_WITH_TARGET_CONTEXT,HIGH_PRECISION,INFORMATIVE_CANDIDATE,EXPERIMENTAL_INFORMATIVE_UNVALIDATED,100,HIGH,NOT_INDEPENDENTLY_VALIDATED,True
0c9ef165427cf947cc3e,c069059a5e112dffe5115c25a3f81102,PLX,Tập đoàn Xăng dầu Việt Nam,2020-06-26,CafeF,https://cafef.vn/dhcd-petrolimex-quy-ii-uoc-lai-350-ty-dong-ca-nam-dat-ke-hoach-lai-1570-ty-20200626101810215.chn,"ĐHCĐ Petrolimex: Quý II ước lãi 350 tỷ đồng, công ty nhiên liệu bay vẫn lỗ",CORPORATE_ACTION,DIVIDEND,POSITIVE,MODERATE,STOCK_SPECIFIC,HIGH,WEAK_RULE_V3_ENTITY_TIERED,WEAK_RULE_V3; tier=HIGH_PRECISION; entity=TITLE_ALIAS|BODY_COMPANY|BODY_TICKER|TARGET_CONTEXT; score=17; event=DIVIDEND; symbol=PLX,TITLE_ALIAS|BODY_COMPANY|BODY_TICKER|TARGET_CONTEXT,TITLE_ENTITY_WITH_TARGET_CONTEXT,HIGH_PRECISION,INFORMATIVE_CANDIDATE,EXPERIMENTAL_INFORMATIVE_UNVALIDATED,100,HIGH,NOT_INDEPENDENTLY_VALIDATED,True
21708f281c943d01fb9d,1bf0e7f0c749680a872a54f5fa0713ab,VJC,Công ty Cổ phần Hàng không Vietjet,2020-06-27,CafeF,https://cafef.vn/dai-hoi-dong-co-dong-vietjet-co-dong-nhan-co-tuc-50-bang-co-phieu-20200627114546576.chn,Đại hội đồng cổ đông Vietjet: Cổ đông nhận cổ tức 50% bằng cổ phiếu,CORPORATE_ACTION,DIVIDEND,POSITIVE,MODERATE,STOCK_SPECIFIC,HIGH,WEAK_RULE_V3_ENTITY_TIERED,WEAK_RULE_V3; tier=HIGH_PRECISION; entity=TITLE_ALIAS|BODY_COMPANY|BODY_TICKER|TARGET_CONTEXT; score=17; event=DIVIDEND; symbol=VJC,TITLE_ALIAS|BODY_COMPANY|BODY_TICKER|TARGET_CONTEXT,TITLE_ENTITY_WITH_TARGET_CONTEXT,HIGH_PRECISION,INFORMATIVE_CANDIDATE,EXPERIMENTAL_INFORMATIVE_UNVALIDATED,100,HIGH,NOT_INDEPENDENTLY_VALIDATED,True
657a67778071fab23df4,31cec5d9982b6522383bdff75386d6f1,MWG,Công ty Cổ phần Đầu tư Thế Giới Di Động,2020-06-27,CafeF,https://cafef.vn/pyn-chot-lai-mwg-thanh-cong-voi-muc-gia-vuot-xa-thi-truong-gia-tang-ty-trong-co-phieu-ngan-hang-vea-voi-ky-vong-tang-gia-gap-doi-20200627100618591.chn,"Pyn chốt lãi MWG thành công với mức giá vượt xa thị trường, gia tăng tỷ trọng cổ phiếu ngân hàng, VEA với kỳ vọng tăng giá gấp đôi",OTHER,OTHER,NEUTRAL,LOW,STOCK_SPECIFIC,MEDIUM,WEAK_RULE_V3_ENTITY_TIERED,WEAK_RULE_V3; tier=HIGH_PRECISION; entity=TITLE_TICKER|BODY_TICKER|TARGET_CONTEXT; score=13; event=OTHER; symbol=MWG,TITLE_TICKER|BODY_TICKER|TARGET_CONTEXT,TITLE_TICKER_WITH_TARGET_CONTEXT,HIGH_PRECISION,FALLBACK_QUARANTINE,FALLBACK_NO_EVENT_DETECTED,80,MEDIUM,NOT_INDEPENDENTLY_VALIDATED,False
a11a75ec8ca828a69973,9fcfe18b0b322f767eeb51c8370c55b6,VNM,Công ty Cổ phần Sữa Việt Nam,2020-06-27,CafeF,https://cafef.vn/tuan-22-26-6-khoi-ngoai-ban-rong-tro-lai-hon-230-ty-dong-tiep-tuc-rut-von-vnm-20200627083648013.chn,"Tuần 22-26/6: Khối ngoại bán ròng trở lại hơn 230 tỷ đồng, tiếp tục rút vốn VNM",OTHER,OTHER,NEUTRAL,LOW,STOCK_SPECIFIC,MEDIUM,WEAK_RULE_V3_ENTITY_TIERED,WEAK_RULE_V3; tier=HIGH_PRECISION; entity=TITLE_TICKER|BODY_TICKER|TARGET_CONTEXT; score=13; event=OTHER; symbol=VNM,TITLE_TICKER|BODY_TICKER|TARGET_CONTEXT,TITLE_TICKER_WITH_TARGET_CONTEXT,HIGH_PRECISION,FALLBACK_QUARANTINE,FALLBACK_NO_EVENT_DETECTED,80,MEDIUM,NOT_INDEPENDENTLY_VALIDATED,False
41b411ec7f1645fe64cc,ab2471503e522e4f793942f3f99494d6,HCM,Công ty Cổ phần Chứng khoán Thành phố Hồ Chí Minh,2020-06-27,CafeF,https://cafef.vn/chung-khoan-hsc-hcm-chi-hon-213-ty-dong-tra-not-co-tuc-con-lai-nam-2019-20200626165257716.chn,Chứng khoán HSC (HCM) chi hơn 213 tỷ đồng trả nốt cổ tức còn lại năm 2019,CORPORATE_ACTION,DIVIDEND,POSITIVE,MODERATE,STOCK_SPECIFIC,HIGH,WEAK_RULE_V3_ENTITY_TIERED,WEAK_RULE_V3; tier=HIGH_PRECISION; entity=TITLE_TICKER|TITLE_ALIAS|BODY_ALIAS|BODY_TICKER; score=20; event=DIVIDEND; symbol=HCM,TITLE_TICKER|TITLE_ALIAS|BODY_ALIAS|BODY_TICKER,TITLE_ENTITY_MENTION,HIGH_PRECISION,INFORMATIVE_CANDIDATE,EXPERIMENTAL_INFORMATIVE_UNVALIDATED,100,HIGH,NOT_INDEPENDENTLY_VALIDATED,True
55d32898e3c4b0013a76,4d95bcad6e93749a6cf03beda2502122,VIC,Tập đoàn Vingroup,2020-07-01,VietnamBiz,https://vietnambiz.vn/co-phieu-tam-diem-ngay-2-7-hax-hpx-vic-20200701204622955.htm,"Cổ phiếu tâm điểm ngày 2/7: HAX, HPX, VIC",CORPORATE_ACTION,LEADERSHIP_CHANGE,NEUTRAL,MODERATE,STOCK_SPECIFIC,HIGH,WEAK_RULE_V3_ENTITY_TIERED,WEAK_RULE_V3; tier=HIGH_PRECISION; entity=TITLE_TICKER|BODY_TICKER|TARGET_CONTEXT; score=13; event=LEADERSHIP_CHANGE; symbol=VIC,TITLE_TICKER|BODY_TICKER|TARGET_CONTEXT,TITLE_TICKER_WITH_TARGET_CONTEXT,HIGH_PRECISION,INFORMATIVE_CANDIDATE,EXPERIMENTAL_INFORMATIVE_UNVALIDATED,100,HIGH,NOT_INDEPENDENTLY_VALIDATED,True
caff27fa9a1bb93bcfaa,8d19909019c2350c54e11d331a67033a,FPT,Công ty Cổ phần FPT,2020-07-01,VietnamBiz,https://vietnambiz.vn/giao-dich-thoa-thuan-khung-fpt-gab-eib-plx-phien-1-7-20200701174033877.htm,"Giao dịch thỏa thuận khủng FPT, GAB, EIB, PLX phiên 1/7",CORPORATE_ACTION,DIVIDEND,POSITIVE,MODERATE,STOCK_SPECIFIC,HIGH,WEAK_RULE_V3_ENTITY_TIERED,WEAK_RULE_V3; tier=HIGH_PRECISION; entity=TITLE_TICKER|BODY_ALIAS|BODY_TICKER|TARGET_CONTEXT; score=17; event=DIVIDEND; symbol=FPT,TITLE_TICKER|BODY_ALIAS|BODY_TICKER|TARGET_CONTEXT,TITLE_TICKER_WITH_TARGET_CONTEXT,HIGH_PRECISION,INFORMATIVE_CANDIDATE,EXPERIMENTAL_INFORMATIVE_UNVALIDATED,100,HIGH,NOT_INDEPENDENTLY_VALIDATED,True
12f86e92a7c70016c930,8d19909019c2350c54e11d331a67033a,PLX,Tập đoàn Xăng dầu Việt Nam,2020-07-01,VietnamBiz,https://vietnambiz.vn/giao-dich-thoa-thuan-khung-fpt-gab-eib-plx-phien-1-7-20200701174033877.htm,"Giao dịch thỏa thuận khủng FPT, GAB, EIB, PLX phiên 1/7",CORPORATE_ACTION,DIVIDEND,POSITIVE,MODERATE,STOCK_SPECIFIC,HIGH,WEAK_RULE_V3_ENTITY_TIERED,WEAK_RULE_V3; tier=HIGH_PRECISION; entity=TITLE_TICKER|BODY_COMPANY|BODY_TICKER|TARGET_CONTEXT; score=17; event=DIVIDEND; symbol=PLX,TITLE_TICKER|BODY_COMPANY|BODY_TICKER|TARGET_CONTEXT,TITLE_TICKER_WITH_TARGET_CONTEXT,HIGH_PRECISION,INFORMATIVE_CANDIDATE,EXPERIMENTAL_INFORMATIVE_UNVALIDATED,100,HIGH,NOT_INDEPENDENTLY_VALIDATED,True
db417a3dfc7f214cfd51,a2d2871265ce7b2277a185afb288c790,VNM,Công ty Cổ phần Sữa Việt Nam,2020-07-01,VietnamBiz,https://vietnambiz.vn/vinamilk-khong-mua-175-trieu-co-phieu-qui-vi-gia-da-binh-on-20200701023553797.htm,"Vinamilk không mua 17,5 triệu cổ phiếu quĩ vì giá đã bình ổn",OTHER,OTHER,NEUTRAL,LOW,STOCK_SPECIFIC,MEDIUM,WEAK_RULE_V3_ENTITY_TIERED,WEAK_RULE_V3; tier=HIGH_PRECISION; entity=TITLE_ALIAS|BODY_ALIAS|BODY_TICKER|TARGET_CONTEXT; score=17; event=OTHER; symbol=VNM,TITLE_ALIAS|BODY_ALIAS|BODY_TICKER|TARGET_CONTEXT,TITLE_ENTITY_WITH_TARGET_CONTEXT,HIGH_PRECISION,FALLBACK_QUARANTINE,FALLBACK_NO_EVENT_DETECTED,80,MEDIUM,NOT_INDEPENDENTLY_VALIDATED,False
e9cb7eec872a6f994df1,c55d4ec5eef2b34f64a22aeb872de72a,HCM,Công ty Cổ phần Chứng khoán Thành phố Hồ Chí Minh,2020-07-01,VietnamBiz,https://vietnambiz.vn/vinasun-du-kien-thua-lo-chung-khoan-hsc-ban-sach-72-trieu-co-phieu-vns-20200701162003362.htm,"Vinasun dự kiến thua lỗ, Chứng khoán HSC bán sạch 7,2 triệu cổ phiếu VNS",BUSINESS_RESULT,PROFIT_DECLINE,NEGATIVE,HIGH,STOCK_SPECIFIC,HIGH,WEAK_RULE_V3_ENTITY_TIERED,WEAK_RULE_V3; tier=HIGH_PRECISION; entity=TITLE_ALIAS|BODY_ALIAS|BODY_TICKER|TARGET_CONTEXT; score=17; event=PROFIT_DECLINE; symbol=HCM,TITLE_ALIAS|BODY_ALIAS|BODY_TICKER|TARGET_CONTEXT,TITLE_ENTITY_WITH_TARGET_CONTEXT,HIGH_PRECISION,INFORMATIVE_CANDIDATE,EXPERIMENTAL_INFORMATIVE_UNVALIDATED,100,HIGH,NOT_INDEPENDENTLY_VALIDATED,True
721d05c12738596867da,2e68deac86494afb498333f5e7fc5a8a,KDH,Công ty Cổ phần Đầu tư và Kinh doanh Nhà Khang Điền,2020-07-02,CafeF,https://cafef.vn/kdc-flc-kdh-hpx-cti-hqc-vns-ksd-dnp-tjc-cvn-cpc-sjm-thong-tin-giao-dich-luong-lon-co-phieu-20200702082611904.chn,"KDC, FLC, KDH, HPX, CTI, HQC, VNS, KSD, DNP, TJC, CVN, CPC, SJM: Thông tin giao dịch lượng lớn cổ phiếu",OTHER,OTHER,NEUTRAL,LOW,STOCK_SPECIFIC,MEDIUM,WEAK_RULE_V3_ENTITY_TIERED,WEAK_RULE_V3; tier=HIGH_PRECISION; entity=TITLE_TICKER|BODY_ALIAS|BODY_TICKER|TARGET_CONTEXT; score=17; event=OTHER; symbol=KDH,TITLE_TICKER|BODY_ALIAS|BODY_TICKER|TARGET_CONTEXT,TITLE_TICKER_WITH_TARGET_CONTEXT,HIGH_PRECISION,FALLBACK_QUARANTINE,FALLBACK_NO_EVENT_DETECTED,80,MEDIUM,NOT_INDEPENDENTLY_VALIDATED,False
07a8077d60045e245f53,930f7a1209ce503dd252f379a2163906,CTR,Tổng Công ty Cổ phần Công trình Viettel,2020-07-02,VietnamBiz,https://vietnambiz.vn/co-phieu-tam-diem-ngay-3-7-phr-ctr-dhc-20200702174740895.htm,"Cổ phiếu tâm điểm ngày 3/7: PHR, CTR, DHC",OTHER,OTHER,NEUTRAL,LOW,STOCK_SPECIFIC,MEDIUM,WEAK_RULE_V3_ENTITY_TIERED,WEAK_RULE_V3; tier=HIGH_PRECISION; entity=TITLE_TICKER|BODY_TICKER|TARGET_CONTEXT; score=13; event=OTHER; symbol=CTR,TITLE_TICKER|BODY_TICKER|TARGET_CONTEXT,TITLE_TICKER_WITH_TARGET_CONTEXT,HIGH_PRECISION,FALLBACK_QUARANTINE,FALLBACK_NO_EVENT_DETECTED,80,MEDIUM,NOT_INDEPENDENTLY_VALIDATED,False
057ac971f6079f392b76,60cfc9f34613d9940476e68f2eac54f3,DGW,Công ty Cổ phần Thế Giới Số,2020-07-03,VietnamBiz,https://vietnambiz.vn/top10-tang-giam-thang-6-co-phieu-dgw-vuot-dinh-sau-5-nam-len-san-tni-bat-ngo-voi-chuoi-giam-san-20200703063412581.htm,"Top10 tăng/giảm tháng 6: Cổ phiếu DGW vượt đỉnh sau 5 năm lên sàn, TNI bất ngờ với chuỗi giảm sàn",OTHER,OTHER,NEUTRAL,LOW,STOCK_SPECIFIC,MEDIUM,WEAK_RULE_V3_ENTITY_TIERED,WEAK_RULE_V3; tier=HIGH_PRECISION; entity=TITLE_TICKER|BODY_COMPANY|BODY_TICKER|TARGET_CONTEXT; score=17; event=OTHER; symbol=DGW,TITLE_TICKER|BODY_COMPANY|BODY_TICKER|TARGET_CONTEXT,TITLE_TICKER_WITH_TARGET_CONTEXT,HIGH_PRECISION,FALLBACK_QUARANTINE,FALLBACK_NO_EVENT_DETECTED,80,MEDIUM,NOT_INDEPENDENTLY_VALIDATED,False
806aa746bbaadb5bdb91,74101bf3daadb611ad5c25fb8bb53cd1,PLX,Tập đoàn Xăng dầu Việt Nam,2020-07-07,CafeF,https://cafef.vn/hoa-dau-petrolimex-plc-chot-quyen-nhan-co-tuc-bang-tien-ty-le-15-20200707164557029.chn,Hóa dầu Petrolimex (PLC) chốt quyền nhận cổ tức bằng tiền tỷ lệ 15%,CORPORATE_ACTION,DIVIDEND,POSITIVE,MODERATE,STOCK_SPECIFIC,HIGH,WEAK_RULE_V3_ENTITY_TIERED,WEAK_RULE_V3; tier=HIGH_PRECISION; entity=TITLE_ALIAS|BODY_ALIAS; score=11; event=DIVIDEND; symbol=PLX,TITLE_ALIAS|BODY_ALIAS,TITLE_ENTITY_MENTION,HIGH_PRECISION,INFORMATIVE_CANDIDATE,EXPERIMENTAL_INFORMATIVE_UNVALIDATED,100,HIGH,NOT_INDEPENDENTLY_VALIDATED,True
d8e6b9c6c2d22a58dbe1,bd9f3c421a87b996e6f8d7932f88e9c0,VND,Công ty Cổ phần Chứng khoán VNDIRECT,2020-07-07,CafeF,https://cafef.vn/vndirect-kinh-te-viet-nam-hoi-phuc-vung-chac-vn-index-dao-dong-tu-840-den-920-diem-trong-nua-cuoi-nam-20200707095644294.chn,"VNDIRECT: “Kinh tế Việt Nam hồi phục vững chắc, VN-Index dao động từ 840 đến 920 điểm trong nửa cuối năm”",MACRO_POLICY,MACRO_POLICY,NEUTRAL,MODERATE,MARKET,HIGH,WEAK_RULE_V3_ENTITY_TIERED,WEAK_RULE_V3; tier=HIGH_PRECISION; entity=TITLE_ALIAS|BODY_ALIAS|BODY_TICKER; score=13; event=MACRO_POLICY; symbol=VND,TITLE_ALIAS|BODY_ALIAS|BODY_TICKER,TITLE_ENTITY_MENTION,HIGH_PRECISION,INFORMATIVE_CANDIDATE,EXPERIMENTAL_INFORMATIVE_UNVALIDATED,100,CRITICAL,NOT_INDEPENDENTLY_VALIDATED,True
3accb9f9a8f6a36130ab,6b558e1c32e6a03678311ae5e96b0c9e,POW,Tổng Công ty Điện lực Dầu khí Việt Nam,2020-07-13,CafeF,https://cafef.vn/pv-power-pow-uoc-doanh-thu-nua-dau-nam-giam-10-xuong-con-15524-ty-dong-20200713114658034.chn,PV Power (POW) ước doanh thu nửa đầu năm giảm 10% xuống còn 15.524 tỷ đồng,BUSINESS_RESULT,PROFIT_DECLINE,NEGATIVE,HIGH,STOCK_SPECIFIC,HIGH,WEAK_RULE_V3_ENTITY_TIERED,WEAK_RULE_V3; tier=HIGH_PRECISION; entity=TITLE_TICKER|TITLE_ALIAS|BODY_COMPANY|BODY_TICKER|TARGET_CONTEXT; score=24; event=PROFIT_DECLINE; symbol=POW,TITLE_TICKER|TITLE_ALIAS|BODY_COMPANY|BODY_TICKER|TARGET_CONTEXT,TITLE_TICKER_WITH_TARGET_CONTEXT,HIGH_PRECISION,INFORMATIVE_CANDIDATE,EXPERIMENTAL_INFORMATIVE_UNVALIDATED,100,HIGH,NOT_INDEPENDENTLY_VALIDATED,True
d722578d6b90015e22fb,95a10e4075f1eaf214618279655f0f10,HSG,Công ty Cổ phần Tập đoàn Hoa Sen,2020-07-13,CafeF,https://cafef.vn/hoa-sen-hsg-uoc-lnst-9-thang-dau-nien-do-dat-690-ty-dong-tang-149-cung-ky-nam-truoc-20200713115532487.chn,"Hoa Sen (HSG) ước LNST 9 tháng đầu niên độ đạt 690 tỷ đồng, tăng 149% cùng kỳ năm trước",CORPORATE_ACTION,STOCK_ISSUANCE,NEUTRAL,MODERATE,STOCK_SPECIFIC,HIGH,WEAK_RULE_V3_ENTITY_TIERED,WEAK_RULE_V3; tier=HIGH_PRECISION; entity=TITLE_TICKER|TITLE_COMPANY|BODY_COMPANY|BODY_TICKER|TARGET_CONTEXT; score=24; event=STOCK_ISSUANCE; symbol=HSG,TITLE_TICKER|TITLE_COMPANY|BODY_COMPANY|BODY_TICKER|TARGET_CONTEXT,TITLE_TICKER_WITH_TARGET_CONTEXT,HIGH_PRECISION,INFORMATIVE_CANDIDATE,EXPERIMENTAL_INFORMATIVE_UNVALIDATED,100,HIGH,NOT_INDEPENDENTLY_VALIDATED,True
d35bfc897c7b384aec5a,d8ba9fc7681fbe7e93e07f18e6ead43f,GEX,Công ty Cổ phần Tập đoàn GELEX,2020-07-14,CafeF,https://cafef.vn/vpb-gex-tna-trc-dhc-tms-cci-htg-eba-sum-sma-thong-tin-giao-dich-luong-lon-co-phieu-20200713175615284.chn,"VPB, GEX, TNA, TRC, DHC, TMS, CCI, HTG, EBA, SUM, SMA: Thông tin giao dịch lượng lớn cổ phiếu",OTHER,OTHER,NEUTRAL,LOW,STOCK_SPECIFIC,MEDIUM,WEAK_RULE_V3_ENTITY_TIERED,WEAK_RULE_V3; tier=HIGH_PRECISION; entity=TITLE_TICKER|BODY_TICKER|TARGET_CONTEXT; score=13; event=OTHER; symbol=GEX,TITLE_TICKER|BODY_TICKER|TARGET_CONTEXT,TITLE_TICKER_WITH_TARGET_CONTEXT,HIGH_PRECISION,FALLBACK_QUARANTINE,FALLBACK_NO_EVENT_DETECTED,80,MEDIUM,NOT_INDEPENDENTLY_VALIDATED,False
e585f6c0a5a3a12bcbd5,d8ba9fc7681fbe7e93e07f18e6ead43f,VPB,Ngân hàng TMCP Việt Nam Thịnh Vượng,2020-07-14,CafeF,https://cafef.vn/vpb-gex-tna-trc-dhc-tms-cci-htg-eba-sum-sma-thong-tin-giao-dich-luong-lon-co-phieu-20200713175615284.chn,"VPB, GEX, TNA, TRC, DHC, TMS, CCI, HTG, EBA, SUM, SMA: Thông tin giao dịch lượng lớn cổ phiếu",OTHER,OTHER,NEUTRAL,LOW,STOCK_SPECIFIC,MEDIUM,WEAK_RULE_V3_ENTITY_TIERED,WEAK_RULE_V3; tier=HIGH_PRECISION; entity=TITLE_TICKER|BODY_COMPANY|BODY_TICKER|TARGET_CONTEXT; score=17; event=OTHER; symbol=VPB,TITLE_TICKER|BODY_COMPANY|BODY_TICKER|TARGET_CONTEXT,TITLE_TICKER_WITH_TARGET_CONTEXT,HIGH_PRECISION,FALLBACK_QUARANTINE,FALLBACK_NO_EVENT_DETECTED,80,MEDIUM,NOT_INDEPENDENTLY_VALIDATED,False
e44d59dd5d7c3da7fcde,336c836a926669a7e387d145910a5e11,DPM,Tổng Công ty Phân bón và Hóa chất Dầu khí,2020-07-15,VietnamBiz,https://vietnambiz.vn/co-phieu-tam-diem-ngay-15-7-gvr-ree-dpm-lcg-20200715065231747.htm,"Cổ phiếu tâm điểm ngày 15/7: GVR, REE, DPM, LCG",CORPORATE_ACTION,DIVIDEND,POSITIVE,MODERATE,STOCK_SPECIFIC,HIGH,WEAK_RULE_V3_ENTITY_TIERED,WEAK_RULE_V3; tier=HIGH_PRECISION; entity=TITLE_TICKER|BODY_TICKER|TARGET_CONTEXT; score=13; event=DIVIDEND; symbol=DPM,TITLE_TICKER|BODY_TICKER|TARGET_CONTEXT,TITLE_TICKER_WITH_TARGET_CONTEXT,HIGH_PRECISION,INFORMATIVE_CANDIDATE,EXPERIMENTAL_INFORMATIVE_UNVALIDATED,100,HIGH,NOT_INDEPENDENTLY_VALIDATED,True
1d5ba7bc8b04234acdd2,336c836a926669a7e387d145910a5e11,REE,Công ty Cổ phần Cơ Điện Lạnh,2020-07-15,VietnamBiz,https://vietnambiz.vn/co-phieu-tam-diem-ngay-15-7-gvr-ree-dpm-lcg-20200715065231747.htm,"Cổ phiếu tâm điểm ngày 15/7: GVR, REE, DPM, LCG",CORPORATE_ACTION,DIVIDEND,POSITIVE,MODERATE,STOCK_SPECIFIC,HIGH,WEAK_RULE_V3_ENTITY_TIERED,WEAK_RULE_V3; tier=HIGH_PRECISION; entity=TITLE_TICKER|BODY_TICKER|TARGET_CONTEXT; score=13; event=DIVIDEND; symbol=REE,TITLE_TICKER|BODY_TICKER|TARGET_CONTEXT,TITLE_TICKER_WITH_TARGET_CONTEXT,HIGH_PRECISION,INFORMATIVE_CANDIDATE,EXPERIMENTAL_INFORMATIVE_UNVALIDATED,100,HIGH,NOT_INDEPENDENTLY_VALIDATED,True
e8bdebcb655c93ee572d,7f1ced019c781e707ba80fc753f61f39,FPT,Công ty Cổ phần FPT,2020-07-16,VietnamBiz,https://vietnambiz.vn/qui-ti-do-tu-australia-vua-mua-23-trieu-co-phieu-fpt-20200716074031337.htm,"Quĩ tỉ đô từ Australia vừa mua 2,3 triệu cổ phiếu FPT",OTHER,OTHER,NEUTRAL,LOW,STOCK_SPECIFIC,MEDIUM,WEAK_RULE_V3_ENTITY_TIERED,WEAK_RULE_V3; tier=HIGH_PRECISION; entity=TITLE_TICKER|BODY_ALIAS|BODY_TICKER|TARGET_CONTEXT; score=17; event=OTHER; symbol=FPT,TITLE_TICKER|BODY_ALIAS|BODY_TICKER|TARGET_CONTEXT,TITLE_TICKER_WITH_TARGET_CONTEXT,HIGH_PRECISION,FALLBACK_QUARANTINE,FALLBACK_NO_EVENT_DETECTED,80,MEDIUM,NOT_INDEPENDENTLY_VALIDATED,False
39ec8d04abc6184dbcd6,f43d7ca66e17a9085cd1e7aa791b5276,FPT,Công ty Cổ phần FPT,2020-07-17,CafeF,https://cafef.vn/anh-huong-tu-covid-19-loi-nhuan-cia-fpt-online-giam-32-trong-quy-2-2020-20200717140402721.chn,"Ảnh hưởng từ Covid-19, lợi nhuận của FPT Online giảm 32% trong quý 2/2020",CORPORATE_ACTION,DIVIDEND,POSITIVE,MODERATE,STOCK_SPECIFIC,HIGH,WEAK_RULE_V3_ENTITY_TIERED,WEAK_RULE_V3; tier=HIGH_PRECISION; entity=TITLE_TICKER|BODY_TICKER|TARGET_CONTEXT; score=13; event=DIVIDEND; symbol=FPT,TITLE_TICKER|BODY_TICKER|TARGET_CONTEXT,TITLE_TICKER_WITH_TARGET_CONTEXT,HIGH_PRECISION,INFORMATIVE_CANDIDATE,EXPERIMENTAL_INFORMATIVE_UNVALIDATED,100,HIGH,NOT_INDEPENDENTLY_VALIDATED,True
0212b35257020df3f319,d1870edad2c2689cf4fca5e0b85413eb,VCB,Ngân hàng TMCP Ngoại thương Việt Nam,2020-07-18,CafeF,https://cafef.vn/tuan-13-17-7-khoi-ngoai-giam-ban-rong-con-297-ty-dong-tiep-tuc-rut-vcb-20200718083116205.chn,"Tuần 13-17/7: Khối ngoại giảm bán ròng còn 297 tỷ đồng, tiếp tục rút VCB",OTHER,OTHER,NEUTRAL,LOW,STOCK_SPECIFIC,MEDIUM,WEAK_RULE_V3_ENTITY_TIERED,WEAK_RULE_V3; tier=HIGH_PRECISION; entity=TITLE_TICKER|BODY_TICKER|TARGET_CONTEXT; score=13; event=OTHER; symbol=VCB,TITLE_TICKER|BODY_TICKER|TARGET_CONTEXT,TITLE_TICKER_WITH_TARGET_CONTEXT,HIGH_PRECISION,FALLBACK_QUARANTINE,FALLBACK_NO_EVENT_DETECTED,80,MEDIUM,NOT_INDEPENDENTLY_VALIDATED,False
f3287cb98c060df8bae8,8150680b59099c6b544ab2219371f5aa,DHG,Công ty Cổ phần Dược Hậu Giang,2020-07-19,CafeF,https://cafef.vn/duoc-hau-giang-dhg-dat-ke-hoach-than-trong-sau-khi-ve-voi-nguoi-nhat-su-ho-tro-tu-taisho-se-chi-ro-net-tu-nam-2022-2020071612122308.chn,"Dược Hậu Giang (DHG) đặt kế hoạch thận trọng sau khi về với người Nhật, sự hỗ trợ từ Taisho sẽ chỉ rõ nét từ năm 2022",BUSINESS_RESULT,PROFIT_DECLINE,NEGATIVE,HIGH,STOCK_SPECIFIC,HIGH,WEAK_RULE_V3_ENTITY_TIERED,WEAK_RULE_V3; tier=HIGH_PRECISION; entity=TITLE_TICKER|TITLE_COMPANY|BODY_COMPANY|BODY_TICKER|TARGET_CONTEXT; score=24; event=PROFIT_DECLINE; symbol=DHG,TITLE_TICKER|TITLE_COMPANY|BODY_COMPANY|BODY_TICKER|TARGET_CONTEXT,TITLE_TICKER_WITH_TARGET_CONTEXT,HIGH_PRECISION,INFORMATIVE_CANDIDATE,EXPERIMENTAL_INFORMATIVE_UNVALIDATED,100,HIGH,NOT_INDEPENDENTLY_VALIDATED,True
18747e5e4875901f3d5d,b79ab63a0c1f041b1aaa315f47689a86,VNM,Công ty Cổ phần Sữa Việt Nam,2020-07-19,CafeF,https://cafef.vn/sua-moc-chau-co-dong-thong-nhat-ke-hoach-chao-ban-co-phan-tri-gia-1200-ty-dong-cho-vinamilk-va-gtn-noi-room-ngoai-va-niem-yet-hose-20200718105456674.chn,"Sữa Mộc Châu: Cổ đông thống nhất kế hoạch chào bán cổ phần trị giá 1.200 tỷ đồng cho Vinamilk và GTN, nới room ngoại và niêm yết HoSE",CORPORATE_ACTION,STOCK_ISSUANCE,NEUTRAL,MODERATE,STOCK_SPECIFIC,HIGH,WEAK_RULE_V3_ENTITY_TIERED,WEAK_RULE_V3; tier=HIGH_PRECISION; entity=TITLE_ALIAS|BODY_ALIAS|BODY_TICKER; score=13; event=STOCK_ISSUANCE; symbol=VNM,TITLE_ALIAS|BODY_ALIAS|BODY_TICKER,TITLE_ENTITY_MENTION,HIGH_PRECISION,INFORMATIVE_CANDIDATE,EXPERIMENTAL_INFORMATIVE_UNVALIDATED,100,HIGH,NOT_INDEPENDENTLY_VALIDATED,True
b60b5930c847de9df30a,1d9474102537686581ae04f53847e1d8,PDR,Công ty Cổ phần Phát triển Bất động sản Phát Đạt,2020-07-21,CafeF,https://cafef.vn/phat-dat-pdr-bao-lai-121-ty-dong-quy-2-tang-37-so-voi-cung-ky-20200721090004486.chn,"Phát Đạt (PDR) báo lãi 121 tỷ đồng quý 2, tăng 37% so với cùng kỳ",BUSINESS_RESULT,PROFIT_GROWTH,POSITIVE,HIGH,STOCK_SPECIFIC,HIGH,WEAK_RULE_V3_ENTITY_TIERED,WEAK_RULE_V3; tier=HIGH_PRECISION; entity=TITLE_TICKER|TITLE_ALIAS|BODY_COMPANY|BODY_TICKER|TARGET_CONTEXT; score=24; event=PROFIT_GROWTH; symbol=PDR,TITLE_TICKER|TITLE_ALIAS|BODY_COMPANY|BODY_TICKER|TARGET_CONTEXT,TITLE_TICKER_WITH_TARGET_CONTEXT,HIGH_PRECISION,INFORMATIVE_CANDIDATE,EXPERIMENTAL_INFORMATIVE_UNVALIDATED,100,HIGH,NOT_INDEPENDENTLY_VALIDATED,True
a0471978b73330aeba65,7a7796a62a9d4a5a5681971e5ab52fb1,VND,Công ty Cổ phần Chứng khoán VNDIRECT,2020-07-21,CafeF,https://cafef.vn/hoi-phuc-hau-covid-19-vndirect-bao-lai-quy-2-tang-truong-247-20200720220703908.chn,"Hồi phục hậu Covid-19, VNDIRECT báo lãi quý 2 tăng trưởng 247%",BUSINESS_RESULT,PROFIT_GROWTH,POSITIVE,HIGH,STOCK_SPECIFIC,HIGH,WEAK_RULE_V3_ENTITY_TIERED,WEAK_RULE_V3; tier=HIGH_PRECISION; entity=TITLE_ALIAS|BODY_COMPANY; score=11; event=PROFIT_GROWTH; symbol=VND,TITLE_ALIAS|BODY_COMPANY,TITLE_ENTITY_MENTION,HIGH_PRECISION,INFORMATIVE_CANDIDATE,EXPERIMENTAL_INFORMATIVE_UNVALIDATED,100,HIGH,NOT_INDEPENDENTLY_VALIDATED,True
d7dd465d33a26736926d,8cd33de01c84d8f72c6491a69bb7ac35,SSI,Công ty Cổ phần Chứng khoán SSI,2020-07-21,CafeF,https://cafef.vn/cac-ctck-han-quoc-tang-toc-cho-vay-margin-du-no-cua-mirae-asset-lon-hon-ssi-va-hsc-cong-lai-ban-viet-ra-khoi-top10-20200721105333893.chn,"Các CTCK Hàn Quốc tăng tốc cho vay margin, dư nợ của Mirae Asset lớn hơn SSI và HSC cộng lại, Bản Việt ra khỏi Top10",LEGAL_REGULATORY,LEGAL_RISK,NEGATIVE,HIGH,STOCK_SPECIFIC,HIGH,WEAK_RULE_V3_ENTITY_TIERED,WEAK_RULE_V3; tier=HIGH_PRECISION; entity=TITLE_TICKER|BODY_TICKER|TARGET_CONTEXT; score=13; event=LEGAL_RISK; symbol=SSI,TITLE_TICKER|BODY_TICKER|TARGET_CONTEXT,TITLE_TICKER_WITH_TARGET_CONTEXT,HIGH_PRECISION,INFORMATIVE_CANDIDATE,EXPERIMENTAL_INFORMATIVE_UNVALIDATED,100,CRITICAL,NOT_INDEPENDENTLY_VALIDATED,True
e00cfb97252774e86b9d,cd6d1fcf0d85cf23e2a6aa129e073c99,HAH,Công ty Cổ phần Vận tải và Xếp dỡ Hải An,2020-07-21,CafeF,https://cafef.vn/hdb-dah-hah-cci-vdp-srf-thong-tin-giao-dich-luong-lon-co-phieu-20200721082904283.chn,"HDB, DAH, HAH, CCI, VDP, SRF: Thông tin giao dịch lượng lớn cổ phiếu",OTHER,OTHER,NEUTRAL,LOW,STOCK_SPECIFIC,MEDIUM,WEAK_RULE_V3_ENTITY_TIERED,WEAK_RULE_V3; tier=HIGH_PRECISION; entity=TITLE_TICKER|BODY_ALIAS|BODY_TICKER|TARGET_CONTEXT; score=17; event=OTHER; symbol=HAH,TITLE_TICKER|BODY_ALIAS|BODY_TICKER|TARGET_CONTEXT,TITLE_TICKER_WITH_TARGET_CONTEXT,HIGH_PRECISION,FALLBACK_QUARANTINE,FALLBACK_NO_EVENT_DETECTED,80,MEDIUM,NOT_INDEPENDENTLY_VALIDATED,False
9662382d130addf854a9,2a2e937b242bbdbe434384f14d5541da,VIC,Tập đoàn Vingroup,2020-07-24,CafeF,https://cafef.vn/vingroup-ung-truoc-4900-ty-cho-vefac-de-trien-khai-loat-du-an-quy-mo-79000-ty-dong-tai-giang-vo-dong-anh-va-nam-tu-liem-20200724195243346.chn,"Công ty con của Vingroup sắp triển khai loạt dự án quy mô 79.000 tỷ đồng tại Giảng Võ, Đông Anh và Nam Từ Liêm",CORPORATE_ACTION,STOCK_ISSUANCE,NEUTRAL,MODERATE,STOCK_SPECIFIC,HIGH,WEAK_RULE_V3_ENTITY_TIERED,WEAK_RULE_V3; tier=HIGH_PRECISION; entity=TITLE_COMPANY|BODY_COMPANY; score=11; event=STOCK_ISSUANCE; symbol=VIC,TITLE_COMPANY|BODY_COMPANY,TITLE_ENTITY_MENTION,HIGH_PRECISION,INFORMATIVE_CANDIDATE,EXPERIMENTAL_INFORMATIVE_UNVALIDATED,100,HIGH,NOT_INDEPENDENTLY_VALIDATED,True
fe241822ef4b2b299772,c4860dc362e1635eeca5cf5d8e6a6959,DPM,Tổng Công ty Phân bón và Hóa chất Dầu khí,2020-07-24,CafeF,https://cafef.vn/dam-phu-my-dpm-chi-tiep-hon-270-ty-dong-tra-co-tuc-cho-co-dong-20200723182558971.chn,Đạm Phú Mỹ (DPM) chi tiếp hơn 270 tỷ đồng trả cổ tức cho cổ đông,CORPORATE_ACTION,DIVIDEND,POSITIVE,MODERATE,STOCK_SPECIFIC,HIGH,WEAK_RULE_V3_ENTITY_TIERED,WEAK_RULE_V3; tier=HIGH_PRECISION; entity=TITLE_TICKER|TITLE_ALIAS|BODY_ALIAS|BODY_TICKER; score=20; event=DIVIDEND; symbol=DPM,TITLE_TICKER|TITLE_ALIAS|BODY_ALIAS|BODY_TICKER,TITLE_ENTITY_MENTION,HIGH_PRECISION,INFORMATIVE_CANDIDATE,EXPERIMENTAL_INFORMATIVE_UNVALIDATED,100,HIGH,NOT_INDEPENDENTLY_VALIDATED,True
827b4fdc6f3fd5ee3bd7,e0c8473a8b84c9387850e6a8f0776482,GEX,Công ty Cổ phần Tập đoàn GELEX,2020-07-25,VietnamBiz,https://vietnambiz.vn/dau-tu-do-chua-the-thoai-het-von-khoi-gelex-20200725073231682.htm,Đầu tư Đỏ chưa thể thoái hết vốn khỏi Gelex,OTHER,OTHER,NEUTRAL,LOW,STOCK_SPECIFIC,MEDIUM,WEAK_RULE_V3_ENTITY_TIERED,WEAK_RULE_V3; tier=HIGH_PRECISION; entity=TITLE_COMPANY|BODY_COMPANY|BODY_TICKER|TARGET_CONTEXT; score=17; event=OTHER; symbol=GEX,TITLE_COMPANY|BODY_COMPANY|BODY_TICKER|TARGET_CONTEXT,TITLE_ENTITY_WITH_TARGET_CONTEXT,HIGH_PRECISION,FALLBACK_QUARANTINE,FALLBACK_NO_EVENT_DETECTED,80,MEDIUM,NOT_INDEPENDENTLY_VALIDATED,False
6517d8436460473681d6,66e1c18df707c3c298948a5531d00b61,VNM,Công ty Cổ phần Sữa Việt Nam,2020-07-27,VietnamBiz,https://vietnambiz.vn/sic-dang-ki-mua-225000-co-phieu-vnm-20200727163137599.htm,SIC đăng kí mua 225.000 cổ phiếu VNM,OTHER,OTHER,NEUTRAL,LOW,STOCK_SPECIFIC,MEDIUM,WEAK_RULE_V3_ENTITY_TIERED,WEAK_RULE_V3; tier=HIGH_PRECISION; entity=TITLE_TICKER|BODY_ALIAS|BODY_TICKER|TARGET_CONTEXT; score=17; event=OTHER; symbol=VNM,TITLE_TICKER|BODY_ALIAS|BODY_TICKER|TARGET_CONTEXT,TITLE_TICKER_WITH_TARGET_CONTEXT,HIGH_PRECISION,FALLBACK_QUARANTINE,FALLBACK_NO_EVENT_DETECTED,80,MEDIUM,NOT_INDEPENDENTLY_VALIDATED,False
4849055097482dda20d7,2e370507cc516d4b3594b18e5dd068da,VIC,Tập đoàn Vingroup,2020-07-29,CafeF,https://cafef.vn/vingroup-lntt-6-thang-dat-6085-ty-dong-mang-san-xuat-dong-gop-1-6-tong-doanh-thu-20200729222829065.chn,"Vingroup: LNTT 6 tháng đạt 6.085 tỷ đồng, mảng sản xuất đóng góp 1/6 tổng doanh thu",OTHER,OTHER,NEUTRAL,LOW,STOCK_SPECIFIC,MEDIUM,WEAK_RULE_V3_ENTITY_TIERED,WEAK_RULE_V3; tier=HIGH_PRECISION; entity=TITLE_COMPANY|BODY_COMPANY|BODY_TICKER|TARGET_CONTEXT; score=17; event=OTHER; symbol=VIC,TITLE_COMPANY|BODY_COMPANY|BODY_TICKER|TARGET_CONTEXT,TITLE_ENTITY_WITH_TARGET_CONTEXT,HIGH_PRECISION,FALLBACK_QUARANTINE,FALLBACK_NO_EVENT_DETECTED,80,MEDIUM,NOT_INDEPENDENTLY_VALIDATED,False
dea266c18f01fe404527,a88bb3570aa7dc19096dabe6587aa12b,GMD,Công ty Cổ phần Gemadept,2020-07-29,CafeF,https://cafef.vn/sau-nhieu-lan-thoai-von-bat-thanh-vi-fund-ii-lai-dang-ky-mua-hon-16-trieu-co-phan-gemadept-20200729174101033.chn,"Sau nhiều lần thoái vốn bất thành, VI Fund II lại đăng ký mua hơn 16 triệu cổ phần Gemadept",MACRO_POLICY,MACRO_POLICY,NEUTRAL,MODERATE,MARKET,HIGH,WEAK_RULE_V3_ENTITY_TIERED,WEAK_RULE_V3; tier=HIGH_PRECISION; entity=TITLE_COMPANY|BODY_COMPANY|BODY_TICKER|TARGET_CONTEXT; score=17; event=MACRO_POLICY; symbol=GMD,TITLE_COMPANY|BODY_COMPANY|BODY_TICKER|TARGET_CONTEXT,TITLE_ENTITY_WITH_TARGET_CONTEXT,HIGH_PRECISION,INFORMATIVE_CANDIDATE,EXPERIMENTAL_INFORMATIVE_UNVALIDATED,100,CRITICAL,NOT_INDEPENDENTLY_VALIDATED,True
827f92b25308f7c9fee1,2c81847f31bf313829d35611995c6bf3,FPT,Công ty Cổ phần FPT,2020-07-30,CafeF,https://cafef.vn/fpt-gmd-dxg-sma-ogc-lgc-nav-plp-tni-ndx-ncp-mls-thong-tin-giao-dich-luong-lon-co-phieu-20200730074924424.chn,"FPT, GMD, DXG, SMA, OGC, LGC, NAV, PLP, TNI, NDX, NCP, MLS: Thông tin giao dịch lượng lớn cổ phiếu",OTHER,OTHER,NEUTRAL,LOW,STOCK_SPECIFIC,MEDIUM,WEAK_RULE_V3_ENTITY_TIERED,WEAK_RULE_V3; tier=HIGH_PRECISION; entity=TITLE_TICKER|BODY_TICKER|TARGET_CONTEXT; score=13; event=OTHER; symbol=FPT,TITLE_TICKER|BODY_TICKER|TARGET_CONTEXT,TITLE_TICKER_WITH_TARGET_CONTEXT,HIGH_PRECISION,FALLBACK_QUARANTINE,FALLBACK_NO_EVENT_DETECTED,80,MEDIUM,NOT_INDEPENDENTLY_VALIDATED,False
21c8e3231c63b16939d3,2c81847f31bf313829d35611995c6bf3,GMD,Công ty Cổ phần Gemadept,2020-07-30,CafeF,https://cafef.vn/fpt-gmd-dxg-sma-ogc-lgc-nav-plp-tni-ndx-ncp-mls-thong-tin-giao-dich-luong-lon-co-phieu-20200730074924424.chn,"FPT, GMD, DXG, SMA, OGC, LGC, NAV, PLP, TNI, NDX, NCP, MLS: Thông tin giao dịch lượng lớn cổ phiếu",OTHER,OTHER,NEUTRAL,LOW,STOCK_SPECIFIC,MEDIUM,WEAK_RULE_V3_ENTITY_TIERED,WEAK_RULE_V3; tier=HIGH_PRECISION; entity=TITLE_TICKER|BODY_COMPANY|BODY_TICKER|TARGET_CONTEXT; score=17; event=OTHER; symbol=GMD,TITLE_TICKER|BODY_COMPANY|BODY_TICKER|TARGET_CONTEXT,TITLE_TICKER_WITH_TARGET_CONTEXT,HIGH_PRECISION,FALLBACK_QUARANTINE,FALLBACK_NO_EVENT_DETECTED,80,MEDIUM,NOT_INDEPENDENTLY_VALIDATED,False
31b59fa68e5202b15f8d,9a58464721789afd3fac30226f856973,VJC,Công ty Cổ phần Hàng không Vietjet,2020-08-02,CafeF,https://cafef.vn/vietjet-bat-ngo-lai-nghin-ty-quy-2-nho-hoat-dong-tai-chinh-va-kinh-doanh-tau-bay-20200802091849384.chn,"Vietjet lỗ vận chuyển hàng không 2.111 tỷ trong 6 tháng, đẩy mạnh hoạt động tài chính và kinh doanh tàu bay để bù đắp",MACRO_POLICY,MACRO_POLICY,NEUTRAL,MODERATE,MARKET,HIGH,WEAK_RULE_V3_ENTITY_TIERED,WEAK_RULE_V3; tier=HIGH_PRECISION; entity=TITLE_ALIAS|BODY_COMPANY|BODY_TICKER|TARGET_CONTEXT; score=17; event=MACRO_POLICY; symbol=VJC,TITLE_ALIAS|BODY_COMPANY|BODY_TICKER|TARGET_CONTEXT,TITLE_ENTITY_WITH_TARGET_CONTEXT,HIGH_PRECISION,INFORMATIVE_CANDIDATE,EXPERIMENTAL_INFORMATIVE_UNVALIDATED,100,CRITICAL,NOT_INDEPENDENTLY_VALIDATED,True
098d543ed0145ea09786,19462181f64e0f28d8582d538f4fa165,VNM,Công ty Cổ phần Sữa Việt Nam,2020-08-06,VietnamBiz,https://vietnambiz.vn/phien-6-8-khoi-ngoai-tiep-tuc-mua-rong-nhe-tam-diem-ma-vnm-2020080616515939.htm,"Phiên 6/8: Khối ngoại tiếp tục mua ròng nhẹ, tâm điểm mã VNM",OTHER,OTHER,NEUTRAL,LOW,STOCK_SPECIFIC,MEDIUM,WEAK_RULE_V3_ENTITY_TIERED,WEAK_RULE_V3; tier=HIGH_PRECISION; entity=TITLE_TICKER|BODY_TICKER|TARGET_CONTEXT; score=13; event=OTHER; symbol=VNM,TITLE_TICKER|BODY_TICKER|TARGET_CONTEXT,TITLE_TICKER_WITH_TARGET_CONTEXT,HIGH_PRECISION,FALLBACK_QUARANTINE,FALLBACK_NO_EVENT_DETECTED,80,MEDIUM,NOT_INDEPENDENTLY_VALIDATED,False
5ae1d32a178395f63807,1c90adfa5759bfd5e95061cc7bfb749f,POM,Công ty Cổ phần Thép Pomina,2020-08-06,CafeF,https://cafef.vn/pomina-pom-lo-tiep-88-ty-dong-trong-quy-2-nang-tong-lo-6-thang-dau-nam-len-144-ty-dong-2020080615575795.chn,"Pomina (POM) lỗ tiếp 88 tỷ đồng trong quý 2, nâng tổng lỗ 6 tháng đầu năm lên 144 tỷ đồng",MACRO_POLICY,MACRO_POLICY,NEUTRAL,MODERATE,MARKET,HIGH,WEAK_RULE_V3_ENTITY_TIERED,WEAK_RULE_V3; tier=HIGH_PRECISION; entity=TITLE_TICKER|TITLE_ALIAS|BODY_COMPANY|BODY_TICKER|TARGET_CONTEXT; score=24; event=MACRO_POLICY; symbol=POM,TITLE_TICKER|TITLE_ALIAS|BODY_COMPANY|BODY_TICKER|TARGET_CONTEXT,TITLE_TICKER_WITH_TARGET_CONTEXT,HIGH_PRECISION,INFORMATIVE_CANDIDATE,EXPERIMENTAL_INFORMATIVE_UNVALIDATED,100,CRITICAL,NOT_INDEPENDENTLY_VALIDATED,True
e901fc9acaa34551183b,f2121a88928b13c9150e9fac3e52192a,HVN,Tổng Công ty Hàng không Việt Nam,2020-08-06,CafeF,https://cafef.vn/vietnam-airlines-bsr-flc-va-petrolimex-lo-nghin-ty-cung-hang-loat-doanh-nghiep-ten-tuoi-lo-tram-ty-trong-nua-dau-2020-20200805175559028.chn,"Vietnam Airlines, BSR và Petrolimex lỗ nghìn tỷ cùng hàng loạt doanh nghiệp tên tuổi lỗ trăm tỷ trong nửa đầu 2020",BUSINESS_RESULT,PROFIT_DECLINE,NEGATIVE,HIGH,STOCK_SPECIFIC,HIGH,WEAK_RULE_V3_ENTITY_TIERED,WEAK_RULE_V3; tier=HIGH_PRECISION; entity=TITLE_ALIAS|BODY_COMPANY|BODY_TICKER; score=13; event=PROFIT_DECLINE; symbol=HVN,TITLE_ALIAS|BODY_COMPANY|BODY_TICKER,TITLE_ENTITY_MENTION,HIGH_PRECISION,INFORMATIVE_CANDIDATE,EXPERIMENTAL_INFORMATIVE_UNVALIDATED,100,HIGH,NOT_INDEPENDENTLY_VALIDATED,True
549ae3de666eeaf25b3c,f2121a88928b13c9150e9fac3e52192a,PLX,Tập đoàn Xăng dầu Việt Nam,2020-08-06,CafeF,https://cafef.vn/vietnam-airlines-bsr-flc-va-petrolimex-lo-nghin-ty-cung-hang-loat-doanh-nghiep-ten-tuoi-lo-tram-ty-trong-nua-dau-2020-20200805175559028.chn,"Vietnam Airlines, BSR và Petrolimex lỗ nghìn tỷ cùng hàng loạt doanh nghiệp tên tuổi lỗ trăm tỷ trong nửa đầu 2020",BUSINESS_RESULT,PROFIT_DECLINE,NEGATIVE,HIGH,STOCK_SPECIFIC,HIGH,WEAK_RULE_V3_ENTITY_TIERED,WEAK_RULE_V3; tier=HIGH_PRECISION; entity=TITLE_ALIAS|BODY_COMPANY|BODY_TICKER; score=13; event=PROFIT_DECLINE; symbol=PLX,TITLE_ALIAS|BODY_COMPANY|BODY_TICKER,TITLE_ENTITY_MENTION,HIGH_PRECISION,INFORMATIVE_CANDIDATE,EXPERIMENTAL_INFORMATIVE_UNVALIDATED,100,HIGH,NOT_INDEPENDENTLY_VALIDATED,True
2433436cbe80ee3d9759,9056b3e13f035e51a0b56b0a0c78a25e,NKG,Công ty Cổ phần Thép Nam Kim,2020-08-07,CafeF,https://cafef.vn/dbc-hdg-hdc-kdc-dhc-nkg-skg-tni-tms-cmx-sfi-dah-cet-thong-tin-giao-dich-luong-lon-co-phieu-20200807090345247.chn,"DBC, HDG, HDC, KDC, DHC, NKG, SKG, TNI, TMS, CMX, SFI, DAH, CET: Thông tin giao dịch lượng lớn cổ phiếu",OTHER,OTHER,NEUTRAL,LOW,STOCK_SPECIFIC,MEDIUM,WEAK_RULE_V3_ENTITY_TIERED,WEAK_RULE_V3; tier=HIGH_PRECISION; entity=TITLE_TICKER|BODY_COMPANY|BODY_TICKER|TARGET_CONTEXT; score=17; event=OTHER; symbol=NKG,TITLE_TICKER|BODY_COMPANY|BODY_TICKER|TARGET_CONTEXT,TITLE_TICKER_WITH_TARGET_CONTEXT,HIGH_PRECISION,FALLBACK_QUARANTINE,FALLBACK_NO_EVENT_DETECTED,80,MEDIUM,NOT_INDEPENDENTLY_VALIDATED,False
c0f756cfe7a376704014,d815cf3f51f07c3d9c2971268960ed53,VCB,Ngân hàng TMCP Ngoại thương Việt Nam,2020-08-13,CafeF,https://cafef.vn/quy-ty-do-cua-dragon-capital-mua-hon-16-trieu-co-phieu-vietcombank-trong-3-thang-qua-20200813151706419.chn,Quỹ tỷ đô của Dragon Capital mua hơn 16 triệu cổ phiếu Vietcombank trong 3 tháng qua,OTHER,OTHER,NEUTRAL,LOW,STOCK_SPECIFIC,MEDIUM,WEAK_RULE_V3_ENTITY_TIERED,WEAK_RULE_V3; tier=HIGH_PRECISION; entity=TITLE_ALIAS|BODY_TICKER|TARGET_CONTEXT; score=13; event=OTHER; symbol=VCB,TITLE_ALIAS|BODY_TICKER|TARGET_CONTEXT,TITLE_ENTITY_WITH_TARGET_CONTEXT,HIGH_PRECISION,FALLBACK_QUARANTINE,FALLBACK_NO_EVENT_DETECTED,80,MEDIUM,NOT_INDEPENDENTLY_VALIDATED,False
f1d0846e15e8997a820e,0bc5b92dbcbeea9401e0dd6e9559e62d,SSI,Công ty Cổ phần Chứng khoán SSI,2020-08-18,VietnamBiz,https://vietnambiz.vn/chung-khoan-ssi-khac-phuc-xong-su-co-giao-dich-hose-cho-phep-ket-noi-tro-lai-20200818201834583.htm,"Chứng khoán SSI khắc phục xong sự cố giao dịch, HOSE cho phép kết nối trở lại",OTHER,OTHER,NEUTRAL,LOW,STOCK_SPECIFIC,MEDIUM,WEAK_RULE_V3_ENTITY_TIERED,WEAK_RULE_V3; tier=HIGH_PRECISION; entity=TITLE_TICKER|TITLE_COMPANY|BODY_COMPANY|BODY_TICKER|TARGET_CONTEXT; score=24; event=OTHER; symbol=SSI,TITLE_TICKER|TITLE_COMPANY|BODY_COMPANY|BODY_TICKER|TARGET_CONTEXT,TITLE_TICKER_WITH_TARGET_CONTEXT,HIGH_PRECISION,FALLBACK_QUARANTINE,FALLBACK_NO_EVENT_DETECTED,80,MEDIUM,NOT_INDEPENDENTLY_VALIDATED,False
0bde6ff4d607ed502c40,6fbde1f6681a547f1c0c85c575450795,ACB,Ngân hàng TMCP Á Châu,2020-08-18,VietnamBiz,https://vietnambiz.vn/ai-da-thoa-thuan-14-trieu-co-phieu-acb-voi-gia-28000-dong-cp-phien-sang-nay-20200818105925617.htm,Xuất hiện giao dịch khủng cổ phiếu ACB với giá 28.000 đồng/cp phiên sáng nay,CORPORATE_ACTION,DIVIDEND,POSITIVE,MODERATE,STOCK_SPECIFIC,HIGH,WEAK_RULE_V3_ENTITY_TIERED,WEAK_RULE_V3; tier=HIGH_PRECISION; entity=TITLE_TICKER|BODY_TICKER|TARGET_CONTEXT; score=13; event=DIVIDEND; symbol=ACB,TITLE_TICKER|BODY_TICKER|TARGET_CONTEXT,TITLE_TICKER_WITH_TARGET_CONTEXT,HIGH_PRECISION,INFORMATIVE_CANDIDATE,EXPERIMENTAL_INFORMATIVE_UNVALIDATED,100,HIGH,NOT_INDEPENDENTLY_VALIDATED,True
8a9444b112232e5c60da,97603ef6d5b7f7cfd442a6021c8861f1,SSI,Công ty Cổ phần Chứng khoán SSI,2020-08-18,VietnamBiz,https://vietnambiz.vn/chung-khoan-ssi-khac-phuc-loi-he-thong-dat-lenh-giao-dich-binh-thuong-tren-hnx-va-upcom-20200818151334241.htm,"Chứng khoán SSI khắc phục lỗi hệ thống, đặt lệnh giao dịch bình thường trên HNX và UPCoM",OTHER,OTHER,NEUTRAL,LOW,STOCK_SPECIFIC,MEDIUM,WEAK_RULE_V3_ENTITY_TIERED,WEAK_RULE_V3; tier=HIGH_PRECISION; entity=TITLE_TICKER|TITLE_COMPANY|BODY_COMPANY|BODY_TICKER|TARGET_CONTEXT; score=24; event=OTHER; symbol=SSI,TITLE_TICKER|TITLE_COMPANY|BODY_COMPANY|BODY_TICKER|TARGET_CONTEXT,TITLE_TICKER_WITH_TARGET_CONTEXT,HIGH_PRECISION,FALLBACK_QUARANTINE,FALLBACK_NO_EVENT_DETECTED,80,MEDIUM,NOT_INDEPENDENTLY_VALIDATED,False
32ec20ab3d4da1689ac9,7a4edb0f1172075ae56e67fa48a03686,ACB,Ngân hàng TMCP Á Châu,2020-08-25,CafeF,https://cafef.vn/acb-va-shb-co-ke-hoach-chuyen-san-hnx-sap-sach-bong-doanh-nghiep-von-hoa-ty-do-20200824222524403.chn,"ACB và SHB có kế hoạch chuyển sàn, HNX sắp sạch bóng doanh nghiệp vốn hóa tỷ đô",OTHER,OTHER,NEUTRAL,LOW,STOCK_SPECIFIC,MEDIUM,WEAK_RULE_V3_ENTITY_TIERED,WEAK_RULE_V3; tier=HIGH_PRECISION; entity=TITLE_TICKER|BODY_COMPANY|BODY_TICKER|TARGET_CONTEXT; score=17; event=OTHER; symbol=ACB,TITLE_TICKER|BODY_COMPANY|BODY_TICKER|TARGET_CONTEXT,TITLE_TICKER_WITH_TARGET_CONTEXT,HIGH_PRECISION,FALLBACK_QUARANTINE,FALLBACK_NO_EVENT_DETECTED,80,MEDIUM,NOT_INDEPENDENTLY_VALIDATED,False
dcf92e4146bdad3c3ca0,b3ebb0729a32a711628f2418997c960a,VNM,Công ty Cổ phần Sữa Việt Nam,2020-08-25,CafeF,https://cafef.vn/vinamilk-chot-danh-sach-co-dong-phat-hanh-348-trieu-co-phieu-thuong-2020082511465406.chn,Vinamilk chốt danh sách cổ đông phát hành 348 triệu cổ phiếu thưởng,CORPORATE_ACTION,DIVIDEND,POSITIVE,MODERATE,STOCK_SPECIFIC,HIGH,WEAK_RULE_V3_ENTITY_TIERED,WEAK_RULE_V3; tier=HIGH_PRECISION; entity=TITLE_ALIAS|BODY_ALIAS|BODY_TICKER|TARGET_CONTEXT; score=17; event=DIVIDEND; symbol=VNM,TITLE_ALIAS|BODY_ALIAS|BODY_TICKER|TARGET_CONTEXT,TITLE_ENTITY_WITH_TARGET_CONTEXT,HIGH_PRECISION,INFORMATIVE_CANDIDATE,EXPERIMENTAL_INFORMATIVE_UNVALIDATED,100,HIGH,NOT_INDEPENDENTLY_VALIDATED,True
2494e5f8767b10fa5920,553efc082a99979b3a8ff6deac333a1b,TCB,Ngân hàng TMCP Kỹ Thương Việt Nam,2020-08-26,CafeF,https://cafef.vn/vcg-lhg-dxg-tcb-nav-tna-mig-ned-vns-nsc-thong-tin-giao-dich-luong-lon-co-phieu-2020082517372345.chn,"VCG, LHG, DXG, TCB, NAV, TNA, MIG, NED, VNS, NSC: Thông tin giao dịch lượng lớn cổ phiếu",OTHER,OTHER,NEUTRAL,LOW,STOCK_SPECIFIC,MEDIUM,WEAK_RULE_V3_ENTITY_TIERED,WEAK_RULE_V3; tier=HIGH_PRECISION; entity=TITLE_TICKER|BODY_COMPANY|BODY_TICKER|TARGET_CONTEXT; score=17; event=OTHER; symbol=TCB,TITLE_TICKER|BODY_COMPANY|BODY_TICKER|TARGET_CONTEXT,TITLE_TICKER_WITH_TARGET_CONTEXT,HIGH_PRECISION,FALLBACK_QUARANTINE,FALLBACK_NO_EVENT_DETECTED,80,MEDIUM,NOT_INDEPENDENTLY_VALIDATED,False
9f7e1874eece72a9b80e,a5da051ff95ed16150caedde32d1e776,MSN,Công ty Cổ phần Tập đoàn Masan,2020-08-26,CafeF,https://cafef.vn/hoan-tat-phat-hanh-esop-masan-group-tang-von-len-11747-ty-dong-20200826105755278.chn,"Hoàn tất phát hành ESOP, Masan Group tăng vốn lên 11.747 tỷ đồng",CORPORATE_ACTION,STOCK_ISSUANCE,NEUTRAL,MODERATE,STOCK_SPECIFIC,HIGH,WEAK_RULE_V3_ENTITY_TIERED,WEAK_RULE_V3; tier=HIGH_PRECISION; entity=TITLE_COMPANY|BODY_COMPANY|BODY_TICKER|TARGET_CONTEXT; score=17; event=STOCK_ISSUANCE; symbol=MSN,TITLE_COMPANY|BODY_COMPANY|BODY_TICKER|TARGET_CONTEXT,TITLE_ENTITY_WITH_TARGET_CONTEXT,HIGH_PRECISION,INFORMATIVE_CANDIDATE,EXPERIMENTAL_INFORMATIVE_UNVALIDATED,100,HIGH,NOT_INDEPENDENTLY_VALIDATED,True
d6de12aa6f1ef597a5e5,9e286cf1c0d78fd4e683ecb685c9e272,CTG,Ngân hàng TMCP Công Thương Việt Nam,2020-08-28,VietnamBiz,https://vietnambiz.vn/khoi-ngoai-xa-hon-27-trieu-co-phieu-ctg-nhom-ifc-tiep-tuc-thoai-von-tai-vietinbank-20200828153347393.htm,"Khối ngoại xả hơn 27 triệu cổ phiếu CTG, nhóm IFC tiếp tục thoái vốn tại VietinBank?",OTHER,OTHER,NEUTRAL,LOW,STOCK_SPECIFIC,MEDIUM,WEAK_RULE_V3_ENTITY_TIERED,WEAK_RULE_V3; tier=HIGH_PRECISION; entity=TITLE_TICKER|TITLE_ALIAS|BODY_ALIAS|BODY_TICKER|TARGET_CONTEXT; score=24; event=OTHER; symbol=CTG,TITLE_TICKER|TITLE_ALIAS|BODY_ALIAS|BODY_TICKER|TARGET_CONTEXT,TITLE_TICKER_WITH_TARGET_CONTEXT,HIGH_PRECISION,FALLBACK_QUARANTINE,FALLBACK_NO_EVENT_DETECTED,80,MEDIUM,NOT_INDEPENDENTLY_VALIDATED,False
bd70d9e704775821b8be,c48ae68a2add81b3e17b8a8aa7010c7e,FPT,Công ty Cổ phần FPT,2020-08-28,VietnamBiz,https://vietnambiz.vn/pho-chu-tich-fpt-muon-ban-23-trieu-co-phieu-20200828212926611.htm,"Phó Chủ tịch FPT muốn bán 2,3 triệu cổ phiếu",BUSINESS_RESULT,PROJECT_EXPANSION,POSITIVE,MODERATE,STOCK_SPECIFIC,HIGH,WEAK_RULE_V3_ENTITY_TIERED,WEAK_RULE_V3; tier=HIGH_PRECISION; entity=TITLE_TICKER|BODY_ALIAS|BODY_TICKER|TARGET_CONTEXT; score=17; event=PROJECT_EXPANSION; symbol=FPT,TITLE_TICKER|BODY_ALIAS|BODY_TICKER|TARGET_CONTEXT,TITLE_TICKER_WITH_TARGET_CONTEXT,HIGH_PRECISION,INFORMATIVE_CANDIDATE,EXPERIMENTAL_INFORMATIVE_UNVALIDATED,100,HIGH,NOT_INDEPENDENTLY_VALIDATED,True
aece828e13b0d8302c2d,fe90efe1ddc165c55ec8ebc4c8d7356e,CTG,Ngân hàng TMCP Công Thương Việt Nam,2020-08-28,VietnamBiz,https://vietnambiz.vn/phien-28-8-khoi-ngoai-ban-rong-gan-1300-ti-dong-tam-diem-ma-ctg-20200828163339673.htm,"Phiên 28/8: Khối ngoại bán ròng gần 1.300 tỉ đồng, tâm điểm mã CTG",OTHER,OTHER,NEUTRAL,LOW,STOCK_SPECIFIC,MEDIUM,WEAK_RULE_V3_ENTITY_TIERED,WEAK_RULE_V3; tier=HIGH_PRECISION; entity=TITLE_TICKER|BODY_TICKER|TARGET_CONTEXT; score=13; event=OTHER; symbol=CTG,TITLE_TICKER|BODY_TICKER|TARGET_CONTEXT,TITLE_TICKER_WITH_TARGET_CONTEXT,HIGH_PRECISION,FALLBACK_QUARANTINE,FALLBACK_NO_EVENT_DETECTED,80,MEDIUM,NOT_INDEPENDENTLY_VALIDATED,False
2c38a7b5e650c5293398,9c5f8ceca1ec67fd2d5cf0559a543c9d,GEX,Công ty Cổ phần Tập đoàn GELEX,2020-08-31,CafeF,https://cafef.vn/ceo-gelex-nguyen-van-tuan-dang-ky-mua-tiep-20-trieu-co-phieu-2020083118165145.chn,CEO Gelex Nguyễn Văn Tuấn đăng ký mua tiếp 20 triệu cổ phiếu,OTHER,OTHER,NEUTRAL,LOW,STOCK_SPECIFIC,MEDIUM,WEAK_RULE_V3_ENTITY_TIERED,WEAK_RULE_V3; tier=HIGH_PRECISION; entity=TITLE_COMPANY|BODY_COMPANY|BODY_TICKER|TARGET_CONTEXT; score=17; event=OTHER; symbol=GEX,TITLE_COMPANY|BODY_COMPANY|BODY_TICKER|TARGET_CONTEXT,TITLE_ENTITY_WITH_TARGET_CONTEXT,HIGH_PRECISION,FALLBACK_QUARANTINE,FALLBACK_NO_EVENT_DETECTED,80,MEDIUM,NOT_INDEPENDENTLY_VALIDATED,False
602536c683483dfde396,c2f282f7d6ab90bb607bc04c26415be6,HVN,Tổng Công ty Hàng không Việt Nam,2020-08-31,CafeF,https://cafef.vn/vietjet-lo-van-chuyen-hang-khong-1440-ty-dong-trong-6-thang-muc-tich-cuc-so-voi-cac-hang-tren-the-gioi-20200831190330903.chn,"Vietjet lỗ vận chuyển hàng không 1.440 tỷ đồng trong 6 tháng, mức tích cực so với các hãng trên thế giới",OTHER,OTHER,NEUTRAL,LOW,STOCK_SPECIFIC,MEDIUM,WEAK_RULE_V3_ENTITY_TIERED,WEAK_RULE_V3; tier=HIGH_PRECISION; entity=TITLE_COMPANY|BODY_COMPANY; score=11; event=OTHER; symbol=HVN,TITLE_COMPANY|BODY_COMPANY,TITLE_ENTITY_MENTION,HIGH_PRECISION,FALLBACK_QUARANTINE,FALLBACK_NO_EVENT_DETECTED,80,MEDIUM,NOT_INDEPENDENTLY_VALIDATED,False
d44dd5bab4a4d4328dfe,c2f282f7d6ab90bb607bc04c26415be6,VJC,Công ty Cổ phần Hàng không Vietjet,2020-08-31,CafeF,https://cafef.vn/vietjet-lo-van-chuyen-hang-khong-1440-ty-dong-trong-6-thang-muc-tich-cuc-so-voi-cac-hang-tren-the-gioi-20200831190330903.chn,"Vietjet lỗ vận chuyển hàng không 1.440 tỷ đồng trong 6 tháng, mức tích cực so với các hãng trên thế giới",OTHER,OTHER,NEUTRAL,LOW,STOCK_SPECIFIC,MEDIUM,WEAK_RULE_V3_ENTITY_TIERED,WEAK_RULE_V3; tier=HIGH_PRECISION; entity=TITLE_ALIAS|BODY_COMPANY|BODY_TICKER|TARGET_CONTEXT; score=17; event=OTHER; symbol=VJC,TITLE_ALIAS|BODY_COMPANY|BODY_TICKER|TARGET_CONTEXT,TITLE_ENTITY_WITH_TARGET_CONTEXT,HIGH_PRECISION,FALLBACK_QUARANTINE,FALLBACK_NO_EVENT_DETECTED,80,MEDIUM,NOT_INDEPENDENTLY_VALIDATED,False
334a4dc372b6e099253d,226f79be455764e01d31524c0c1ab423,CTG,Ngân hàng TMCP Công Thương Việt Nam,2020-09-01,CafeF,https://cafef.vn/vietinbank-securities-dau-an-20-nam-20200831105633278.chn,Vietinbank Securities – Dấu ấn 20 năm,BUSINESS_RESULT,PROJECT_EXPANSION,POSITIVE,MODERATE,STOCK_SPECIFIC,HIGH,WEAK_RULE_V3_ENTITY_TIERED,WEAK_RULE_V3; tier=HIGH_PRECISION; entity=TITLE_ALIAS|BODY_COMPANY; score=11; event=PROJECT_EXPANSION; symbol=CTG,TITLE_ALIAS|BODY_COMPANY,TITLE_ENTITY_MENTION,HIGH_PRECISION,INFORMATIVE_CANDIDATE,EXPERIMENTAL_INFORMATIVE_UNVALIDATED,100,HIGH,NOT_INDEPENDENTLY_VALIDATED,True
1232b19be4fd6f39890b,69941bd79cc2c10d862b18ec3caf8072,MWG,Công ty Cổ phần Đầu tư Thế Giới Di Động,2020-09-06,CafeF,https://cafef.vn/arisaig-asia-consumer-fund-gom-them-17-trieu-co-phieu-the-gioi-di-dong-20200905095804296.chn,"Arisaig Asia Consumer Fund gom thêm 1,7 triệu cổ phiếu Thế giới Di động",OTHER,OTHER,NEUTRAL,LOW,STOCK_SPECIFIC,MEDIUM,WEAK_RULE_V3_ENTITY_TIERED,WEAK_RULE_V3; tier=HIGH_PRECISION; entity=TITLE_ALIAS|BODY_ALIAS|BODY_TICKER|TARGET_CONTEXT; score=17; event=OTHER; symbol=MWG,TITLE_ALIAS|BODY_ALIAS|BODY_TICKER|TARGET_CONTEXT,TITLE_ENTITY_WITH_TARGET_CONTEXT,HIGH_PRECISION,FALLBACK_QUARANTINE,FALLBACK_NO_EVENT_DETECTED,80,MEDIUM,NOT_INDEPENDENTLY_VALIDATED,False
95538e2adf35ff56bc9c,ca212224a33809820373facf26244333,CTG,Ngân hàng TMCP Công Thương Việt Nam,2020-09-06,CafeF,https://cafef.vn/tu-doanh-ctck-va-khoi-ngoai-trao-tay-luong-lon-co-phieu-ctg-va-bcm-20200906164700608.chn,Tự doanh CTCK và khối ngoại trao tay lượng lớn cổ phiếu CTG và BCM?,OTHER,OTHER,NEUTRAL,LOW,STOCK_SPECIFIC,MEDIUM,WEAK_RULE_V3_ENTITY_TIERED,WEAK_RULE_V3; tier=HIGH_PRECISION; entity=TITLE_TICKER|BODY_TICKER|TARGET_CONTEXT; score=13; event=OTHER; symbol=CTG,TITLE_TICKER|BODY_TICKER|TARGET_CONTEXT,TITLE_TICKER_WITH_TARGET_CONTEXT,HIGH_PRECISION,FALLBACK_QUARANTINE,FALLBACK_NO_EVENT_DETECTED,80,MEDIUM,NOT_INDEPENDENTLY_VALIDATED,False
99fd711cd6c8801eca8c,d2ec1186da127b8e7a783f27c3d3476c,HPG,Công ty Cổ phần Tập đoàn Hòa Phát,2020-09-09,VietnamBiz,https://vietnambiz.vn/phien-9-9-da-ban-rong-thu-hep-khoi-ngoai-chu-yeu-xa-hpg-20200909162608852.htm,"Phiên 9/9: Đà bán ròng thu hẹp, khối ngoại chủ yếu xả HPG",OTHER,OTHER,NEUTRAL,LOW,STOCK_SPECIFIC,MEDIUM,WEAK_RULE_V3_ENTITY_TIERED,WEAK_RULE_V3; tier=HIGH_PRECISION; entity=TITLE_TICKER|BODY_TICKER|TARGET_CONTEXT; score=13; event=OTHER; symbol=HPG,TITLE_TICKER|BODY_TICKER|TARGET_CONTEXT,TITLE_TICKER_WITH_TARGET_CONTEXT,HIGH_PRECISION,FALLBACK_QUARANTINE,FALLBACK_NO_EVENT_DETECTED,80,MEDIUM,NOT_INDEPENDENTLY_VALIDATED,False
e9099d63ada171594991,2d79837e711717b06fb06b19b9b14d83,VIC,Tập đoàn Vingroup,2020-09-10,VietnamBiz,https://vietnambiz.vn/co-phieu-tam-diem-ngay-10-9-vic-cvt-agg-20200910070527618.htm,"Cổ phiếu tâm điểm ngày 10/9: VIC, CVT, AGG",BUSINESS_RESULT,PROFIT_DECLINE,NEGATIVE,HIGH,STOCK_SPECIFIC,HIGH,WEAK_RULE_V3_ENTITY_TIERED,WEAK_RULE_V3; tier=HIGH_PRECISION; entity=TITLE_TICKER|BODY_TICKER|TARGET_CONTEXT; score=13; event=PROFIT_DECLINE; symbol=VIC,TITLE_TICKER|BODY_TICKER|TARGET_CONTEXT,TITLE_TICKER_WITH_TARGET_CONTEXT,HIGH_PRECISION,INFORMATIVE_CANDIDATE,EXPERIMENTAL_INFORMATIVE_UNVALIDATED,100,HIGH,NOT_INDEPENDENTLY_VALIDATED,True
67a25f4d2abba022d4a0,1f1c007992dfc1af860c512d02b6a709,MWG,Công ty Cổ phần Đầu tư Thế Giới Di Động,2020-09-11,VietnamBiz,https://vietnambiz.vn/thu-nghiem-thanh-cong-dien-may-xanh-super-mini-la-loi-giai-cho-do-hot-cua-co-phieu-mwg-20200911120722922.htm,Thử nghiệm thành công Điện Máy Xanh Super Mini là lời giải cho độ 'hot' của cổ phiếu MWG?,OTHER,OTHER,NEUTRAL,LOW,STOCK_SPECIFIC,MEDIUM,WEAK_RULE_V3_ENTITY_TIERED,WEAK_RULE_V3; tier=HIGH_PRECISION; entity=TITLE_TICKER|BODY_ALIAS|BODY_TICKER|TARGET_CONTEXT; score=17; event=OTHER; symbol=MWG,TITLE_TICKER|BODY_ALIAS|BODY_TICKER|TARGET_CONTEXT,TITLE_TICKER_WITH_TARGET_CONTEXT,HIGH_PRECISION,FALLBACK_QUARANTINE,FALLBACK_NO_EVENT_DETECTED,80,MEDIUM,NOT_INDEPENDENTLY_VALIDATED,False
35252afad3e03b169a29,5027dfb4ca8757a088a719b0805dffbb,GMD,Công ty Cổ phần Gemadept,2020-09-11,VietnamBiz,https://vietnambiz.vn/co-phieu-tam-diem-ngay-11-9-gmd-acv-nct-20200911064951875.htm,"Cổ phiếu tâm điểm ngày 11/9: GMD, ACV, NCT",BUSINESS_RESULT,PROJECT_EXPANSION,POSITIVE,MODERATE,STOCK_SPECIFIC,HIGH,WEAK_RULE_V3_ENTITY_TIERED,WEAK_RULE_V3; tier=HIGH_PRECISION; entity=TITLE_TICKER|BODY_TICKER|TARGET_CONTEXT; score=13; event=PROJECT_EXPANSION; symbol=GMD,TITLE_TICKER|BODY_TICKER|TARGET_CONTEXT,TITLE_TICKER_WITH_TARGET_CONTEXT,HIGH_PRECISION,INFORMATIVE_CANDIDATE,EXPERIMENTAL_INFORMATIVE_UNVALIDATED,100,HIGH,NOT_INDEPENDENTLY_VALIDATED,True
121f5b6d39aab25c55db,6eedffd6ba03bca2ea517628ee00df73,VCI,Công ty Cổ phần Chứng khoán Vietcap,2020-09-11,VietnamBiz,https://vietnambiz.vn/nhom-qui-kim-khong-con-la-co-dong-lon-cua-chung-khoan-ban-viet-vci-20200911074011546.htm,Nhóm quĩ KIM không còn là cổ đông lớn của Chứng khoán Bản Việt (VCI),OTHER,OTHER,NEUTRAL,LOW,STOCK_SPECIFIC,MEDIUM,WEAK_RULE_V3_ENTITY_TIERED,WEAK_RULE_V3; tier=HIGH_PRECISION; entity=TITLE_TICKER|TITLE_ALIAS|BODY_ALIAS|BODY_TICKER|TARGET_CONTEXT; score=24; event=OTHER; symbol=VCI,TITLE_TICKER|TITLE_ALIAS|BODY_ALIAS|BODY_TICKER|TARGET_CONTEXT,TITLE_TICKER_WITH_TARGET_CONTEXT,HIGH_PRECISION,FALLBACK_QUARANTINE,FALLBACK_NO_EVENT_DETECTED,80,MEDIUM,NOT_INDEPENDENTLY_VALIDATED,False
71af8d70480699ec1d9a,7c40c09d2f74365fbfa5856c387836fc,VIC,Tập đoàn Vingroup,2020-09-11,CafeF,https://cafef.vn/vingroup-bac-thong-tin-ban-vinschool-va-vinmec-20200911162024131.chn,Vingroup bác thông tin bán Vinschool và VinMec,BUSINESS_RESULT,PROJECT_EXPANSION,POSITIVE,MODERATE,STOCK_SPECIFIC,HIGH,WEAK_RULE_V3_ENTITY_TIERED,WEAK_RULE_V3; tier=HIGH_PRECISION; entity=TITLE_COMPANY|BODY_COMPANY; score=11; event=PROJECT_EXPANSION; symbol=VIC,TITLE_COMPANY|BODY_COMPANY,TITLE_ENTITY_MENTION,HIGH_PRECISION,INFORMATIVE_CANDIDATE,EXPERIMENTAL_INFORMATIVE_UNVALIDATED,100,HIGH,NOT_INDEPENDENTLY_VALIDATED,True
c1db0d227204f957dd5a,87593a2702dde0cc70f9779e69436e48,NKG,Công ty Cổ phần Thép Nam Kim,2020-09-11,VietnamBiz,https://vietnambiz.vn/nhom-qui-kim-ha-ti-le-so-huu-tai-thep-nam-kim-20200911101142344.htm,Nhóm quĩ KIM hạ tỉ lệ sở hữu tại Thép Nam Kim,OTHER,OTHER,NEUTRAL,LOW,STOCK_SPECIFIC,MEDIUM,WEAK_RULE_V3_ENTITY_TIERED,WEAK_RULE_V3; tier=HIGH_PRECISION; entity=TITLE_COMPANY|BODY_COMPANY|BODY_TICKER|TARGET_CONTEXT; score=17; event=OTHER; symbol=NKG,TITLE_COMPANY|BODY_COMPANY|BODY_TICKER|TARGET_CONTEXT,TITLE_ENTITY_WITH_TARGET_CONTEXT,HIGH_PRECISION,FALLBACK_QUARANTINE,FALLBACK_NO_EVENT_DETECTED,80,MEDIUM,NOT_INDEPENDENTLY_VALIDATED,False
377fb5b400833c1d8c9f,d6805a545212f23b5a40a39c30289bd6,DGW,Công ty Cổ phần Thế Giới Số,2020-09-16,CafeF,https://cafef.vn/sau-digiworld-quy-phan-lan-tiep-tuc-tro-thanh-co-dong-lon-tai-ksb-voi-con-so-so-huu-25-trieu-co-phieu-20200916101514662.chn,"Sau Digiworld, quỹ Phần Lan tiếp tục trở thành cổ đông lớn tại KSB với con số sở hữu 2,5 triệu cổ phiếu",OTHER,OTHER,NEUTRAL,LOW,STOCK_SPECIFIC,MEDIUM,WEAK_RULE_V3_ENTITY_TIERED,WEAK_RULE_V3; tier=HIGH_PRECISION; entity=TITLE_ALIAS|BODY_ALIAS|BODY_TICKER; score=13; event=OTHER; symbol=DGW,TITLE_ALIAS|BODY_ALIAS|BODY_TICKER,TITLE_ENTITY_MENTION,HIGH_PRECISION,FALLBACK_QUARANTINE,FALLBACK_NO_EVENT_DETECTED,80,MEDIUM,NOT_INDEPENDENTLY_VALIDATED,False
7736ede2bd411d6accaf,47ecf3fb9b63841cf9b2372e8c86fef3,VNM,Công ty Cổ phần Sữa Việt Nam,2020-09-18,Tin Nhanh Chứng Khoán,https://www.tinnhanhchungkhoan.vn/ong-nguyen-ba-duong-rut-khoi-vinamilk-vi-ly-do-suc-khoe-post250543.html,Ông Nguyễn Bá Dương rút khỏi Vinamilk vì lý do sức khỏe,CORPORATE_ACTION,LEADERSHIP_CHANGE,NEUTRAL,MODERATE,STOCK_SPECIFIC,HIGH,WEAK_RULE_V3_ENTITY_TIERED,WEAK_RULE_V3; tier=HIGH_PRECISION; entity=TITLE_ALIAS|BODY_ALIAS|BODY_TICKER; score=13; event=LEADERSHIP_CHANGE; symbol=VNM,TITLE_ALIAS|BODY_ALIAS|BODY_TICKER,TITLE_ENTITY_MENTION,HIGH_PRECISION,INFORMATIVE_CANDIDATE,EXPERIMENTAL_INFORMATIVE_UNVALIDATED,100,HIGH,NOT_INDEPENDENTLY_VALIDATED,True
8c7b1f38853bd17e3503,6ea80b6b07d9f80021a0953f0de0f4e5,GEX,Công ty Cổ phần Tập đoàn GELEX,2020-09-21,CafeF,https://cafef.vn/kim-vietnam-growth-fund-da-ban-bot-co-phieu-gex-nkg-va-mua-them-co-phieu-vci-20200921173945553.chn,"KIM Vietnam Growth Fund đã bán bớt cổ phiếu GEX, NKG và mua thêm cổ phiếu VCI",OTHER,OTHER,NEUTRAL,LOW,STOCK_SPECIFIC,MEDIUM,WEAK_RULE_V3_ENTITY_TIERED,WEAK_RULE_V3; tier=HIGH_PRECISION; entity=TITLE_TICKER|BODY_COMPANY|BODY_TICKER|TARGET_CONTEXT; score=17; event=OTHER; symbol=GEX,TITLE_TICKER|BODY_COMPANY|BODY_TICKER|TARGET_CONTEXT,TITLE_TICKER_WITH_TARGET_CONTEXT,HIGH_PRECISION,FALLBACK_QUARANTINE,FALLBACK_NO_EVENT_DETECTED,80,MEDIUM,NOT_INDEPENDENTLY_VALIDATED,False
b2ce391187646d61694f,6ea80b6b07d9f80021a0953f0de0f4e5,NKG,Công ty Cổ phần Thép Nam Kim,2020-09-21,CafeF,https://cafef.vn/kim-vietnam-growth-fund-da-ban-bot-co-phieu-gex-nkg-va-mua-them-co-phieu-vci-20200921173945553.chn,"KIM Vietnam Growth Fund đã bán bớt cổ phiếu GEX, NKG và mua thêm cổ phiếu VCI",OTHER,OTHER,NEUTRAL,LOW,STOCK_SPECIFIC,MEDIUM,WEAK_RULE_V3_ENTITY_TIERED,WEAK_RULE_V3; tier=HIGH_PRECISION; entity=TITLE_TICKER|BODY_COMPANY|BODY_TICKER|TARGET_CONTEXT; score=17; event=OTHER; symbol=NKG,TITLE_TICKER|BODY_COMPANY|BODY_TICKER|TARGET_CONTEXT,TITLE_TICKER_WITH_TARGET_CONTEXT,HIGH_PRECISION,FALLBACK_QUARANTINE,FALLBACK_NO_EVENT_DETECTED,80,MEDIUM,NOT_INDEPENDENTLY_VALIDATED,False
b6a4486efb9b8291d7cc,6ea80b6b07d9f80021a0953f0de0f4e5,VCI,Công ty Cổ phần Chứng khoán Vietcap,2020-09-21,CafeF,https://cafef.vn/kim-vietnam-growth-fund-da-ban-bot-co-phieu-gex-nkg-va-mua-them-co-phieu-vci-20200921173945553.chn,"KIM Vietnam Growth Fund đã bán bớt cổ phiếu GEX, NKG và mua thêm cổ phiếu VCI",OTHER,OTHER,NEUTRAL,LOW,STOCK_SPECIFIC,MEDIUM,WEAK_RULE_V3_ENTITY_TIERED,WEAK_RULE_V3; tier=HIGH_PRECISION; entity=TITLE_TICKER|BODY_ALIAS|BODY_TICKER|TARGET_CONTEXT; score=17; event=OTHER; symbol=VCI,TITLE_TICKER|BODY_ALIAS|BODY_TICKER|TARGET_CONTEXT,TITLE_TICKER_WITH_TARGET_CONTEXT,HIGH_PRECISION,FALLBACK_QUARANTINE,FALLBACK_NO_EVENT_DETECTED,80,MEDIUM,NOT_INDEPENDENTLY_VALIDATED,False
0cdc50893532db3f349c,fbda55c2096c58c9654fc911c2f3a0b1,MWG,Công ty Cổ phần Đầu tư Thế Giới Di Động,2020-09-21,CafeF,https://cafef.vn/the-gioi-di-dong-mwg-hon-180-cua-hang-dien-thoai-va-dien-may-bi-anh-huong-trong-dot-covid-19-lan-hai-lnst-luy-ke-8-thang-giam-nhe-ve-2697-ty-dong-20200921153053506.chn,"Thế giới Di động (MWG): Hơn 180 cửa hàng điện thoại và điện máy bị ảnh hưởng trong đợt Covid-19 lần hai, LNST luỹ kế 8 tháng giảm nhẹ về 2.697 tỷ đồng",BUSINESS_RESULT,PROJECT_EXPANSION,POSITIVE,MODERATE,STOCK_SPECIFIC,HIGH,WEAK_RULE_V3_ENTITY_TIERED,WEAK_RULE_V3; tier=HIGH_PRECISION; entity=TITLE_TICKER|TITLE_ALIAS|BODY_ALIAS|BODY_TICKER|TARGET_CONTEXT; score=24; event=PROJECT_EXPANSION; symbol=MWG,TITLE_TICKER|TITLE_ALIAS|BODY_ALIAS|BODY_TICKER|TARGET_CONTEXT,TITLE_TICKER_WITH_TARGET_CONTEXT,HIGH_PRECISION,INFORMATIVE_CANDIDATE,EXPERIMENTAL_INFORMATIVE_UNVALIDATED,100,HIGH,NOT_INDEPENDENTLY_VALIDATED,True
32f71e5a0c45a866be18,25f114b62898a86611e73b3f724acbe4,NKG,Công ty Cổ phần Thép Nam Kim,2020-09-22,VietnamBiz,https://vietnambiz.vn/nhom-qui-kim-tiep-tuc-ban-700000-co-phieu-nkg-20200922103939204.htm,Nhóm quĩ KIM tiếp tục bán 700.000 cổ phiếu NKG,OTHER,OTHER,NEUTRAL,LOW,STOCK_SPECIFIC,MEDIUM,WEAK_RULE_V3_ENTITY_TIERED,WEAK_RULE_V3; tier=HIGH_PRECISION; entity=TITLE_TICKER|BODY_COMPANY|BODY_TICKER|TARGET_CONTEXT; score=17; event=OTHER; symbol=NKG,TITLE_TICKER|BODY_COMPANY|BODY_TICKER|TARGET_CONTEXT,TITLE_TICKER_WITH_TARGET_CONTEXT,HIGH_PRECISION,FALLBACK_QUARANTINE,FALLBACK_NO_EVENT_DETECTED,80,MEDIUM,NOT_INDEPENDENTLY_VALIDATED,False
20a5d7333645aad7dd50,ca1ce3f6cfba2df602b5b477a56f5dab,STB,Ngân hàng TMCP Sài Gòn Thương Tín,2020-09-22,VietnamBiz,https://vietnambiz.vn/thi-truong-chung-khoan-22-9-dieu-chinh-ngay-dau-phien-mwg-nguoc-dong-tang-gia-20200922100202329.htm,"Thị trường chứng khoán 22/9: Hồi phục mạnh, STB tăng kịch trần với thanh khoản khủng",OTHER,OTHER,NEUTRAL,LOW,STOCK_SPECIFIC,MEDIUM,WEAK_RULE_V3_ENTITY_TIERED,WEAK_RULE_V3; tier=HIGH_PRECISION; entity=TITLE_TICKER|BODY_ALIAS|BODY_TICKER|TARGET_CONTEXT; score=17; event=OTHER; symbol=STB,TITLE_TICKER|BODY_ALIAS|BODY_TICKER|TARGET_CONTEXT,TITLE_TICKER_WITH_TARGET_CONTEXT,HIGH_PRECISION,FALLBACK_QUARANTINE,FALLBACK_NO_EVENT_DETECTED,80,MEDIUM,NOT_INDEPENDENTLY_VALIDATED,False
a71ad9d630e71f3500be,7a544c8253883b303053f0a1bbb00ba9,STB,Ngân hàng TMCP Sài Gòn Thương Tín,2020-09-23,VietnamBiz,https://vietnambiz.vn/dong-tien-thong-minh-23-9-tu-doanh-ctck-tap-trung-gom-co-phieu-stb-phien-tang-tran-2020092307491061.htm,Dòng tiền thông minh 23/9: Tự doanh CTCK tập trung gom cổ phiếu STB phiên tăng trần,OTHER,OTHER,NEUTRAL,LOW,STOCK_SPECIFIC,MEDIUM,WEAK_RULE_V3_ENTITY_TIERED,WEAK_RULE_V3; tier=HIGH_PRECISION; entity=TITLE_TICKER|BODY_TICKER|TARGET_CONTEXT; score=13; event=OTHER; symbol=STB,TITLE_TICKER|BODY_TICKER|TARGET_CONTEXT,TITLE_TICKER_WITH_TARGET_CONTEXT,HIGH_PRECISION,FALLBACK_QUARANTINE,FALLBACK_NO_EVENT_DETECTED,80,MEDIUM,NOT_INDEPENDENTLY_VALIDATED,False
9f665e63da1a19fa6f86,9f0d9c313678999d0bd458822fcd5c9d,VSC,Công ty Cổ phần Container Việt Nam,2020-10-01,CafeF,https://cafef.vn/viconship-tam-ung-co-tuc-tien-mat-15-dau-tu-cang-nuoc-sau-tai-lach-huyen-20201001084936662.chn,"Viconship tạm ứng cổ tức tiền mặt 15%, đầu tư cảng nước sâu tại Lạch Huyện",BUSINESS_RESULT,PROFIT_DECLINE,NEGATIVE,HIGH,STOCK_SPECIFIC,HIGH,WEAK_RULE_V3_ENTITY_TIERED,WEAK_RULE_V3; tier=HIGH_PRECISION; entity=TITLE_ALIAS|BODY_COMPANY|BODY_TICKER; score=13; event=PROFIT_DECLINE; symbol=VSC,TITLE_ALIAS|BODY_COMPANY|BODY_TICKER,TITLE_ENTITY_MENTION,HIGH_PRECISION,INFORMATIVE_CANDIDATE,EXPERIMENTAL_INFORMATIVE_UNVALIDATED,100,HIGH,NOT_INDEPENDENTLY_VALIDATED,True
3a6833f09d1eed09c51b,0ce5b2324a8a8164abd1705291cbde61,HPG,Công ty Cổ phần Tập đoàn Hòa Phát,2020-10-06,VietnamBiz,https://vietnambiz.vn/sep-hoa-phat-muon-ban-900000-co-phieu-hpg-2020100618021219.htm,Sếp Hòa Phát muốn bán 900.000 cổ phiếu HPG,OTHER,OTHER,NEUTRAL,LOW,STOCK_SPECIFIC,MEDIUM,WEAK_RULE_V3_ENTITY_TIERED,WEAK_RULE_V3; tier=HIGH_PRECISION; entity=TITLE_TICKER|TITLE_COMPANY|BODY_COMPANY|BODY_TICKER|TARGET_CONTEXT; score=24; event=OTHER; symbol=HPG,TITLE_TICKER|TITLE_COMPANY|BODY_COMPANY|BODY_TICKER|TARGET_CONTEXT,TITLE_TICKER_WITH_TARGET_CONTEXT,HIGH_PRECISION,FALLBACK_QUARANTINE,FALLBACK_NO_EVENT_DETECTED,80,MEDIUM,NOT_INDEPENDENTLY_VALIDATED,False
a9f46e84ec59ce3ecd99,967a6ee0fcfc98695077b9ea7d60ff6c,SSI,Công ty Cổ phần Chứng khoán SSI,2020-10-06,VietnamBiz,https://vietnambiz.vn/thi-phan-moi-gioi-hose-qui-iii-ssi-tiep-tuc-dan-dau-vps-vuot-mat-vndirect-ban-viet-lot-top3-20201006133518787.htm,"Thị phần môi giới HOSE quí III: SSI tiếp tục dẫn đầu, VPS vượt mặt VNDirect, Bản Việt lọt Top3",OTHER,OTHER,NEUTRAL,LOW,STOCK_SPECIFIC,MEDIUM,WEAK_RULE_V3_ENTITY_TIERED,WEAK_RULE_V3; tier=HIGH_PRECISION; entity=TITLE_TICKER|BODY_COMPANY|BODY_TICKER; score=13; event=OTHER; symbol=SSI,TITLE_TICKER|BODY_COMPANY|BODY_TICKER,TITLE_ENTITY_MENTION,HIGH_PRECISION,FALLBACK_QUARANTINE,FALLBACK_NO_EVENT_DETECTED,80,MEDIUM,NOT_INDEPENDENTLY_VALIDATED,False
c3c9b0d4fd2e85cf9db5,967a6ee0fcfc98695077b9ea7d60ff6c,VND,Công ty Cổ phần Chứng khoán VNDIRECT,2020-10-06,VietnamBiz,https://vietnambiz.vn/thi-phan-moi-gioi-hose-qui-iii-ssi-tiep-tuc-dan-dau-vps-vuot-mat-vndirect-ban-viet-lot-top3-20201006133518787.htm,"Thị phần môi giới HOSE quí III: SSI tiếp tục dẫn đầu, VPS vượt mặt VNDirect, Bản Việt lọt Top3",OTHER,OTHER,NEUTRAL,LOW,STOCK_SPECIFIC,MEDIUM,WEAK_RULE_V3_ENTITY_TIERED,WEAK_RULE_V3; tier=HIGH_PRECISION; entity=TITLE_ALIAS|BODY_COMPANY|BODY_TICKER; score=13; event=OTHER; symbol=VND,TITLE_ALIAS|BODY_COMPANY|BODY_TICKER,TITLE_ENTITY_MENTION,HIGH_PRECISION,FALLBACK_QUARANTINE,FALLBACK_NO_EVENT_DETECTED,80,MEDIUM,NOT_INDEPENDENTLY_VALIDATED,False
a0c19c7abfbf894bd81f,cbfc8881acfe6080073d99b525c8ef2f,VNM,Công ty Cổ phần Sữa Việt Nam,2020-10-06,VietnamBiz,https://vietnambiz.vn/phien-6-10-khoi-ngoai-van-ban-rong-hon-tram-ti-dong-chua-dung-xa-vnm-20201006170653443.htm,"Phiên 6/10: Khối ngoại vẫn bán ròng hơn trăm tỉ đồng, chưa dừng xả VNM",OTHER,OTHER,NEUTRAL,LOW,STOCK_SPECIFIC,MEDIUM,WEAK_RULE_V3_ENTITY_TIERED,WEAK_RULE_V3; tier=HIGH_PRECISION; entity=TITLE_TICKER|BODY_TICKER|TARGET_CONTEXT; score=13; event=OTHER; symbol=VNM,TITLE_TICKER|BODY_TICKER|TARGET_CONTEXT,TITLE_TICKER_WITH_TARGET_CONTEXT,HIGH_PRECISION,FALLBACK_QUARANTINE,FALLBACK_NO_EVENT_DETECTED,80,MEDIUM,NOT_INDEPENDENTLY_VALIDATED,False
608802d81dc169620ee3,629fbab7fd6b3a0eebd4b739703b830a,VCI,Công ty Cổ phần Chứng khoán Vietcap,2020-10-07,CafeF,https://cafef.vn/tch-ttb-dxp-nbb-hdc-tcm-vci-vfs-vc9-vig-thong-tin-giao-dich-luong-lon-co-phieu-20201006173235912.chn,"TCH, TTB, DXP, NBB, HDC, TCM, VCI, VFS, VC9, VIG: Thông tin giao dịch lượng lớn cổ phiếu",MACRO_POLICY,MACRO_POLICY,NEUTRAL,MODERATE,MARKET,HIGH,WEAK_RULE_V3_ENTITY_TIERED,WEAK_RULE_V3; tier=HIGH_PRECISION; entity=TITLE_TICKER|BODY_TICKER|TARGET_CONTEXT; score=13; event=MACRO_POLICY; symbol=VCI,TITLE_TICKER|BODY_TICKER|TARGET_CONTEXT,TITLE_TICKER_WITH_TARGET_CONTEXT,HIGH_PRECISION,INFORMATIVE_CANDIDATE,EXPERIMENTAL_INFORMATIVE_UNVALIDATED,100,CRITICAL,NOT_INDEPENDENTLY_VALIDATED,True
baaa0e491aa6ce948c4b,93ee1e60cfc3cd2e62eac2bd51615286,HPG,Công ty Cổ phần Tập đoàn Hòa Phát,2020-10-07,VietnamBiz,https://vietnambiz.vn/dong-tien-thong-minh-7-10-tu-doanh-ctck-mua-vao-tram-ti-dong-co-phieu-hpg-20201007084618755.htm,Dòng tiền thông minh 7/10: Tự doanh CTCK mua vào trăm tỉ đồng cổ phiếu HPG,OTHER,OTHER,NEUTRAL,LOW,STOCK_SPECIFIC,MEDIUM,WEAK_RULE_V3_ENTITY_TIERED,WEAK_RULE_V3; tier=HIGH_PRECISION; entity=TITLE_TICKER|BODY_COMPANY|BODY_TICKER|TARGET_CONTEXT; score=17; event=OTHER; symbol=HPG,TITLE_TICKER|BODY_COMPANY|BODY_TICKER|TARGET_CONTEXT,TITLE_TICKER_WITH_TARGET_CONTEXT,HIGH_PRECISION,FALLBACK_QUARANTINE,FALLBACK_NO_EVENT_DETECTED,80,MEDIUM,NOT_INDEPENDENTLY_VALIDATED,False
dccf216f55931e98c831,f1d6f37bba7e9e2eed06f09eb9b81cf0,CTG,Ngân hàng TMCP Công Thương Việt Nam,2020-10-12,CafeF,https://cafef.vn/vndirect-tu-van-phat-hanh-thanh-cong-tren-9400-ty-dong-trai-phieu-vietinbank-20201010110547615.chn,VNDIRECT tư vấn phát hành thành công trên 9.400 tỷ đồng trái phiếu VietinBank,CORPORATE_ACTION,STOCK_ISSUANCE,NEUTRAL,MODERATE,STOCK_SPECIFIC,HIGH,WEAK_RULE_V3_ENTITY_TIERED,WEAK_RULE_V3; tier=HIGH_PRECISION; entity=TITLE_ALIAS|BODY_COMPANY; score=11; event=STOCK_ISSUANCE; symbol=CTG,TITLE_ALIAS|BODY_COMPANY,TITLE_ENTITY_MENTION,HIGH_PRECISION,INFORMATIVE_CANDIDATE,EXPERIMENTAL_INFORMATIVE_UNVALIDATED,100,HIGH,NOT_INDEPENDENTLY_VALIDATED,True
adc4e7b6648935d75630,f1d6f37bba7e9e2eed06f09eb9b81cf0,VND,Công ty Cổ phần Chứng khoán VNDIRECT,2020-10-12,CafeF,https://cafef.vn/vndirect-tu-van-phat-hanh-thanh-cong-tren-9400-ty-dong-trai-phieu-vietinbank-20201010110547615.chn,VNDIRECT tư vấn phát hành thành công trên 9.400 tỷ đồng trái phiếu VietinBank,CORPORATE_ACTION,STOCK_ISSUANCE,NEUTRAL,MODERATE,STOCK_SPECIFIC,HIGH,WEAK_RULE_V3_ENTITY_TIERED,WEAK_RULE_V3; tier=HIGH_PRECISION; entity=TITLE_ALIAS|BODY_COMPANY; score=11; event=STOCK_ISSUANCE; symbol=VND,TITLE_ALIAS|BODY_COMPANY,TITLE_ENTITY_MENTION,HIGH_PRECISION,INFORMATIVE_CANDIDATE,EXPERIMENTAL_INFORMATIVE_UNVALIDATED,100,HIGH,NOT_INDEPENDENTLY_VALIDATED,True
b0499fa2cad9931d7619,cae10d386155f18979f7505da1766fa8,MSN,Công ty Cổ phần Tập đoàn Masan,2020-10-14,Tin Nhanh Chứng Khoán,https://www.tinnhanhchungkhoan.vn/giao-dich-chung-khoan-khoi-ngoai-ngay-1410-ban-rong-toi-hon-580-ty-dong-chu-yeu-la-msn-va-tcb-post252598.html,"Giao dịch chứng khoán khối ngoại ngày 14/10: Bán ròng tới hơn 580 tỷ đồng, chủ yếu là MSN và TCB",OTHER,OTHER,NEUTRAL,LOW,STOCK_SPECIFIC,MEDIUM,WEAK_RULE_V3_ENTITY_TIERED,WEAK_RULE_V3; tier=HIGH_PRECISION; entity=TITLE_TICKER|BODY_TICKER|TARGET_CONTEXT; score=13; event=OTHER; symbol=MSN,TITLE_TICKER|BODY_TICKER|TARGET_CONTEXT,TITLE_TICKER_WITH_TARGET_CONTEXT,HIGH_PRECISION,FALLBACK_QUARANTINE,FALLBACK_NO_EVENT_DETECTED,80,MEDIUM,NOT_INDEPENDENTLY_VALIDATED,False
d63147ea64d0ca9e212e,cae10d386155f18979f7505da1766fa8,TCB,Ngân hàng TMCP Kỹ Thương Việt Nam,2020-10-14,Tin Nhanh Chứng Khoán,https://www.tinnhanhchungkhoan.vn/giao-dich-chung-khoan-khoi-ngoai-ngay-1410-ban-rong-toi-hon-580-ty-dong-chu-yeu-la-msn-va-tcb-post252598.html,"Giao dịch chứng khoán khối ngoại ngày 14/10: Bán ròng tới hơn 580 tỷ đồng, chủ yếu là MSN và TCB",OTHER,OTHER,NEUTRAL,LOW,STOCK_SPECIFIC,MEDIUM,WEAK_RULE_V3_ENTITY_TIERED,WEAK_RULE_V3; tier=HIGH_PRECISION; entity=TITLE_TICKER|BODY_TICKER|TARGET_CONTEXT; score=13; event=OTHER; symbol=TCB,TITLE_TICKER|BODY_TICKER|TARGET_CONTEXT,TITLE_TICKER_WITH_TARGET_CONTEXT,HIGH_PRECISION,FALLBACK_QUARANTINE,FALLBACK_NO_EVENT_DETECTED,80,MEDIUM,NOT_INDEPENDENTLY_VALIDATED,False
dd4106f88fb1a90843e1,7b8edef2c583d4d4e0de16cb92c9ffeb,MSN,Công ty Cổ phần Tập đoàn Masan,2020-10-15,CafeF,https://cafef.vn/phien-15-10-khoi-ngoai-tiep-tuc-ban-rong-gan-280-ty-dong-tap-trung-ban-msn-sab-2020101515120799.chn,"Phiên 15/10: Khối ngoại tiếp tục bán ròng gần 280 tỷ đồng, tập trung bán MSN, SAB",OTHER,OTHER,NEUTRAL,LOW,STOCK_SPECIFIC,MEDIUM,WEAK_RULE_V3_ENTITY_TIERED,WEAK_RULE_V3; tier=HIGH_PRECISION; entity=TITLE_TICKER|BODY_TICKER|TARGET_CONTEXT; score=13; event=OTHER; symbol=MSN,TITLE_TICKER|BODY_TICKER|TARGET_CONTEXT,TITLE_TICKER_WITH_TARGET_CONTEXT,HIGH_PRECISION,FALLBACK_QUARANTINE,FALLBACK_NO_EVENT_DETECTED,80,MEDIUM,NOT_INDEPENDENTLY_VALIDATED,False
6c6d03996df4f794254f,521e4908d43cd34c812df268a3367bb0,VSC,Công ty Cổ phần Container Việt Nam,2020-10-16,CafeF,https://cafef.vn/hbc-pgc-sgb-cmx-pet-kos-tcm-bwe-thi-vdl-joss-vsc-geg-bxh-thong-tin-giao-dich-luong-lon-co-phieu-20201016082636178.chn,"HBC, PGC, SGB, CMX, PET, KOS, TCM, BWE, THI, VDL, JOSS, VSC, GEG, BXH: Thông tin giao dịch lượng lớn cổ phiếu",OTHER,OTHER,NEUTRAL,LOW,STOCK_SPECIFIC,MEDIUM,WEAK_RULE_V3_ENTITY_TIERED,WEAK_RULE_V3; tier=HIGH_PRECISION; entity=TITLE_TICKER|BODY_COMPANY|BODY_TICKER|TARGET_CONTEXT; score=17; event=OTHER; symbol=VSC,TITLE_TICKER|BODY_COMPANY|BODY_TICKER|TARGET_CONTEXT,TITLE_TICKER_WITH_TARGET_CONTEXT,HIGH_PRECISION,FALLBACK_QUARANTINE,FALLBACK_NO_EVENT_DETECTED,80,MEDIUM,NOT_INDEPENDENTLY_VALIDATED,False
a68fde6fd5b4dda48239,9872e433800f9be80060c2daf96051be,MSN,Công ty Cổ phần Tập đoàn Masan,2020-10-17,VietnamBiz,https://vietnambiz.vn/tuan-12-16-10-von-ngoai-rut-1800-ti-dong-khoi-thi-truong-day-manh-xa-msn-khi-gia-co-phieu-day-song-20201017135205344.htm,"Tuần 12 - 16/10: Vốn ngoại rút 1.800 tỉ đồng khỏi thị trường, đẩy mạnh xả MSN khi giá cổ phiếu dậy sóng",BUSINESS_RESULT,PROJECT_EXPANSION,POSITIVE,MODERATE,STOCK_SPECIFIC,HIGH,WEAK_RULE_V3_ENTITY_TIERED,WEAK_RULE_V3; tier=HIGH_PRECISION; entity=TITLE_TICKER|BODY_COMPANY|BODY_TICKER|TARGET_CONTEXT; score=17; event=PROJECT_EXPANSION; symbol=MSN,TITLE_TICKER|BODY_COMPANY|BODY_TICKER|TARGET_CONTEXT,TITLE_TICKER_WITH_TARGET_CONTEXT,HIGH_PRECISION,INFORMATIVE_CANDIDATE,EXPERIMENTAL_INFORMATIVE_UNVALIDATED,100,HIGH,NOT_INDEPENDENTLY_VALIDATED,True
8dbb4b0903a89088dd90,ef05112514b3d60df9c915a4e81dd668,CTG,Ngân hàng TMCP Công Thương Việt Nam,2020-10-18,VietnamBiz,https://vietnambiz.vn/top10-tang-giam-tuan-12-16-10-msn-va-ctg-tiep-tuc-thang-hoa-dbc-co-dau-hieu-phan-phoi-20201017110616894.htm,"Top10 tăng/giảm tuần 12 - 16/10: MSN và CTG tiếp tục thăng hoa, DBC có dấu hiệu phân phối?",OTHER,OTHER,NEUTRAL,LOW,STOCK_SPECIFIC,MEDIUM,WEAK_RULE_V3_ENTITY_TIERED,WEAK_RULE_V3; tier=HIGH_PRECISION; entity=TITLE_TICKER|BODY_ALIAS|BODY_TICKER|TARGET_CONTEXT; score=17; event=OTHER; symbol=CTG,TITLE_TICKER|BODY_ALIAS|BODY_TICKER|TARGET_CONTEXT,TITLE_TICKER_WITH_TARGET_CONTEXT,HIGH_PRECISION,FALLBACK_QUARANTINE,FALLBACK_NO_EVENT_DETECTED,80,MEDIUM,NOT_INDEPENDENTLY_VALIDATED,False
3628d278f645878f0838,ef05112514b3d60df9c915a4e81dd668,MSN,Công ty Cổ phần Tập đoàn Masan,2020-10-18,VietnamBiz,https://vietnambiz.vn/top10-tang-giam-tuan-12-16-10-msn-va-ctg-tiep-tuc-thang-hoa-dbc-co-dau-hieu-phan-phoi-20201017110616894.htm,"Top10 tăng/giảm tuần 12 - 16/10: MSN và CTG tiếp tục thăng hoa, DBC có dấu hiệu phân phối?",OTHER,OTHER,NEUTRAL,LOW,STOCK_SPECIFIC,MEDIUM,WEAK_RULE_V3_ENTITY_TIERED,WEAK_RULE_V3; tier=HIGH_PRECISION; entity=TITLE_TICKER|BODY_COMPANY|BODY_TICKER|TARGET_CONTEXT; score=17; event=OTHER; symbol=MSN,TITLE_TICKER|BODY_COMPANY|BODY_TICKER|TARGET_CONTEXT,TITLE_TICKER_WITH_TARGET_CONTEXT,HIGH_PRECISION,FALLBACK_QUARANTINE,FALLBACK_NO_EVENT_DETECTED,80,MEDIUM,NOT_INDEPENDENTLY_VALIDATED,False
ccaa39b142e04c1f6147,cae47b32a24dc34b81fdb4754fc00de2,ANV,Công ty Cổ phần Nam Việt,2020-10-19,VietnamBiz,https://vietnambiz.vn/co-phieu-tam-diem-ngay-19-10-fpt-anv-ast-20201019075158575.htm,"Cổ phiếu tâm điểm ngày 19/10: FPT, ANV, AST",OTHER,OTHER,NEUTRAL,LOW,STOCK_SPECIFIC,MEDIUM,WEAK_RULE_V3_ENTITY_TIERED,WEAK_RULE_V3; tier=HIGH_PRECISION; entity=TITLE_TICKER|BODY_TICKER; score=9; event=OTHER; symbol=ANV,TITLE_TICKER|BODY_TICKER,TITLE_ENTITY_MENTION,HIGH_PRECISION,FALLBACK_QUARANTINE,FALLBACK_NO_EVENT_DETECTED,80,MEDIUM,NOT_INDEPENDENTLY_VALIDATED,False
a854ba722264aa329973,cae47b32a24dc34b81fdb4754fc00de2,FPT,Công ty Cổ phần FPT,2020-10-19,VietnamBiz,https://vietnambiz.vn/co-phieu-tam-diem-ngay-19-10-fpt-anv-ast-20201019075158575.htm,"Cổ phiếu tâm điểm ngày 19/10: FPT, ANV, AST",OTHER,OTHER,NEUTRAL,LOW,STOCK_SPECIFIC,MEDIUM,WEAK_RULE_V3_ENTITY_TIERED,WEAK_RULE_V3; tier=HIGH_PRECISION; entity=TITLE_TICKER|BODY_TICKER|TARGET_CONTEXT; score=13; event=OTHER; symbol=FPT,TITLE_TICKER|BODY_TICKER|TARGET_CONTEXT,TITLE_TICKER_WITH_TARGET_CONTEXT,HIGH_PRECISION,FALLBACK_QUARANTINE,FALLBACK_NO_EVENT_DETECTED,80,MEDIUM,NOT_INDEPENDENTLY_VALIDATED,False
e7106be5b42dc6566aa0,7a2dd5c327ab8d0f0dccc1f5e247e568,VPB,Ngân hàng TMCP Việt Nam Thịnh Vượng,2020-10-20,CafeF,https://cafef.vn/vpbank-lai-truoc-thue-gan-9400-ty-dong-trong-9-thang-dat-92-ke-hoach-ca-nam-20201020103323615.chn,"VPBank lãi trước thuế gần 9.400 tỷ đồng trong 9 tháng, đạt 92% kế hoạch cả năm",MACRO_POLICY,MACRO_POLICY,NEUTRAL,MODERATE,MARKET,HIGH,WEAK_RULE_V3_ENTITY_TIERED,WEAK_RULE_V3; tier=HIGH_PRECISION; entity=TITLE_ALIAS|BODY_COMPANY|BODY_TICKER|TARGET_CONTEXT; score=17; event=MACRO_POLICY; symbol=VPB,TITLE_ALIAS|BODY_COMPANY|BODY_TICKER|TARGET_CONTEXT,TITLE_ENTITY_WITH_TARGET_CONTEXT,HIGH_PRECISION,INFORMATIVE_CANDIDATE,EXPERIMENTAL_INFORMATIVE_UNVALIDATED,100,CRITICAL,NOT_INDEPENDENTLY_VALIDATED,True
86611d61e2ec7ec91582,8063fd415263b100f866094e791357b7,POW,Tổng Công ty Điện lực Dầu khí Việt Nam,2020-10-20,CafeF,https://cafef.vn/dien-luc-dau-khi-nhon-trach-2-nt2-lo-6-ty-dong-trong-quy-do-dung-nha-may-de-trung-tu-20201020111453303.chn,Điện lực dầu khí Nhơn Trạch 2 (NT2) lỗ 6 tỷ đồng trong quý do dừng nhà máy để trung tu,BUSINESS_RESULT,PROFIT_DECLINE,NEGATIVE,HIGH,STOCK_SPECIFIC,HIGH,WEAK_RULE_V3_ENTITY_TIERED,WEAK_RULE_V3; tier=HIGH_PRECISION; entity=TITLE_COMPANY|BODY_COMPANY; score=11; event=PROFIT_DECLINE; symbol=POW,TITLE_COMPANY|BODY_COMPANY,TITLE_ENTITY_MENTION,HIGH_PRECISION,INFORMATIVE_CANDIDATE,EXPERIMENTAL_INFORMATIVE_UNVALIDATED,100,HIGH,NOT_INDEPENDENTLY_VALIDATED,True
f0c605e743118a810aa3,ee466410aa28821fc4351fde2cad6466,GEX,Công ty Cổ phần Tập đoàn GELEX,2020-10-22,CafeF,https://cafef.vn/gab-hdc-gex-sgr-mhc-agg-vsc-thong-tin-giao-dich-luong-lon-co-phieu-20201022175103397.chn,"GAB, HDC, GEX, SGR, MHC, AGG, VSC: Thông tin giao dịch lượng lớn cổ phiếu",OTHER,OTHER,NEUTRAL,LOW,STOCK_SPECIFIC,MEDIUM,WEAK_RULE_V3_ENTITY_TIERED,WEAK_RULE_V3; tier=HIGH_PRECISION; entity=TITLE_TICKER|BODY_TICKER|TARGET_CONTEXT; score=13; event=OTHER; symbol=GEX,TITLE_TICKER|BODY_TICKER|TARGET_CONTEXT,TITLE_TICKER_WITH_TARGET_CONTEXT,HIGH_PRECISION,FALLBACK_QUARANTINE,FALLBACK_NO_EVENT_DETECTED,80,MEDIUM,NOT_INDEPENDENTLY_VALIDATED,False
0df120ddb2260560a3b1,ee466410aa28821fc4351fde2cad6466,VSC,Công ty Cổ phần Container Việt Nam,2020-10-22,CafeF,https://cafef.vn/gab-hdc-gex-sgr-mhc-agg-vsc-thong-tin-giao-dich-luong-lon-co-phieu-20201022175103397.chn,"GAB, HDC, GEX, SGR, MHC, AGG, VSC: Thông tin giao dịch lượng lớn cổ phiếu",OTHER,OTHER,NEUTRAL,LOW,STOCK_SPECIFIC,MEDIUM,WEAK_RULE_V3_ENTITY_TIERED,WEAK_RULE_V3; tier=HIGH_PRECISION; entity=TITLE_TICKER|BODY_COMPANY|BODY_TICKER|TARGET_CONTEXT; score=17; event=OTHER; symbol=VSC,TITLE_TICKER|BODY_COMPANY|BODY_TICKER|TARGET_CONTEXT,TITLE_TICKER_WITH_TARGET_CONTEXT,HIGH_PRECISION,FALLBACK_QUARANTINE,FALLBACK_NO_EVENT_DETECTED,80,MEDIUM,NOT_INDEPENDENTLY_VALIDATED,False
05d1769ffb51782ff40f,fb51a58a78b318aa40df56da5ff8e3e3,FPT,Công ty Cổ phần FPT,2020-10-22,CafeF,https://cafef.vn/fpt-lntt-9-thang-tang-truong-9-len-3814-ty-dong-20201022184119397.chn,FPT: LNTT 9 tháng tăng trưởng 9% lên 3.814 tỷ đồng,BUSINESS_RESULT,PROJECT_EXPANSION,POSITIVE,MODERATE,STOCK_SPECIFIC,HIGH,WEAK_RULE_V3_ENTITY_TIERED,WEAK_RULE_V3; tier=HIGH_PRECISION; entity=TITLE_TICKER|BODY_TICKER|TARGET_CONTEXT; score=13; event=PROJECT_EXPANSION; symbol=FPT,TITLE_TICKER|BODY_TICKER|TARGET_CONTEXT,TITLE_TICKER_WITH_TARGET_CONTEXT,HIGH_PRECISION,INFORMATIVE_CANDIDATE,EXPERIMENTAL_INFORMATIVE_UNVALIDATED,100,HIGH,NOT_INDEPENDENTLY_VALIDATED,True
499a30aea47520e24245,710315c88a30241403c0c1758f2263f8,STB,Ngân hàng TMCP Sài Gòn Thương Tín,2020-10-27,CafeF,https://cafef.vn/vnindex-tiep-tuc-giam-sau-phien-bat-ngo-giam-sau-hom-qua-co-phieu-ngan-hang-dieu-chinh-20201027084917709.chn,"STB bất ngờ giảm sâu, VnIndex mất hơn 4 điểm cuối phiên",SECTOR_NEWS,SECTOR_NEWS,NEUTRAL,MODERATE,SECTOR,HIGH,WEAK_RULE_V3_ENTITY_TIERED,WEAK_RULE_V3; tier=HIGH_PRECISION; entity=TITLE_TICKER|BODY_ALIAS|BODY_TICKER|TARGET_CONTEXT; score=17; event=SECTOR_NEWS; symbol=STB,TITLE_TICKER|BODY_ALIAS|BODY_TICKER|TARGET_CONTEXT,TITLE_TICKER_WITH_TARGET_CONTEXT,HIGH_PRECISION,INFORMATIVE_CANDIDATE,EXPERIMENTAL_INFORMATIVE_UNVALIDATED,100,CRITICAL,NOT_INDEPENDENTLY_VALIDATED,True
ed111db4c9623b16e336,c30f3ae309b40051c4385f0ced41a2c2,MSN,Công ty Cổ phần Tập đoàn Masan,2020-10-27,CafeF,https://cafef.vn/phien-27-10-khoi-ngoai-tiep-tuc-ban-rong-gan-170-ty-dong-tap-trung-ban-msn-20201027151908193.chn,"Phiên 27/10: Khối ngoại tiếp tục bán ròng gần 170 tỷ đồng, tập trung bán MSN",OTHER,OTHER,NEUTRAL,LOW,STOCK_SPECIFIC,MEDIUM,WEAK_RULE_V3_ENTITY_TIERED,WEAK_RULE_V3; tier=HIGH_PRECISION; entity=TITLE_TICKER|BODY_TICKER|TARGET_CONTEXT; score=13; event=OTHER; symbol=MSN,TITLE_TICKER|BODY_TICKER|TARGET_CONTEXT,TITLE_TICKER_WITH_TARGET_CONTEXT,HIGH_PRECISION,FALLBACK_QUARANTINE,FALLBACK_NO_EVENT_DETECTED,80,MEDIUM,NOT_INDEPENDENTLY_VALIDATED,False
682c6cd96e908377583c,6d5be141aa1014f19feead6fec29c6c6,IMP,Công ty Cổ phần Dược phẩm Imexpharm,2020-10-29,VietnamBiz,https://vietnambiz.vn/co-phieu-tam-diem-ngay-30-10-imp-gvr-lpb-20201029213716317.htm,"Cổ phiếu tâm điểm ngày 30/10: IMP, GVR, LPB",OTHER,OTHER,NEUTRAL,LOW,STOCK_SPECIFIC,MEDIUM,WEAK_RULE_V3_ENTITY_TIERED,WEAK_RULE_V3; tier=HIGH_PRECISION; entity=TITLE_TICKER|BODY_TICKER|TARGET_CONTEXT; score=13; event=OTHER; symbol=IMP,TITLE_TICKER|BODY_TICKER|TARGET_CONTEXT,TITLE_TICKER_WITH_TARGET_CONTEXT,HIGH_PRECISION,FALLBACK_QUARANTINE,FALLBACK_NO_EVENT_DETECTED,80,MEDIUM,NOT_INDEPENDENTLY_VALIDATED,False
04ccc1f1ee1b0c33a72f,4bffc1673c9df09ff790f0071f4b7085,HSG,Công ty Cổ phần Tập đoàn Hoa Sen,2020-10-30,CafeF,https://cafef.vn/hsg-lai-sau-thue-ndtc-2019-2020-dat-1151-ty-dong-lon-gap-32-lan-so-voi-ndtc-2018-2019-20201030100628943.chn,"HSG: Lãi sau thuế NĐTC 2019-2020 đạt 1.151 tỷ đồng, lớn gấp 3,2 lần so với NĐTC 2018-2019",OTHER,OTHER,NEUTRAL,LOW,STOCK_SPECIFIC,MEDIUM,WEAK_RULE_V3_ENTITY_TIERED,WEAK_RULE_V3; tier=HIGH_PRECISION; entity=TITLE_TICKER|BODY_COMPANY|BODY_TICKER|TARGET_CONTEXT; score=17; event=OTHER; symbol=HSG,TITLE_TICKER|BODY_COMPANY|BODY_TICKER|TARGET_CONTEXT,TITLE_TICKER_WITH_TARGET_CONTEXT,HIGH_PRECISION,FALLBACK_QUARANTINE,FALLBACK_NO_EVENT_DETECTED,80,MEDIUM,NOT_INDEPENDENTLY_VALIDATED,False
9267295b26829287dbca,3da3d0e379289a3edcbf9b388d085b10,TCB,Ngân hàng TMCP Kỹ Thương Việt Nam,2020-11-01,VietnamBiz,https://vietnambiz.vn/co-phieu-ngan-hang-tuan-qua-tcb-giam-manh-nhat-nganh-voi-thanh-khoan-lien-tuc-o-muc-cao-2020110121322801.htm,Cổ phiếu ngân hàng tuần qua: TCB giảm mạnh nhất ngành với thanh khoản liên tục ở mức cao,OTHER,OTHER,NEUTRAL,LOW,STOCK_SPECIFIC,MEDIUM,WEAK_RULE_V3_ENTITY_TIERED,WEAK_RULE_V3; tier=HIGH_PRECISION; entity=TITLE_TICKER|BODY_ALIAS|BODY_TICKER|TARGET_CONTEXT; score=17; event=OTHER; symbol=TCB,TITLE_TICKER|BODY_ALIAS|BODY_TICKER|TARGET_CONTEXT,TITLE_TICKER_WITH_TARGET_CONTEXT,HIGH_PRECISION,FALLBACK_QUARANTINE,FALLBACK_NO_EVENT_DETECTED,80,MEDIUM,NOT_INDEPENDENTLY_VALIDATED,False
79a4137187239aa1965a,67950e36ec3ed758a8e9b155c6d981e5,REE,Công ty Cổ phần Cơ Điện Lạnh,2020-11-02,CafeF,https://cafef.vn/co-phieu-tang-manh-co-dien-lanh-ree-van-muon-mua-1-trieu-co-phieu-quy-de-lam-nguon-thuong-cho-can-bo-cap-cao-2020110217424349.chn,Cổ phiếu tăng mạnh Cơ điện lạnh REE vẫn muốn mua 1 triệu cổ phiếu quỹ để làm nguồn thưởng cho cán bộ cấp cao,OTHER,OTHER,NEUTRAL,LOW,STOCK_SPECIFIC,MEDIUM,WEAK_RULE_V3_ENTITY_TIERED,WEAK_RULE_V3; tier=HIGH_PRECISION; entity=TITLE_TICKER|TITLE_COMPANY|BODY_COMPANY|BODY_TICKER|TARGET_CONTEXT; score=24; event=OTHER; symbol=REE,TITLE_TICKER|TITLE_COMPANY|BODY_COMPANY|BODY_TICKER|TARGET_CONTEXT,TITLE_TICKER_WITH_TARGET_CONTEXT,HIGH_PRECISION,FALLBACK_QUARANTINE,FALLBACK_NO_EVENT_DETECTED,80,MEDIUM,NOT_INDEPENDENTLY_VALIDATED,False
81ecc68e94a1808d22db,fd5bc7f71c9192e956bc9fff184952a5,MSN,Công ty Cổ phần Tập đoàn Masan,2020-11-03,CafeF,https://cafef.vn/msn-geg-ntl-tn1-nth-sip-cc4-dfc-ttz-ddv-dhp-thong-tin-giao-dich-luong-lon-co-phieu-20201103081847381.chn,"MSN, GEG, NTL, TN1, NTH, SIP, CC4, DFC, TTZ, DDV, DHP: Thông tin giao dịch lượng lớn cổ phiếu",OTHER,OTHER,NEUTRAL,LOW,STOCK_SPECIFIC,MEDIUM,WEAK_RULE_V3_ENTITY_TIERED,WEAK_RULE_V3; tier=HIGH_PRECISION; entity=TITLE_TICKER|BODY_COMPANY|BODY_TICKER|TARGET_CONTEXT; score=17; event=OTHER; symbol=MSN,TITLE_TICKER|BODY_COMPANY|BODY_TICKER|TARGET_CONTEXT,TITLE_TICKER_WITH_TARGET_CONTEXT,HIGH_PRECISION,FALLBACK_QUARANTINE,FALLBACK_NO_EVENT_DETECTED,80,MEDIUM,NOT_INDEPENDENTLY_VALIDATED,False
1392ce0ab857018e9393,ac5f80540d461eaae37fc40cc6ae5e5d,DGW,Công ty Cổ phần Thế Giới Số,2020-11-08,CafeF,https://cafef.vn/10-co-phieu-tang-giam-manh-nhat-tuan-htn-va-dgw-but-pha-20201108163753584.chn,10 cổ phiếu tăng/giảm mạnh nhất tuần: HTN và DGW bứt phá,CORPORATE_ACTION,DIVIDEND,POSITIVE,MODERATE,STOCK_SPECIFIC,HIGH,WEAK_RULE_V3_ENTITY_TIERED,WEAK_RULE_V3; tier=HIGH_PRECISION; entity=TITLE_TICKER|BODY_ALIAS|BODY_TICKER|TARGET_CONTEXT; score=17; event=DIVIDEND; symbol=DGW,TITLE_TICKER|BODY_ALIAS|BODY_TICKER|TARGET_CONTEXT,TITLE_TICKER_WITH_TARGET_CONTEXT,HIGH_PRECISION,INFORMATIVE_CANDIDATE,EXPERIMENTAL_INFORMATIVE_UNVALIDATED,100,HIGH,NOT_INDEPENDENTLY_VALIDATED,True
104a7b744a46798768ae,cd6bf8759b9b101b021d53ca12377f91,DGW,Công ty Cổ phần Thế Giới Số,2020-11-08,CafeF,https://cafef.vn/tro-thanh-nha-phan-phoi-moi-cua-apple-digiworld-va-petrosetco-lai-lon-trong-quy-iii-20201108162503787.chn,"Trở thành nhà phân phối mới của Apple, Digiworld và Petrosetco lãi lớn trong quý III",BUSINESS_RESULT,PROFIT_GROWTH,POSITIVE,HIGH,STOCK_SPECIFIC,HIGH,WEAK_RULE_V3_ENTITY_TIERED,WEAK_RULE_V3; tier=HIGH_PRECISION; entity=TITLE_ALIAS|BODY_COMPANY|BODY_TICKER|TARGET_CONTEXT; score=17; event=PROFIT_GROWTH; symbol=DGW,TITLE_ALIAS|BODY_COMPANY|BODY_TICKER|TARGET_CONTEXT,TITLE_ENTITY_WITH_TARGET_CONTEXT,HIGH_PRECISION,INFORMATIVE_CANDIDATE,EXPERIMENTAL_INFORMATIVE_UNVALIDATED,100,HIGH,NOT_INDEPENDENTLY_VALIDATED,True
0b1439bf192c30c63752,ce45b65177b87fc95e5c0052d2f76ec0,ANV,Công ty Cổ phần Nam Việt,2020-11-08,Tin Nhanh Chứng Khoán,https://www.tinnhanhchungkhoan.vn/anv-ngay-gdkhq-tra-co-tuc-dot-2-nam-2019-10-post255243.html,ANV: Ngày GDKHQ trả cổ tức đợt 2 năm 2019 (10%),CORPORATE_ACTION,DIVIDEND,POSITIVE,MODERATE,STOCK_SPECIFIC,HIGH,WEAK_RULE_V3_ENTITY_TIERED,WEAK_RULE_V3; tier=HIGH_PRECISION; entity=TITLE_TICKER|BODY_COMPANY|BODY_TICKER|TARGET_CONTEXT; score=17; event=DIVIDEND; symbol=ANV,TITLE_TICKER|BODY_COMPANY|BODY_TICKER|TARGET_CONTEXT,TITLE_TICKER_WITH_TARGET_CONTEXT,HIGH_PRECISION,INFORMATIVE_CANDIDATE,EXPERIMENTAL_INFORMATIVE_UNVALIDATED,100,HIGH,NOT_INDEPENDENTLY_VALIDATED,True
f9c3aef79587efcae2d6,1baaac6b0be8610f2eb1af47f93732ac,MBB,Ngân hàng TMCP Quân Đội,2020-11-09,CafeF,https://cafef.vn/mwg-flc-mbb-pme-pac-ksd-fid-bcf-dhp-thong-tin-giao-dich-luong-lon-co-phieu-20201109080756568.chn,"MWG, FLC, MBB, PME, PAC, KSD, FID, BCF, DHP: Thông tin giao dịch lượng lớn cổ phiếu",OTHER,OTHER,NEUTRAL,LOW,STOCK_SPECIFIC,MEDIUM,WEAK_RULE_V3_ENTITY_TIERED,WEAK_RULE_V3; tier=HIGH_PRECISION; entity=TITLE_TICKER|BODY_COMPANY|BODY_TICKER|TARGET_CONTEXT; score=17; event=OTHER; symbol=MBB,TITLE_TICKER|BODY_COMPANY|BODY_TICKER|TARGET_CONTEXT,TITLE_TICKER_WITH_TARGET_CONTEXT,HIGH_PRECISION,FALLBACK_QUARANTINE,FALLBACK_NO_EVENT_DETECTED,80,MEDIUM,NOT_INDEPENDENTLY_VALIDATED,False
8510c094a94f969d76db,1baaac6b0be8610f2eb1af47f93732ac,MWG,Công ty Cổ phần Đầu tư Thế Giới Di Động,2020-11-09,CafeF,https://cafef.vn/mwg-flc-mbb-pme-pac-ksd-fid-bcf-dhp-thong-tin-giao-dich-luong-lon-co-phieu-20201109080756568.chn,"MWG, FLC, MBB, PME, PAC, KSD, FID, BCF, DHP: Thông tin giao dịch lượng lớn cổ phiếu",OTHER,OTHER,NEUTRAL,LOW,STOCK_SPECIFIC,MEDIUM,WEAK_RULE_V3_ENTITY_TIERED,WEAK_RULE_V3; tier=HIGH_PRECISION; entity=TITLE_TICKER|BODY_ALIAS|BODY_TICKER|TARGET_CONTEXT; score=17; event=OTHER; symbol=MWG,TITLE_TICKER|BODY_ALIAS|BODY_TICKER|TARGET_CONTEXT,TITLE_TICKER_WITH_TARGET_CONTEXT,HIGH_PRECISION,FALLBACK_QUARANTINE,FALLBACK_NO_EVENT_DETECTED,80,MEDIUM,NOT_INDEPENDENTLY_VALIDATED,False
d837199241091c39e802,81f08d945e6703bc5a4df959ccddc2ca,POW,Tổng Công ty Điện lực Dầu khí Việt Nam,2020-11-09,CafeF,https://cafef.vn/pv-power-pow-sap-chi-700-ty-dong-tra-co-tuc-20201109090046068.chn,PV Power (POW) sắp chi 700 tỷ đồng trả cổ tức,CORPORATE_ACTION,DIVIDEND,POSITIVE,MODERATE,STOCK_SPECIFIC,HIGH,WEAK_RULE_V3_ENTITY_TIERED,WEAK_RULE_V3; tier=HIGH_PRECISION; entity=TITLE_TICKER|TITLE_ALIAS|BODY_COMPANY|BODY_TICKER|TARGET_CONTEXT; score=24; event=DIVIDEND; symbol=POW,TITLE_TICKER|TITLE_ALIAS|BODY_COMPANY|BODY_TICKER|TARGET_CONTEXT,TITLE_TICKER_WITH_TARGET_CONTEXT,HIGH_PRECISION,INFORMATIVE_CANDIDATE,EXPERIMENTAL_INFORMATIVE_UNVALIDATED,100,HIGH,NOT_INDEPENDENTLY_VALIDATED,True
7f357c7a24fbb5f1b48a,acde322dcdc58c63dba5857090d02096,ACB,Ngân hàng TMCP Á Châu,2020-11-09,CafeF,https://cafef.vn/chuyen-dong-quy-dau-tu-tuan-2-8-11-dragon-mua-acb-quy-kim-ban-nkg-20201109103234162.chn,"Chuyển động quỹ đầu tư tuần 2-8/11: Dragon mua ACB, quỹ KIM bán NKG",BUSINESS_RESULT,PROFIT_DECLINE,NEGATIVE,HIGH,STOCK_SPECIFIC,HIGH,WEAK_RULE_V3_ENTITY_TIERED,WEAK_RULE_V3; tier=HIGH_PRECISION; entity=TITLE_TICKER|BODY_COMPANY|BODY_TICKER|TARGET_CONTEXT; score=17; event=PROFIT_DECLINE; symbol=ACB,TITLE_TICKER|BODY_COMPANY|BODY_TICKER|TARGET_CONTEXT,TITLE_TICKER_WITH_TARGET_CONTEXT,HIGH_PRECISION,INFORMATIVE_CANDIDATE,EXPERIMENTAL_INFORMATIVE_UNVALIDATED,100,HIGH,NOT_INDEPENDENTLY_VALIDATED,True
53de82bbd967d585ba99,acde322dcdc58c63dba5857090d02096,NKG,Công ty Cổ phần Thép Nam Kim,2020-11-09,CafeF,https://cafef.vn/chuyen-dong-quy-dau-tu-tuan-2-8-11-dragon-mua-acb-quy-kim-ban-nkg-20201109103234162.chn,"Chuyển động quỹ đầu tư tuần 2-8/11: Dragon mua ACB, quỹ KIM bán NKG",BUSINESS_RESULT,PROFIT_DECLINE,NEGATIVE,HIGH,STOCK_SPECIFIC,HIGH,WEAK_RULE_V3_ENTITY_TIERED,WEAK_RULE_V3; tier=HIGH_PRECISION; entity=TITLE_TICKER|BODY_COMPANY|BODY_TICKER|TARGET_CONTEXT; score=17; event=PROFIT_DECLINE; symbol=NKG,TITLE_TICKER|BODY_COMPANY|BODY_TICKER|TARGET_CONTEXT,TITLE_TICKER_WITH_TARGET_CONTEXT,HIGH_PRECISION,INFORMATIVE_CANDIDATE,EXPERIMENTAL_INFORMATIVE_UNVALIDATED,100,HIGH,NOT_INDEPENDENTLY_VALIDATED,True
2c05f603ef00104e00ba,e6a908a905dce3257260d2b793ded52e,HCM,Công ty Cổ phần Chứng khoán Thành phố Hồ Chí Minh,2020-11-10,CafeF,https://cafef.vn/hcm-hag-skg-nav-ckg-tcl-scj-spv-thong-tin-giao-dich-luong-lon-co-phieu-20201110180200303.chn,"HCM, HAG, SKG, NAV, CKG, TCL, SCJ, SPV: Thông tin giao dịch lượng lớn cổ phiếu",OTHER,OTHER,NEUTRAL,LOW,STOCK_SPECIFIC,MEDIUM,WEAK_RULE_V3_ENTITY_TIERED,WEAK_RULE_V3; tier=HIGH_PRECISION; entity=TITLE_TICKER|BODY_TICKER|TARGET_CONTEXT; score=13; event=OTHER; symbol=HCM,TITLE_TICKER|BODY_TICKER|TARGET_CONTEXT,TITLE_TICKER_WITH_TARGET_CONTEXT,HIGH_PRECISION,FALLBACK_QUARANTINE,FALLBACK_NO_EVENT_DETECTED,80,MEDIUM,NOT_INDEPENDENTLY_VALIDATED,False
d0b86e305598492bcf0f,f6a755ce835dc7de0349c37259cc6f9b,MBB,Ngân hàng TMCP Quân Đội,2020-11-11,VietnamBiz,https://vietnambiz.vn/hon-361-trieu-co-phieu-mbb-sap-ve-tai-khoan-cua-nha-dau-tu-20201111064936413.htm,Hơn 361 triệu cổ phiếu MBB sắp về tài khoản của nhà đầu tư,CORPORATE_ACTION,DIVIDEND,POSITIVE,MODERATE,STOCK_SPECIFIC,HIGH,WEAK_RULE_V3_ENTITY_TIERED,WEAK_RULE_V3; tier=HIGH_PRECISION; entity=TITLE_TICKER|BODY_COMPANY|BODY_TICKER|TARGET_CONTEXT; score=17; event=DIVIDEND; symbol=MBB,TITLE_TICKER|BODY_COMPANY|BODY_TICKER|TARGET_CONTEXT,TITLE_TICKER_WITH_TARGET_CONTEXT,HIGH_PRECISION,INFORMATIVE_CANDIDATE,EXPERIMENTAL_INFORMATIVE_UNVALIDATED,100,HIGH,NOT_INDEPENDENTLY_VALIDATED,True
ec483e7f19cd983bf715,f9da00b01df260c13483f639792c86c5,CTR,Tổng Công ty Cổ phần Công trình Viettel,2020-11-11,VietnamBiz,https://vietnambiz.vn/gia-chao-ban-co-phieu-cong-trinh-viettel-ctr-nang-len-46600-dong-cp-20201111100113522.htm,Giá chào bán cổ phiếu Công trình Viettel (CTR) nâng lên 46.600 đồng/cp,BUSINESS_RESULT,PROFIT_GROWTH,POSITIVE,HIGH,STOCK_SPECIFIC,HIGH,WEAK_RULE_V3_ENTITY_TIERED,WEAK_RULE_V3; tier=HIGH_PRECISION; entity=TITLE_TICKER|TITLE_ALIAS|BODY_ALIAS|BODY_TICKER; score=20; event=PROFIT_GROWTH; symbol=CTR,TITLE_TICKER|TITLE_ALIAS|BODY_ALIAS|BODY_TICKER,TITLE_ENTITY_MENTION,HIGH_PRECISION,INFORMATIVE_CANDIDATE,EXPERIMENTAL_INFORMATIVE_UNVALIDATED,100,HIGH,NOT_INDEPENDENTLY_VALIDATED,True
0017faabd8e42a696b1b,8eee804ae67792318158f348c2551e02,DGC,Công ty Cổ phần Tập đoàn Hóa chất Đức Giang,2020-11-13,CafeF,https://cafef.vn/hoa-chat-duc-giang-tap-trung-acid-phosphoric-dien-tu-ghi-nhan-mot-phan-loi-nhuan-bat-dong-san-trong-2021-20201113100353912.chn,"Hóa chất Đức Giang tập trung acid phosphoric điện tử, ghi nhận một phần lợi nhuận bất động sản trong 2021",BUSINESS_RESULT,PROJECT_EXPANSION,POSITIVE,MODERATE,STOCK_SPECIFIC,HIGH,WEAK_RULE_V3_ENTITY_TIERED,WEAK_RULE_V3; tier=HIGH_PRECISION; entity=TITLE_COMPANY|BODY_COMPANY|BODY_TICKER|TARGET_CONTEXT; score=17; event=PROJECT_EXPANSION; symbol=DGC,TITLE_COMPANY|BODY_COMPANY|BODY_TICKER|TARGET_CONTEXT,TITLE_ENTITY_WITH_TARGET_CONTEXT,HIGH_PRECISION,INFORMATIVE_CANDIDATE,EXPERIMENTAL_INFORMATIVE_UNVALIDATED,100,HIGH,NOT_INDEPENDENTLY_VALIDATED,True
e53d3ef3405cb572a64a,fd0423f809cc68a6e782f1ce2a9d600a,DCM,Công ty Cổ phần Phân bón Dầu khí Cà Mau,2020-11-13,CafeF,https://cafef.vn/don-dap-don-tin-vui-tu-lai-lon-den-chinh-sach-thue-gtgt-moi-co-phieu-phan-bon-dcm-dpm-bfc-tiep-da-thang-hoa-20201112210109115.chn,"Dồn dập đón tin vui từ lãi lớn đến chính sách thuế GTGT mới, cổ phiếu phân bón DCM, DPM, BFC... tiếp đà thăng hoa",BUSINESS_RESULT,PROFIT_GROWTH,POSITIVE,HIGH,STOCK_SPECIFIC,HIGH,WEAK_RULE_V3_ENTITY_TIERED,WEAK_RULE_V3; tier=HIGH_PRECISION; entity=TITLE_TICKER|BODY_ALIAS|BODY_TICKER|TARGET_CONTEXT; score=17; event=PROFIT_GROWTH; symbol=DCM,TITLE_TICKER|BODY_ALIAS|BODY_TICKER|TARGET_CONTEXT,TITLE_TICKER_WITH_TARGET_CONTEXT,HIGH_PRECISION,INFORMATIVE_CANDIDATE,EXPERIMENTAL_INFORMATIVE_UNVALIDATED,100,HIGH,NOT_INDEPENDENTLY_VALIDATED,True
9932e23d598ee98d8175,fd0423f809cc68a6e782f1ce2a9d600a,DPM,Tổng Công ty Phân bón và Hóa chất Dầu khí,2020-11-13,CafeF,https://cafef.vn/don-dap-don-tin-vui-tu-lai-lon-den-chinh-sach-thue-gtgt-moi-co-phieu-phan-bon-dcm-dpm-bfc-tiep-da-thang-hoa-20201112210109115.chn,"Dồn dập đón tin vui từ lãi lớn đến chính sách thuế GTGT mới, cổ phiếu phân bón DCM, DPM, BFC... tiếp đà thăng hoa",BUSINESS_RESULT,PROFIT_GROWTH,POSITIVE,HIGH,STOCK_SPECIFIC,HIGH,WEAK_RULE_V3_ENTITY_TIERED,WEAK_RULE_V3; tier=HIGH_PRECISION; entity=TITLE_TICKER|BODY_ALIAS|BODY_TICKER|TARGET_CONTEXT; score=17; event=PROFIT_GROWTH; symbol=DPM,TITLE_TICKER|BODY_ALIAS|BODY_TICKER|TARGET_CONTEXT,TITLE_TICKER_WITH_TARGET_CONTEXT,HIGH_PRECISION,INFORMATIVE_CANDIDATE,EXPERIMENTAL_INFORMATIVE_UNVALIDATED,100,HIGH,NOT_INDEPENDENTLY_VALIDATED,True
8faf3bca7913878b6d6d,39c361d82a5c3a38d4918fd1aef0630a,HVN,Tổng Công ty Hàng không Việt Nam,2020-11-17,CafeF,https://cafef.vn/quoc-hoi-thong-qua-ke-hoach-giai-cuu-vietnam-airlines-duoc-phep-chao-ban-co-phieu-du-hoat-dong-kinh-doanh-thua-lo-20201117174358038.chn,"Quốc hội thông qua kế hoạch “giải cứu” Vietnam Airlines, được phép chào bán cổ phiếu cho cổ đông dù hoạt động kinh doanh thua lỗ",CORPORATE_ACTION,STOCK_ISSUANCE,NEUTRAL,MODERATE,STOCK_SPECIFIC,HIGH,WEAK_RULE_V3_ENTITY_TIERED,WEAK_RULE_V3; tier=HIGH_PRECISION; entity=TITLE_ALIAS|BODY_COMPANY; score=11; event=STOCK_ISSUANCE; symbol=HVN,TITLE_ALIAS|BODY_COMPANY,TITLE_ENTITY_MENTION,HIGH_PRECISION,INFORMATIVE_CANDIDATE,EXPERIMENTAL_INFORMATIVE_UNVALIDATED,100,HIGH,NOT_INDEPENDENTLY_VALIDATED,True
ebb24b71a1078bb6ea28,00e4c396d8c0d773f5f22c8f8faa103e,MWG,Công ty Cổ phần Đầu tư Thế Giới Di Động,2020-11-18,CafeF,https://cafef.vn/the-gioi-di-dong-mwg-vay-120-trieu-usd-tai-hsbc-du-rot-them-von-cho-chuoi-dien-thoai-va-bach-hoa-xanh-20201117230540518.chn,"Thế giới Di động (MWG) vay 120 triệu USD tại HSBC, dự rót thêm vốn cho chuỗi điện thoại và Bách Hoá Xanh",MACRO_POLICY,MACRO_POLICY,NEUTRAL,MODERATE,MARKET,HIGH,WEAK_RULE_V3_ENTITY_TIERED,WEAK_RULE_V3; tier=HIGH_PRECISION; entity=TITLE_TICKER|TITLE_ALIAS|BODY_ALIAS|BODY_TICKER|TARGET_CONTEXT; score=24; event=MACRO_POLICY; symbol=MWG,TITLE_TICKER|TITLE_ALIAS|BODY_ALIAS|BODY_TICKER|TARGET_CONTEXT,TITLE_TICKER_WITH_TARGET_CONTEXT,HIGH_PRECISION,INFORMATIVE_CANDIDATE,EXPERIMENTAL_INFORMATIVE_UNVALIDATED,100,CRITICAL,NOT_INDEPENDENTLY_VALIDATED,True
896ef2aef1977aa1b929,457fc45851ad83461a403142728f0a64,DGC,Công ty Cổ phần Tập đoàn Hóa chất Đức Giang,2020-11-23,VietnamBiz,https://vietnambiz.vn/co-phieu-tam-diem-ngay-24-11-tdm-dbc-dgc-20201123220221476.htm,"Cổ phiếu tâm điểm ngày 24/11: TDM, DBC, DGC",BUSINESS_RESULT,PROJECT_EXPANSION,POSITIVE,MODERATE,STOCK_SPECIFIC,HIGH,WEAK_RULE_V3_ENTITY_TIERED,WEAK_RULE_V3; tier=HIGH_PRECISION; entity=TITLE_TICKER|BODY_COMPANY|BODY_TICKER|TARGET_CONTEXT; score=17; event=PROJECT_EXPANSION; symbol=DGC,TITLE_TICKER|BODY_COMPANY|BODY_TICKER|TARGET_CONTEXT,TITLE_TICKER_WITH_TARGET_CONTEXT,HIGH_PRECISION,INFORMATIVE_CANDIDATE,EXPERIMENTAL_INFORMATIVE_UNVALIDATED,100,HIGH,NOT_INDEPENDENTLY_VALIDATED,True
456a7a4e07faeb464689,ca6a16ce67da327454a91f3a6ddefda9,VHM,Công ty Cổ phần Vinhomes,2020-11-23,VietnamBiz,https://vietnambiz.vn/phien-23-11-khoi-ngoai-tiep-tuc-gom-gan-135-ti-dong-tap-trung-vhm-20201123163249228.htm,"Phiên 23/11: Khối ngoại tiếp tục gom gần 135 tỉ đồng, tập trung VHM",OTHER,OTHER,NEUTRAL,LOW,STOCK_SPECIFIC,MEDIUM,WEAK_RULE_V3_ENTITY_TIERED,WEAK_RULE_V3; tier=HIGH_PRECISION; entity=TITLE_TICKER|BODY_TICKER|TARGET_CONTEXT; score=13; event=OTHER; symbol=VHM,TITLE_TICKER|BODY_TICKER|TARGET_CONTEXT,TITLE_TICKER_WITH_TARGET_CONTEXT,HIGH_PRECISION,FALLBACK_QUARANTINE,FALLBACK_NO_EVENT_DETECTED,80,MEDIUM,NOT_INDEPENDENTLY_VALIDATED,False
f950923c91d194fd6a93,06993d0746e7394b3b29a2fc82355be6,VCI,Công ty Cổ phần Chứng khoán Vietcap,2020-11-24,CafeF,https://cafef.vn/chung-khoan-ban-viet-dang-ky-ban-toan-bo-2942-trieu-co-phieu-dig-20201124155008909.chn,"Chứng khoán Bản Việt đăng ký bán toàn bộ 29,42 triệu cổ phiếu DIG",OTHER,OTHER,NEUTRAL,LOW,STOCK_SPECIFIC,MEDIUM,WEAK_RULE_V3_ENTITY_TIERED,WEAK_RULE_V3; tier=HIGH_PRECISION; entity=TITLE_ALIAS|BODY_ALIAS; score=11; event=OTHER; symbol=VCI,TITLE_ALIAS|BODY_ALIAS,TITLE_ENTITY_MENTION,HIGH_PRECISION,FALLBACK_QUARANTINE,FALLBACK_NO_EVENT_DETECTED,80,MEDIUM,NOT_INDEPENDENTLY_VALIDATED,False
e44f3eb4e08274539d1f,0e9060af57fa8581419ddd83c8f053b8,VHM,Công ty Cổ phần Vinhomes,2020-11-24,CafeF,https://cafef.vn/nha-dau-tu-khap-khoi-don-vnindex-1000-thi-truong-ruc-ro-sac-xanh-20201124090957627.chn,"VHM bứt phá đẩy VnIndex tiến gần hơn ngưỡng điểm 1.000, thanh khoản thị trường chứng khoán bùng nổ",OTHER,OTHER,NEUTRAL,LOW,STOCK_SPECIFIC,MEDIUM,WEAK_RULE_V3_ENTITY_TIERED,WEAK_RULE_V3; tier=HIGH_PRECISION; entity=TITLE_TICKER|BODY_COMPANY|BODY_TICKER|TARGET_CONTEXT; score=17; event=OTHER; symbol=VHM,TITLE_TICKER|BODY_COMPANY|BODY_TICKER|TARGET_CONTEXT,TITLE_TICKER_WITH_TARGET_CONTEXT,HIGH_PRECISION,FALLBACK_QUARANTINE,FALLBACK_NO_EVENT_DETECTED,80,MEDIUM,NOT_INDEPENDENTLY_VALIDATED,False
bbf6975517df93a40a64,88ac06542b6ec2fdd37f4f1964249ad6,GEX,Công ty Cổ phần Tập đoàn GELEX,2020-11-24,VietnamBiz,https://vietnambiz.vn/me-ceo-gelex-da-mua-15-trieu-co-phieu-gex-20201124101811389.htm,Mẹ CEO Gelex đã mua 15 triệu cổ phiếu GEX,CORPORATE_ACTION,STOCK_ISSUANCE,NEUTRAL,MODERATE,STOCK_SPECIFIC,HIGH,WEAK_RULE_V3_ENTITY_TIERED,WEAK_RULE_V3; tier=HIGH_PRECISION; entity=TITLE_TICKER|TITLE_COMPANY|BODY_COMPANY|BODY_TICKER|TARGET_CONTEXT; score=24; event=STOCK_ISSUANCE; symbol=GEX,TITLE_TICKER|TITLE_COMPANY|BODY_COMPANY|BODY_TICKER|TARGET_CONTEXT,TITLE_TICKER_WITH_TARGET_CONTEXT,HIGH_PRECISION,INFORMATIVE_CANDIDATE,EXPERIMENTAL_INFORMATIVE_UNVALIDATED,100,HIGH,NOT_INDEPENDENTLY_VALIDATED,True
da5eaf0642e3b2945493,a8329430d71fe1d328dd9fd06aa13dbe,VCI,Công ty Cổ phần Chứng khoán Vietcap,2020-11-24,VietnamBiz,https://vietnambiz.vn/chung-khoan-ban-viet-muon-thoai-het-hon-29-trieu-co-phieu-dig-du-tinh-lai-gan-130-ti-dong-20201124145810917.htm,"Chứng khoán Bản Việt muốn thoái hết hơn 29 triệu cổ phiếu DIG, dự tính lãi gần 130 tỉ đồng",CORPORATE_ACTION,DIVIDEND,POSITIVE,MODERATE,STOCK_SPECIFIC,HIGH,WEAK_RULE_V3_ENTITY_TIERED,WEAK_RULE_V3; tier=HIGH_PRECISION; entity=TITLE_ALIAS|BODY_ALIAS|BODY_TICKER; score=13; event=DIVIDEND; symbol=VCI,TITLE_ALIAS|BODY_ALIAS|BODY_TICKER,TITLE_ENTITY_MENTION,HIGH_PRECISION,INFORMATIVE_CANDIDATE,EXPERIMENTAL_INFORMATIVE_UNVALIDATED,100,HIGH,NOT_INDEPENDENTLY_VALIDATED,True
c0380b7ab97891336164,ad2f410d0a1541385db03ec20df67df3,HPG,Công ty Cổ phần Tập đoàn Hòa Phát,2020-11-24,CafeF,https://cafef.vn/ong-tran-dinh-long-se-chi-khoang-900-ty-mua-thoa-thuan-24-trieu-co-phieu-hpg-tu-giam-doc-noi-that-hoa-phat-20201124173437488.chn,"Quỹ PENM đăng ký bán toàn bộ 76,5 triệu cổ phiếu HPG, ông Trần Đình Long sẽ chi khoảng 900 tỷ mua thoả thuận 24 triệu cổ phiếu từ Phó Chủ tịch HĐQT",OTHER,OTHER,NEUTRAL,LOW,STOCK_SPECIFIC,MEDIUM,WEAK_RULE_V3_ENTITY_TIERED,WEAK_RULE_V3; tier=HIGH_PRECISION; entity=TITLE_TICKER|BODY_COMPANY|BODY_TICKER|TARGET_CONTEXT; score=17; event=OTHER; symbol=HPG,TITLE_TICKER|BODY_COMPANY|BODY_TICKER|TARGET_CONTEXT,TITLE_TICKER_WITH_TARGET_CONTEXT,HIGH_PRECISION,FALLBACK_QUARANTINE,FALLBACK_NO_EVENT_DETECTED,80,MEDIUM,NOT_INDEPENDENTLY_VALIDATED,False
4d62573bf3fd519b779d,c0c41140e6fc32041b3b243091d16286,HPG,Công ty Cổ phần Tập đoàn Hòa Phát,2020-11-24,CafeF,https://cafef.vn/phien-24-11-khoi-ngoai-tiep-tuc-mua-rong-hon-100-ty-dong-tap-trung-gom-hpg-20201124161051222.chn,"Phiên 24/11: Khối ngoại tiếp tục mua ròng hơn 100 tỷ đồng, tập trung “gom” HPG",OTHER,OTHER,NEUTRAL,LOW,STOCK_SPECIFIC,MEDIUM,WEAK_RULE_V3_ENTITY_TIERED,WEAK_RULE_V3; tier=HIGH_PRECISION; entity=TITLE_TICKER|BODY_TICKER|TARGET_CONTEXT; score=13; event=OTHER; symbol=HPG,TITLE_TICKER|BODY_TICKER|TARGET_CONTEXT,TITLE_TICKER_WITH_TARGET_CONTEXT,HIGH_PRECISION,FALLBACK_QUARANTINE,FALLBACK_NO_EVENT_DETECTED,80,MEDIUM,NOT_INDEPENDENTLY_VALIDATED,False
baef371ed4ee6509d3e5,fc6b1ad85e2fb84c72a30f8ab316b7f7,FPT,Công ty Cổ phần FPT,2020-11-30,CafeF,https://cafef.vn/co-phieu-fpt-shop-chay-hang-giao-dich-cao-ky-luc-sau-ngay-mo-ban-iphone-12-20201130162345566.chn,"Cổ phiếu FPT Shop ""cháy hàng"", giao dịch cao kỷ lục sau ngày mở bán iPhone 12",OTHER,OTHER,NEUTRAL,LOW,STOCK_SPECIFIC,MEDIUM,WEAK_RULE_V3_ENTITY_TIERED,WEAK_RULE_V3; tier=HIGH_PRECISION; entity=TITLE_TICKER|BODY_TICKER|TARGET_CONTEXT; score=13; event=OTHER; symbol=FPT,TITLE_TICKER|BODY_TICKER|TARGET_CONTEXT,TITLE_TICKER_WITH_TARGET_CONTEXT,HIGH_PRECISION,FALLBACK_QUARANTINE,FALLBACK_NO_EVENT_DETECTED,80,MEDIUM,NOT_INDEPENDENTLY_VALIDATED,False
bc4e2618180fbc10a579,fc6b1ad85e2fb84c72a30f8ab316b7f7,FRT,Công ty Cổ phần Bán lẻ Kỹ thuật số FPT,2020-11-30,CafeF,https://cafef.vn/co-phieu-fpt-shop-chay-hang-giao-dich-cao-ky-luc-sau-ngay-mo-ban-iphone-12-20201130162345566.chn,"Cổ phiếu FPT Shop ""cháy hàng"", giao dịch cao kỷ lục sau ngày mở bán iPhone 12",OTHER,OTHER,NEUTRAL,LOW,STOCK_SPECIFIC,MEDIUM,WEAK_RULE_V3_ENTITY_TIERED,WEAK_RULE_V3; tier=HIGH_PRECISION; entity=TITLE_ALIAS|BODY_ALIAS|BODY_TICKER|TARGET_CONTEXT; score=17; event=OTHER; symbol=FRT,TITLE_ALIAS|BODY_ALIAS|BODY_TICKER|TARGET_CONTEXT,TITLE_ENTITY_WITH_TARGET_CONTEXT,HIGH_PRECISION,FALLBACK_QUARANTINE,FALLBACK_NO_EVENT_DETECTED,80,MEDIUM,NOT_INDEPENDENTLY_VALIDATED,False
32863274a502da490844,71f2c22711553f2483a2edf8de2d1273,MWG,Công ty Cổ phần Đầu tư Thế Giới Di Động,2020-12-01,CafeF,https://cafef.vn/mwg-hsc-cti-bvh-fmc-cvt-nht-thong-tin-giao-dich-luong-lon-co-phieu-20201130175503941.chn,"MWG, HSC, CTI, BVH, FMC, CVT, NHT: Thông tin giao dịch lượng lớn cổ phiếu",OTHER,OTHER,NEUTRAL,LOW,STOCK_SPECIFIC,MEDIUM,WEAK_RULE_V3_ENTITY_TIERED,WEAK_RULE_V3; tier=HIGH_PRECISION; entity=TITLE_TICKER|BODY_TICKER|TARGET_CONTEXT; score=13; event=OTHER; symbol=MWG,TITLE_TICKER|BODY_TICKER|TARGET_CONTEXT,TITLE_TICKER_WITH_TARGET_CONTEXT,HIGH_PRECISION,FALLBACK_QUARANTINE,FALLBACK_NO_EVENT_DETECTED,80,MEDIUM,NOT_INDEPENDENTLY_VALIDATED,False
4e6fe006ecb6985e62e2,9bc5f584d71ee4818ef3b33167ce0b7b,HSG,Công ty Cổ phần Tập đoàn Hoa Sen,2020-12-01,CafeF,https://cafef.vn/vua-ban-xong-30-trieu-co-phieu-hsg-cong-ty-cua-ong-le-phuoc-vu-dang-ky-ban-not-43-trieu-co-phieu-20201201172916587.chn,"Vừa bán xong 30 triệu cổ phiếu HSG, công ty của ông Lê Phước Vũ đăng ký bán nốt 43 triệu cổ phiếu",OTHER,OTHER,NEUTRAL,LOW,STOCK_SPECIFIC,MEDIUM,WEAK_RULE_V3_ENTITY_TIERED,WEAK_RULE_V3; tier=HIGH_PRECISION; entity=TITLE_TICKER|BODY_COMPANY|BODY_TICKER|TARGET_CONTEXT; score=17; event=OTHER; symbol=HSG,TITLE_TICKER|BODY_COMPANY|BODY_TICKER|TARGET_CONTEXT,TITLE_TICKER_WITH_TARGET_CONTEXT,HIGH_PRECISION,FALLBACK_QUARANTINE,FALLBACK_NO_EVENT_DETECTED,80,MEDIUM,NOT_INDEPENDENTLY_VALIDATED,False
ef2b354594cbe5f36a23,a7c254603a34ec30b67d969345a7d429,HPG,Công ty Cổ phần Tập đoàn Hòa Phát,2020-12-01,CafeF,https://cafef.vn/dong-von-ngoai-tiep-tuc-rut-rong-gan-3200-ty-dong-trong-thang-11-xa-manh-msn-va-hpg-20201201160119712.chn,"Dòng vốn ngoại tiếp tục rút ròng gần 3.200 tỷ đồng trong tháng 11, 'xả' mạnh MSN và HPG",OTHER,OTHER,NEUTRAL,LOW,STOCK_SPECIFIC,MEDIUM,WEAK_RULE_V3_ENTITY_TIERED,WEAK_RULE_V3; tier=HIGH_PRECISION; entity=TITLE_TICKER|BODY_TICKER|TARGET_CONTEXT; score=13; event=OTHER; symbol=HPG,TITLE_TICKER|BODY_TICKER|TARGET_CONTEXT,TITLE_TICKER_WITH_TARGET_CONTEXT,HIGH_PRECISION,FALLBACK_QUARANTINE,FALLBACK_NO_EVENT_DETECTED,80,MEDIUM,NOT_INDEPENDENTLY_VALIDATED,False
a706d28e285be748e3f0,a7c254603a34ec30b67d969345a7d429,MSN,Công ty Cổ phần Tập đoàn Masan,2020-12-01,CafeF,https://cafef.vn/dong-von-ngoai-tiep-tuc-rut-rong-gan-3200-ty-dong-trong-thang-11-xa-manh-msn-va-hpg-20201201160119712.chn,"Dòng vốn ngoại tiếp tục rút ròng gần 3.200 tỷ đồng trong tháng 11, 'xả' mạnh MSN và HPG",OTHER,OTHER,NEUTRAL,LOW,STOCK_SPECIFIC,MEDIUM,WEAK_RULE_V3_ENTITY_TIERED,WEAK_RULE_V3; tier=HIGH_PRECISION; entity=TITLE_TICKER|BODY_TICKER|TARGET_CONTEXT; score=13; event=OTHER; symbol=MSN,TITLE_TICKER|BODY_TICKER|TARGET_CONTEXT,TITLE_TICKER_WITH_TARGET_CONTEXT,HIGH_PRECISION,FALLBACK_QUARANTINE,FALLBACK_NO_EVENT_DETECTED,80,MEDIUM,NOT_INDEPENDENTLY_VALIDATED,False
d5c5e2e9b8365d395d17,d8d5e84521b1700e5ec126fe117af81a,VJC,Công ty Cổ phần Hàng không Vietjet,2020-12-01,CafeF,https://cafef.vn/ti-phu-nguyen-thi-phuong-thao-chi-1200-ti-dong-mua-co-phieu-vietjet-20201201121452368.chn,Tỉ phú Nguyễn Thị Phương Thảo chi 1200 tỉ đồng mua cổ phiếu Vietjet,OTHER,OTHER,NEUTRAL,LOW,STOCK_SPECIFIC,MEDIUM,WEAK_RULE_V3_ENTITY_TIERED,WEAK_RULE_V3; tier=HIGH_PRECISION; entity=TITLE_ALIAS|BODY_COMPANY|BODY_TICKER|TARGET_CONTEXT; score=17; event=OTHER; symbol=VJC,TITLE_ALIAS|BODY_COMPANY|BODY_TICKER|TARGET_CONTEXT,TITLE_ENTITY_WITH_TARGET_CONTEXT,HIGH_PRECISION,FALLBACK_QUARANTINE,FALLBACK_NO_EVENT_DETECTED,80,MEDIUM,NOT_INDEPENDENTLY_VALIDATED,False
e030fcae9c1f2c00add4,15eac3cab25d3d1f845e72732ec880ec,VHM,Công ty Cổ phần Vinhomes,2020-12-04,CafeF,https://cafef.vn/pyn-elite-fund-day-manh-mua-vhm-va-chung-chi-quy-vfmvn-diamond-etf-20201204105150589.chn,Pyn Elite Fund đẩy mạnh mua VHM và chứng chỉ quỹ VFMVN Diamond ETF,CORPORATE_ACTION,DIVIDEND,POSITIVE,MODERATE,STOCK_SPECIFIC,HIGH,WEAK_RULE_V3_ENTITY_TIERED,WEAK_RULE_V3; tier=HIGH_PRECISION; entity=TITLE_TICKER|BODY_TICKER; score=9; event=DIVIDEND; symbol=VHM,TITLE_TICKER|BODY_TICKER,TITLE_ENTITY_MENTION,HIGH_PRECISION,INFORMATIVE_CANDIDATE,EXPERIMENTAL_INFORMATIVE_UNVALIDATED,100,HIGH,NOT_INDEPENDENTLY_VALIDATED,True
914f4897c4453692ed73,0129e3715d2275ad59296f8d16e1003d,VCI,Công ty Cổ phần Chứng khoán Vietcap,2020-12-10,CafeF,https://cafef.vn/chung-khoan-ban-viet-chot-quyen-tam-ung-co-tuc-dot-1-2020-co-phieu-vci-tang-gap-ruoi-tu-dau-nam-20201210090438295.chn,"Chứng khoán Bản Việt chốt quyền tạm ứng cổ tức đợt 1/2020, cổ phiếu VCI tăng gấp rưỡi từ đầu năm",CORPORATE_ACTION,DIVIDEND,POSITIVE,MODERATE,STOCK_SPECIFIC,HIGH,WEAK_RULE_V3_ENTITY_TIERED,WEAK_RULE_V3; tier=HIGH_PRECISION; entity=TITLE_TICKER|TITLE_ALIAS|BODY_ALIAS|BODY_TICKER|TARGET_CONTEXT; score=24; event=DIVIDEND; symbol=VCI,TITLE_TICKER|TITLE_ALIAS|BODY_ALIAS|BODY_TICKER|TARGET_CONTEXT,TITLE_TICKER_WITH_TARGET_CONTEXT,HIGH_PRECISION,INFORMATIVE_CANDIDATE,EXPERIMENTAL_INFORMATIVE_UNVALIDATED,100,HIGH,NOT_INDEPENDENTLY_VALIDATED,True
8953a26ce536ad23fb90,2580d072a04b1cacfd2386583765697c,CTG,Ngân hàng TMCP Công Thương Việt Nam,2020-12-10,CafeF,https://cafef.vn/vietinbank-ctg-sap-chi-gan-1900-ty-dong-tra-co-tuc-bang-tien-ty-le-5-20201210112701998.chn,VietinBank (CTG) sắp chi gần 1.900 tỷ đồng trả cổ tức bằng tiền tỷ lệ 5%,CORPORATE_ACTION,DIVIDEND,POSITIVE,MODERATE,STOCK_SPECIFIC,HIGH,WEAK_RULE_V3_ENTITY_TIERED,WEAK_RULE_V3; tier=HIGH_PRECISION; entity=TITLE_TICKER|TITLE_ALIAS|BODY_COMPANY|BODY_TICKER|TARGET_CONTEXT; score=24; event=DIVIDEND; symbol=CTG,TITLE_TICKER|TITLE_ALIAS|BODY_COMPANY|BODY_TICKER|TARGET_CONTEXT,TITLE_TICKER_WITH_TARGET_CONTEXT,HIGH_PRECISION,INFORMATIVE_CANDIDATE,EXPERIMENTAL_INFORMATIVE_UNVALIDATED,100,HIGH,NOT_INDEPENDENTLY_VALIDATED,True
f8a7e896475e40edd70f,567e709867475ce90b08fa8d4c09d4ff,HPG,Công ty Cổ phần Tập đoàn Hòa Phát,2020-12-10,CafeF,https://cafef.vn/thu-lai-vai-tram-ty-moi-nam-vi-sao-hoa-phat-van-quyet-thoai-von-mang-noi-that-ga-de-trung-vang-20201210190057232.chn,"Thu lãi vài trăm tỷ mỗi năm, vì sao Hòa Phát vẫn quyết thoái vốn mảng nội thất 'gà đẻ trứng vàng'?",OTHER,OTHER,NEUTRAL,LOW,STOCK_SPECIFIC,MEDIUM,WEAK_RULE_V3_ENTITY_TIERED,WEAK_RULE_V3; tier=HIGH_PRECISION; entity=TITLE_COMPANY|BODY_COMPANY; score=11; event=OTHER; symbol=HPG,TITLE_COMPANY|BODY_COMPANY,TITLE_ENTITY_MENTION,HIGH_PRECISION,FALLBACK_QUARANTINE,FALLBACK_NO_EVENT_DETECTED,80,MEDIUM,NOT_INDEPENDENTLY_VALIDATED,False
bccb2300311dafd4df8b,fc96c6e7d4ee4e7daba816e48d8e246e,POW,Tổng Công ty Điện lực Dầu khí Việt Nam,2020-12-12,Tin Nhanh Chứng Khoán,https://www.tinnhanhchungkhoan.vn/gia-co-phieu-pv-power-pow-tang-manh-canh-bao-hoat-dong-con-kho-khan-post257347.html,"Giá cổ phiếu PV Power (POW) tăng mạnh, cảnh báo hoạt động còn khó khăn",BUSINESS_RESULT,PROFIT_GROWTH,POSITIVE,HIGH,STOCK_SPECIFIC,HIGH,WEAK_RULE_V3_ENTITY_TIERED,WEAK_RULE_V3; tier=HIGH_PRECISION; entity=TITLE_TICKER|TITLE_ALIAS|BODY_COMPANY|BODY_TICKER|TARGET_CONTEXT; score=24; event=PROFIT_GROWTH; symbol=POW,TITLE_TICKER|TITLE_ALIAS|BODY_COMPANY|BODY_TICKER|TARGET_CONTEXT,TITLE_TICKER_WITH_TARGET_CONTEXT,HIGH_PRECISION,INFORMATIVE_CANDIDATE,EXPERIMENTAL_INFORMATIVE_UNVALIDATED,100,HIGH,NOT_INDEPENDENTLY_VALIDATED,True
75831e8b1b277eff9cb2,0aae820912a902c219a1cd22ad256ba6,GEX,Công ty Cổ phần Tập đoàn GELEX,2020-12-16,CafeF,https://cafef.vn/vcp-tpb-pvp-acc-pan-vpg-bcg-gex-hvg-tms-pme-vsc-elc-opc-cnt-bpw-abs-hsl-vc7-thong-tin-giao-dich-luong-lon-co-phieu-20201216082228107.chn,"VCP, TPB, PVP, ACC, PAN, VPG, BCG, GEX, HVG, TMS, PME, VSC, ELC, OPC, CNT, BPW, ABS, HSL, VC7: Thông tin giao dịch lượng lớn cổ phiếu",OTHER,OTHER,NEUTRAL,LOW,STOCK_SPECIFIC,MEDIUM,WEAK_RULE_V3_ENTITY_TIERED,WEAK_RULE_V3; tier=HIGH_PRECISION; entity=TITLE_TICKER|BODY_TICKER|TARGET_CONTEXT; score=13; event=OTHER; symbol=GEX,TITLE_TICKER|BODY_TICKER|TARGET_CONTEXT,TITLE_TICKER_WITH_TARGET_CONTEXT,HIGH_PRECISION,FALLBACK_QUARANTINE,FALLBACK_NO_EVENT_DETECTED,80,MEDIUM,NOT_INDEPENDENTLY_VALIDATED,False
fb0c9e2f5f51c04ecdd2,0aae820912a902c219a1cd22ad256ba6,VSC,Công ty Cổ phần Container Việt Nam,2020-12-16,CafeF,https://cafef.vn/vcp-tpb-pvp-acc-pan-vpg-bcg-gex-hvg-tms-pme-vsc-elc-opc-cnt-bpw-abs-hsl-vc7-thong-tin-giao-dich-luong-lon-co-phieu-20201216082228107.chn,"VCP, TPB, PVP, ACC, PAN, VPG, BCG, GEX, HVG, TMS, PME, VSC, ELC, OPC, CNT, BPW, ABS, HSL, VC7: Thông tin giao dịch lượng lớn cổ phiếu",OTHER,OTHER,NEUTRAL,LOW,STOCK_SPECIFIC,MEDIUM,WEAK_RULE_V3_ENTITY_TIERED,WEAK_RULE_V3; tier=HIGH_PRECISION; entity=TITLE_TICKER|BODY_COMPANY|BODY_TICKER|TARGET_CONTEXT; score=17; event=OTHER; symbol=VSC,TITLE_TICKER|BODY_COMPANY|BODY_TICKER|TARGET_CONTEXT,TITLE_TICKER_WITH_TARGET_CONTEXT,HIGH_PRECISION,FALLBACK_QUARANTINE,FALLBACK_NO_EVENT_DETECTED,80,MEDIUM,NOT_INDEPENDENTLY_VALIDATED,False
4f06029f8ea8a1ba648b,716aa38bd0c70237618d99eac982c52a,SSI,Công ty Cổ phần Chứng khoán SSI,2020-12-16,VietnamBiz,https://vietnambiz.vn/chung-khoan-ssi-muon-ban-hon-1-trieu-co-phieu-pan-khi-gia-tang-manh-20201216154946697.htm,Chứng khoán SSI muốn bán hơn 1 triệu cổ phiếu PAN khi giá tăng mạnh,OTHER,OTHER,NEUTRAL,LOW,STOCK_SPECIFIC,MEDIUM,WEAK_RULE_V3_ENTITY_TIERED,WEAK_RULE_V3; tier=HIGH_PRECISION; entity=TITLE_TICKER|TITLE_COMPANY|BODY_COMPANY|BODY_TICKER|TARGET_CONTEXT; score=24; event=OTHER; symbol=SSI,TITLE_TICKER|TITLE_COMPANY|BODY_COMPANY|BODY_TICKER|TARGET_CONTEXT,TITLE_TICKER_WITH_TARGET_CONTEXT,HIGH_PRECISION,FALLBACK_QUARANTINE,FALLBACK_NO_EVENT_DETECTED,80,MEDIUM,NOT_INDEPENDENTLY_VALIDATED,False
8726ce73f029374f6c30,76c866eee518d0ce15b5176546e2d42f,VCI,Công ty Cổ phần Chứng khoán Vietcap,2020-12-16,CafeF,https://cafef.vn/vcsc-nganh-bia-hoi-phuc-va-day-manh-ra-mat-san-pham-moi-cao-cap-loi-nhuan-sabeco-se-tang-truong-2-chu-so-trong-nam-2020-20201216005600842.chn,"VCSC: Ngành bia hồi phục và đẩy mạnh ra mắt sản phẩm mới cao cấp, lợi nhuận Sabeco sẽ tăng trưởng 2 chữ số trong năm 2020",OTHER,OTHER,NEUTRAL,LOW,STOCK_SPECIFIC,MEDIUM,WEAK_RULE_V3_ENTITY_TIERED,WEAK_RULE_V3; tier=HIGH_PRECISION; entity=TITLE_ALIAS|BODY_ALIAS; score=11; event=OTHER; symbol=VCI,TITLE_ALIAS|BODY_ALIAS,TITLE_ENTITY_MENTION,HIGH_PRECISION,FALLBACK_QUARANTINE,FALLBACK_NO_EVENT_DETECTED,80,MEDIUM,NOT_INDEPENDENTLY_VALIDATED,False
dfb07524cb5902c8d910,cd96855dbae5121031608894f57d5c08,DGW,Công ty Cổ phần Thế Giới Số,2020-12-16,CafeF,https://cafef.vn/ky-vong-doanh-so-dien-thoai-va-laptop-tiep-tuc-but-pha-digiworld-dat-muc-tieu-300-ty-dong-lnst-nam-2021-20201215182925998.chn,"Kỳ vọng doanh số điện thoại và laptop tiếp tục bứt phá, Digiworld đặt mục tiêu 300 tỷ đồng LNST năm 2021",OTHER,OTHER,NEUTRAL,LOW,STOCK_SPECIFIC,MEDIUM,WEAK_RULE_V3_ENTITY_TIERED,WEAK_RULE_V3; tier=HIGH_PRECISION; entity=TITLE_ALIAS|BODY_COMPANY|BODY_TICKER|TARGET_CONTEXT; score=17; event=OTHER; symbol=DGW,TITLE_ALIAS|BODY_COMPANY|BODY_TICKER|TARGET_CONTEXT,TITLE_ENTITY_WITH_TARGET_CONTEXT,HIGH_PRECISION,FALLBACK_QUARANTINE,FALLBACK_NO_EVENT_DETECTED,80,MEDIUM,NOT_INDEPENDENTLY_VALIDATED,False
c0935b52875abfd5f89a,68ae433d8bd45659f274e3073667ed3b,VND,Công ty Cổ phần Chứng khoán VNDIRECT,2020-12-17,VietnamBiz,https://vietnambiz.vn/vndirect-du-bao-vn-index-can-moc-1180-diem-nam-2021-20201217075027956.htm,VNDirect dự báo VN-Index cán mốc 1.180 điểm năm 2021,BUSINESS_RESULT,PROFIT_DECLINE,NEGATIVE,HIGH,STOCK_SPECIFIC,HIGH,WEAK_RULE_V3_ENTITY_TIERED,WEAK_RULE_V3; tier=HIGH_PRECISION; entity=TITLE_ALIAS|BODY_COMPANY|BODY_TICKER|TARGET_CONTEXT; score=17; event=PROFIT_DECLINE; symbol=VND,TITLE_ALIAS|BODY_COMPANY|BODY_TICKER|TARGET_CONTEXT,TITLE_ENTITY_WITH_TARGET_CONTEXT,HIGH_PRECISION,INFORMATIVE_CANDIDATE,EXPERIMENTAL_INFORMATIVE_UNVALIDATED,100,HIGH,NOT_INDEPENDENTLY_VALIDATED,True
be057e5e6040444b3c4e,47e80f41ce3f346028ff9bfd1ae5e88e,HCM,Công ty Cổ phần Chứng khoán Thành phố Hồ Chí Minh,2020-12-22,CafeF,https://cafef.vn/idc-cii-tch-tpb-hcm-bcg-vrc-rcl-pme-svi-cx8-sbs-sjm-ntp-vth-ttz-txm-dvc-ct6-thong-tin-giao-dich-luong-lon-co-phieu-20201222180238514.chn,"IDC, CII, TCH, TPB, HCM, BCG, VRC, RCL, PME, SVI, CX8, SBS, SJM, NTP, VTH, TTZ, TXM, DVC, CT6: Thông tin giao dịch lượng lớn cổ phiếu",OTHER,OTHER,NEUTRAL,LOW,STOCK_SPECIFIC,MEDIUM,WEAK_RULE_V3_ENTITY_TIERED,WEAK_RULE_V3; tier=HIGH_PRECISION; entity=TITLE_TICKER|BODY_TICKER|TARGET_CONTEXT; score=13; event=OTHER; symbol=HCM,TITLE_TICKER|BODY_TICKER|TARGET_CONTEXT,TITLE_TICKER_WITH_TARGET_CONTEXT,HIGH_PRECISION,FALLBACK_QUARANTINE,FALLBACK_NO_EVENT_DETECTED,80,MEDIUM,NOT_INDEPENDENTLY_VALIDATED,False
ad807ff18100fcfbfe5b,94ed84b1c449f4494480faf7637b9b19,DCM,Công ty Cổ phần Phân bón Dầu khí Cà Mau,2020-12-22,CafeF,https://cafef.vn/xuat-khau-phan-bon-tang-manh-co-phieu-dam-ca-mau-dcm-len-muc-cao-nhat-ke-tu-khi-niem-yet-20201222211358139.chn,"Xuất khẩu phân bón tăng mạnh, cổ phiếu Đạm Cà Mau (DCM) lên mức cao nhất kể từ khi niêm yết",OTHER,OTHER,NEUTRAL,LOW,STOCK_SPECIFIC,MEDIUM,WEAK_RULE_V3_ENTITY_TIERED,WEAK_RULE_V3; tier=HIGH_PRECISION; entity=TITLE_TICKER|TITLE_ALIAS|BODY_ALIAS|BODY_TICKER|TARGET_CONTEXT; score=24; event=OTHER; symbol=DCM,TITLE_TICKER|TITLE_ALIAS|BODY_ALIAS|BODY_TICKER|TARGET_CONTEXT,TITLE_TICKER_WITH_TARGET_CONTEXT,HIGH_PRECISION,FALLBACK_QUARANTINE,FALLBACK_NO_EVENT_DETECTED,80,MEDIUM,NOT_INDEPENDENTLY_VALIDATED,False
c9c4f0d6bb98eedecf98,a1ab19dcf212de12d2988ec142606f3a,POW,Tổng Công ty Điện lực Dầu khí Việt Nam,2020-12-22,CafeF,https://cafef.vn/pv-power-dang-trong-qua-trinh-dinh-gia-xem-xet-phuong-an-thoai-von-pv-machino-20201222110416217.chn,"PV Power đang trong quá trình định giá, xem xét phương án thoái vốn PV Machino",OTHER,OTHER,NEUTRAL,LOW,STOCK_SPECIFIC,MEDIUM,WEAK_RULE_V3_ENTITY_TIERED,WEAK_RULE_V3; tier=HIGH_PRECISION; entity=TITLE_ALIAS|BODY_COMPANY|BODY_TICKER|TARGET_CONTEXT; score=17; event=OTHER; symbol=POW,TITLE_ALIAS|BODY_COMPANY|BODY_TICKER|TARGET_CONTEXT,TITLE_ENTITY_WITH_TARGET_CONTEXT,HIGH_PRECISION,FALLBACK_QUARANTINE,FALLBACK_NO_EVENT_DETECTED,80,MEDIUM,NOT_INDEPENDENTLY_VALIDATED,False
52580a7217321ccf218c,f4947674371f0baed7e90fe7f3d8d48c,VNM,Công ty Cổ phần Sữa Việt Nam,2020-12-22,CafeF,https://cafef.vn/vnm-tang-manh-vinamilk-quyet-dinh-dem-toan-bo-co-phieu-quy-ra-ban-20201222083007357.chn,"VNM tăng mạnh, Vinamilk quyết định đem toàn bộ cổ phiếu quỹ ra bán",CORPORATE_ACTION,DIVIDEND,POSITIVE,MODERATE,STOCK_SPECIFIC,HIGH,WEAK_RULE_V3_ENTITY_TIERED,WEAK_RULE_V3; tier=HIGH_PRECISION; entity=TITLE_TICKER|TITLE_ALIAS|BODY_ALIAS|BODY_TICKER|TARGET_CONTEXT; score=24; event=DIVIDEND; symbol=VNM,TITLE_TICKER|TITLE_ALIAS|BODY_ALIAS|BODY_TICKER|TARGET_CONTEXT,TITLE_TICKER_WITH_TARGET_CONTEXT,HIGH_PRECISION,INFORMATIVE_CANDIDATE,EXPERIMENTAL_INFORMATIVE_UNVALIDATED,100,HIGH,NOT_INDEPENDENTLY_VALIDATED,True
34a8dc82a1ee345831e8,0192b2af70a1ff4647099b23b57f55c1,HVN,Tổng Công ty Hàng không Việt Nam,2020-12-25,CafeF,https://cafef.vn/vietnam-airlines-dhcd-bat-thuong-trinh-co-dong-ke-hoach-phat-hanh-co-phieu-tang-von-dieu-le-20201224164851607.chn,"Vietnam Airlines ĐHCĐ bất thường, trình cổ đông kế hoạch phát hành cổ phiếu tăng vốn điều lệ",CORPORATE_ACTION,STOCK_ISSUANCE,NEUTRAL,MODERATE,STOCK_SPECIFIC,HIGH,WEAK_RULE_V3_ENTITY_TIERED,WEAK_RULE_V3; tier=HIGH_PRECISION; entity=TITLE_ALIAS|BODY_COMPANY; score=11; event=STOCK_ISSUANCE; symbol=HVN,TITLE_ALIAS|BODY_COMPANY,TITLE_ENTITY_MENTION,HIGH_PRECISION,INFORMATIVE_CANDIDATE,EXPERIMENTAL_INFORMATIVE_UNVALIDATED,100,HIGH,NOT_INDEPENDENTLY_VALIDATED,True
584b37a4ecd17bf6e2ee,11da0320d11940ad88dc1314c50118f0,HPG,Công ty Cổ phần Tập đoàn Hòa Phát,2020-12-26,VietnamBiz,https://vietnambiz.vn/tuan-21-25-12-tu-doanh-gom-885-ty-dong-khi-thi-truong-rung-lac-manh-tap-trung-hpg-bat-chap-da-ban-rong-tu-khoi-ngoai-20201226092301427.htm,"Tuần 21 - 25/12: Tự doanh gom 885 tỷ đồng khi thị trường rung lắc mạnh, tập trung HPG bất chấp đà bán ròng từ khối ngoại",OTHER,OTHER,NEUTRAL,LOW,STOCK_SPECIFIC,MEDIUM,WEAK_RULE_V3_ENTITY_TIERED,WEAK_RULE_V3; tier=HIGH_PRECISION; entity=TITLE_TICKER|BODY_COMPANY|BODY_TICKER|TARGET_CONTEXT; score=17; event=OTHER; symbol=HPG,TITLE_TICKER|BODY_COMPANY|BODY_TICKER|TARGET_CONTEXT,TITLE_TICKER_WITH_TARGET_CONTEXT,HIGH_PRECISION,FALLBACK_QUARANTINE,FALLBACK_NO_EVENT_DETECTED,80,MEDIUM,NOT_INDEPENDENTLY_VALIDATED,False
f677fd43feb968de2994,f54ced09166194354c499e0f409e87ce,HPG,Công ty Cổ phần Tập đoàn Hòa Phát,2020-12-27,VietnamBiz,https://vietnambiz.vn/co-phieu-tam-diem-ngay-28-12-hpg-ceo-ogc-20201227105422469.htm,"Cổ phiếu tâm điểm ngày 28/12: HPG, CEO, OGC",OTHER,OTHER,NEUTRAL,LOW,STOCK_SPECIFIC,MEDIUM,WEAK_RULE_V3_ENTITY_TIERED,WEAK_RULE_V3; tier=HIGH_PRECISION; entity=TITLE_TICKER|BODY_COMPANY|BODY_TICKER|TARGET_CONTEXT; score=17; event=OTHER; symbol=HPG,TITLE_TICKER|BODY_COMPANY|BODY_TICKER|TARGET_CONTEXT,TITLE_TICKER_WITH_TARGET_CONTEXT,HIGH_PRECISION,FALLBACK_QUARANTINE,FALLBACK_NO_EVENT_DETECTED,80,MEDIUM,NOT_INDEPENDENTLY_VALIDATED,False
ebe2a71912b5d5447bd6,16b7b66dfceec8a40e0b8bd3cdcbcd52,HPG,Công ty Cổ phần Tập đoàn Hòa Phát,2020-12-28,CafeF,https://cafef.vn/phien-28-12-khoi-ngoai-day-manh-ban-rong-gan-380-ty-dong-tap-trung-ban-hpg-mbb-20201228162353748.chn,"Phiên 28/12: Khối ngoại đẩy mạnh bán ròng gần 380 tỷ đồng, tập trung bán HPG, MBB",OTHER,OTHER,NEUTRAL,LOW,STOCK_SPECIFIC,MEDIUM,WEAK_RULE_V3_ENTITY_TIERED,WEAK_RULE_V3; tier=HIGH_PRECISION; entity=TITLE_TICKER|BODY_TICKER|TARGET_CONTEXT; score=13; event=OTHER; symbol=HPG,TITLE_TICKER|BODY_TICKER|TARGET_CONTEXT,TITLE_TICKER_WITH_TARGET_CONTEXT,HIGH_PRECISION,FALLBACK_QUARANTINE,FALLBACK_NO_EVENT_DETECTED,80,MEDIUM,NOT_INDEPENDENTLY_VALIDATED,False
8e7b446efd40ca6e5518,16b7b66dfceec8a40e0b8bd3cdcbcd52,MBB,Ngân hàng TMCP Quân Đội,2020-12-28,CafeF,https://cafef.vn/phien-28-12-khoi-ngoai-day-manh-ban-rong-gan-380-ty-dong-tap-trung-ban-hpg-mbb-20201228162353748.chn,"Phiên 28/12: Khối ngoại đẩy mạnh bán ròng gần 380 tỷ đồng, tập trung bán HPG, MBB",OTHER,OTHER,NEUTRAL,LOW,STOCK_SPECIFIC,MEDIUM,WEAK_RULE_V3_ENTITY_TIERED,WEAK_RULE_V3; tier=HIGH_PRECISION; entity=TITLE_TICKER|BODY_TICKER|TARGET_CONTEXT; score=13; event=OTHER; symbol=MBB,TITLE_TICKER|BODY_TICKER|TARGET_CONTEXT,TITLE_TICKER_WITH_TARGET_CONTEXT,HIGH_PRECISION,FALLBACK_QUARANTINE,FALLBACK_NO_EVENT_DETECTED,80,MEDIUM,NOT_INDEPENDENTLY_VALIDATED,False
3cd1a37939e5eada92f2,43e5b14c3b7caaa19729957b3f48fe0c,MSN,Công ty Cổ phần Tập đoàn Masan,2020-12-28,CafeF,https://cafef.vn/ma-2020-du-giam-nhiet-do-covid-19-nhung-day-gay-can-kusto-da-nam-tron-coteccons-masan-rao-riet-cai-to-vincomerce-nguoi-thai-van-vung-tien-thau-tom-doanh-nghiep-viet-20201228105339279.chn,"M&A 2020 dù giảm nhiệt do Covid-19 nhưng đầy gay cấn: Kusto đã nắm trọn Coteccons, Masan ráo riết cải tổ Vincomerce, người Thái vẫn vung tiền thâu tóm doanh nghiệp Việt",M_AND_A,M_AND_A,NEUTRAL,HIGH,STOCK_SPECIFIC,HIGH,WEAK_RULE_V3_ENTITY_TIERED,WEAK_RULE_V3; tier=HIGH_PRECISION; entity=TITLE_COMPANY|BODY_COMPANY|BODY_TICKER|TARGET_CONTEXT; score=17; event=M_AND_A; symbol=MSN,TITLE_COMPANY|BODY_COMPANY|BODY_TICKER|TARGET_CONTEXT,TITLE_ENTITY_WITH_TARGET_CONTEXT,HIGH_PRECISION,INFORMATIVE_CANDIDATE,EXPERIMENTAL_INFORMATIVE_UNVALIDATED,100,CRITICAL,NOT_INDEPENDENTLY_VALIDATED,True
5c0228ea5c32c68f4ff8,7ca1c123de9f54a344b5c0896b831041,MSN,Công ty Cổ phần Tập đoàn Masan,2020-12-28,VietnamBiz,https://vietnambiz.vn/hai-cong-ty-lien-quan-den-lanh-dao-tap-doan-masan-dang-ky-mua-7-trieu-co-phieu-msn-20201228185538715.htm,Hai công ty liên quan đến lãnh đạo Tập đoàn Masan đăng ký mua 7 triệu cổ phiếu MSN,OTHER,OTHER,NEUTRAL,LOW,STOCK_SPECIFIC,MEDIUM,WEAK_RULE_V3_ENTITY_TIERED,WEAK_RULE_V3; tier=HIGH_PRECISION; entity=TITLE_TICKER|TITLE_COMPANY|BODY_COMPANY|BODY_TICKER|TARGET_CONTEXT; score=24; event=OTHER; symbol=MSN,TITLE_TICKER|TITLE_COMPANY|BODY_COMPANY|BODY_TICKER|TARGET_CONTEXT,TITLE_TICKER_WITH_TARGET_CONTEXT,HIGH_PRECISION,FALLBACK_QUARANTINE,FALLBACK_NO_EVENT_DETECTED,80,MEDIUM,NOT_INDEPENDENTLY_VALIDATED,False
1da41d4c0c2bc5095453,f32278c0d1dbde3e4580bb210f50aa0e,VHC,Công ty Cổ phần Vĩnh Hoàn,2021-01-01,CafeF,https://cafef.vn/vinh-hoan-va-navico-chiu-thue-009-usd-kg-khi-xuat-khau-vao-my-20210101142851715.chn,"Vĩnh Hoàn và Navico chịu thuế 0,09 USD/kg khi xuất khẩu vào Mỹ",OTHER,OTHER,NEUTRAL,LOW,STOCK_SPECIFIC,MEDIUM,WEAK_RULE_V3_ENTITY_TIERED,WEAK_RULE_V3; tier=HIGH_PRECISION; entity=TITLE_COMPANY|BODY_COMPANY|BODY_TICKER|TARGET_CONTEXT; score=17; event=OTHER; symbol=VHC,TITLE_COMPANY|BODY_COMPANY|BODY_TICKER|TARGET_CONTEXT,TITLE_ENTITY_WITH_TARGET_CONTEXT,HIGH_PRECISION,FALLBACK_QUARANTINE,FALLBACK_NO_EVENT_DETECTED,80,MEDIUM,NOT_INDEPENDENTLY_VALIDATED,False
d8717b0181453943ce24,c25a14947ef860bdfa0ac7aeb13aec3f,POM,Công ty Cổ phần Thép Pomina,2021-01-03,CafeF,https://cafef.vn/hdb-fit-pom-bwe-lcg-hdg-vcp-sgr-khw-vcw-sbs-thong-tin-giao-dich-luong-lon-co-phieu-2020123118005244.chn,"HDB, FIT, POM, BWE, LCG, HDG, VCP, SGR, KHW, VCW, SBS: Thông tin giao dịch lượng lớn cổ phiếu",OTHER,OTHER,NEUTRAL,LOW,STOCK_SPECIFIC,MEDIUM,WEAK_RULE_V3_ENTITY_TIERED,WEAK_RULE_V3; tier=HIGH_PRECISION; entity=TITLE_TICKER|BODY_COMPANY|BODY_TICKER|TARGET_CONTEXT; score=17; event=OTHER; symbol=POM,TITLE_TICKER|BODY_COMPANY|BODY_TICKER|TARGET_CONTEXT,TITLE_TICKER_WITH_TARGET_CONTEXT,HIGH_PRECISION,FALLBACK_QUARANTINE,FALLBACK_NO_EVENT_DETECTED,80,MEDIUM,NOT_INDEPENDENTLY_VALIDATED,False
3117aeff906ded9965b9,548390a551fcfd0f1ac712259d12b4b8,CTG,Ngân hàng TMCP Công Thương Việt Nam,2021-01-06,VietnamBiz,https://vietnambiz.vn/phien-6-1-khoi-ngoai-tiep-tuc-mua-rong-205-ty-dong-gom-tram-ty-dong-ctg-du-gia-tang-kich-tran-20210106171223094.htm,"Phiên 6/1: Khối ngoại tiếp tục mua ròng 205 tỷ đồng, gom trăm tỷ đồng CTG dù giá tăng kịch trần",SECTOR_NEWS,SECTOR_NEWS,NEUTRAL,MODERATE,SECTOR,HIGH,WEAK_RULE_V3_ENTITY_TIERED,WEAK_RULE_V3; tier=HIGH_PRECISION; entity=TITLE_TICKER|BODY_TICKER|TARGET_CONTEXT; score=13; event=SECTOR_NEWS; symbol=CTG,TITLE_TICKER|BODY_TICKER|TARGET_CONTEXT,TITLE_TICKER_WITH_TARGET_CONTEXT,HIGH_PRECISION,INFORMATIVE_CANDIDATE,EXPERIMENTAL_INFORMATIVE_UNVALIDATED,100,CRITICAL,NOT_INDEPENDENTLY_VALIDATED,True
cee68317a0b08f2879f1,77b64211c92a36b8720f8ac6faea02dc,GEX,Công ty Cổ phần Tập đoàn GELEX,2021-01-06,VietnamBiz,https://vietnambiz.vn/nhom-gelex-tiep-tuc-mua-them-hon-16-von-thuy-dien-nam-mu-20210106162027924.htm,Nhóm Gelex tiếp tục mua thêm hơn 16% vốn Thủy điện Nậm Mu,OTHER,OTHER,NEUTRAL,LOW,STOCK_SPECIFIC,MEDIUM,WEAK_RULE_V3_ENTITY_TIERED,WEAK_RULE_V3; tier=HIGH_PRECISION; entity=TITLE_COMPANY|BODY_COMPANY|BODY_TICKER|TARGET_CONTEXT; score=17; event=OTHER; symbol=GEX,TITLE_COMPANY|BODY_COMPANY|BODY_TICKER|TARGET_CONTEXT,TITLE_ENTITY_WITH_TARGET_CONTEXT,HIGH_PRECISION,FALLBACK_QUARANTINE,FALLBACK_NO_EVENT_DETECTED,80,MEDIUM,NOT_INDEPENDENTLY_VALIDATED,False
c1eba9a8f2065b7d3ad3,909f927e86f88f602a3856e2aeb2ef52,SSI,Công ty Cổ phần Chứng khoán SSI,2021-01-06,VietnamBiz,https://vietnambiz.vn/thi-phan-hose-vps-soan-ngoi-a-vuong-cua-hsc-trong-quy-iv-ssi-tiep-tuc-dan-dau-ca-nam-2020-20210106204435119.htm,"Thị phần HOSE: VPS soán ngôi á vương của HSC trong quý IV, SSI tiếp tục dẫn đầu cả năm 2020",OTHER,OTHER,NEUTRAL,LOW,STOCK_SPECIFIC,MEDIUM,WEAK_RULE_V3_ENTITY_TIERED,WEAK_RULE_V3; tier=HIGH_PRECISION; entity=TITLE_TICKER|BODY_COMPANY|BODY_TICKER|TARGET_CONTEXT; score=17; event=OTHER; symbol=SSI,TITLE_TICKER|BODY_COMPANY|BODY_TICKER|TARGET_CONTEXT,TITLE_TICKER_WITH_TARGET_CONTEXT,HIGH_PRECISION,FALLBACK_QUARANTINE,FALLBACK_NO_EVENT_DETECTED,80,MEDIUM,NOT_INDEPENDENTLY_VALIDATED,False
ee74eb1d62829627fa00,222f523c1d6e1d1f5a6bcc44287198bb,HPG,Công ty Cổ phần Tập đoàn Hòa Phát,2021-01-07,VietnamBiz,https://vietnambiz.vn/phien-7-1-khoi-ngoai-dao-chieu-ban-rong-hon-340-ty-dong-tap-trung-xa-hpg-20210107163257072.htm,"Phiên 7/1: Khối ngoại đảo chiều bán ròng hơn 340 tỷ đồng, tập trung xả HPG",SECTOR_NEWS,SECTOR_NEWS,NEUTRAL,MODERATE,SECTOR,HIGH,WEAK_RULE_V3_ENTITY_TIERED,WEAK_RULE_V3; tier=HIGH_PRECISION; entity=TITLE_TICKER|BODY_TICKER|TARGET_CONTEXT; score=13; event=SECTOR_NEWS; symbol=HPG,TITLE_TICKER|BODY_TICKER|TARGET_CONTEXT,TITLE_TICKER_WITH_TARGET_CONTEXT,HIGH_PRECISION,INFORMATIVE_CANDIDATE,EXPERIMENTAL_INFORMATIVE_UNVALIDATED,100,CRITICAL,NOT_INDEPENDENTLY_VALIDATED,True
fafdece0ab9f4e014fef,30bdf3ff4dba66fe26cb725e450d44ea,HPG,Công ty Cổ phần Tập đoàn Hòa Phát,2021-01-07,VietnamBiz,https://vietnambiz.vn/dragon-capital-lai-luot-song-hang-trieu-co-phieu-hpg-tren-dinh-lich-su-20210107180306865.htm,Dragon Capital lại lướt sóng hàng triệu cổ phiếu HPG trên đỉnh lịch sử,SECTOR_NEWS,SECTOR_NEWS,NEUTRAL,MODERATE,SECTOR,HIGH,WEAK_RULE_V3_ENTITY_TIERED,WEAK_RULE_V3; tier=HIGH_PRECISION; entity=TITLE_TICKER|BODY_COMPANY|BODY_TICKER|TARGET_CONTEXT; score=17; event=SECTOR_NEWS; symbol=HPG,TITLE_TICKER|BODY_COMPANY|BODY_TICKER|TARGET_CONTEXT,TITLE_TICKER_WITH_TARGET_CONTEXT,HIGH_PRECISION,INFORMATIVE_CANDIDATE,EXPERIMENTAL_INFORMATIVE_UNVALIDATED,100,CRITICAL,NOT_INDEPENDENTLY_VALIDATED,True
0f59fb8ac8446f21fc89,340b771e67d9563bb52cd94981d37a08,NVL,Công ty Cổ phần Tập đoàn Đầu tư Địa ốc No Va,2021-01-07,VietnamBiz,https://vietnambiz.vn/chu-tich-novaland-muon-ban-12-trieu-co-phieu-nvl-khi-gia-lap-dinh-hai-nam-20210107181643838.htm,Chủ tịch Novaland muốn bán 12 triệu cổ phiếu NVL khi giá lập đỉnh hai năm,OTHER,OTHER,NEUTRAL,LOW,STOCK_SPECIFIC,MEDIUM,WEAK_RULE_V3_ENTITY_TIERED,WEAK_RULE_V3; tier=HIGH_PRECISION; entity=TITLE_TICKER|TITLE_ALIAS|BODY_ALIAS|BODY_TICKER|TARGET_CONTEXT; score=24; event=OTHER; symbol=NVL,TITLE_TICKER|TITLE_ALIAS|BODY_ALIAS|BODY_TICKER|TARGET_CONTEXT,TITLE_TICKER_WITH_TARGET_CONTEXT,HIGH_PRECISION,FALLBACK_QUARANTINE,FALLBACK_NO_EVENT_DETECTED,80,MEDIUM,NOT_INDEPENDENTLY_VALIDATED,False
eaebd75b95baa7f6ecde,68f00845f65a8785e160cb425112357a,VND,Công ty Cổ phần Chứng khoán VNDIRECT,2021-01-07,VietnamBiz,https://vietnambiz.vn/pyn-elite-fund-chot-loi-hang-trieu-co-phieu-bsi-va-vnd-20210107154846627.htm,Pyn Elite Fund chốt lời hàng triệu cổ phiếu BSI và VND,SECTOR_NEWS,SECTOR_NEWS,NEUTRAL,MODERATE,SECTOR,HIGH,WEAK_RULE_V3_ENTITY_TIERED,WEAK_RULE_V3; tier=HIGH_PRECISION; entity=TITLE_TICKER|BODY_COMPANY|BODY_TICKER|TARGET_CONTEXT; score=17; event=SECTOR_NEWS; symbol=VND,TITLE_TICKER|BODY_COMPANY|BODY_TICKER|TARGET_CONTEXT,TITLE_TICKER_WITH_TARGET_CONTEXT,HIGH_PRECISION,INFORMATIVE_CANDIDATE,EXPERIMENTAL_INFORMATIVE_UNVALIDATED,100,CRITICAL,NOT_INDEPENDENTLY_VALIDATED,True
9a237047c22535229454,6986a62e174b9abd0a4711e636f814f0,NVL,Công ty Cổ phần Tập đoàn Đầu tư Địa ốc No Va,2021-01-07,CafeF,https://cafef.vn/novaland-tang-manh-ong-bui-thanh-nhon-dang-ky-ban-bot-12-trieu-co-phieu-20210107144300775.chn,"Novaland tăng mạnh, ông Bùi Thành Nhơn đăng ký bán bớt 12 triệu cổ phiếu",OTHER,OTHER,NEUTRAL,LOW,STOCK_SPECIFIC,MEDIUM,WEAK_RULE_V3_ENTITY_TIERED,WEAK_RULE_V3; tier=HIGH_PRECISION; entity=TITLE_ALIAS|BODY_ALIAS|BODY_TICKER|TARGET_CONTEXT; score=17; event=OTHER; symbol=NVL,TITLE_ALIAS|BODY_ALIAS|BODY_TICKER|TARGET_CONTEXT,TITLE_ENTITY_WITH_TARGET_CONTEXT,HIGH_PRECISION,FALLBACK_QUARANTINE,FALLBACK_NO_EVENT_DETECTED,80,MEDIUM,NOT_INDEPENDENTLY_VALIDATED,False
1ce76c5d2d140843d6dd,893dfadc1d73d386ce45b75308e5f6da,SSI,Công ty Cổ phần Chứng khoán SSI,2021-01-07,CafeF,https://cafef.vn/ceo-ssi-muc-tieu-lon-nhat-la-xay-dung-thi-truong-von-lon-manh-va-thu-hut-dau-tu-20210107150446872.chn,CEO SSI: Mục tiêu lớn nhất là xây dựng thị trường vốn lớn mạnh và thu hút đầu tư,OTHER,OTHER,NEUTRAL,LOW,STOCK_SPECIFIC,MEDIUM,WEAK_RULE_V3_ENTITY_TIERED,WEAK_RULE_V3; tier=HIGH_PRECISION; entity=TITLE_TICKER|BODY_COMPANY|BODY_TICKER|TARGET_CONTEXT; score=17; event=OTHER; symbol=SSI,TITLE_TICKER|BODY_COMPANY|BODY_TICKER|TARGET_CONTEXT,TITLE_TICKER_WITH_TARGET_CONTEXT,HIGH_PRECISION,FALLBACK_QUARANTINE,FALLBACK_NO_EVENT_DETECTED,80,MEDIUM,NOT_INDEPENDENTLY_VALIDATED,False
07d0bea441f3fccf0eda,e3e82ebae2919f6032a62c6075e3e674,FPT,Công ty Cổ phần FPT,2021-01-07,VietnamBiz,https://vietnambiz.vn/co-phieu-tam-diem-ngay-8-1-hag-fpt-lhg-20210107181655523.htm,"Cổ phiếu tâm điểm ngày 8/1: HAG, FPT, LHG",BUSINESS_RESULT,NEW_CONTRACT,POSITIVE,MODERATE,STOCK_SPECIFIC,HIGH,WEAK_RULE_V3_ENTITY_TIERED,WEAK_RULE_V3; tier=HIGH_PRECISION; entity=TITLE_TICKER|BODY_TICKER|TARGET_CONTEXT; score=13; event=NEW_CONTRACT; symbol=FPT,TITLE_TICKER|BODY_TICKER|TARGET_CONTEXT,TITLE_TICKER_WITH_TARGET_CONTEXT,HIGH_PRECISION,INFORMATIVE_CANDIDATE,EXPERIMENTAL_INFORMATIVE_UNVALIDATED,100,HIGH,NOT_INDEPENDENTLY_VALIDATED,True
9857ed7cb5861fd0028c,03e1df49c90647ee411e3f19bf46ae40,VHM,Công ty Cổ phần Vinhomes,2021-01-08,CafeF,https://cafef.vn/pyn-elite-fund-tang-manh-ty-trong-vhm-va-vfmvn-diamond-etf-trong-thang-cuoi-nam-2020-20210107222940366.chn,Pyn Elite Fund tăng mạnh tỷ trọng VHM và VFMVN Diamond ETF trong tháng cuối năm 2020,OTHER,OTHER,NEUTRAL,LOW,STOCK_SPECIFIC,MEDIUM,WEAK_RULE_V3_ENTITY_TIERED,WEAK_RULE_V3; tier=HIGH_PRECISION; entity=TITLE_TICKER|BODY_TICKER|TARGET_CONTEXT; score=13; event=OTHER; symbol=VHM,TITLE_TICKER|BODY_TICKER|TARGET_CONTEXT,TITLE_TICKER_WITH_TARGET_CONTEXT,HIGH_PRECISION,FALLBACK_QUARANTINE,FALLBACK_NO_EVENT_DETECTED,80,MEDIUM,NOT_INDEPENDENTLY_VALIDATED,False
94411ce0a687eba5f3b6,e5bf989fe45fb8fb0438e739bd4cf7b0,NVL,Công ty Cổ phần Tập đoàn Đầu tư Địa ốc No Va,2021-01-08,CafeF,https://cafef.vn/nvl-dig-nsh-bcg-bwe-geg-vcc-dsc-c4g-lss-tcd-hmh-eid-cet-ngc-thong-tin-giao-dich-luong-lon-co-phieu-20210107171455811.chn,"NVL, DIG, NSH, BCG, BWE, GEG, VCC, DSC, C4G, LSS, TCD, HMH, EID, CET, NGC: Thông tin giao dịch lượng lớn cổ phiếu",OTHER,OTHER,NEUTRAL,LOW,STOCK_SPECIFIC,MEDIUM,WEAK_RULE_V3_ENTITY_TIERED,WEAK_RULE_V3; tier=HIGH_PRECISION; entity=TITLE_TICKER|BODY_ALIAS|BODY_TICKER|TARGET_CONTEXT; score=17; event=OTHER; symbol=NVL,TITLE_TICKER|BODY_ALIAS|BODY_TICKER|TARGET_CONTEXT,TITLE_TICKER_WITH_TARGET_CONTEXT,HIGH_PRECISION,FALLBACK_QUARANTINE,FALLBACK_NO_EVENT_DETECTED,80,MEDIUM,NOT_INDEPENDENTLY_VALIDATED,False
745677eb903c98a8b101,5f90fd2eda4125085aef33e4d1425af1,BID,Ngân hàng TMCP Đầu tư và Phát triển Việt Nam,2021-01-11,Vietstock,https://vietstock.vn/2021/01/bidv-rao-ban-khoan-no-xau-ngan-ty-cua-chu-du-an-nha-may-dien-phan-chi-kem-bac-kan-757-818406.htm,BIDV rao bán khoản nợ xấu ngàn tỷ của chủ dự án nhà máy điện phân chì kẽm Bắc Kạn,OTHER,OTHER,NEUTRAL,LOW,STOCK_SPECIFIC,MEDIUM,WEAK_RULE_V3_ENTITY_TIERED,WEAK_RULE_V3; tier=HIGH_PRECISION; entity=TITLE_ALIAS|BODY_ALIAS|BODY_TICKER|TARGET_CONTEXT; score=17; event=OTHER; symbol=BID,TITLE_ALIAS|BODY_ALIAS|BODY_TICKER|TARGET_CONTEXT,TITLE_ENTITY_WITH_TARGET_CONTEXT,HIGH_PRECISION,FALLBACK_QUARANTINE,FALLBACK_NO_EVENT_DETECTED,80,MEDIUM,NOT_INDEPENDENTLY_VALIDATED,False
623c041737f00e63c1cb,e1a8b7fb039faa8eb1afc9e73f8f45db,SSI,Công ty Cổ phần Chứng khoán SSI,2021-01-13,CafeF,https://cafef.vn/ssi-research-uoc-tinh-loi-nhuan-quy-iv-2020-cua-27-doanh-nghiep-20210113130311728.chn,SSI Research ước tính lợi nhuận quý IV/2020 của 27 doanh nghiệp,BUSINESS_RESULT,PROFIT_DECLINE,NEGATIVE,HIGH,STOCK_SPECIFIC,HIGH,WEAK_RULE_V3_ENTITY_TIERED,WEAK_RULE_V3; tier=HIGH_PRECISION; entity=TITLE_TICKER|BODY_COMPANY|BODY_TICKER|TARGET_CONTEXT; score=17; event=PROFIT_DECLINE; symbol=SSI,TITLE_TICKER|BODY_COMPANY|BODY_TICKER|TARGET_CONTEXT,TITLE_TICKER_WITH_TARGET_CONTEXT,HIGH_PRECISION,INFORMATIVE_CANDIDATE,EXPERIMENTAL_INFORMATIVE_UNVALIDATED,100,HIGH,NOT_INDEPENDENTLY_VALIDATED,True
4c1bb3b7bddd56efb828,e5e426917caa667594f1cfbd8a7de095,PLX,Tập đoàn Xăng dầu Việt Nam,2021-01-13,Vietstock,https://vietstock.vn/2021/01/petrolimex-uoc-doanh-thu-nam-2020-dat-123-ngan-ty-dong-737-818981.htm,Petrolimex ước lãi trước thuế 2020 giảm 78%,CORPORATE_ACTION,LEADERSHIP_CHANGE,NEUTRAL,MODERATE,STOCK_SPECIFIC,HIGH,WEAK_RULE_V3_ENTITY_TIERED,WEAK_RULE_V3; tier=HIGH_PRECISION; entity=TITLE_ALIAS|BODY_COMPANY|BODY_TICKER|TARGET_CONTEXT; score=17; event=LEADERSHIP_CHANGE; symbol=PLX,TITLE_ALIAS|BODY_COMPANY|BODY_TICKER|TARGET_CONTEXT,TITLE_ENTITY_WITH_TARGET_CONTEXT,HIGH_PRECISION,INFORMATIVE_CANDIDATE,EXPERIMENTAL_INFORMATIVE_UNVALIDATED,100,HIGH,NOT_INDEPENDENTLY_VALIDATED,True
9242882d497aac16ca05,8ea3e4d22ca8c7cf34d469457a2caa9e,PLX,Tập đoàn Xăng dầu Việt Nam,2021-01-14,CafeF,https://cafef.vn/petrolimex-plx-uoc-lai-truoc-thue-giam-78-xuong-chi-con-1268-ty-dong-trong-nam-2020-20210113181847435.chn,Petrolimex (PLX) ước lãi trước thuế giảm 78% xuống chỉ còn 1.268 tỷ đồng trong năm 2020,OTHER,OTHER,NEUTRAL,LOW,STOCK_SPECIFIC,MEDIUM,WEAK_RULE_V3_ENTITY_TIERED,WEAK_RULE_V3; tier=HIGH_PRECISION; entity=TITLE_TICKER|TITLE_ALIAS|BODY_COMPANY|BODY_TICKER|TARGET_CONTEXT; score=24; event=OTHER; symbol=PLX,TITLE_TICKER|TITLE_ALIAS|BODY_COMPANY|BODY_TICKER|TARGET_CONTEXT,TITLE_TICKER_WITH_TARGET_CONTEXT,HIGH_PRECISION,FALLBACK_QUARANTINE,FALLBACK_NO_EVENT_DETECTED,80,MEDIUM,NOT_INDEPENDENTLY_VALIDATED,False
8b06056300bee5964a12,da77aecf6e3e879331cfc0bd029fa4e1,VIC,Tập đoàn Vingroup,2021-01-14,CafeF,https://cafef.vn/phien-14-1-khoi-ngoai-mua-rong-gan-1000-ty-dong-tap-trung-gom-vic-kbc-20210114151503837.chn,"Phiên 14/1: Khối ngoại mua ròng gần 1.000 tỷ đồng, tập trung “gom” VIC, KBC",OTHER,OTHER,NEUTRAL,LOW,STOCK_SPECIFIC,MEDIUM,WEAK_RULE_V3_ENTITY_TIERED,WEAK_RULE_V3; tier=HIGH_PRECISION; entity=TITLE_TICKER|BODY_TICKER|TARGET_CONTEXT; score=13; event=OTHER; symbol=VIC,TITLE_TICKER|BODY_TICKER|TARGET_CONTEXT,TITLE_TICKER_WITH_TARGET_CONTEXT,HIGH_PRECISION,FALLBACK_QUARANTINE,FALLBACK_NO_EVENT_DETECTED,80,MEDIUM,NOT_INDEPENDENTLY_VALIDATED,False
3ce8ce7dbc9a962b6c7f,52edcadbbfb1d5174e3e92eab866583f,SSI,Công ty Cổ phần Chứng khoán SSI,2021-01-20,VietnamBiz,https://vietnambiz.vn/chung-khoan-ssi-bao-lai-1267-ty-dong-nam-2020-cho-vay-margin-vuot-9000-ty-dong-20210120175911595.htm,"Chứng khoán SSI báo lãi 1.267 tỷ đồng năm 2020, cho vay margin vượt 9.000 tỷ đồng",BUSINESS_RESULT,PROFIT_GROWTH,POSITIVE,HIGH,STOCK_SPECIFIC,HIGH,WEAK_RULE_V3_ENTITY_TIERED,WEAK_RULE_V3; tier=HIGH_PRECISION; entity=TITLE_TICKER|TITLE_COMPANY|BODY_COMPANY|BODY_TICKER|TARGET_CONTEXT; score=24; event=PROFIT_GROWTH; symbol=SSI,TITLE_TICKER|TITLE_COMPANY|BODY_COMPANY|BODY_TICKER|TARGET_CONTEXT,TITLE_TICKER_WITH_TARGET_CONTEXT,HIGH_PRECISION,INFORMATIVE_CANDIDATE,EXPERIMENTAL_INFORMATIVE_UNVALIDATED,100,HIGH,NOT_INDEPENDENTLY_VALIDATED,True
1bf58dac58dedef57bd6,c1566b08eedf1bc40f5b65164defe77a,VIC,Tập đoàn Vingroup,2021-01-20,VietnamBiz,https://vietnambiz.vn/co-phieu-tam-diem-ngay-21-1-vic-pvt-drc-20210120182243483.htm,"Cổ phiếu tâm điểm ngày 21/1: VIC, PVT, DRC",OTHER,OTHER,NEUTRAL,LOW,STOCK_SPECIFIC,MEDIUM,WEAK_RULE_V3_ENTITY_TIERED,WEAK_RULE_V3; tier=HIGH_PRECISION; entity=TITLE_TICKER|BODY_COMPANY|BODY_TICKER|TARGET_CONTEXT; score=17; event=OTHER; symbol=VIC,TITLE_TICKER|BODY_COMPANY|BODY_TICKER|TARGET_CONTEXT,TITLE_TICKER_WITH_TARGET_CONTEXT,HIGH_PRECISION,FALLBACK_QUARANTINE,FALLBACK_NO_EVENT_DETECTED,80,MEDIUM,NOT_INDEPENDENTLY_VALIDATED,False
661fe88bce8604cfee6d,0116960911fecf74fe06cb7f109efbd1,SSI,Công ty Cổ phần Chứng khoán SSI,2021-01-21,CafeF,https://cafef.vn/du-no-cho-vay-tai-cac-ctck-lap-ky-luc-hon-90000-ty-dong-vao-cuoi-nam-2020-ssi-pha-hoi-nong-vao-mirae-asset-20210121140339903.chn,"Dư nợ cho vay tại các CTCK lập kỷ lục hơn 90.000 tỷ đồng vào cuối năm 2020, SSI “phả hơi nóng” vào Mirae Asset",OTHER,OTHER,NEUTRAL,LOW,STOCK_SPECIFIC,MEDIUM,WEAK_RULE_V3_ENTITY_TIERED,WEAK_RULE_V3; tier=HIGH_PRECISION; entity=TITLE_TICKER|BODY_TICKER|TARGET_CONTEXT; score=13; event=OTHER; symbol=SSI,TITLE_TICKER|BODY_TICKER|TARGET_CONTEXT,TITLE_TICKER_WITH_TARGET_CONTEXT,HIGH_PRECISION,FALLBACK_QUARANTINE,FALLBACK_NO_EVENT_DETECTED,80,MEDIUM,NOT_INDEPENDENTLY_VALIDATED,False
af1dbf0d5ab0847ce41e,9ce17bb9bbd794bea37828a59aac069e,VND,Công ty Cổ phần Chứng khoán VNDIRECT,2021-01-21,VietnamBiz,https://vietnambiz.vn/pyn-elite-fund-tiep-tuc-ban-hon-4-trieu-co-phieu-vnd-20210121084938773.htm,Pyn Elite Fund tiếp tục bán hơn 4 triệu cổ phiếu VND,OTHER,OTHER,NEUTRAL,LOW,STOCK_SPECIFIC,MEDIUM,WEAK_RULE_V3_ENTITY_TIERED,WEAK_RULE_V3; tier=HIGH_PRECISION; entity=TITLE_TICKER|BODY_COMPANY|BODY_TICKER|TARGET_CONTEXT; score=17; event=OTHER; symbol=VND,TITLE_TICKER|BODY_COMPANY|BODY_TICKER|TARGET_CONTEXT,TITLE_TICKER_WITH_TARGET_CONTEXT,HIGH_PRECISION,FALLBACK_QUARANTINE,FALLBACK_NO_EVENT_DETECTED,80,MEDIUM,NOT_INDEPENDENTLY_VALIDATED,False
d1b5849aae5acf451777,28bd2b19801d4be99a146b4658fda891,CTG,Ngân hàng TMCP Công Thương Việt Nam,2021-01-25,CafeF,https://cafef.vn/vietinbank-securities-ra-mat-bang-gia-uu-tien-20210125113619834.chn,VietinBank Securities ra mắt Bảng giá ưu tiên,OTHER,OTHER,NEUTRAL,LOW,STOCK_SPECIFIC,MEDIUM,WEAK_RULE_V3_ENTITY_TIERED,WEAK_RULE_V3; tier=HIGH_PRECISION; entity=TITLE_ALIAS|BODY_COMPANY; score=11; event=OTHER; symbol=CTG,TITLE_ALIAS|BODY_COMPANY,TITLE_ENTITY_MENTION,HIGH_PRECISION,FALLBACK_QUARANTINE,FALLBACK_NO_EVENT_DETECTED,80,MEDIUM,NOT_INDEPENDENTLY_VALIDATED,False
1f8a4cbf7e5d0ea45462,0087a4ecab16dfb6e007e8b08ae3b290,DGC,Công ty Cổ phần Tập đoàn Hóa chất Đức Giang,2021-01-29,CafeF,https://cafef.vn/vnm-ppc-dgc-fcn-tvb-nlg-hbc-kbc-ibc-agg-hdc-nha-spi-thong-tin-giao-dich-luong-lon-co-phieu-20210128180916531.chn,"VNM, PPC, DGC, FCN, TVB, NLG, HBC, KBC, IBC, AGG, HDC, NHA, SPI: Thông tin giao dịch lượng lớn cổ phiếu",OTHER,OTHER,NEUTRAL,LOW,STOCK_SPECIFIC,MEDIUM,WEAK_RULE_V3_ENTITY_TIERED,WEAK_RULE_V3; tier=HIGH_PRECISION; entity=TITLE_TICKER|BODY_COMPANY|BODY_TICKER|TARGET_CONTEXT; score=17; event=OTHER; symbol=DGC,TITLE_TICKER|BODY_COMPANY|BODY_TICKER|TARGET_CONTEXT,TITLE_TICKER_WITH_TARGET_CONTEXT,HIGH_PRECISION,FALLBACK_QUARANTINE,FALLBACK_NO_EVENT_DETECTED,80,MEDIUM,NOT_INDEPENDENTLY_VALIDATED,False
c6afce734d0a0c891583,0087a4ecab16dfb6e007e8b08ae3b290,VNM,Công ty Cổ phần Sữa Việt Nam,2021-01-29,CafeF,https://cafef.vn/vnm-ppc-dgc-fcn-tvb-nlg-hbc-kbc-ibc-agg-hdc-nha-spi-thong-tin-giao-dich-luong-lon-co-phieu-20210128180916531.chn,"VNM, PPC, DGC, FCN, TVB, NLG, HBC, KBC, IBC, AGG, HDC, NHA, SPI: Thông tin giao dịch lượng lớn cổ phiếu",OTHER,OTHER,NEUTRAL,LOW,STOCK_SPECIFIC,MEDIUM,WEAK_RULE_V3_ENTITY_TIERED,WEAK_RULE_V3; tier=HIGH_PRECISION; entity=TITLE_TICKER|BODY_ALIAS|BODY_TICKER|TARGET_CONTEXT; score=17; event=OTHER; symbol=VNM,TITLE_TICKER|BODY_ALIAS|BODY_TICKER|TARGET_CONTEXT,TITLE_TICKER_WITH_TARGET_CONTEXT,HIGH_PRECISION,FALLBACK_QUARANTINE,FALLBACK_NO_EVENT_DETECTED,80,MEDIUM,NOT_INDEPENDENTLY_VALIDATED,False
8037da5a29daf71b4cbb,05ea228d26289ddc8fe8274852685573,POM,Công ty Cổ phần Thép Pomina,2021-01-29,CafeF,https://cafef.vn/thep-pomina-pom-nam-2020-hoi-sinh-voi-lai-rong-16-ty-dong-ky-vong-lon-vao-du-an-lo-cao-20210129130457897.chn,"Thép Pomina (POM): Năm 2020 ""hồi sinh"" với lãi ròng 16 tỷ đồng, kỳ vọng lớn vào dự án lò cao",BUSINESS_RESULT,PROFIT_DECLINE,NEGATIVE,HIGH,STOCK_SPECIFIC,HIGH,WEAK_RULE_V3_ENTITY_TIERED,WEAK_RULE_V3; tier=HIGH_PRECISION; entity=TITLE_TICKER|TITLE_COMPANY|BODY_COMPANY|BODY_TICKER|TARGET_CONTEXT; score=24; event=PROFIT_DECLINE; symbol=POM,TITLE_TICKER|TITLE_COMPANY|BODY_COMPANY|BODY_TICKER|TARGET_CONTEXT,TITLE_TICKER_WITH_TARGET_CONTEXT,HIGH_PRECISION,INFORMATIVE_CANDIDATE,EXPERIMENTAL_INFORMATIVE_UNVALIDATED,100,HIGH,NOT_INDEPENDENTLY_VALIDATED,True
cb7181446dc4c02c4b53,1c805e1eaac33c38673985d841ed5ae7,DPM,Tổng Công ty Phân bón và Hóa chất Dầu khí,2021-01-29,CafeF,https://cafef.vn/dam-phu-my-dpm-bao-lai-703-ty-dong-nam-2020-tang-81-so-voi-cung-ky-20210129134142642.chn,"Đạm Phú Mỹ (DPM) báo lãi 703 tỷ đồng năm 2020, tăng 81% so với cùng kỳ",BUSINESS_RESULT,PROFIT_GROWTH,POSITIVE,HIGH,STOCK_SPECIFIC,HIGH,WEAK_RULE_V3_ENTITY_TIERED,WEAK_RULE_V3; tier=HIGH_PRECISION; entity=TITLE_TICKER|TITLE_ALIAS|BODY_ALIAS|BODY_TICKER|TARGET_CONTEXT; score=24; event=PROFIT_GROWTH; symbol=DPM,TITLE_TICKER|TITLE_ALIAS|BODY_ALIAS|BODY_TICKER|TARGET_CONTEXT,TITLE_TICKER_WITH_TARGET_CONTEXT,HIGH_PRECISION,INFORMATIVE_CANDIDATE,EXPERIMENTAL_INFORMATIVE_UNVALIDATED,100,HIGH,NOT_INDEPENDENTLY_VALIDATED,True
403725d53f9a1f43022d,4f8bdb2b047442c11f011486eeb3506a,DCM,Công ty Cổ phần Phân bón Dầu khí Cà Mau,2021-01-29,CafeF,https://cafef.vn/dieu-chinh-tang-ke-hoach-loi-nhuan-cao-gap-9-lan-dam-ca-mau-dcm-van-bao-loi-nhuan-nam-2020-vuot-39-muc-tieu-ca-nam-2021012822271546.chn,"Điều chỉnh tăng kế hoạch lợi nhuận cao gấp 9 lần, Đạm Cà Mau (DCM) vẫn báo lợi nhuận năm 2020 vượt 39% mục tiêu cả năm",BUSINESS_RESULT,PROFIT_DECLINE,NEGATIVE,HIGH,STOCK_SPECIFIC,HIGH,WEAK_RULE_V3_ENTITY_TIERED,WEAK_RULE_V3; tier=HIGH_PRECISION; entity=TITLE_TICKER|TITLE_ALIAS|BODY_ALIAS|BODY_TICKER|TARGET_CONTEXT; score=24; event=PROFIT_DECLINE; symbol=DCM,TITLE_TICKER|TITLE_ALIAS|BODY_ALIAS|BODY_TICKER|TARGET_CONTEXT,TITLE_TICKER_WITH_TARGET_CONTEXT,HIGH_PRECISION,INFORMATIVE_CANDIDATE,EXPERIMENTAL_INFORMATIVE_UNVALIDATED,100,HIGH,NOT_INDEPENDENTLY_VALIDATED,True
b83155835966058baccf,20f8c810832f023728757ea6aac87a0a,REE,Công ty Cổ phần Cơ Điện Lạnh,2021-01-30,Tin Nhanh Chứng Khoán,https://www.tinnhanhchungkhoan.vn/co-dien-lanh-ree-quy-iv2020-thuy-dien-va-cap-nuoc-thuan-loi-giup-loi-nhuan-tang-39-post261121.html,"Cơ Điện Lạnh (REE): Quý IV/2020, thủy điện và cấp nước thuận lợi giúp lợi nhuận tăng 39%",BUSINESS_RESULT,PROFIT_GROWTH,POSITIVE,HIGH,STOCK_SPECIFIC,HIGH,WEAK_RULE_V3_ENTITY_TIERED,WEAK_RULE_V3; tier=HIGH_PRECISION; entity=TITLE_TICKER|TITLE_COMPANY|BODY_COMPANY|BODY_TICKER|TARGET_CONTEXT; score=24; event=PROFIT_GROWTH; symbol=REE,TITLE_TICKER|TITLE_COMPANY|BODY_COMPANY|BODY_TICKER|TARGET_CONTEXT,TITLE_TICKER_WITH_TARGET_CONTEXT,HIGH_PRECISION,INFORMATIVE_CANDIDATE,EXPERIMENTAL_INFORMATIVE_UNVALIDATED,100,HIGH,NOT_INDEPENDENTLY_VALIDATED,True
66da07613a5003e4550b,ff97b784cd1946824776948d60e13719,POW,Tổng Công ty Điện lực Dầu khí Việt Nam,2021-01-30,Tin Nhanh Chứng Khoán,https://www.tinnhanhchungkhoan.vn/pvpower-pow-quy-iv2020-loi-nhuan-dat-10063-ty-dong-tang-gan-159-post261120.html,"PVPower (POW): Quý IV/2020 lợi nhuận đạt 1.006,3 tỷ đồng, tăng gần 159%",CORPORATE_ACTION,DIVIDEND,POSITIVE,MODERATE,STOCK_SPECIFIC,HIGH,WEAK_RULE_V3_ENTITY_TIERED,WEAK_RULE_V3; tier=HIGH_PRECISION; entity=TITLE_TICKER|BODY_COMPANY|BODY_TICKER|TARGET_CONTEXT; score=17; event=DIVIDEND; symbol=POW,TITLE_TICKER|BODY_COMPANY|BODY_TICKER|TARGET_CONTEXT,TITLE_TICKER_WITH_TARGET_CONTEXT,HIGH_PRECISION,INFORMATIVE_CANDIDATE,EXPERIMENTAL_INFORMATIVE_UNVALIDATED,100,HIGH,NOT_INDEPENDENTLY_VALIDATED,True
c2dc14f84933f3a9e897,a4f7e3e9642cbac95cd8a56d5716df00,HVN,Tổng Công ty Hàng không Việt Nam,2021-02-01,CafeF,https://cafef.vn/sau-3-quy-lien-tiep-lo-vai-nghin-ty-vietnam-airlines-chi-con-lo-gan-400-ty-trong-quy-4-20210201185622756.chn,"Sau 3 quý liên tiếp lỗ vài nghìn tỷ, Vietnam Airlines chỉ còn lỗ gần 400 tỷ trong quý 4",CORPORATE_ACTION,STOCK_ISSUANCE,NEUTRAL,MODERATE,STOCK_SPECIFIC,HIGH,WEAK_RULE_V3_ENTITY_TIERED,WEAK_RULE_V3; tier=HIGH_PRECISION; entity=TITLE_ALIAS|BODY_COMPANY; score=11; event=STOCK_ISSUANCE; symbol=HVN,TITLE_ALIAS|BODY_COMPANY,TITLE_ENTITY_MENTION,HIGH_PRECISION,INFORMATIVE_CANDIDATE,EXPERIMENTAL_INFORMATIVE_UNVALIDATED,100,HIGH,NOT_INDEPENDENTLY_VALIDATED,True
9c49e832f9a7f43ce80d,6b41a58c70ea9846788f980d25ca8f24,BID,Ngân hàng TMCP Đầu tư và Phát triển Việt Nam,2021-02-02,VietnamBiz,https://vietnambiz.vn/co-phieu-tam-diem-ngay-3-2-vhm-bid-pc1-20210202193421006.htm,"Cổ phiếu tâm điểm ngày 3/2: VHM, BID, PC1",CORPORATE_ACTION,LEADERSHIP_CHANGE,NEUTRAL,MODERATE,STOCK_SPECIFIC,HIGH,WEAK_RULE_V3_ENTITY_TIERED,WEAK_RULE_V3; tier=HIGH_PRECISION; entity=TITLE_TICKER|BODY_ALIAS|BODY_TICKER|TARGET_CONTEXT; score=17; event=LEADERSHIP_CHANGE; symbol=BID,TITLE_TICKER|BODY_ALIAS|BODY_TICKER|TARGET_CONTEXT,TITLE_TICKER_WITH_TARGET_CONTEXT,HIGH_PRECISION,INFORMATIVE_CANDIDATE,EXPERIMENTAL_INFORMATIVE_UNVALIDATED,100,HIGH,NOT_INDEPENDENTLY_VALIDATED,True
061d77edae4c1f0dbb76,6b41a58c70ea9846788f980d25ca8f24,PC1,Công ty Cổ phần Tập đoàn PC1,2021-02-02,VietnamBiz,https://vietnambiz.vn/co-phieu-tam-diem-ngay-3-2-vhm-bid-pc1-20210202193421006.htm,"Cổ phiếu tâm điểm ngày 3/2: VHM, BID, PC1",CORPORATE_ACTION,LEADERSHIP_CHANGE,NEUTRAL,MODERATE,STOCK_SPECIFIC,HIGH,WEAK_RULE_V3_ENTITY_TIERED,WEAK_RULE_V3; tier=HIGH_PRECISION; entity=TITLE_TICKER|BODY_TICKER|TARGET_CONTEXT; score=13; event=LEADERSHIP_CHANGE; symbol=PC1,TITLE_TICKER|BODY_TICKER|TARGET_CONTEXT,TITLE_TICKER_WITH_TARGET_CONTEXT,HIGH_PRECISION,INFORMATIVE_CANDIDATE,EXPERIMENTAL_INFORMATIVE_UNVALIDATED,100,HIGH,NOT_INDEPENDENTLY_VALIDATED,True
9553ab29fff96deb62fa,6b41a58c70ea9846788f980d25ca8f24,VHM,Công ty Cổ phần Vinhomes,2021-02-02,VietnamBiz,https://vietnambiz.vn/co-phieu-tam-diem-ngay-3-2-vhm-bid-pc1-20210202193421006.htm,"Cổ phiếu tâm điểm ngày 3/2: VHM, BID, PC1",CORPORATE_ACTION,LEADERSHIP_CHANGE,NEUTRAL,MODERATE,STOCK_SPECIFIC,HIGH,WEAK_RULE_V3_ENTITY_TIERED,WEAK_RULE_V3; tier=HIGH_PRECISION; entity=TITLE_TICKER|BODY_COMPANY|BODY_TICKER|TARGET_CONTEXT; score=17; event=LEADERSHIP_CHANGE; symbol=VHM,TITLE_TICKER|BODY_COMPANY|BODY_TICKER|TARGET_CONTEXT,TITLE_TICKER_WITH_TARGET_CONTEXT,HIGH_PRECISION,INFORMATIVE_CANDIDATE,EXPERIMENTAL_INFORMATIVE_UNVALIDATED,100,HIGH,NOT_INDEPENDENTLY_VALIDATED,True
79e6c5b7bb7475cd9c7b,87dc5155a43fe7ce4c36c78f14ba8976,VHM,Công ty Cổ phần Vinhomes,2021-02-05,CafeF,https://cafef.vn/pyn-elite-fund-tang-manh-ty-trong-vinhomes-va-chung-chi-quy-vfmvn-diamond-etf-trong-thang-1-20210204215016829.chn,Pyn Elite Fund tăng mạnh tỷ trọng Vinhomes và chứng chỉ quỹ VFMVN Diamond ETF trong tháng 1,LEGAL_REGULATORY,LEGAL_RISK,NEGATIVE,HIGH,STOCK_SPECIFIC,HIGH,WEAK_RULE_V3_ENTITY_TIERED,WEAK_RULE_V3; tier=HIGH_PRECISION; entity=TITLE_COMPANY|BODY_TICKER|TARGET_CONTEXT; score=13; event=LEGAL_RISK; symbol=VHM,TITLE_COMPANY|BODY_TICKER|TARGET_CONTEXT,TITLE_ENTITY_WITH_TARGET_CONTEXT,HIGH_PRECISION,INFORMATIVE_CANDIDATE,EXPERIMENTAL_INFORMATIVE_UNVALIDATED,100,CRITICAL,NOT_INDEPENDENTLY_VALIDATED,True
3a1fec21822990529e83,f0c5926c920e5da89f8cb2250c4bb459,GAS,Tổng Công ty Khí Việt Nam,2021-02-05,CafeF,https://cafef.vn/pv-gasd-pgd-dat-ke-hoach-lnst-2021-di-ngang-voi-204-ty-dong-2021020419152693.chn,PV GasD (PGD) đặt kế hoạch LNST 2021 đi ngang với 204 tỷ đồng,BUSINESS_RESULT,PROFIT_GROWTH,POSITIVE,HIGH,STOCK_SPECIFIC,HIGH,WEAK_RULE_V3_ENTITY_TIERED,WEAK_RULE_V3; tier=HIGH_PRECISION; entity=TITLE_ALIAS|BODY_ALIAS|BODY_TICKER|TARGET_CONTEXT; score=17; event=PROFIT_GROWTH; symbol=GAS,TITLE_ALIAS|BODY_ALIAS|BODY_TICKER|TARGET_CONTEXT,TITLE_ENTITY_WITH_TARGET_CONTEXT,HIGH_PRECISION,INFORMATIVE_CANDIDATE,EXPERIMENTAL_INFORMATIVE_UNVALIDATED,100,HIGH,NOT_INDEPENDENTLY_VALIDATED,True
9567483609a717f15ef3,5cd8033b943c1b7e6924f250d23276a8,VCI,Công ty Cổ phần Chứng khoán Vietcap,2021-02-09,CafeF,https://cafef.vn/chung-khoan-ban-viet-nam-2020-ruc-ro-o-tat-ca-mang-kinh-doanh-chu-chot-20210209085744617.chn,Chứng khoán Bản Việt: Năm 2020 rực rỡ ở tất cả mảng kinh doanh chủ chốt,BUSINESS_RESULT,PROFIT_GROWTH,POSITIVE,HIGH,STOCK_SPECIFIC,HIGH,WEAK_RULE_V3_ENTITY_TIERED,WEAK_RULE_V3; tier=HIGH_PRECISION; entity=TITLE_ALIAS|BODY_ALIAS|BODY_TICKER; score=13; event=PROFIT_GROWTH; symbol=VCI,TITLE_ALIAS|BODY_ALIAS|BODY_TICKER,TITLE_ENTITY_MENTION,HIGH_PRECISION,INFORMATIVE_CANDIDATE,EXPERIMENTAL_INFORMATIVE_UNVALIDATED,100,HIGH,NOT_INDEPENDENTLY_VALIDATED,True
0d7f5348afeb4c3ed484,446400a26d067023c57e879f449aa1b3,HPG,Công ty Cổ phần Tập đoàn Hòa Phát,2021-02-10,CafeF,https://cafef.vn/tundra-thoai-hpg-day-manh-gom-ree-voi-ky-vong-ve-nganh-nang-luong-tai-tao-20210208163033674.chn,"Tundra thoái HPG, đẩy mạnh “gom” REE với kỳ vọng về ngành năng lượng tái tạo",OTHER,OTHER,NEUTRAL,LOW,STOCK_SPECIFIC,MEDIUM,WEAK_RULE_V3_ENTITY_TIERED,WEAK_RULE_V3; tier=HIGH_PRECISION; entity=TITLE_TICKER|BODY_TICKER|TARGET_CONTEXT; score=13; event=OTHER; symbol=HPG,TITLE_TICKER|BODY_TICKER|TARGET_CONTEXT,TITLE_TICKER_WITH_TARGET_CONTEXT,HIGH_PRECISION,FALLBACK_QUARANTINE,FALLBACK_NO_EVENT_DETECTED,80,MEDIUM,NOT_INDEPENDENTLY_VALIDATED,False
cd3ea50d40a38bda4f6a,446400a26d067023c57e879f449aa1b3,REE,Công ty Cổ phần Cơ Điện Lạnh,2021-02-10,CafeF,https://cafef.vn/tundra-thoai-hpg-day-manh-gom-ree-voi-ky-vong-ve-nganh-nang-luong-tai-tao-20210208163033674.chn,"Tundra thoái HPG, đẩy mạnh “gom” REE với kỳ vọng về ngành năng lượng tái tạo",OTHER,OTHER,NEUTRAL,LOW,STOCK_SPECIFIC,MEDIUM,WEAK_RULE_V3_ENTITY_TIERED,WEAK_RULE_V3; tier=HIGH_PRECISION; entity=TITLE_TICKER|BODY_TICKER|TARGET_CONTEXT; score=13; event=OTHER; symbol=REE,TITLE_TICKER|BODY_TICKER|TARGET_CONTEXT,TITLE_TICKER_WITH_TARGET_CONTEXT,HIGH_PRECISION,FALLBACK_QUARANTINE,FALLBACK_NO_EVENT_DETECTED,80,MEDIUM,NOT_INDEPENDENTLY_VALIDATED,False
6166184351aa8083ae02,3e936fef5a6185b85aeff480b44346a4,VCI,Công ty Cổ phần Chứng khoán Vietcap,2021-02-18,CafeF,https://cafef.vn/hag-vci-vpb-nvt-tnt-vmg-thp-ves-hig-mhp-thong-tin-giao-dich-luong-lon-co-phieu-20210218081950659.chn,"HAG, VCI, VPB, NVT, TNT, VMG, THP, VES, HIG, MHP: Thông tin giao dịch lượng lớn cổ phiếu",OTHER,OTHER,NEUTRAL,LOW,STOCK_SPECIFIC,MEDIUM,WEAK_RULE_V3_ENTITY_TIERED,WEAK_RULE_V3; tier=HIGH_PRECISION; entity=TITLE_TICKER|BODY_ALIAS|BODY_TICKER|TARGET_CONTEXT; score=17; event=OTHER; symbol=VCI,TITLE_TICKER|BODY_ALIAS|BODY_TICKER|TARGET_CONTEXT,TITLE_TICKER_WITH_TARGET_CONTEXT,HIGH_PRECISION,FALLBACK_QUARANTINE,FALLBACK_NO_EVENT_DETECTED,80,MEDIUM,NOT_INDEPENDENTLY_VALIDATED,False
8294974369e995871ecc,3e936fef5a6185b85aeff480b44346a4,VPB,Ngân hàng TMCP Việt Nam Thịnh Vượng,2021-02-18,CafeF,https://cafef.vn/hag-vci-vpb-nvt-tnt-vmg-thp-ves-hig-mhp-thong-tin-giao-dich-luong-lon-co-phieu-20210218081950659.chn,"HAG, VCI, VPB, NVT, TNT, VMG, THP, VES, HIG, MHP: Thông tin giao dịch lượng lớn cổ phiếu",OTHER,OTHER,NEUTRAL,LOW,STOCK_SPECIFIC,MEDIUM,WEAK_RULE_V3_ENTITY_TIERED,WEAK_RULE_V3; tier=HIGH_PRECISION; entity=TITLE_TICKER|BODY_COMPANY|BODY_TICKER|TARGET_CONTEXT; score=17; event=OTHER; symbol=VPB,TITLE_TICKER|BODY_COMPANY|BODY_TICKER|TARGET_CONTEXT,TITLE_TICKER_WITH_TARGET_CONTEXT,HIGH_PRECISION,FALLBACK_QUARANTINE,FALLBACK_NO_EVENT_DETECTED,80,MEDIUM,NOT_INDEPENDENTLY_VALIDATED,False
e3c8950bf2e7d5f6efb7,73feb66c827f63c791ff02758472c896,HPG,Công ty Cổ phần Tập đoàn Hòa Phát,2021-02-18,VietnamBiz,https://vietnambiz.vn/phien-18-2-khoi-ngoai-tiep-tuc-gom-gan-620-ty-dong-tren-san-hose-tam-diem-hpg-20210218160555845.htm,"Phiên 18/2: Khối ngoại tiếp tục gom gần 620 tỷ đồng trên sàn HOSE, tâm điểm HPG",OTHER,OTHER,NEUTRAL,LOW,STOCK_SPECIFIC,MEDIUM,WEAK_RULE_V3_ENTITY_TIERED,WEAK_RULE_V3; tier=HIGH_PRECISION; entity=TITLE_TICKER|BODY_COMPANY|BODY_TICKER|TARGET_CONTEXT; score=17; event=OTHER; symbol=HPG,TITLE_TICKER|BODY_COMPANY|BODY_TICKER|TARGET_CONTEXT,TITLE_TICKER_WITH_TARGET_CONTEXT,HIGH_PRECISION,FALLBACK_QUARANTINE,FALLBACK_NO_EVENT_DETECTED,80,MEDIUM,NOT_INDEPENDENTLY_VALIDATED,False
80908492bb54aac351fe,8ec43d060a06bb026f289a173c373729,FPT,Công ty Cổ phần FPT,2021-02-18,CafeF,https://cafef.vn/fpt-lien-tuc-pha-dinh-norges-bank-chot-lai-1-trieu-co-phieu-20210218173228574.chn,"FPT liên tục phá đỉnh, Norges Bank ""chốt lãi"" 1 triệu cổ phiếu",OTHER,OTHER,NEUTRAL,LOW,STOCK_SPECIFIC,MEDIUM,WEAK_RULE_V3_ENTITY_TIERED,WEAK_RULE_V3; tier=HIGH_PRECISION; entity=TITLE_TICKER|BODY_TICKER|TARGET_CONTEXT; score=13; event=OTHER; symbol=FPT,TITLE_TICKER|BODY_TICKER|TARGET_CONTEXT,TITLE_TICKER_WITH_TARGET_CONTEXT,HIGH_PRECISION,FALLBACK_QUARANTINE,FALLBACK_NO_EVENT_DETECTED,80,MEDIUM,NOT_INDEPENDENTLY_VALIDATED,False
3f6be7fe6ed613cd652f,c553edebff90e71ec7e155d5791fee36,CTR,Tổng Công ty Cổ phần Công trình Viettel,2021-02-18,VietnamBiz,https://vietnambiz.vn/co-phieu-tam-diem-ngay-19-2-ssi-hsg-hdg-ctr-20210218151817902.htm,"Cổ phiếu tâm điểm ngày 19/2: SSI, HSG, HDG, CTR",OTHER,OTHER,NEUTRAL,LOW,STOCK_SPECIFIC,MEDIUM,WEAK_RULE_V3_ENTITY_TIERED,WEAK_RULE_V3; tier=HIGH_PRECISION; entity=TITLE_TICKER|BODY_ALIAS|BODY_TICKER|TARGET_CONTEXT; score=17; event=OTHER; symbol=CTR,TITLE_TICKER|BODY_ALIAS|BODY_TICKER|TARGET_CONTEXT,TITLE_TICKER_WITH_TARGET_CONTEXT,HIGH_PRECISION,FALLBACK_QUARANTINE,FALLBACK_NO_EVENT_DETECTED,80,MEDIUM,NOT_INDEPENDENTLY_VALIDATED,False
74c1d2320854cc88835b,c553edebff90e71ec7e155d5791fee36,HSG,Công ty Cổ phần Tập đoàn Hoa Sen,2021-02-18,VietnamBiz,https://vietnambiz.vn/co-phieu-tam-diem-ngay-19-2-ssi-hsg-hdg-ctr-20210218151817902.htm,"Cổ phiếu tâm điểm ngày 19/2: SSI, HSG, HDG, CTR",OTHER,OTHER,NEUTRAL,LOW,STOCK_SPECIFIC,MEDIUM,WEAK_RULE_V3_ENTITY_TIERED,WEAK_RULE_V3; tier=HIGH_PRECISION; entity=TITLE_TICKER|BODY_COMPANY|BODY_TICKER|TARGET_CONTEXT; score=17; event=OTHER; symbol=HSG,TITLE_TICKER|BODY_COMPANY|BODY_TICKER|TARGET_CONTEXT,TITLE_TICKER_WITH_TARGET_CONTEXT,HIGH_PRECISION,FALLBACK_QUARANTINE,FALLBACK_NO_EVENT_DETECTED,80,MEDIUM,NOT_INDEPENDENTLY_VALIDATED,False
8ef003445e17598d9640,c553edebff90e71ec7e155d5791fee36,SSI,Công ty Cổ phần Chứng khoán SSI,2021-02-18,VietnamBiz,https://vietnambiz.vn/co-phieu-tam-diem-ngay-19-2-ssi-hsg-hdg-ctr-20210218151817902.htm,"Cổ phiếu tâm điểm ngày 19/2: SSI, HSG, HDG, CTR",OTHER,OTHER,NEUTRAL,LOW,STOCK_SPECIFIC,MEDIUM,WEAK_RULE_V3_ENTITY_TIERED,WEAK_RULE_V3; tier=HIGH_PRECISION; entity=TITLE_TICKER|BODY_COMPANY|BODY_TICKER|TARGET_CONTEXT; score=17; event=OTHER; symbol=SSI,TITLE_TICKER|BODY_COMPANY|BODY_TICKER|TARGET_CONTEXT,TITLE_TICKER_WITH_TARGET_CONTEXT,HIGH_PRECISION,FALLBACK_QUARANTINE,FALLBACK_NO_EVENT_DETECTED,80,MEDIUM,NOT_INDEPENDENTLY_VALIDATED,False
fc3dd9920fb8092da75e,8761cab604a41de8c08c6c0312e16337,REE,Công ty Cổ phần Cơ Điện Lạnh,2021-02-19,CafeF,https://cafef.vn/co-dien-lanh-ree-tiep-tuc-ban-bot-5-trieu-co-phieu-giam-ty-le-so-huu-tai-nhiet-dien-quang-ninh-20210218154412244.chn,"Cơ điện lạnh REE tiếp tục bán bớt 5 triệu cổ phiếu, giảm tỷ lệ sở hữu tại Nhiệt điện Quảng Ninh",OTHER,OTHER,NEUTRAL,LOW,STOCK_SPECIFIC,MEDIUM,WEAK_RULE_V3_ENTITY_TIERED,WEAK_RULE_V3; tier=HIGH_PRECISION; entity=TITLE_TICKER|TITLE_COMPANY|BODY_COMPANY|BODY_TICKER|TARGET_CONTEXT; score=24; event=OTHER; symbol=REE,TITLE_TICKER|TITLE_COMPANY|BODY_COMPANY|BODY_TICKER|TARGET_CONTEXT,TITLE_TICKER_WITH_TARGET_CONTEXT,HIGH_PRECISION,FALLBACK_QUARANTINE,FALLBACK_NO_EVENT_DETECTED,80,MEDIUM,NOT_INDEPENDENTLY_VALIDATED,False
91dbd4eedb07c5645249,9c8e60ea88e85182d9933a8df560e7db,PLX,Tập đoàn Xăng dầu Việt Nam,2021-02-19,CafeF,https://cafef.vn/plx-tang-manh-petrolimex-quyet-dinh-dua-tiep-25-trieu-co-phieu-quy-ra-ban-20210219085254777.chn,"PLX tăng mạnh, Petrolimex quyết định đưa tiếp 25 triệu cổ phiếu quỹ ra bán",OTHER,OTHER,NEUTRAL,LOW,STOCK_SPECIFIC,MEDIUM,WEAK_RULE_V3_ENTITY_TIERED,WEAK_RULE_V3; tier=HIGH_PRECISION; entity=TITLE_TICKER|TITLE_ALIAS|BODY_COMPANY|BODY_TICKER|TARGET_CONTEXT; score=24; event=OTHER; symbol=PLX,TITLE_TICKER|TITLE_ALIAS|BODY_COMPANY|BODY_TICKER|TARGET_CONTEXT,TITLE_TICKER_WITH_TARGET_CONTEXT,HIGH_PRECISION,FALLBACK_QUARANTINE,FALLBACK_NO_EVENT_DETECTED,80,MEDIUM,NOT_INDEPENDENTLY_VALIDATED,False
776f5a1163762bb6cb41,a20c0c64da55d0f1a04f55e5632bf126,FPT,Công ty Cổ phần FPT,2021-02-19,CafeF,https://cafef.vn/hpg-fpt-vib-qtp-sam-pme-hvt-vcr-frm-nd2-gma-hrb-mhp-thong-tin-giao-dich-luong-lon-co-phieu-20210218182140824.chn,"HPG, FPT, VIB, QTP, SAM, PME, HVT, VCR, FRM, ND2, GMA, HRB, MHP: Thông tin giao dịch lượng lớn cổ phiếu",OTHER,OTHER,NEUTRAL,LOW,STOCK_SPECIFIC,MEDIUM,WEAK_RULE_V3_ENTITY_TIERED,WEAK_RULE_V3; tier=HIGH_PRECISION; entity=TITLE_TICKER|BODY_ALIAS|BODY_TICKER|TARGET_CONTEXT; score=17; event=OTHER; symbol=FPT,TITLE_TICKER|BODY_ALIAS|BODY_TICKER|TARGET_CONTEXT,TITLE_TICKER_WITH_TARGET_CONTEXT,HIGH_PRECISION,FALLBACK_QUARANTINE,FALLBACK_NO_EVENT_DETECTED,80,MEDIUM,NOT_INDEPENDENTLY_VALIDATED,False
a8e120fd4fdd9c70fa1d,a20c0c64da55d0f1a04f55e5632bf126,HPG,Công ty Cổ phần Tập đoàn Hòa Phát,2021-02-19,CafeF,https://cafef.vn/hpg-fpt-vib-qtp-sam-pme-hvt-vcr-frm-nd2-gma-hrb-mhp-thong-tin-giao-dich-luong-lon-co-phieu-20210218182140824.chn,"HPG, FPT, VIB, QTP, SAM, PME, HVT, VCR, FRM, ND2, GMA, HRB, MHP: Thông tin giao dịch lượng lớn cổ phiếu",OTHER,OTHER,NEUTRAL,LOW,STOCK_SPECIFIC,MEDIUM,WEAK_RULE_V3_ENTITY_TIERED,WEAK_RULE_V3; tier=HIGH_PRECISION; entity=TITLE_TICKER|BODY_COMPANY|BODY_TICKER|TARGET_CONTEXT; score=17; event=OTHER; symbol=HPG,TITLE_TICKER|BODY_COMPANY|BODY_TICKER|TARGET_CONTEXT,TITLE_TICKER_WITH_TARGET_CONTEXT,HIGH_PRECISION,FALLBACK_QUARANTINE,FALLBACK_NO_EVENT_DETECTED,80,MEDIUM,NOT_INDEPENDENTLY_VALIDATED,False
a24cbd024041adf91268,ddd4fb23beca6e3c2ce934719ebb41c2,HPG,Công ty Cổ phần Tập đoàn Hòa Phát,2021-02-19,CafeF,https://cafef.vn/norges-bank-vua-ban-xong-7-trieu-co-phieu-hpg-den-luot-penm-iii-dang-ky-ban-not-7-trieu-co-phieu-con-lai-20210218181625842.chn,"Norges Bank vừa bán xong 7 triệu cổ phiếu HPG, đến lượt PENM III đăng ký bán nốt 7 triệu cổ phiếu còn lại",OTHER,OTHER,NEUTRAL,LOW,STOCK_SPECIFIC,MEDIUM,WEAK_RULE_V3_ENTITY_TIERED,WEAK_RULE_V3; tier=HIGH_PRECISION; entity=TITLE_TICKER|BODY_COMPANY|BODY_TICKER|TARGET_CONTEXT; score=17; event=OTHER; symbol=HPG,TITLE_TICKER|BODY_COMPANY|BODY_TICKER|TARGET_CONTEXT,TITLE_TICKER_WITH_TARGET_CONTEXT,HIGH_PRECISION,FALLBACK_QUARANTINE,FALLBACK_NO_EVENT_DETECTED,80,MEDIUM,NOT_INDEPENDENTLY_VALIDATED,False
cbb488e5ae6f60a1d578,b163e1fa858598efc59dfa7e2f38d201,HPG,Công ty Cổ phần Tập đoàn Hòa Phát,2021-02-24,CafeF,https://cafef.vn/chi-1-tuan-sau-khi-ban-ra-luong-lon-co-phieu-hpg-norges-bank-da-nhanh-tay-mua-lai-20210223170255145.chn,"Chỉ 1 tuần sau khi bán ra lượng lớn cổ phiếu HPG, Norges Bank đã nhanh tay mua lại",OTHER,OTHER,NEUTRAL,LOW,STOCK_SPECIFIC,MEDIUM,WEAK_RULE_V3_ENTITY_TIERED,WEAK_RULE_V3; tier=HIGH_PRECISION; entity=TITLE_TICKER|BODY_COMPANY|BODY_TICKER|TARGET_CONTEXT; score=17; event=OTHER; symbol=HPG,TITLE_TICKER|BODY_COMPANY|BODY_TICKER|TARGET_CONTEXT,TITLE_TICKER_WITH_TARGET_CONTEXT,HIGH_PRECISION,FALLBACK_QUARANTINE,FALLBACK_NO_EVENT_DETECTED,80,MEDIUM,NOT_INDEPENDENTLY_VALIDATED,False
2e1237db4070d060d1cd,f1fc98aab8c15557880461cd08a06a85,DGC,Công ty Cổ phần Tập đoàn Hóa chất Đức Giang,2021-02-24,CafeF,https://cafef.vn/hpg-hbc-plx-vgc-dgc-png-tcd-pom-hig-ned-ckg-smc-nha-cxa-spv-dri-nhp-vnt-thong-tin-giao-dich-luong-lon-co-phieu-20210223175737441.chn,"HPG, HBC, PLX, VGC, DGC, PNG, TCD, POM, HIG, NED, CKG, SMC, NHA, CXA, SPV, DRI, NHP, VNT: Thông tin giao dịch lượng lớn cổ phiếu",OTHER,OTHER,NEUTRAL,LOW,STOCK_SPECIFIC,MEDIUM,WEAK_RULE_V3_ENTITY_TIERED,WEAK_RULE_V3; tier=HIGH_PRECISION; entity=TITLE_TICKER|BODY_COMPANY|BODY_TICKER|TARGET_CONTEXT; score=17; event=OTHER; symbol=DGC,TITLE_TICKER|BODY_COMPANY|BODY_TICKER|TARGET_CONTEXT,TITLE_TICKER_WITH_TARGET_CONTEXT,HIGH_PRECISION,FALLBACK_QUARANTINE,FALLBACK_NO_EVENT_DETECTED,80,MEDIUM,NOT_INDEPENDENTLY_VALIDATED,False
ba468deb36a1962c6036,f1fc98aab8c15557880461cd08a06a85,HPG,Công ty Cổ phần Tập đoàn Hòa Phát,2021-02-24,CafeF,https://cafef.vn/hpg-hbc-plx-vgc-dgc-png-tcd-pom-hig-ned-ckg-smc-nha-cxa-spv-dri-nhp-vnt-thong-tin-giao-dich-luong-lon-co-phieu-20210223175737441.chn,"HPG, HBC, PLX, VGC, DGC, PNG, TCD, POM, HIG, NED, CKG, SMC, NHA, CXA, SPV, DRI, NHP, VNT: Thông tin giao dịch lượng lớn cổ phiếu",OTHER,OTHER,NEUTRAL,LOW,STOCK_SPECIFIC,MEDIUM,WEAK_RULE_V3_ENTITY_TIERED,WEAK_RULE_V3; tier=HIGH_PRECISION; entity=TITLE_TICKER|BODY_COMPANY|BODY_TICKER|TARGET_CONTEXT; score=17; event=OTHER; symbol=HPG,TITLE_TICKER|BODY_COMPANY|BODY_TICKER|TARGET_CONTEXT,TITLE_TICKER_WITH_TARGET_CONTEXT,HIGH_PRECISION,FALLBACK_QUARANTINE,FALLBACK_NO_EVENT_DETECTED,80,MEDIUM,NOT_INDEPENDENTLY_VALIDATED,False
9d5139633142d09e83a8,f1fc98aab8c15557880461cd08a06a85,PLX,Tập đoàn Xăng dầu Việt Nam,2021-02-24,CafeF,https://cafef.vn/hpg-hbc-plx-vgc-dgc-png-tcd-pom-hig-ned-ckg-smc-nha-cxa-spv-dri-nhp-vnt-thong-tin-giao-dich-luong-lon-co-phieu-20210223175737441.chn,"HPG, HBC, PLX, VGC, DGC, PNG, TCD, POM, HIG, NED, CKG, SMC, NHA, CXA, SPV, DRI, NHP, VNT: Thông tin giao dịch lượng lớn cổ phiếu",OTHER,OTHER,NEUTRAL,LOW,STOCK_SPECIFIC,MEDIUM,WEAK_RULE_V3_ENTITY_TIERED,WEAK_RULE_V3; tier=HIGH_PRECISION; entity=TITLE_TICKER|BODY_COMPANY|BODY_TICKER|TARGET_CONTEXT; score=17; event=OTHER; symbol=PLX,TITLE_TICKER|BODY_COMPANY|BODY_TICKER|TARGET_CONTEXT,TITLE_TICKER_WITH_TARGET_CONTEXT,HIGH_PRECISION,FALLBACK_QUARANTINE,FALLBACK_NO_EVENT_DETECTED,80,MEDIUM,NOT_INDEPENDENTLY_VALIDATED,False
36df8b0023f0fe1cab12,f1fc98aab8c15557880461cd08a06a85,POM,Công ty Cổ phần Thép Pomina,2021-02-24,CafeF,https://cafef.vn/hpg-hbc-plx-vgc-dgc-png-tcd-pom-hig-ned-ckg-smc-nha-cxa-spv-dri-nhp-vnt-thong-tin-giao-dich-luong-lon-co-phieu-20210223175737441.chn,"HPG, HBC, PLX, VGC, DGC, PNG, TCD, POM, HIG, NED, CKG, SMC, NHA, CXA, SPV, DRI, NHP, VNT: Thông tin giao dịch lượng lớn cổ phiếu",OTHER,OTHER,NEUTRAL,LOW,STOCK_SPECIFIC,MEDIUM,WEAK_RULE_V3_ENTITY_TIERED,WEAK_RULE_V3; tier=HIGH_PRECISION; entity=TITLE_TICKER|BODY_COMPANY|BODY_TICKER|TARGET_CONTEXT; score=17; event=OTHER; symbol=POM,TITLE_TICKER|BODY_COMPANY|BODY_TICKER|TARGET_CONTEXT,TITLE_TICKER_WITH_TARGET_CONTEXT,HIGH_PRECISION,FALLBACK_QUARANTINE,FALLBACK_NO_EVENT_DETECTED,80,MEDIUM,NOT_INDEPENDENTLY_VALIDATED,False
5ed166ed267f83a0872f,0150b6da3d4ad2dff3655a3a45830acf,CTG,Ngân hàng TMCP Công Thương Việt Nam,2021-03-01,CafeF,https://cafef.vn/phien-1-3-khoi-ngoai-tiep-tuc-ban-rong-gan-230-ty-dong-tap-trung-ban-hpg-ctg-20210301152825355.chn,"Phiên 1/3: Khối ngoại tiếp tục bán ròng gần 230 tỷ đồng, tập trung bán HPG, CTG",OTHER,OTHER,NEUTRAL,LOW,STOCK_SPECIFIC,MEDIUM,WEAK_RULE_V3_ENTITY_TIERED,WEAK_RULE_V3; tier=HIGH_PRECISION; entity=TITLE_TICKER|BODY_TICKER|TARGET_CONTEXT; score=13; event=OTHER; symbol=CTG,TITLE_TICKER|BODY_TICKER|TARGET_CONTEXT,TITLE_TICKER_WITH_TARGET_CONTEXT,HIGH_PRECISION,FALLBACK_QUARANTINE,FALLBACK_NO_EVENT_DETECTED,80,MEDIUM,NOT_INDEPENDENTLY_VALIDATED,False
798902d04877f2344120,0150b6da3d4ad2dff3655a3a45830acf,HPG,Công ty Cổ phần Tập đoàn Hòa Phát,2021-03-01,CafeF,https://cafef.vn/phien-1-3-khoi-ngoai-tiep-tuc-ban-rong-gan-230-ty-dong-tap-trung-ban-hpg-ctg-20210301152825355.chn,"Phiên 1/3: Khối ngoại tiếp tục bán ròng gần 230 tỷ đồng, tập trung bán HPG, CTG",OTHER,OTHER,NEUTRAL,LOW,STOCK_SPECIFIC,MEDIUM,WEAK_RULE_V3_ENTITY_TIERED,WEAK_RULE_V3; tier=HIGH_PRECISION; entity=TITLE_TICKER|BODY_TICKER|TARGET_CONTEXT; score=13; event=OTHER; symbol=HPG,TITLE_TICKER|BODY_TICKER|TARGET_CONTEXT,TITLE_TICKER_WITH_TARGET_CONTEXT,HIGH_PRECISION,FALLBACK_QUARANTINE,FALLBACK_NO_EVENT_DETECTED,80,MEDIUM,NOT_INDEPENDENTLY_VALIDATED,False
b10f7f29434a16a8508e,9733809510a920a95e5b0a4d0e74818e,PVD,Tổng Công ty Cổ phần Khoan và Dịch vụ Khoan Dầu khí,2021-03-01,CafeF,https://cafef.vn/pvd-cho-thue-gian-pv-drilling-i-co-phieu-len-muc-cao-nhat-trong-vong-3-nam-20210301171153419.chn,"PVD cho thuê giàn PV Drilling I, cổ phiếu lên mức cao nhất trong vòng 3 năm",BUSINESS_RESULT,NEW_CONTRACT,POSITIVE,MODERATE,STOCK_SPECIFIC,HIGH,WEAK_RULE_V3_ENTITY_TIERED,WEAK_RULE_V3; tier=HIGH_PRECISION; entity=TITLE_TICKER|TITLE_ALIAS|BODY_ALIAS|BODY_TICKER|TARGET_CONTEXT; score=24; event=NEW_CONTRACT; symbol=PVD,TITLE_TICKER|TITLE_ALIAS|BODY_ALIAS|BODY_TICKER|TARGET_CONTEXT,TITLE_TICKER_WITH_TARGET_CONTEXT,HIGH_PRECISION,INFORMATIVE_CANDIDATE,EXPERIMENTAL_INFORMATIVE_UNVALIDATED,100,HIGH,NOT_INDEPENDENTLY_VALIDATED,True
7b70adb6f81eaeb2ffa6,082a28b9ca5c33a1c657a709e13c6933,VIC,Tập đoàn Vingroup,2021-03-02,VietnamBiz,https://vietnambiz.vn/co-cau-danh-muc-etf-quy-i-2021-du-bao-nhieu-bluechip-bi-ban-rong-hang-trieu-don-vi-tam-diem-ho-vingroup-20210302070233984.htm,"Cơ cấu danh mục ETF quý I/2021: Dự báo nhiều bluechip bị bán ròng hàng triệu đơn vị, tâm điểm 'họ Vingroup'",OTHER,OTHER,NEUTRAL,LOW,STOCK_SPECIFIC,MEDIUM,WEAK_RULE_V3_ENTITY_TIERED,WEAK_RULE_V3; tier=HIGH_PRECISION; entity=TITLE_COMPANY|BODY_TICKER|TARGET_CONTEXT; score=13; event=OTHER; symbol=VIC,TITLE_COMPANY|BODY_TICKER|TARGET_CONTEXT,TITLE_ENTITY_WITH_TARGET_CONTEXT,HIGH_PRECISION,FALLBACK_QUARANTINE,FALLBACK_NO_EVENT_DETECTED,80,MEDIUM,NOT_INDEPENDENTLY_VALIDATED,False
8141706668820ccb3822,adf8f9e4ba49be301a6f8ffda2920814,VHM,Công ty Cổ phần Vinhomes,2021-03-02,CafeF,https://cafef.vn/vinfast-nhan-chuyen-nhuong-luong-co-phieu-vingroup-va-vinhomes-tri-gia-hon-14000-ty-dong-20210301232240383.chn,VinFast nhận chuyển nhượng lượng cổ phiếu Vingroup và VinHomes trị giá hơn 12.000 tỷ đồng,OTHER,OTHER,NEUTRAL,LOW,STOCK_SPECIFIC,MEDIUM,WEAK_RULE_V3_ENTITY_TIERED,WEAK_RULE_V3; tier=HIGH_PRECISION; entity=TITLE_COMPANY|BODY_COMPANY|BODY_TICKER|TARGET_CONTEXT; score=17; event=OTHER; symbol=VHM,TITLE_COMPANY|BODY_COMPANY|BODY_TICKER|TARGET_CONTEXT,TITLE_ENTITY_WITH_TARGET_CONTEXT,HIGH_PRECISION,FALLBACK_QUARANTINE,FALLBACK_NO_EVENT_DETECTED,80,MEDIUM,NOT_INDEPENDENTLY_VALIDATED,False
21b0d37cc792186ea88b,adf8f9e4ba49be301a6f8ffda2920814,VIC,Tập đoàn Vingroup,2021-03-02,CafeF,https://cafef.vn/vinfast-nhan-chuyen-nhuong-luong-co-phieu-vingroup-va-vinhomes-tri-gia-hon-14000-ty-dong-20210301232240383.chn,VinFast nhận chuyển nhượng lượng cổ phiếu Vingroup và VinHomes trị giá hơn 12.000 tỷ đồng,OTHER,OTHER,NEUTRAL,LOW,STOCK_SPECIFIC,MEDIUM,WEAK_RULE_V3_ENTITY_TIERED,WEAK_RULE_V3; tier=HIGH_PRECISION; entity=TITLE_COMPANY|BODY_COMPANY|BODY_TICKER|TARGET_CONTEXT; score=17; event=OTHER; symbol=VIC,TITLE_COMPANY|BODY_COMPANY|BODY_TICKER|TARGET_CONTEXT,TITLE_ENTITY_WITH_TARGET_CONTEXT,HIGH_PRECISION,FALLBACK_QUARANTINE,FALLBACK_NO_EVENT_DETECTED,80,MEDIUM,NOT_INDEPENDENTLY_VALIDATED,False
eb1ae98346e7d9576624,f37992c32ca8cc44085f7de9484200b6,MWG,Công ty Cổ phần Đầu tư Thế Giới Di Động,2021-03-02,CafeF,https://cafef.vn/vre-mwg-vgc-ntl-pom-cti-ads-ckg-pvr-thong-tin-giao-dich-luong-lon-co-phieu-20210301172456017.chn,"VRE, MWG, VGC, NTL, POM, CTI, ADS, CKG, PVR: Thông tin giao dịch lượng lớn cổ phiếu",LEGAL_REGULATORY,LEGAL_RISK,NEGATIVE,HIGH,STOCK_SPECIFIC,HIGH,WEAK_RULE_V3_ENTITY_TIERED,WEAK_RULE_V3; tier=HIGH_PRECISION; entity=TITLE_TICKER|BODY_ALIAS|BODY_TICKER|TARGET_CONTEXT; score=17; event=LEGAL_RISK; symbol=MWG,TITLE_TICKER|BODY_ALIAS|BODY_TICKER|TARGET_CONTEXT,TITLE_TICKER_WITH_TARGET_CONTEXT,HIGH_PRECISION,INFORMATIVE_CANDIDATE,EXPERIMENTAL_INFORMATIVE_UNVALIDATED,100,CRITICAL,NOT_INDEPENDENTLY_VALIDATED,True
f52685ec311af833f3b0,f37992c32ca8cc44085f7de9484200b6,POM,Công ty Cổ phần Thép Pomina,2021-03-02,CafeF,https://cafef.vn/vre-mwg-vgc-ntl-pom-cti-ads-ckg-pvr-thong-tin-giao-dich-luong-lon-co-phieu-20210301172456017.chn,"VRE, MWG, VGC, NTL, POM, CTI, ADS, CKG, PVR: Thông tin giao dịch lượng lớn cổ phiếu",LEGAL_REGULATORY,LEGAL_RISK,NEGATIVE,HIGH,STOCK_SPECIFIC,HIGH,WEAK_RULE_V3_ENTITY_TIERED,WEAK_RULE_V3; tier=HIGH_PRECISION; entity=TITLE_TICKER|BODY_COMPANY|BODY_TICKER|TARGET_CONTEXT; score=17; event=LEGAL_RISK; symbol=POM,TITLE_TICKER|BODY_COMPANY|BODY_TICKER|TARGET_CONTEXT,TITLE_TICKER_WITH_TARGET_CONTEXT,HIGH_PRECISION,INFORMATIVE_CANDIDATE,EXPERIMENTAL_INFORMATIVE_UNVALIDATED,100,CRITICAL,NOT_INDEPENDENTLY_VALIDATED,True
9a8b951d0f8aad5c8831,f37992c32ca8cc44085f7de9484200b6,VRE,Công ty Cổ phần Vincom Retail,2021-03-02,CafeF,https://cafef.vn/vre-mwg-vgc-ntl-pom-cti-ads-ckg-pvr-thong-tin-giao-dich-luong-lon-co-phieu-20210301172456017.chn,"VRE, MWG, VGC, NTL, POM, CTI, ADS, CKG, PVR: Thông tin giao dịch lượng lớn cổ phiếu",LEGAL_REGULATORY,LEGAL_RISK,NEGATIVE,HIGH,STOCK_SPECIFIC,HIGH,WEAK_RULE_V3_ENTITY_TIERED,WEAK_RULE_V3; tier=HIGH_PRECISION; entity=TITLE_TICKER|BODY_COMPANY|BODY_TICKER|TARGET_CONTEXT; score=17; event=LEGAL_RISK; symbol=VRE,TITLE_TICKER|BODY_COMPANY|BODY_TICKER|TARGET_CONTEXT,TITLE_TICKER_WITH_TARGET_CONTEXT,HIGH_PRECISION,INFORMATIVE_CANDIDATE,EXPERIMENTAL_INFORMATIVE_UNVALIDATED,100,CRITICAL,NOT_INDEPENDENTLY_VALIDATED,True
1c699f17ef5c6e1e3d23,f8e7dde699fe62347e0fcd7fbeafd63f,GEX,Công ty Cổ phần Tập đoàn GELEX,2021-03-02,CafeF,https://cafef.vn/gelex-thong-qua-phuong-an-dua-hon-6-trieu-co-phieu-quy-ra-ban-20210301171256385.chn,Gelex thông qua phương án đưa hơn 6 triệu cổ phiếu quỹ ra bán,OTHER,OTHER,NEUTRAL,LOW,STOCK_SPECIFIC,MEDIUM,WEAK_RULE_V3_ENTITY_TIERED,WEAK_RULE_V3; tier=HIGH_PRECISION; entity=TITLE_COMPANY|BODY_COMPANY|BODY_TICKER|TARGET_CONTEXT; score=17; event=OTHER; symbol=GEX,TITLE_COMPANY|BODY_COMPANY|BODY_TICKER|TARGET_CONTEXT,TITLE_ENTITY_WITH_TARGET_CONTEXT,HIGH_PRECISION,FALLBACK_QUARANTINE,FALLBACK_NO_EVENT_DETECTED,80,MEDIUM,NOT_INDEPENDENTLY_VALIDATED,False
9c82b1dd1a840db7c14a,ee2f1fdc847b1ae749606a1d8defa600,TCB,Ngân hàng TMCP Kỹ Thương Việt Nam,2021-03-03,VietnamBiz,https://vietnambiz.vn/nguoi-nha-giam-doc-ke-toan-techcombank-ban-xong-267500-co-phieu-tcb-2021030222454641.htm,Người nhà Giám đốc Kế toán Techcombank bán xong 267.500 cổ phiếu TCB,OTHER,OTHER,NEUTRAL,LOW,STOCK_SPECIFIC,MEDIUM,WEAK_RULE_V3_ENTITY_TIERED,WEAK_RULE_V3; tier=HIGH_PRECISION; entity=TITLE_TICKER|TITLE_ALIAS|BODY_COMPANY|BODY_TICKER|TARGET_CONTEXT; score=24; event=OTHER; symbol=TCB,TITLE_TICKER|TITLE_ALIAS|BODY_COMPANY|BODY_TICKER|TARGET_CONTEXT,TITLE_TICKER_WITH_TARGET_CONTEXT,HIGH_PRECISION,FALLBACK_QUARANTINE,FALLBACK_NO_EVENT_DETECTED,80,MEDIUM,NOT_INDEPENDENTLY_VALIDATED,False
c179190de4880dc45585,f85e750e9e1ac8b7c8941da11225b016,FPT,Công ty Cổ phần FPT,2021-03-03,VietnamBiz,https://vietnambiz.vn/tin-kinh-te-truoc-gio-giao-dich-3-3-chung-khoan-my-dieu-chinh-fpt-retail-dong-cua-60-chi-nhanh-20210303075927363.htm,"Tin kinh tế trước giờ giao dịch (3/3): Chứng khoán Mỹ điều chỉnh, FPT Retail đóng cửa 60 chi nhánh",OTHER,OTHER,NEUTRAL,LOW,STOCK_SPECIFIC,MEDIUM,WEAK_RULE_V3_ENTITY_TIERED,WEAK_RULE_V3; tier=HIGH_PRECISION; entity=TITLE_TICKER|BODY_TICKER|TARGET_CONTEXT; score=13; event=OTHER; symbol=FPT,TITLE_TICKER|BODY_TICKER|TARGET_CONTEXT,TITLE_TICKER_WITH_TARGET_CONTEXT,HIGH_PRECISION,FALLBACK_QUARANTINE,FALLBACK_NO_EVENT_DETECTED,80,MEDIUM,NOT_INDEPENDENTLY_VALIDATED,False
113700cdc1c01c2cbd86,f85e750e9e1ac8b7c8941da11225b016,FRT,Công ty Cổ phần Bán lẻ Kỹ thuật số FPT,2021-03-03,VietnamBiz,https://vietnambiz.vn/tin-kinh-te-truoc-gio-giao-dich-3-3-chung-khoan-my-dieu-chinh-fpt-retail-dong-cua-60-chi-nhanh-20210303075927363.htm,"Tin kinh tế trước giờ giao dịch (3/3): Chứng khoán Mỹ điều chỉnh, FPT Retail đóng cửa 60 chi nhánh",OTHER,OTHER,NEUTRAL,LOW,STOCK_SPECIFIC,MEDIUM,WEAK_RULE_V3_ENTITY_TIERED,WEAK_RULE_V3; tier=HIGH_PRECISION; entity=TITLE_ALIAS|BODY_ALIAS; score=11; event=OTHER; symbol=FRT,TITLE_ALIAS|BODY_ALIAS,TITLE_ENTITY_MENTION,HIGH_PRECISION,FALLBACK_QUARANTINE,FALLBACK_NO_EVENT_DETECTED,80,MEDIUM,NOT_INDEPENDENTLY_VALIDATED,False
5caa8e1b3da6224e9f17,3ad97084b467c54f1898c23c2c8d062f,CTG,Ngân hàng TMCP Công Thương Việt Nam,2021-03-05,CafeF,https://cafef.vn/phien-5-3-khoi-ngoai-ban-rong-hon-1300-ty-dong-tap-trung-xa-pow-vnm-ctg-20210305151343371.chn,"Phiên 5/3: Khối ngoại bán ròng hơn 1.300 tỷ đồng, tập trung “xả” POW, VNM, CTG",OTHER,OTHER,NEUTRAL,LOW,STOCK_SPECIFIC,MEDIUM,WEAK_RULE_V3_ENTITY_TIERED,WEAK_RULE_V3; tier=HIGH_PRECISION; entity=TITLE_TICKER|BODY_TICKER|TARGET_CONTEXT; score=13; event=OTHER; symbol=CTG,TITLE_TICKER|BODY_TICKER|TARGET_CONTEXT,TITLE_TICKER_WITH_TARGET_CONTEXT,HIGH_PRECISION,FALLBACK_QUARANTINE,FALLBACK_NO_EVENT_DETECTED,80,MEDIUM,NOT_INDEPENDENTLY_VALIDATED,False
f3aa37aef93f36fb957b,3ad97084b467c54f1898c23c2c8d062f,POW,Tổng Công ty Điện lực Dầu khí Việt Nam,2021-03-05,CafeF,https://cafef.vn/phien-5-3-khoi-ngoai-ban-rong-hon-1300-ty-dong-tap-trung-xa-pow-vnm-ctg-20210305151343371.chn,"Phiên 5/3: Khối ngoại bán ròng hơn 1.300 tỷ đồng, tập trung “xả” POW, VNM, CTG",OTHER,OTHER,NEUTRAL,LOW,STOCK_SPECIFIC,MEDIUM,WEAK_RULE_V3_ENTITY_TIERED,WEAK_RULE_V3; tier=HIGH_PRECISION; entity=TITLE_TICKER|BODY_TICKER|TARGET_CONTEXT; score=13; event=OTHER; symbol=POW,TITLE_TICKER|BODY_TICKER|TARGET_CONTEXT,TITLE_TICKER_WITH_TARGET_CONTEXT,HIGH_PRECISION,FALLBACK_QUARANTINE,FALLBACK_NO_EVENT_DETECTED,80,MEDIUM,NOT_INDEPENDENTLY_VALIDATED,False
fb0bbb95f862e3019460,3ad97084b467c54f1898c23c2c8d062f,VNM,Công ty Cổ phần Sữa Việt Nam,2021-03-05,CafeF,https://cafef.vn/phien-5-3-khoi-ngoai-ban-rong-hon-1300-ty-dong-tap-trung-xa-pow-vnm-ctg-20210305151343371.chn,"Phiên 5/3: Khối ngoại bán ròng hơn 1.300 tỷ đồng, tập trung “xả” POW, VNM, CTG",OTHER,OTHER,NEUTRAL,LOW,STOCK_SPECIFIC,MEDIUM,WEAK_RULE_V3_ENTITY_TIERED,WEAK_RULE_V3; tier=HIGH_PRECISION; entity=TITLE_TICKER|BODY_TICKER|TARGET_CONTEXT; score=13; event=OTHER; symbol=VNM,TITLE_TICKER|BODY_TICKER|TARGET_CONTEXT,TITLE_TICKER_WITH_TARGET_CONTEXT,HIGH_PRECISION,FALLBACK_QUARANTINE,FALLBACK_NO_EVENT_DETECTED,80,MEDIUM,NOT_INDEPENDENTLY_VALIDATED,False
6d5f9d26079cb2af3ea6,5aeebbcd3186814314c1321503349fd1,NVL,Công ty Cổ phần Tập đoàn Đầu tư Địa ốc No Va,2021-03-10,CafeF,https://cafef.vn/vo-chong-ong-bui-thanh-nhon-vua-chi-gan-1300-ty-dong-mua-them-hon-21-trieu-co-phieu-novaland-20210310175815225.chn,Vợ chồng ông Bùi Thành Nhơn vừa chi gần 1.300 tỷ đồng mua thêm hơn 21 triệu cổ phiếu Novaland,CORPORATE_ACTION,STOCK_ISSUANCE,NEUTRAL,MODERATE,STOCK_SPECIFIC,HIGH,WEAK_RULE_V3_ENTITY_TIERED,WEAK_RULE_V3; tier=HIGH_PRECISION; entity=TITLE_ALIAS|BODY_ALIAS|BODY_TICKER|TARGET_CONTEXT; score=17; event=STOCK_ISSUANCE; symbol=NVL,TITLE_ALIAS|BODY_ALIAS|BODY_TICKER|TARGET_CONTEXT,TITLE_ENTITY_WITH_TARGET_CONTEXT,HIGH_PRECISION,INFORMATIVE_CANDIDATE,EXPERIMENTAL_INFORMATIVE_UNVALIDATED,100,HIGH,NOT_INDEPENDENTLY_VALIDATED,True
fd6a3cb22f69eb01d98c,8ddb6a532d52a6744c78ba4aca91b5eb,VCI,Công ty Cổ phần Chứng khoán Vietcap,2021-03-10,CafeF,https://cafef.vn/vcsc-cao-su-phuoc-hoa-phr-se-thu-khoang-898-ty-thu-nhap-boi-thuong-dat-tai-kcn-vsip-iii-trong-nam-2021-20210308152856159.chn,VCSC: Cao su Phước Hoà (PHR) sẽ thu khoảng 898 tỷ thu nhập bồi thường đất tại KCN VSIP III trong năm 2021,OTHER,OTHER,NEUTRAL,LOW,STOCK_SPECIFIC,MEDIUM,WEAK_RULE_V3_ENTITY_TIERED,WEAK_RULE_V3; tier=HIGH_PRECISION; entity=TITLE_ALIAS|BODY_ALIAS; score=11; event=OTHER; symbol=VCI,TITLE_ALIAS|BODY_ALIAS,TITLE_ENTITY_MENTION,HIGH_PRECISION,FALLBACK_QUARANTINE,FALLBACK_NO_EVENT_DETECTED,80,MEDIUM,NOT_INDEPENDENTLY_VALIDATED,False
e4a9f14715b0c03f316c,a138fe92a0aa9d02be27b82ea984ce3e,FPT,Công ty Cổ phần FPT,2021-03-10,CafeF,https://cafef.vn/ceo-cua-chung-khoan-fpt-dang-ky-ban-65-trieu-co-phieu-fts-20210310084903076.chn,"CEO của Chứng khoán FPT đăng ký bán 6,5 triệu cổ phiếu FTS",CORPORATE_ACTION,DIVIDEND,POSITIVE,MODERATE,STOCK_SPECIFIC,HIGH,WEAK_RULE_V3_ENTITY_TIERED,WEAK_RULE_V3; tier=HIGH_PRECISION; entity=TITLE_TICKER|BODY_TICKER|TARGET_CONTEXT; score=13; event=DIVIDEND; symbol=FPT,TITLE_TICKER|BODY_TICKER|TARGET_CONTEXT,TITLE_TICKER_WITH_TARGET_CONTEXT,HIGH_PRECISION,INFORMATIVE_CANDIDATE,EXPERIMENTAL_INFORMATIVE_UNVALIDATED,100,HIGH,NOT_INDEPENDENTLY_VALIDATED,True
40bc4c274854d7537bf1,a6b78b571d8dba1d0af52475d1b0ac4d,HPG,Công ty Cổ phần Tập đoàn Hòa Phát,2021-03-10,CafeF,https://cafef.vn/penm-iii-germany-ban-het-7-trieu-co-phieu-hpg-khong-con-la-co-dong-cua-tap-doan-hoa-phat-20210310082645338.chn,"PENM III Germany bán hết 7 triệu cổ phiếu HPG, không còn là cổ đông của Tập đoàn Hòa Phát",OTHER,OTHER,NEUTRAL,LOW,STOCK_SPECIFIC,MEDIUM,WEAK_RULE_V3_ENTITY_TIERED,WEAK_RULE_V3; tier=HIGH_PRECISION; entity=TITLE_TICKER|TITLE_COMPANY|BODY_COMPANY|BODY_TICKER|TARGET_CONTEXT; score=24; event=OTHER; symbol=HPG,TITLE_TICKER|TITLE_COMPANY|BODY_COMPANY|BODY_TICKER|TARGET_CONTEXT,TITLE_TICKER_WITH_TARGET_CONTEXT,HIGH_PRECISION,FALLBACK_QUARANTINE,FALLBACK_NO_EVENT_DETECTED,80,MEDIUM,NOT_INDEPENDENTLY_VALIDATED,False
0a8fec8f0698aa63c47f,628b31f90f3eebf2ee861acf0e02dcce,NVL,Công ty Cổ phần Tập đoàn Đầu tư Địa ốc No Va,2021-03-11,CafeF,https://cafef.vn/hqc-nvl-shb-tvb-cc1-ckg-fts-qtp-bmp-lcg-lss-pvm-hax-gnd-tps-apt-vte-tnt-dih-thong-tin-giao-dich-luong-lon-co-phieu-2021031018134941.chn,"HQC, NVL, SHB, TVB, CC1, CKG, FTS, QTP, BMP, LCG, LSS, PVM, HAX, GND, TPS, APT, VTE, TNT, DIH: Thông tin giao dịch lượng lớn cổ phiếu",OTHER,OTHER,NEUTRAL,LOW,STOCK_SPECIFIC,MEDIUM,WEAK_RULE_V3_ENTITY_TIERED,WEAK_RULE_V3; tier=HIGH_PRECISION; entity=TITLE_TICKER|BODY_ALIAS|BODY_TICKER|TARGET_CONTEXT; score=17; event=OTHER; symbol=NVL,TITLE_TICKER|BODY_ALIAS|BODY_TICKER|TARGET_CONTEXT,TITLE_TICKER_WITH_TARGET_CONTEXT,HIGH_PRECISION,FALLBACK_QUARANTINE,FALLBACK_NO_EVENT_DETECTED,80,MEDIUM,NOT_INDEPENDENTLY_VALIDATED,False
41ee435e5591095b26d1,c135e51ca5f04ed3a0013bede574a9ec,STB,Ngân hàng TMCP Sài Gòn Thương Tín,2021-03-11,VietnamBiz,https://vietnambiz.vn/co-phieu-tam-diem-ngay-12-3-hdb-stb-dtd-20210311192808118.htm,"Cổ phiếu tâm điểm ngày 12/3: HDB, STB, DTD",OTHER,OTHER,NEUTRAL,LOW,STOCK_SPECIFIC,MEDIUM,WEAK_RULE_V3_ENTITY_TIERED,WEAK_RULE_V3; tier=HIGH_PRECISION; entity=TITLE_TICKER|BODY_ALIAS|BODY_TICKER|TARGET_CONTEXT; score=17; event=OTHER; symbol=STB,TITLE_TICKER|BODY_ALIAS|BODY_TICKER|TARGET_CONTEXT,TITLE_TICKER_WITH_TARGET_CONTEXT,HIGH_PRECISION,FALLBACK_QUARANTINE,FALLBACK_NO_EVENT_DETECTED,80,MEDIUM,NOT_INDEPENDENTLY_VALIDATED,False
735d9c187dd884448dab,eb6d87dc19fddbe64e159e1123a0d821,FPT,Công ty Cổ phần FPT,2021-03-11,VietnamBiz,https://vietnambiz.vn/vinacapital-tiep-tuc-giam-so-huu-tai-fpt-retail-20210311111049036.htm,VinaCapital tiếp tục giảm sở hữu tại FPT Retail,OTHER,OTHER,NEUTRAL,LOW,STOCK_SPECIFIC,MEDIUM,WEAK_RULE_V3_ENTITY_TIERED,WEAK_RULE_V3; tier=HIGH_PRECISION; entity=TITLE_TICKER|BODY_TICKER|TARGET_CONTEXT; score=13; event=OTHER; symbol=FPT,TITLE_TICKER|BODY_TICKER|TARGET_CONTEXT,TITLE_TICKER_WITH_TARGET_CONTEXT,HIGH_PRECISION,FALLBACK_QUARANTINE,FALLBACK_NO_EVENT_DETECTED,80,MEDIUM,NOT_INDEPENDENTLY_VALIDATED,False
aba9b706618499383b02,eb6d87dc19fddbe64e159e1123a0d821,FRT,Công ty Cổ phần Bán lẻ Kỹ thuật số FPT,2021-03-11,VietnamBiz,https://vietnambiz.vn/vinacapital-tiep-tuc-giam-so-huu-tai-fpt-retail-20210311111049036.htm,VinaCapital tiếp tục giảm sở hữu tại FPT Retail,OTHER,OTHER,NEUTRAL,LOW,STOCK_SPECIFIC,MEDIUM,WEAK_RULE_V3_ENTITY_TIERED,WEAK_RULE_V3; tier=HIGH_PRECISION; entity=TITLE_ALIAS|BODY_ALIAS|BODY_TICKER|TARGET_CONTEXT; score=17; event=OTHER; symbol=FRT,TITLE_ALIAS|BODY_ALIAS|BODY_TICKER|TARGET_CONTEXT,TITLE_ENTITY_WITH_TARGET_CONTEXT,HIGH_PRECISION,FALLBACK_QUARANTINE,FALLBACK_NO_EVENT_DETECTED,80,MEDIUM,NOT_INDEPENDENTLY_VALIDATED,False
e591a45aeb6dc868011c,f4b9219327466be37d6a08495950091f,NVL,Công ty Cổ phần Tập đoàn Đầu tư Địa ốc No Va,2021-03-11,CafeF,https://cafef.vn/novaland-lai-khung-nho-thoai-von-cong-ty-con-va-danh-gia-lai-khoan-dau-tu-chi-gan-8500-ty-dong-thau-tom-hang-loat-cong-ty-bat-dong-san-20210310202349618.chn,"Novaland lãi khủng nhờ thoái vốn công ty con và đánh giá lại khoản đầu tư, chi gần 8.500 tỷ đồng thâu tóm hàng loạt công ty bất động sản",M_AND_A,M_AND_A,NEUTRAL,HIGH,STOCK_SPECIFIC,HIGH,WEAK_RULE_V3_ENTITY_TIERED,WEAK_RULE_V3; tier=HIGH_PRECISION; entity=TITLE_ALIAS|BODY_ALIAS|BODY_TICKER|TARGET_CONTEXT; score=17; event=M_AND_A; symbol=NVL,TITLE_ALIAS|BODY_ALIAS|BODY_TICKER|TARGET_CONTEXT,TITLE_ENTITY_WITH_TARGET_CONTEXT,HIGH_PRECISION,INFORMATIVE_CANDIDATE,EXPERIMENTAL_INFORMATIVE_UNVALIDATED,100,CRITICAL,NOT_INDEPENDENTLY_VALIDATED,True
85407ee5f691ede1f9e5,3b0ada4e152a91c8c89ede52ffbd20e6,VIX,Công ty Cổ phần Chứng khoán VIX,2021-03-12,CafeF,https://cafef.vn/chung-khoan-vix-dat-ke-hoach-lai-truoc-thue-nam-2021-tang-truong-68-len-680-ty-dong-20210312115113179.chn,Chứng khoán VIX đặt kế hoạch lãi trước thuế năm 2021 tăng trưởng 68% lên 680 tỷ đồng,CORPORATE_ACTION,DIVIDEND,POSITIVE,MODERATE,STOCK_SPECIFIC,HIGH,WEAK_RULE_V3_ENTITY_TIERED,WEAK_RULE_V3; tier=HIGH_PRECISION; entity=TITLE_TICKER|TITLE_COMPANY|BODY_COMPANY|BODY_TICKER|TARGET_CONTEXT; score=24; event=DIVIDEND; symbol=VIX,TITLE_TICKER|TITLE_COMPANY|BODY_COMPANY|BODY_TICKER|TARGET_CONTEXT,TITLE_TICKER_WITH_TARGET_CONTEXT,HIGH_PRECISION,INFORMATIVE_CANDIDATE,EXPERIMENTAL_INFORMATIVE_UNVALIDATED,100,HIGH,NOT_INDEPENDENTLY_VALIDATED,True
a939c298d451ea83d8b6,511b190a1ab57da8024e958f00c3ac0a,VND,Công ty Cổ phần Chứng khoán VNDIRECT,2021-03-12,CafeF,https://cafef.vn/vndirect-len-ke-hoach-chao-ban-hon-220-trieu-co-phieu-tam-chuyen-giao-dich-sang-hnx-de-giam-tai-cho-hose-20210312142226003.chn,"VNDIRECT lên kế hoạch chào bán hơn 220 triệu cổ phiếu, tạm chuyển giao dịch sang HNX để giảm tải cho HoSE",CORPORATE_ACTION,DIVIDEND,POSITIVE,MODERATE,STOCK_SPECIFIC,HIGH,WEAK_RULE_V3_ENTITY_TIERED,WEAK_RULE_V3; tier=HIGH_PRECISION; entity=TITLE_ALIAS|BODY_COMPANY|BODY_TICKER|TARGET_CONTEXT; score=17; event=DIVIDEND; symbol=VND,TITLE_ALIAS|BODY_COMPANY|BODY_TICKER|TARGET_CONTEXT,TITLE_ENTITY_WITH_TARGET_CONTEXT,HIGH_PRECISION,INFORMATIVE_CANDIDATE,EXPERIMENTAL_INFORMATIVE_UNVALIDATED,100,HIGH,NOT_INDEPENDENTLY_VALIDATED,True
cd6807e4a885dbb490d0,6c8289c87b52d5a0ee4c9440aee35939,VND,Công ty Cổ phần Chứng khoán VNDIRECT,2021-03-12,VietnamBiz,https://vietnambiz.vn/vndirect-dinh-chao-ban-220-trieu-co-phieu-tang-nguon-cho-vay-ky-quy-20210312085956512.htm,"VNDirect định chào bán 220 triệu cổ phiếu, tăng nguồn cho vay ký quỹ",CORPORATE_ACTION,STOCK_ISSUANCE,NEUTRAL,MODERATE,STOCK_SPECIFIC,HIGH,WEAK_RULE_V3_ENTITY_TIERED,WEAK_RULE_V3; tier=HIGH_PRECISION; entity=TITLE_ALIAS|BODY_COMPANY|BODY_TICKER|TARGET_CONTEXT; score=17; event=STOCK_ISSUANCE; symbol=VND,TITLE_ALIAS|BODY_COMPANY|BODY_TICKER|TARGET_CONTEXT,TITLE_ENTITY_WITH_TARGET_CONTEXT,HIGH_PRECISION,INFORMATIVE_CANDIDATE,EXPERIMENTAL_INFORMATIVE_UNVALIDATED,100,HIGH,NOT_INDEPENDENTLY_VALIDATED,True
371104b47cecb4f8c69b,92bbec37fc873c167248071484effeac,GEX,Công ty Cổ phần Tập đoàn GELEX,2021-03-12,VietnamBiz,https://vietnambiz.vn/cong-ty-cua-me-ong-nguyen-van-tuan-muon-ban-10-trieu-cp-gex-2021031215161376.htm,Công ty của mẹ ông Nguyễn Văn Tuấn muốn bán 10 triệu cp GEX,OTHER,OTHER,NEUTRAL,LOW,STOCK_SPECIFIC,MEDIUM,WEAK_RULE_V3_ENTITY_TIERED,WEAK_RULE_V3; tier=HIGH_PRECISION; entity=TITLE_TICKER|BODY_COMPANY|BODY_TICKER|TARGET_CONTEXT; score=17; event=OTHER; symbol=GEX,TITLE_TICKER|BODY_COMPANY|BODY_TICKER|TARGET_CONTEXT,TITLE_TICKER_WITH_TARGET_CONTEXT,HIGH_PRECISION,FALLBACK_QUARANTINE,FALLBACK_NO_EVENT_DETECTED,80,MEDIUM,NOT_INDEPENDENTLY_VALIDATED,False
a8747402f54cc037d8f4,d2839eec13bf7867d9c2866d608e629d,GEX,Công ty Cổ phần Tập đoàn GELEX,2021-03-12,VietnamBiz,https://vietnambiz.vn/gelex-dat-ban-hon-6-trieu-co-phieu-quy-tu-24-3-20210312161757267.htm,Gelex đặt bán hơn 6 triệu cổ phiếu quỹ từ 24/3,OTHER,OTHER,NEUTRAL,LOW,STOCK_SPECIFIC,MEDIUM,WEAK_RULE_V3_ENTITY_TIERED,WEAK_RULE_V3; tier=HIGH_PRECISION; entity=TITLE_COMPANY|BODY_COMPANY|BODY_TICKER|TARGET_CONTEXT; score=17; event=OTHER; symbol=GEX,TITLE_COMPANY|BODY_COMPANY|BODY_TICKER|TARGET_CONTEXT,TITLE_ENTITY_WITH_TARGET_CONTEXT,HIGH_PRECISION,FALLBACK_QUARANTINE,FALLBACK_NO_EVENT_DETECTED,80,MEDIUM,NOT_INDEPENDENTLY_VALIDATED,False
8b6503c7338fd5e03ec4,eb59b69e80a0ccdfeb2ebeb81643f19d,VND,Công ty Cổ phần Chứng khoán VNDIRECT,2021-03-12,VietnamBiz,https://vietnambiz.vn/vndirect-dat-chi-tieu-lai-nghin-ty-dong-lo-ngai-rui-ro-giam-gia-thi-truong-lien-quan-den-ky-thuat-he-thong-giao-dich-20210312075205864.htm,"VNDirect đặt chỉ tiêu lãi nghìn tỷ đồng, lo ngại giảm giá thị trường liên quan đến kỹ thuật, hệ thống giao dịch",BUSINESS_RESULT,PROFIT_DECLINE,NEGATIVE,HIGH,STOCK_SPECIFIC,HIGH,WEAK_RULE_V3_ENTITY_TIERED,WEAK_RULE_V3; tier=HIGH_PRECISION; entity=TITLE_ALIAS|BODY_COMPANY|BODY_TICKER|TARGET_CONTEXT; score=17; event=PROFIT_DECLINE; symbol=VND,TITLE_ALIAS|BODY_COMPANY|BODY_TICKER|TARGET_CONTEXT,TITLE_ENTITY_WITH_TARGET_CONTEXT,HIGH_PRECISION,INFORMATIVE_CANDIDATE,EXPERIMENTAL_INFORMATIVE_UNVALIDATED,100,HIGH,NOT_INDEPENDENTLY_VALIDATED,True
82809db860fda2ef9f2b,c8bac7d24d32deb6082be78ce36ef10e,FPT,Công ty Cổ phần FPT,2021-03-13,CafeF,https://cafef.vn/vof-vinacapital-gia-tang-ty-trong-fpt-danh-gia-tich-cuc-voi-trien-vong-thi-truong-chung-khoan-viet-nam-20210312173815578.chn,"VOF VinaCapital gia tăng tỷ trọng FPT, đánh giá tích cực với triển vọng thị trường chứng khoán Việt Nam",BUSINESS_RESULT,PROJECT_EXPANSION,POSITIVE,MODERATE,STOCK_SPECIFIC,HIGH,WEAK_RULE_V3_ENTITY_TIERED,WEAK_RULE_V3; tier=HIGH_PRECISION; entity=TITLE_TICKER|BODY_TICKER|TARGET_CONTEXT; score=13; event=PROJECT_EXPANSION; symbol=FPT,TITLE_TICKER|BODY_TICKER|TARGET_CONTEXT,TITLE_TICKER_WITH_TARGET_CONTEXT,HIGH_PRECISION,INFORMATIVE_CANDIDATE,EXPERIMENTAL_INFORMATIVE_UNVALIDATED,100,HIGH,NOT_INDEPENDENTLY_VALIDATED,True
87f2f1a02ac3904882a4,570c7edd69dbbc18015c04d95637841a,PDR,Công ty Cổ phần Phát triển Bất động sản Phát Đạt,2021-03-15,CafeF,https://cafef.vn/phat-dat-pdr-phat-hanh-gan-40-trieu-co-phieu-tra-co-tuc-ty-le-10-20210315153250384.chn,Phát Đạt (PDR) phát hành gần 40 triệu cổ phiếu trả cổ tức tỷ lệ 10%,CORPORATE_ACTION,DIVIDEND,POSITIVE,MODERATE,STOCK_SPECIFIC,HIGH,WEAK_RULE_V3_ENTITY_TIERED,WEAK_RULE_V3; tier=HIGH_PRECISION; entity=TITLE_TICKER|TITLE_ALIAS|BODY_ALIAS|BODY_TICKER|TARGET_CONTEXT; score=24; event=DIVIDEND; symbol=PDR,TITLE_TICKER|TITLE_ALIAS|BODY_ALIAS|BODY_TICKER|TARGET_CONTEXT,TITLE_TICKER_WITH_TARGET_CONTEXT,HIGH_PRECISION,INFORMATIVE_CANDIDATE,EXPERIMENTAL_INFORMATIVE_UNVALIDATED,100,HIGH,NOT_INDEPENDENTLY_VALIDATED,True
d09e3e8582d97e7012dc,7b610070271e5ce3a6d7d365ddb4bd8e,GEX,Công ty Cổ phần Tập đoàn GELEX,2021-03-15,CafeF,https://cafef.vn/gelex-gex-du-kien-ban-6-trieu-co-phieu-quy-tu-24-3-20210315155554983.chn,Gelex (GEX) dự kiến bán 6 triệu cổ phiếu quỹ từ 24/3,OTHER,OTHER,NEUTRAL,LOW,STOCK_SPECIFIC,MEDIUM,WEAK_RULE_V3_ENTITY_TIERED,WEAK_RULE_V3; tier=HIGH_PRECISION; entity=TITLE_TICKER|TITLE_COMPANY|BODY_COMPANY|BODY_TICKER|TARGET_CONTEXT; score=24; event=OTHER; symbol=GEX,TITLE_TICKER|TITLE_COMPANY|BODY_COMPANY|BODY_TICKER|TARGET_CONTEXT,TITLE_TICKER_WITH_TARGET_CONTEXT,HIGH_PRECISION,FALLBACK_QUARANTINE,FALLBACK_NO_EVENT_DETECTED,80,MEDIUM,NOT_INDEPENDENTLY_VALIDATED,False
ce9d29934cf42c2d5eee,0aaed31ee625e217af45d8bc0905fa15,VCI,Công ty Cổ phần Chứng khoán Vietcap,2021-03-19,Tin Nhanh Chứng Khoán,https://www.tinnhanhchungkhoan.vn/chung-khoan-ban-viet-vci-muc-tieu-lai-1250-ty-dong-chia-co-phieu-thuong-11-tang-co-tuc-tien-mat-them-20-post264606.html,"Chứng khoán Bản Việt (VCI): Mục tiêu lãi 1.250 tỷ đồng, chia cổ phiếu thưởng 1:1, tăng cổ tức tiền mặt thêm 20%",BUSINESS_RESULT,PROFIT_GROWTH,POSITIVE,HIGH,STOCK_SPECIFIC,HIGH,WEAK_RULE_V3_ENTITY_TIERED,WEAK_RULE_V3; tier=HIGH_PRECISION; entity=TITLE_TICKER|TITLE_ALIAS|BODY_ALIAS|BODY_TICKER|TARGET_CONTEXT; score=24; event=PROFIT_GROWTH; symbol=VCI,TITLE_TICKER|TITLE_ALIAS|BODY_ALIAS|BODY_TICKER|TARGET_CONTEXT,TITLE_TICKER_WITH_TARGET_CONTEXT,HIGH_PRECISION,INFORMATIVE_CANDIDATE,EXPERIMENTAL_INFORMATIVE_UNVALIDATED,100,HIGH,NOT_INDEPENDENTLY_VALIDATED,True
9e594053655177d4690d,6f0fdf9db55141e247e9756def242c3a,PDR,Công ty Cổ phần Phát triển Bất động sản Phát Đạt,2021-03-19,CafeF,https://cafef.vn/phat-dat-pdr-tiep-tuc-chi-tra-co-tuc-dot-2-2020-bang-co-phieu-voi-ty-le-10-20210319124439231.chn,Phát Đạt (PDR) tiếp tục chi trả cổ tức đợt 2/2020 bằng cổ phiếu với tỷ lệ 10%,CORPORATE_ACTION,DIVIDEND,POSITIVE,MODERATE,STOCK_SPECIFIC,HIGH,WEAK_RULE_V3_ENTITY_TIERED,WEAK_RULE_V3; tier=HIGH_PRECISION; entity=TITLE_TICKER|TITLE_ALIAS|BODY_COMPANY|BODY_TICKER|TARGET_CONTEXT; score=24; event=DIVIDEND; symbol=PDR,TITLE_TICKER|TITLE_ALIAS|BODY_COMPANY|BODY_TICKER|TARGET_CONTEXT,TITLE_TICKER_WITH_TARGET_CONTEXT,HIGH_PRECISION,INFORMATIVE_CANDIDATE,EXPERIMENTAL_INFORMATIVE_UNVALIDATED,100,HIGH,NOT_INDEPENDENTLY_VALIDATED,True
75768f2a9dd35b094f69,a3ea06ae208989b1c70cf332b5e62d82,VCI,Công ty Cổ phần Chứng khoán Vietcap,2021-03-19,CafeF,https://cafef.vn/chung-khoan-ban-viet-vci-tang-von-1674-ty-nha-hang-dang-co-den-4000-ty-deal-lon-va-se-day-manh-mang-ib-tro-lai-20210319074109673.chn,"Chứng khoán Bản Việt (VCI): Tăng vốn 1.674 tỷ, ""nhá hàng"" đang có đến 40.000 tỷ ""deal"" lớn và sẽ đẩy mạnh mảng IB trở lại",BUSINESS_RESULT,PROFIT_GROWTH,POSITIVE,HIGH,STOCK_SPECIFIC,HIGH,WEAK_RULE_V3_ENTITY_TIERED,WEAK_RULE_V3; tier=HIGH_PRECISION; entity=TITLE_TICKER|TITLE_ALIAS|BODY_ALIAS|BODY_TICKER|TARGET_CONTEXT; score=24; event=PROFIT_GROWTH; symbol=VCI,TITLE_TICKER|TITLE_ALIAS|BODY_ALIAS|BODY_TICKER|TARGET_CONTEXT,TITLE_TICKER_WITH_TARGET_CONTEXT,HIGH_PRECISION,INFORMATIVE_CANDIDATE,EXPERIMENTAL_INFORMATIVE_UNVALIDATED,100,HIGH,NOT_INDEPENDENTLY_VALIDATED,True
e4c356f56ea32d328ec5,67088831cfd8cf3ffff408e05aeb2d09,NVL,Công ty Cổ phần Tập đoàn Đầu tư Địa ốc No Va,2021-03-20,CafeF,https://cafef.vn/novaland-nvl-phat-hanh-hon-4-trieu-co-phieu-chuyen-doi-trai-phieu-quoc-te-muon-vay-them-1398-ty-dong-20210319231733973.chn,"Novaland (NVL) phát hành hơn 4 triệu cổ phiếu chuyển đổi trái phiếu quốc tế, muốn vay thêm 1.398 tỷ đồng",CORPORATE_ACTION,STOCK_ISSUANCE,NEUTRAL,MODERATE,STOCK_SPECIFIC,HIGH,WEAK_RULE_V3_ENTITY_TIERED,WEAK_RULE_V3; tier=HIGH_PRECISION; entity=TITLE_TICKER|TITLE_ALIAS|BODY_ALIAS|BODY_TICKER|TARGET_CONTEXT; score=24; event=STOCK_ISSUANCE; symbol=NVL,TITLE_TICKER|TITLE_ALIAS|BODY_ALIAS|BODY_TICKER|TARGET_CONTEXT,TITLE_TICKER_WITH_TARGET_CONTEXT,HIGH_PRECISION,INFORMATIVE_CANDIDATE,EXPERIMENTAL_INFORMATIVE_UNVALIDATED,100,HIGH,NOT_INDEPENDENTLY_VALIDATED,True
830517f648bc50104766,08ea7e348bb9b477f77184fb2fdf4104,GMD,Công ty Cổ phần Gemadept,2021-03-23,VietnamBiz,https://vietnambiz.vn/co-phieu-tam-diem-ngay-24-3-ree-gmd-pwa-20210323163224238.htm,"Cổ phiếu tâm điểm ngày 24/3: REE, GMD, PWA",OTHER,OTHER,NEUTRAL,LOW,STOCK_SPECIFIC,MEDIUM,WEAK_RULE_V3_ENTITY_TIERED,WEAK_RULE_V3; tier=HIGH_PRECISION; entity=TITLE_TICKER|BODY_COMPANY|BODY_TICKER|TARGET_CONTEXT; score=17; event=OTHER; symbol=GMD,TITLE_TICKER|BODY_COMPANY|BODY_TICKER|TARGET_CONTEXT,TITLE_TICKER_WITH_TARGET_CONTEXT,HIGH_PRECISION,FALLBACK_QUARANTINE,FALLBACK_NO_EVENT_DETECTED,80,MEDIUM,NOT_INDEPENDENTLY_VALIDATED,False
7f91678c215c125c1f3b,08ea7e348bb9b477f77184fb2fdf4104,REE,Công ty Cổ phần Cơ Điện Lạnh,2021-03-23,VietnamBiz,https://vietnambiz.vn/co-phieu-tam-diem-ngay-24-3-ree-gmd-pwa-20210323163224238.htm,"Cổ phiếu tâm điểm ngày 24/3: REE, GMD, PWA",OTHER,OTHER,NEUTRAL,LOW,STOCK_SPECIFIC,MEDIUM,WEAK_RULE_V3_ENTITY_TIERED,WEAK_RULE_V3; tier=HIGH_PRECISION; entity=TITLE_TICKER|BODY_COMPANY|BODY_TICKER|TARGET_CONTEXT; score=17; event=OTHER; symbol=REE,TITLE_TICKER|BODY_COMPANY|BODY_TICKER|TARGET_CONTEXT,TITLE_TICKER_WITH_TARGET_CONTEXT,HIGH_PRECISION,FALLBACK_QUARANTINE,FALLBACK_NO_EVENT_DETECTED,80,MEDIUM,NOT_INDEPENDENTLY_VALIDATED,False
c473831d687282b08de0,8d3469ebf147f2533cac78edeca5e582,VND,Công ty Cổ phần Chứng khoán VNDIRECT,2021-03-23,VietnamBiz,https://vietnambiz.vn/co-phieu-vnd-cua-vndirect-dung-giao-dich-tren-hose-tu-ngay-30-3-20210323173641534.htm,Cổ phiếu VND của VNDirect dừng giao dịch trên HOSE từ ngày 30/3,OTHER,OTHER,NEUTRAL,LOW,STOCK_SPECIFIC,MEDIUM,WEAK_RULE_V3_ENTITY_TIERED,WEAK_RULE_V3; tier=HIGH_PRECISION; entity=TITLE_TICKER|TITLE_ALIAS|BODY_COMPANY|BODY_TICKER|TARGET_CONTEXT; score=24; event=OTHER; symbol=VND,TITLE_TICKER|TITLE_ALIAS|BODY_COMPANY|BODY_TICKER|TARGET_CONTEXT,TITLE_TICKER_WITH_TARGET_CONTEXT,HIGH_PRECISION,FALLBACK_QUARANTINE,FALLBACK_NO_EVENT_DETECTED,80,MEDIUM,NOT_INDEPENDENTLY_VALIDATED,False
701cee34d6c0b1f3c907,b6a4f3cfce4dfeef97a30152236620b8,PLX,Tập đoàn Xăng dầu Việt Nam,2021-03-23,VietnamBiz,https://vietnambiz.vn/nhom-co-dong-nhat-ban-hoan-tat-mua-25-trieu-co-phieu-plx-20210323154514779.htm,Nhóm cổ đông Nhật Bản hoàn tất mua 25 triệu cổ phiếu PLX,OTHER,OTHER,NEUTRAL,LOW,STOCK_SPECIFIC,MEDIUM,WEAK_RULE_V3_ENTITY_TIERED,WEAK_RULE_V3; tier=HIGH_PRECISION; entity=TITLE_TICKER|BODY_COMPANY|BODY_TICKER|TARGET_CONTEXT; score=17; event=OTHER; symbol=PLX,TITLE_TICKER|BODY_COMPANY|BODY_TICKER|TARGET_CONTEXT,TITLE_TICKER_WITH_TARGET_CONTEXT,HIGH_PRECISION,FALLBACK_QUARANTINE,FALLBACK_NO_EVENT_DETECTED,80,MEDIUM,NOT_INDEPENDENTLY_VALIDATED,False
01c70ae90b80cbfcdcf9,5d47d63194d6d6f40d22ebbc4f42e2be,VSC,Công ty Cổ phần Container Việt Nam,2021-03-30,CafeF,https://cafef.vn/elc-qbs-hdc-vsc-tco-psg-dnd-vnt-inc-c32-thong-tin-giao-dich-luong-lon-co-phieu-2021033008253512.chn,"ELC, QBS, HDC, VSC, TCO, PSG, DND, VNT, INC, C32: Thông tin giao dịch lượng lớn cổ phiếu",OTHER,OTHER,NEUTRAL,LOW,STOCK_SPECIFIC,MEDIUM,WEAK_RULE_V3_ENTITY_TIERED,WEAK_RULE_V3; tier=HIGH_PRECISION; entity=TITLE_TICKER|BODY_COMPANY|BODY_TICKER|TARGET_CONTEXT; score=17; event=OTHER; symbol=VSC,TITLE_TICKER|BODY_COMPANY|BODY_TICKER|TARGET_CONTEXT,TITLE_TICKER_WITH_TARGET_CONTEXT,HIGH_PRECISION,FALLBACK_QUARANTINE,FALLBACK_NO_EVENT_DETECTED,80,MEDIUM,NOT_INDEPENDENTLY_VALIDATED,False
1629f2a955bf51e3afc5,5ddcac810e76e95b2d6a94c9010ba093,TCB,Ngân hàng TMCP Kỹ Thương Việt Nam,2021-03-30,CafeF,https://cafef.vn/ty-phu-quang-it-nhat-50-so-cua-hang-vinmart-se-bat-dau-trien-khai-dich-vu-tai-chinh-trong-nam-nay-doi-tac-da-rat-ro-rang-la-techcombank-20210330115528704.chn,"Tỷ phú Quang: Ít nhất 50% số cửa hàng VinMart sẽ bắt đầu triển khai dịch vụ tài chính trong năm nay, đối tác đã rất rõ ràng là Techcombank",M_AND_A,M_AND_A,NEUTRAL,HIGH,STOCK_SPECIFIC,HIGH,WEAK_RULE_V3_ENTITY_TIERED,WEAK_RULE_V3; tier=HIGH_PRECISION; entity=TITLE_ALIAS|BODY_COMPANY|BODY_TICKER|TARGET_CONTEXT; score=17; event=M_AND_A; symbol=TCB,TITLE_ALIAS|BODY_COMPANY|BODY_TICKER|TARGET_CONTEXT,TITLE_ENTITY_WITH_TARGET_CONTEXT,HIGH_PRECISION,INFORMATIVE_CANDIDATE,EXPERIMENTAL_INFORMATIVE_UNVALIDATED,100,CRITICAL,NOT_INDEPENDENTLY_VALIDATED,True
b42179a7f71b6242ddf0,934598274b01d492552c7de936c4781d,FPT,Công ty Cổ phần FPT,2021-03-30,CafeF,https://cafef.vn/fpt-da-vao-khao-sat-he-thong-hose-bo-tai-chinh-thanh-lap-ban-chi-dao-xu-ly-su-co-nghen-lenh-20210330170344521.chn,"FPT đã vào khảo sát hệ thống HoSE, Bộ Tài chính thành lập Ban Chỉ đạo xử lý sự cố nghẽn lệnh",BUSINESS_RESULT,PROJECT_EXPANSION,POSITIVE,MODERATE,STOCK_SPECIFIC,HIGH,WEAK_RULE_V3_ENTITY_TIERED,WEAK_RULE_V3; tier=HIGH_PRECISION; entity=TITLE_TICKER|BODY_ALIAS|BODY_TICKER|TARGET_CONTEXT; score=17; event=PROJECT_EXPANSION; symbol=FPT,TITLE_TICKER|BODY_ALIAS|BODY_TICKER|TARGET_CONTEXT,TITLE_TICKER_WITH_TARGET_CONTEXT,HIGH_PRECISION,INFORMATIVE_CANDIDATE,EXPERIMENTAL_INFORMATIVE_UNVALIDATED,100,HIGH,NOT_INDEPENDENTLY_VALIDATED,True
a83beefbb03822e7ee58,d76b958eb24d0d8447f14f65c4a04333,REE,Công ty Cổ phần Cơ Điện Lạnh,2021-03-30,CafeF,https://cafef.vn/chu-tich-ree-ba-nguyen-thi-mai-thanh-nam-2021-co-hoi-ma-cuc-ky-lon-du-co-phieu-tang-phi-ma-nhung-van-chua-phan-anh-dung-gia-tri-cong-ty-20210330093017571.chn,"Chủ tịch REE - bà Nguyễn Thị Mai Thanh: Năm 2021 cơ hội M&A cực kỳ lớn, dù cổ phiếu tăng phi mã nhưng vẫn chưa phản ánh đúng giá trị Công ty",CORPORATE_ACTION,DIVIDEND,POSITIVE,MODERATE,STOCK_SPECIFIC,HIGH,WEAK_RULE_V3_ENTITY_TIERED,WEAK_RULE_V3; tier=HIGH_PRECISION; entity=TITLE_TICKER|BODY_COMPANY|BODY_TICKER|TARGET_CONTEXT; score=17; event=DIVIDEND; symbol=REE,TITLE_TICKER|BODY_COMPANY|BODY_TICKER|TARGET_CONTEXT,TITLE_TICKER_WITH_TARGET_CONTEXT,HIGH_PRECISION,INFORMATIVE_CANDIDATE,EXPERIMENTAL_INFORMATIVE_UNVALIDATED,100,HIGH,NOT_INDEPENDENTLY_VALIDATED,True
ba33f5ea5a614216f4d5,076fce6b29e80e1701e912f98a91aa5f,VIC,Tập đoàn Vingroup,2021-04-01,VietnamBiz,https://vietnambiz.vn/tin-kinh-te-truoc-gio-giao-dich-1-4-chung-khoan-my-phan-hoa-vingroup-thoai-het-von-tai-the-crownx-20210401075908797.htm,"Tin kinh tế trước giờ giao dịch (1/4): Chứng khoán Mỹ phân hoá, Vingroup thoái hết vốn tại The CrownX",CORPORATE_ACTION,STOCK_ISSUANCE,NEUTRAL,MODERATE,STOCK_SPECIFIC,HIGH,WEAK_RULE_V3_ENTITY_TIERED,WEAK_RULE_V3; tier=HIGH_PRECISION; entity=TITLE_COMPANY|BODY_COMPANY|BODY_TICKER; score=13; event=STOCK_ISSUANCE; symbol=VIC,TITLE_COMPANY|BODY_COMPANY|BODY_TICKER,TITLE_ENTITY_MENTION,HIGH_PRECISION,INFORMATIVE_CANDIDATE,EXPERIMENTAL_INFORMATIVE_UNVALIDATED,100,HIGH,NOT_INDEPENDENTLY_VALIDATED,True
9a862f21a30a1e710008,0560af641b7a8cb6a279a52b63ea0454,POW,Tổng Công ty Điện lực Dầu khí Việt Nam,2021-04-02,CafeF,https://cafef.vn/thoai-von-tu-pvm-giup-pv-power-bo-sung-nguon-von-xay-dung-nt3-nt4-20210402153325791.chn,"Thoái vốn từ PVM giúp PV Power bổ sung nguồn vốn xây dựng NT3, NT4",BUSINESS_RESULT,PROFIT_DECLINE,NEGATIVE,HIGH,STOCK_SPECIFIC,HIGH,WEAK_RULE_V3_ENTITY_TIERED,WEAK_RULE_V3; tier=HIGH_PRECISION; entity=TITLE_ALIAS|BODY_ALIAS|BODY_TICKER|TARGET_CONTEXT; score=17; event=PROFIT_DECLINE; symbol=POW,TITLE_ALIAS|BODY_ALIAS|BODY_TICKER|TARGET_CONTEXT,TITLE_ENTITY_WITH_TARGET_CONTEXT,HIGH_PRECISION,INFORMATIVE_CANDIDATE,EXPERIMENTAL_INFORMATIVE_UNVALIDATED,100,HIGH,NOT_INDEPENDENTLY_VALIDATED,True
799a4984355a403ba0d9,6fa7007c1cd0d0be5e3ae1ea2624e052,FPT,Công ty Cổ phần FPT,2021-04-02,CafeF,https://cafef.vn/fpt-online-foc-chot-danh-sach-co-dong-nhan-co-tuc-bang-tien-ty-le-200-20210402110731269.chn,FPT Online (FOC) chốt danh sách cổ đông nhận cổ tức bằng tiền tỷ lệ 200%,CORPORATE_ACTION,DIVIDEND,POSITIVE,MODERATE,STOCK_SPECIFIC,HIGH,WEAK_RULE_V3_ENTITY_TIERED,WEAK_RULE_V3; tier=HIGH_PRECISION; entity=TITLE_TICKER|BODY_TICKER|TARGET_CONTEXT; score=13; event=DIVIDEND; symbol=FPT,TITLE_TICKER|BODY_TICKER|TARGET_CONTEXT,TITLE_TICKER_WITH_TARGET_CONTEXT,HIGH_PRECISION,INFORMATIVE_CANDIDATE,EXPERIMENTAL_INFORMATIVE_UNVALIDATED,100,HIGH,NOT_INDEPENDENTLY_VALIDATED,True
6fa9abdc88d9c3fb51d6,75229995dc0e77cb508687b782f1e522,HVN,Tổng Công ty Hàng không Việt Nam,2021-04-06,CafeF,https://cafef.vn/hvn-dxg-va-nhieu-ten-tuoi-lon-khong-duoc-giao-dich-ky-quy-trong-quy-2-20210406215620951.chn,"HVN, DXG và nhiều tên tuổi lớn không được giao dịch ký quỹ trong quý 2",LEGAL_REGULATORY,LEGAL_RISK,NEGATIVE,HIGH,STOCK_SPECIFIC,HIGH,WEAK_RULE_V3_ENTITY_TIERED,WEAK_RULE_V3; tier=HIGH_PRECISION; entity=TITLE_TICKER|BODY_TICKER|TARGET_CONTEXT; score=13; event=LEGAL_RISK; symbol=HVN,TITLE_TICKER|BODY_TICKER|TARGET_CONTEXT,TITLE_TICKER_WITH_TARGET_CONTEXT,HIGH_PRECISION,INFORMATIVE_CANDIDATE,EXPERIMENTAL_INFORMATIVE_UNVALIDATED,100,CRITICAL,NOT_INDEPENDENTLY_VALIDATED,True
4844b7043baffb3a083b,edc99a49f92be9782a36a877d9c55ad5,FPT,Công ty Cổ phần FPT,2021-04-07,CafeF,https://cafef.vn/fpt-retail-frt-dat-ke-hoach-tang-320-lnst-len-120-ty-dong-mo-moi-150-cua-hang-duoc-long-chau-20210406181350903.chn,"FPT Retail (FRT) đặt kế hoạch tăng 320% LNST lên 120 tỷ đồng, mở mới 150 cửa hàng dược Long Châu",BUSINESS_RESULT,PROFIT_GROWTH,POSITIVE,HIGH,STOCK_SPECIFIC,HIGH,WEAK_RULE_V3_ENTITY_TIERED,WEAK_RULE_V3; tier=HIGH_PRECISION; entity=TITLE_TICKER|BODY_TICKER|TARGET_CONTEXT; score=13; event=PROFIT_GROWTH; symbol=FPT,TITLE_TICKER|BODY_TICKER|TARGET_CONTEXT,TITLE_TICKER_WITH_TARGET_CONTEXT,HIGH_PRECISION,INFORMATIVE_CANDIDATE,EXPERIMENTAL_INFORMATIVE_UNVALIDATED,100,HIGH,NOT_INDEPENDENTLY_VALIDATED,True
e55fdb0797ca04d5fc90,edc99a49f92be9782a36a877d9c55ad5,FRT,Công ty Cổ phần Bán lẻ Kỹ thuật số FPT,2021-04-07,CafeF,https://cafef.vn/fpt-retail-frt-dat-ke-hoach-tang-320-lnst-len-120-ty-dong-mo-moi-150-cua-hang-duoc-long-chau-20210406181350903.chn,"FPT Retail (FRT) đặt kế hoạch tăng 320% LNST lên 120 tỷ đồng, mở mới 150 cửa hàng dược Long Châu",BUSINESS_RESULT,PROFIT_GROWTH,POSITIVE,HIGH,STOCK_SPECIFIC,HIGH,WEAK_RULE_V3_ENTITY_TIERED,WEAK_RULE_V3; tier=HIGH_PRECISION; entity=TITLE_TICKER|TITLE_ALIAS|BODY_ALIAS|BODY_TICKER|TARGET_CONTEXT; score=24; event=PROFIT_GROWTH; symbol=FRT,TITLE_TICKER|TITLE_ALIAS|BODY_ALIAS|BODY_TICKER|TARGET_CONTEXT,TITLE_TICKER_WITH_TARGET_CONTEXT,HIGH_PRECISION,INFORMATIVE_CANDIDATE,EXPERIMENTAL_INFORMATIVE_UNVALIDATED,100,HIGH,NOT_INDEPENDENTLY_VALIDATED,True
11117c14e25a0ca34caa,5252092df1c4e2e9da99c23383b96955,FPT,Công ty Cổ phần FPT,2021-04-09,CafeF,https://cafef.vn/vnindex-dieu-chinh-ngay-tu-dau-phien-nhieu-co-phieu-tru-chiu-ap-luc-chot-lai-lon-20210409093234261.chn,"FPT, STB, PNJ tăng mạnh, VnIndex chốt phiên cuối tuần giảm nhẹ",LEGAL_REGULATORY,LEGAL_RISK,NEGATIVE,HIGH,STOCK_SPECIFIC,HIGH,WEAK_RULE_V3_ENTITY_TIERED,WEAK_RULE_V3; tier=HIGH_PRECISION; entity=TITLE_TICKER|BODY_TICKER|TARGET_CONTEXT; score=13; event=LEGAL_RISK; symbol=FPT,TITLE_TICKER|BODY_TICKER|TARGET_CONTEXT,TITLE_TICKER_WITH_TARGET_CONTEXT,HIGH_PRECISION,INFORMATIVE_CANDIDATE,EXPERIMENTAL_INFORMATIVE_UNVALIDATED,100,CRITICAL,NOT_INDEPENDENTLY_VALIDATED,True
413e49dd468d376cc325,5252092df1c4e2e9da99c23383b96955,PNJ,Công ty Cổ phần Vàng bạc Đá quý Phú Nhuận,2021-04-09,CafeF,https://cafef.vn/vnindex-dieu-chinh-ngay-tu-dau-phien-nhieu-co-phieu-tru-chiu-ap-luc-chot-lai-lon-20210409093234261.chn,"FPT, STB, PNJ tăng mạnh, VnIndex chốt phiên cuối tuần giảm nhẹ",LEGAL_REGULATORY,LEGAL_RISK,NEGATIVE,HIGH,STOCK_SPECIFIC,HIGH,WEAK_RULE_V3_ENTITY_TIERED,WEAK_RULE_V3; tier=HIGH_PRECISION; entity=TITLE_TICKER|BODY_TICKER|TARGET_CONTEXT; score=13; event=LEGAL_RISK; symbol=PNJ,TITLE_TICKER|BODY_TICKER|TARGET_CONTEXT,TITLE_TICKER_WITH_TARGET_CONTEXT,HIGH_PRECISION,INFORMATIVE_CANDIDATE,EXPERIMENTAL_INFORMATIVE_UNVALIDATED,100,CRITICAL,NOT_INDEPENDENTLY_VALIDATED,True
df9c3991b13ffdc15df6,5252092df1c4e2e9da99c23383b96955,STB,Ngân hàng TMCP Sài Gòn Thương Tín,2021-04-09,CafeF,https://cafef.vn/vnindex-dieu-chinh-ngay-tu-dau-phien-nhieu-co-phieu-tru-chiu-ap-luc-chot-lai-lon-20210409093234261.chn,"FPT, STB, PNJ tăng mạnh, VnIndex chốt phiên cuối tuần giảm nhẹ",LEGAL_REGULATORY,LEGAL_RISK,NEGATIVE,HIGH,STOCK_SPECIFIC,HIGH,WEAK_RULE_V3_ENTITY_TIERED,WEAK_RULE_V3; tier=HIGH_PRECISION; entity=TITLE_TICKER|BODY_TICKER|TARGET_CONTEXT; score=13; event=LEGAL_RISK; symbol=STB,TITLE_TICKER|BODY_TICKER|TARGET_CONTEXT,TITLE_TICKER_WITH_TARGET_CONTEXT,HIGH_PRECISION,INFORMATIVE_CANDIDATE,EXPERIMENTAL_INFORMATIVE_UNVALIDATED,100,CRITICAL,NOT_INDEPENDENTLY_VALIDATED,True
6d05fd8d5b38795e958a,e2247dfda4b6e31d4b6c28ea3bbe58d0,NKG,Công ty Cổ phần Thép Nam Kim,2021-04-09,CafeF,https://cafef.vn/thep-nam-kim-nkg-dat-san-luong-ban-hang-ky-luc-trong-quy-1-2021-xuat-khau-tang-manh-nho-thi-truong-chau-au-va-my-20210409091642543.chn,"Thép Nam Kim (NKG) đạt sản lượng bán hàng kỷ lục trong quý 1/2021, xuất khẩu tăng mạnh nhờ thị trường châu Âu và Mỹ",CORPORATE_ACTION,DIVIDEND,POSITIVE,MODERATE,STOCK_SPECIFIC,HIGH,WEAK_RULE_V3_ENTITY_TIERED,WEAK_RULE_V3; tier=HIGH_PRECISION; entity=TITLE_TICKER|TITLE_COMPANY|BODY_COMPANY|BODY_TICKER|TARGET_CONTEXT; score=24; event=DIVIDEND; symbol=NKG,TITLE_TICKER|TITLE_COMPANY|BODY_COMPANY|BODY_TICKER|TARGET_CONTEXT,TITLE_TICKER_WITH_TARGET_CONTEXT,HIGH_PRECISION,INFORMATIVE_CANDIDATE,EXPERIMENTAL_INFORMATIVE_UNVALIDATED,100,HIGH,NOT_INDEPENDENTLY_VALIDATED,True
c0d7454e8b5cdbd09f96,0c7620d4eda1d2467dd76da01c47617c,FPT,Công ty Cổ phần FPT,2021-04-13,CafeF,https://cafef.vn/dhdcd-chung-khoan-fpt-fpts-dat-muc-tieu-lai-260-ty-dong-nam-2021-tren-co-so-vn-index-dao-dong-quanh-1250-1300-diem-20210413164949381.chn,ĐHĐCĐ Chứng khoán FPT (FPTS): Đặt mục tiêu lãi 260 tỷ đồng năm 2021 trên cơ sở VN-Index dao động quanh 1.250-1.300 điểm,CORPORATE_ACTION,DIVIDEND,POSITIVE,MODERATE,STOCK_SPECIFIC,HIGH,WEAK_RULE_V3_ENTITY_TIERED,WEAK_RULE_V3; tier=HIGH_PRECISION; entity=TITLE_TICKER|BODY_TICKER; score=9; event=DIVIDEND; symbol=FPT,TITLE_TICKER|BODY_TICKER,TITLE_ENTITY_MENTION,HIGH_PRECISION,INFORMATIVE_CANDIDATE,EXPERIMENTAL_INFORMATIVE_UNVALIDATED,100,HIGH,NOT_INDEPENDENTLY_VALIDATED,True
40daad1ad95d74856f77,94f66ea4dc76ae91b5b5f683160863f2,VHM,Công ty Cổ phần Vinhomes,2021-04-14,CafeF,https://cafef.vn/phien-14-4-khoi-ngoai-ban-rong-hon-1000-ty-dong-tap-trung-ban-vhm-vnm-cre-20210414151805099.chn,"Phiên 14/4: Khối ngoại bán ròng hơn 1.000 tỷ đồng, tập trung bán VHM, VNM, CRE",OTHER,OTHER,NEUTRAL,LOW,STOCK_SPECIFIC,MEDIUM,WEAK_RULE_V3_ENTITY_TIERED,WEAK_RULE_V3; tier=HIGH_PRECISION; entity=TITLE_TICKER|BODY_TICKER|TARGET_CONTEXT; score=13; event=OTHER; symbol=VHM,TITLE_TICKER|BODY_TICKER|TARGET_CONTEXT,TITLE_TICKER_WITH_TARGET_CONTEXT,HIGH_PRECISION,FALLBACK_QUARANTINE,FALLBACK_NO_EVENT_DETECTED,80,MEDIUM,NOT_INDEPENDENTLY_VALIDATED,False
9e4478ee6c787e24c4eb,94f66ea4dc76ae91b5b5f683160863f2,VNM,Công ty Cổ phần Sữa Việt Nam,2021-04-14,CafeF,https://cafef.vn/phien-14-4-khoi-ngoai-ban-rong-hon-1000-ty-dong-tap-trung-ban-vhm-vnm-cre-20210414151805099.chn,"Phiên 14/4: Khối ngoại bán ròng hơn 1.000 tỷ đồng, tập trung bán VHM, VNM, CRE",OTHER,OTHER,NEUTRAL,LOW,STOCK_SPECIFIC,MEDIUM,WEAK_RULE_V3_ENTITY_TIERED,WEAK_RULE_V3; tier=HIGH_PRECISION; entity=TITLE_TICKER|BODY_TICKER|TARGET_CONTEXT; score=13; event=OTHER; symbol=VNM,TITLE_TICKER|BODY_TICKER|TARGET_CONTEXT,TITLE_TICKER_WITH_TARGET_CONTEXT,HIGH_PRECISION,FALLBACK_QUARANTINE,FALLBACK_NO_EVENT_DETECTED,80,MEDIUM,NOT_INDEPENDENTLY_VALIDATED,False
891d27b1d8b551e2c296,97240caf1886fab83092e481bb81fd46,VIC,Tập đoàn Vingroup,2021-04-14,CafeF,https://cafef.vn/vingroup-thong-tin-chinh-thuc-ve-kha-nang-niem-yet-vinfast-tai-my-nhac-den-spac-la-mot-trong-cac-kha-nang-20210414105252822.chn,"Vingroup thông tin chính thức về khả năng niêm yết VinFast tại Mỹ, nhắc đến SPAC là một trong các khả năng",CORPORATE_ACTION,STOCK_ISSUANCE,NEUTRAL,MODERATE,STOCK_SPECIFIC,HIGH,WEAK_RULE_V3_ENTITY_TIERED,WEAK_RULE_V3; tier=HIGH_PRECISION; entity=TITLE_COMPANY|BODY_COMPANY; score=11; event=STOCK_ISSUANCE; symbol=VIC,TITLE_COMPANY|BODY_COMPANY,TITLE_ENTITY_MENTION,HIGH_PRECISION,INFORMATIVE_CANDIDATE,EXPERIMENTAL_INFORMATIVE_UNVALIDATED,100,HIGH,NOT_INDEPENDENTLY_VALIDATED,True
de9df08aa4b5ce348486,df85e2f2a82926e5283ac7ffcf0e11ee,VHM,Công ty Cổ phần Vinhomes,2021-04-14,VietnamBiz,https://vietnambiz.vn/phien-14-4-khoi-ngoai-ban-rong-toi-1015-ty-dong-tam-diem-vhm-20210414165613547.htm,"Phiên 14/4: Khối ngoại bán ròng tới 1.015 tỷ đồng, tâm điểm VHM",OTHER,OTHER,NEUTRAL,LOW,STOCK_SPECIFIC,MEDIUM,WEAK_RULE_V3_ENTITY_TIERED,WEAK_RULE_V3; tier=HIGH_PRECISION; entity=TITLE_TICKER|BODY_TICKER|TARGET_CONTEXT; score=13; event=OTHER; symbol=VHM,TITLE_TICKER|BODY_TICKER|TARGET_CONTEXT,TITLE_TICKER_WITH_TARGET_CONTEXT,HIGH_PRECISION,FALLBACK_QUARANTINE,FALLBACK_NO_EVENT_DETECTED,80,MEDIUM,NOT_INDEPENDENTLY_VALIDATED,False
758927f3a7d300cdb50a,dc1c454471e7a58b81e97edd56164420,SHS,Công ty Cổ phần Chứng khoán Sài Gòn - Hà Nội,2021-04-15,VietnamBiz,https://vietnambiz.vn/nguoi-nha-lanh-dao-chung-khoan-shs-muon-ban-tat-500000-cp-khi-gia-dat-dinh-20210415084843223.htm,Người nhà lãnh đạo Chứng khoán SHS muốn bán tất 500.000 cp khi giá đạt đỉnh,OTHER,OTHER,NEUTRAL,LOW,STOCK_SPECIFIC,MEDIUM,WEAK_RULE_V3_ENTITY_TIERED,WEAK_RULE_V3; tier=HIGH_PRECISION; entity=TITLE_TICKER|BODY_ALIAS|BODY_TICKER|TARGET_CONTEXT; score=17; event=OTHER; symbol=SHS,TITLE_TICKER|BODY_ALIAS|BODY_TICKER|TARGET_CONTEXT,TITLE_TICKER_WITH_TARGET_CONTEXT,HIGH_PRECISION,FALLBACK_QUARANTINE,FALLBACK_NO_EVENT_DETECTED,80,MEDIUM,NOT_INDEPENDENTLY_VALIDATED,False
6befa602f6c9a13586a5,b1c298a776dfe2d06e54cc5536dcc7ba,HVN,Tổng Công ty Hàng không Việt Nam,2021-04-16,CafeF,https://cafef.vn/doanh-nghiep-niem-yet-sap-huy-dong-gan-45000-ty-dong-qua-phat-hanh-tang-von-vietnam-airlines-va-hagl-agrico-dau-bang-20210416174957656.chn,"Doanh nghiệp niêm yết sắp huy động gần 45.000 tỷ đồng qua phát hành tăng vốn, Vietnam Airlines và HAGL Agrico đầu bảng",CORPORATE_ACTION,STOCK_ISSUANCE,NEUTRAL,MODERATE,STOCK_SPECIFIC,HIGH,WEAK_RULE_V3_ENTITY_TIERED,WEAK_RULE_V3; tier=HIGH_PRECISION; entity=TITLE_ALIAS|BODY_COMPANY|BODY_TICKER; score=13; event=STOCK_ISSUANCE; symbol=HVN,TITLE_ALIAS|BODY_COMPANY|BODY_TICKER,TITLE_ENTITY_MENTION,HIGH_PRECISION,INFORMATIVE_CANDIDATE,EXPERIMENTAL_INFORMATIVE_UNVALIDATED,100,HIGH,NOT_INDEPENDENTLY_VALIDATED,True
429ce7daff774b6483fd,5ef733a32350f3ff4a17c72b2e026b41,PNJ,Công ty Cổ phần Vàng bạc Đá quý Phú Nhuận,2021-04-17,CafeF,https://cafef.vn/dhdcd-pnj-uu-tien-dung-von-huy-dong-de-mo-rong-quy-mo-quy-1-2021-loi-nhuan-tang-27-len-522-ty-dong-20210417095741659.chn,"ĐHĐCĐ PNJ: Ưu tiên dùng vốn huy động để mở rộng quy mô, quý 1/2021 lợi nhuận tăng 27% lên 522 tỷ đồng",BUSINESS_RESULT,PROFIT_GROWTH,POSITIVE,HIGH,STOCK_SPECIFIC,HIGH,WEAK_RULE_V3_ENTITY_TIERED,WEAK_RULE_V3; tier=HIGH_PRECISION; entity=TITLE_TICKER|BODY_TICKER|TARGET_CONTEXT; score=13; event=PROFIT_GROWTH; symbol=PNJ,TITLE_TICKER|BODY_TICKER|TARGET_CONTEXT,TITLE_TICKER_WITH_TARGET_CONTEXT,HIGH_PRECISION,INFORMATIVE_CANDIDATE,EXPERIMENTAL_INFORMATIVE_UNVALIDATED,100,HIGH,NOT_INDEPENDENTLY_VALIDATED,True
c5fb1654d2ac80198a36,134d4361ab94c786a8613bfd3a5ed803,VND,Công ty Cổ phần Chứng khoán VNDIRECT,2021-04-20,CafeF,https://cafef.vn/vndirect-lai-482-ty-dong-trong-quy-1-tang-truong-724-so-voi-cung-ky-2020-20210420182336769.chn,"VNDIRECT lãi 482 tỷ đồng trong quý 1, tăng trưởng 724% so với cùng kỳ 2020",OTHER,OTHER,NEUTRAL,LOW,STOCK_SPECIFIC,MEDIUM,WEAK_RULE_V3_ENTITY_TIERED,WEAK_RULE_V3; tier=HIGH_PRECISION; entity=TITLE_ALIAS|BODY_COMPANY|BODY_TICKER|TARGET_CONTEXT; score=17; event=OTHER; symbol=VND,TITLE_ALIAS|BODY_COMPANY|BODY_TICKER|TARGET_CONTEXT,TITLE_ENTITY_WITH_TARGET_CONTEXT,HIGH_PRECISION,FALLBACK_QUARANTINE,FALLBACK_NO_EVENT_DETECTED,80,MEDIUM,NOT_INDEPENDENTLY_VALIDATED,False
04869188c58fd2ac23e8,2c28cb3e1af4b7ab0bf59a9419e19f5d,ACB,Ngân hàng TMCP Á Châu,2021-04-27,VietnamBiz,https://vietnambiz.vn/co-phieu-tam-diem-ngay-28-4-acb-vix-tsc-20210427190329667.htm,"Cổ phiếu tâm điểm ngày 28/4: ACB, VIX, TSC",BUSINESS_RESULT,PROFIT_GROWTH,POSITIVE,HIGH,STOCK_SPECIFIC,HIGH,WEAK_RULE_V3_ENTITY_TIERED,WEAK_RULE_V3; tier=HIGH_PRECISION; entity=TITLE_TICKER|BODY_COMPANY|BODY_TICKER|TARGET_CONTEXT; score=17; event=PROFIT_GROWTH; symbol=ACB,TITLE_TICKER|BODY_COMPANY|BODY_TICKER|TARGET_CONTEXT,TITLE_TICKER_WITH_TARGET_CONTEXT,HIGH_PRECISION,INFORMATIVE_CANDIDATE,EXPERIMENTAL_INFORMATIVE_UNVALIDATED,100,HIGH,NOT_INDEPENDENTLY_VALIDATED,True
2b9d1e2b630561734d42,2c28cb3e1af4b7ab0bf59a9419e19f5d,VIX,Công ty Cổ phần Chứng khoán VIX,2021-04-27,VietnamBiz,https://vietnambiz.vn/co-phieu-tam-diem-ngay-28-4-acb-vix-tsc-20210427190329667.htm,"Cổ phiếu tâm điểm ngày 28/4: ACB, VIX, TSC",BUSINESS_RESULT,PROFIT_GROWTH,POSITIVE,HIGH,STOCK_SPECIFIC,HIGH,WEAK_RULE_V3_ENTITY_TIERED,WEAK_RULE_V3; tier=HIGH_PRECISION; entity=TITLE_TICKER|BODY_COMPANY|BODY_TICKER|TARGET_CONTEXT; score=17; event=PROFIT_GROWTH; symbol=VIX,TITLE_TICKER|BODY_COMPANY|BODY_TICKER|TARGET_CONTEXT,TITLE_TICKER_WITH_TARGET_CONTEXT,HIGH_PRECISION,INFORMATIVE_CANDIDATE,EXPERIMENTAL_INFORMATIVE_UNVALIDATED,100,HIGH,NOT_INDEPENDENTLY_VALIDATED,True
73102bcfddcedd61af1b,2305f741197b147b71f798088a7ca9a7,KDH,Công ty Cổ phần Đầu tư và Kinh doanh Nhà Khang Điền,2021-04-28,CafeF,https://cafef.vn/kdh-to-chuc-dai-hoi-dong-co-dong-thuong-nien-nam-2021-20210426110403834.chn,KDH: Tổ chức Đại hội đồng cổ đông thường niên năm 2021,CORPORATE_ACTION,DIVIDEND,POSITIVE,MODERATE,STOCK_SPECIFIC,HIGH,WEAK_RULE_V3_ENTITY_TIERED,WEAK_RULE_V3; tier=HIGH_PRECISION; entity=TITLE_TICKER|BODY_ALIAS|BODY_TICKER|TARGET_CONTEXT; score=17; event=DIVIDEND; symbol=KDH,TITLE_TICKER|BODY_ALIAS|BODY_TICKER|TARGET_CONTEXT,TITLE_TICKER_WITH_TARGET_CONTEXT,HIGH_PRECISION,INFORMATIVE_CANDIDATE,EXPERIMENTAL_INFORMATIVE_UNVALIDATED,100,HIGH,NOT_INDEPENDENTLY_VALIDATED,True
d51394428ea074937c29,8ca4fded40a690f59399db98eae64b78,DPM,Tổng Công ty Phân bón và Hóa chất Dầu khí,2021-04-28,CafeF,https://cafef.vn/dam-phu-my-dpm-gia-phan-bon-tang-quy-1-tang-74-so-voi-cung-ky-2020-20210428152454696.chn,"Đạm Phú Mỹ (DPM): Giá phân bón tăng mạnh, lợi nhuận quý 1 tăng 74% so với cùng kỳ 2020",BUSINESS_RESULT,PROFIT_GROWTH,POSITIVE,HIGH,STOCK_SPECIFIC,HIGH,WEAK_RULE_V3_ENTITY_TIERED,WEAK_RULE_V3; tier=HIGH_PRECISION; entity=TITLE_TICKER|TITLE_ALIAS|BODY_ALIAS|BODY_TICKER|TARGET_CONTEXT; score=24; event=PROFIT_GROWTH; symbol=DPM,TITLE_TICKER|TITLE_ALIAS|BODY_ALIAS|BODY_TICKER|TARGET_CONTEXT,TITLE_TICKER_WITH_TARGET_CONTEXT,HIGH_PRECISION,INFORMATIVE_CANDIDATE,EXPERIMENTAL_INFORMATIVE_UNVALIDATED,100,HIGH,NOT_INDEPENDENTLY_VALIDATED,True
ea533b2416475df8339c,aceee51c234a7cca06e43c6eec39a106,VJC,Công ty Cổ phần Hàng không Vietjet,2021-04-28,VietnamBiz,https://vietnambiz.vn/vietjet-thu-2350-ty-tu-ban-co-phieu-quy-20210428154803322.htm,Vietjet thu 2.350 tỷ từ bán cổ phiếu quỹ,OTHER,OTHER,NEUTRAL,LOW,STOCK_SPECIFIC,MEDIUM,WEAK_RULE_V3_ENTITY_TIERED,WEAK_RULE_V3; tier=HIGH_PRECISION; entity=TITLE_ALIAS|BODY_COMPANY|BODY_TICKER|TARGET_CONTEXT; score=17; event=OTHER; symbol=VJC,TITLE_ALIAS|BODY_COMPANY|BODY_TICKER|TARGET_CONTEXT,TITLE_ENTITY_WITH_TARGET_CONTEXT,HIGH_PRECISION,FALLBACK_QUARANTINE,FALLBACK_NO_EVENT_DETECTED,80,MEDIUM,NOT_INDEPENDENTLY_VALIDATED,False
a4d5adffb08d59d79582,d04b655212ad2cd5265ae31aba8473fd,HCM,Công ty Cổ phần Chứng khoán Thành phố Hồ Chí Minh,2021-04-28,VietnamBiz,https://vietnambiz.vn/co-phieu-tam-diem-ngay-29-4-vnm-hcm-pac-2021042818493996.htm,"Cổ phiếu tâm điểm ngày 29/4: VNM, HCM, PAC",MACRO_POLICY,MACRO_POLICY,NEUTRAL,MODERATE,MARKET,HIGH,WEAK_RULE_V3_ENTITY_TIERED,WEAK_RULE_V3; tier=HIGH_PRECISION; entity=TITLE_TICKER|BODY_ALIAS|BODY_TICKER; score=13; event=MACRO_POLICY; symbol=HCM,TITLE_TICKER|BODY_ALIAS|BODY_TICKER,TITLE_ENTITY_MENTION,HIGH_PRECISION,INFORMATIVE_CANDIDATE,EXPERIMENTAL_INFORMATIVE_UNVALIDATED,100,CRITICAL,NOT_INDEPENDENTLY_VALIDATED,True
58bbf8050151f5f91887,d04b655212ad2cd5265ae31aba8473fd,VNM,Công ty Cổ phần Sữa Việt Nam,2021-04-28,VietnamBiz,https://vietnambiz.vn/co-phieu-tam-diem-ngay-29-4-vnm-hcm-pac-2021042818493996.htm,"Cổ phiếu tâm điểm ngày 29/4: VNM, HCM, PAC",MACRO_POLICY,MACRO_POLICY,NEUTRAL,MODERATE,MARKET,HIGH,WEAK_RULE_V3_ENTITY_TIERED,WEAK_RULE_V3; tier=HIGH_PRECISION; entity=TITLE_TICKER|BODY_ALIAS|BODY_TICKER|TARGET_CONTEXT; score=17; event=MACRO_POLICY; symbol=VNM,TITLE_TICKER|BODY_ALIAS|BODY_TICKER|TARGET_CONTEXT,TITLE_TICKER_WITH_TARGET_CONTEXT,HIGH_PRECISION,INFORMATIVE_CANDIDATE,EXPERIMENTAL_INFORMATIVE_UNVALIDATED,100,CRITICAL,NOT_INDEPENDENTLY_VALIDATED,True
81e298d452a8f5c4aff8,fb8c2d46e5729be510846bd1ad9ac455,VJC,Công ty Cổ phần Hàng không Vietjet,2021-04-28,CafeF,https://cafef.vn/vietjet-da-ban-xong-gan-18-trieu-co-phieu-quy-thu-ve-2350-ty-dong-20210428163139388.chn,"Vietjet đã bán xong gần 18 triệu cổ phiếu quỹ, thu về 2.350 tỷ đồng",OTHER,OTHER,NEUTRAL,LOW,STOCK_SPECIFIC,MEDIUM,WEAK_RULE_V3_ENTITY_TIERED,WEAK_RULE_V3; tier=HIGH_PRECISION; entity=TITLE_ALIAS|BODY_COMPANY|BODY_TICKER|TARGET_CONTEXT; score=17; event=OTHER; symbol=VJC,TITLE_ALIAS|BODY_COMPANY|BODY_TICKER|TARGET_CONTEXT,TITLE_ENTITY_WITH_TARGET_CONTEXT,HIGH_PRECISION,FALLBACK_QUARANTINE,FALLBACK_NO_EVENT_DETECTED,80,MEDIUM,NOT_INDEPENDENTLY_VALIDATED,False
87e8b85784c25b81f5bd,ba75f6eb84ac68feefcdbed328b1ebd1,POW,Tổng Công ty Điện lực Dầu khí Việt Nam,2021-05-04,CafeF,https://cafef.vn/pv-power-pow-quy-1-lai-sau-thue-dat-566-ty-dong-tang-12-so-voi-cung-ky-20210503225317231.chn,"PV Power (POW): Quý 1 lãi sau thuế đạt 566 tỷ đồng, tăng 12% so với cùng kỳ",BUSINESS_RESULT,PROFIT_GROWTH,POSITIVE,HIGH,STOCK_SPECIFIC,HIGH,WEAK_RULE_V3_ENTITY_TIERED,WEAK_RULE_V3; tier=HIGH_PRECISION; entity=TITLE_TICKER|TITLE_ALIAS|BODY_COMPANY|BODY_TICKER|TARGET_CONTEXT; score=24; event=PROFIT_GROWTH; symbol=POW,TITLE_TICKER|TITLE_ALIAS|BODY_COMPANY|BODY_TICKER|TARGET_CONTEXT,TITLE_TICKER_WITH_TARGET_CONTEXT,HIGH_PRECISION,INFORMATIVE_CANDIDATE,EXPERIMENTAL_INFORMATIVE_UNVALIDATED,100,HIGH,NOT_INDEPENDENTLY_VALIDATED,True
51c52560574e09ff70ad,1a24f400870550c5ed310021b2dbee5f,NVL,Công ty Cổ phần Tập đoàn Đầu tư Địa ốc No Va,2021-05-12,CafeF,https://cafef.vn/novaland-trien-khai-phuong-an-phat-hanh-gan-386-trieu-co-phieu-thuong-cho-co-dong-2021051217145596.chn,Novaland triển khai phương án phát hành gần 386 triệu cổ phiếu thưởng cho cổ đông,CORPORATE_ACTION,STOCK_ISSUANCE,NEUTRAL,MODERATE,STOCK_SPECIFIC,HIGH,WEAK_RULE_V3_ENTITY_TIERED,WEAK_RULE_V3; tier=HIGH_PRECISION; entity=TITLE_ALIAS|BODY_ALIAS|BODY_TICKER|TARGET_CONTEXT; score=17; event=STOCK_ISSUANCE; symbol=NVL,TITLE_ALIAS|BODY_ALIAS|BODY_TICKER|TARGET_CONTEXT,TITLE_ENTITY_WITH_TARGET_CONTEXT,HIGH_PRECISION,INFORMATIVE_CANDIDATE,EXPERIMENTAL_INFORMATIVE_UNVALIDATED,100,HIGH,NOT_INDEPENDENTLY_VALIDATED,True
347162810da6bc9f8cc6,2ef0611b8dac246e9e3472b36759564f,HPG,Công ty Cổ phần Tập đoàn Hòa Phát,2021-05-18,CafeF,https://cafef.vn/hpg-vic-vib-aaa-cc1-kdh-aav-bii-sd2-thong-tin-giao-dich-luong-lon-co-phieu-20210517181524932.chn,"HPG, VIC, VIB, AAA, CC1, KDH, AAV, BII, SD2: Thông tin giao dịch lượng lớn cổ phiếu",OTHER,OTHER,NEUTRAL,LOW,STOCK_SPECIFIC,MEDIUM,WEAK_RULE_V3_ENTITY_TIERED,WEAK_RULE_V3; tier=HIGH_PRECISION; entity=TITLE_TICKER|BODY_COMPANY|BODY_TICKER|TARGET_CONTEXT; score=17; event=OTHER; symbol=HPG,TITLE_TICKER|BODY_COMPANY|BODY_TICKER|TARGET_CONTEXT,TITLE_TICKER_WITH_TARGET_CONTEXT,HIGH_PRECISION,FALLBACK_QUARANTINE,FALLBACK_NO_EVENT_DETECTED,80,MEDIUM,NOT_INDEPENDENTLY_VALIDATED,False
996f131be28263d47783,2ef0611b8dac246e9e3472b36759564f,KDH,Công ty Cổ phần Đầu tư và Kinh doanh Nhà Khang Điền,2021-05-18,CafeF,https://cafef.vn/hpg-vic-vib-aaa-cc1-kdh-aav-bii-sd2-thong-tin-giao-dich-luong-lon-co-phieu-20210517181524932.chn,"HPG, VIC, VIB, AAA, CC1, KDH, AAV, BII, SD2: Thông tin giao dịch lượng lớn cổ phiếu",OTHER,OTHER,NEUTRAL,LOW,STOCK_SPECIFIC,MEDIUM,WEAK_RULE_V3_ENTITY_TIERED,WEAK_RULE_V3; tier=HIGH_PRECISION; entity=TITLE_TICKER|BODY_ALIAS|BODY_TICKER|TARGET_CONTEXT; score=17; event=OTHER; symbol=KDH,TITLE_TICKER|BODY_ALIAS|BODY_TICKER|TARGET_CONTEXT,TITLE_TICKER_WITH_TARGET_CONTEXT,HIGH_PRECISION,FALLBACK_QUARANTINE,FALLBACK_NO_EVENT_DETECTED,80,MEDIUM,NOT_INDEPENDENTLY_VALIDATED,False
cbde5533ea6c893a0fd7,2ef0611b8dac246e9e3472b36759564f,VIC,Tập đoàn Vingroup,2021-05-18,CafeF,https://cafef.vn/hpg-vic-vib-aaa-cc1-kdh-aav-bii-sd2-thong-tin-giao-dich-luong-lon-co-phieu-20210517181524932.chn,"HPG, VIC, VIB, AAA, CC1, KDH, AAV, BII, SD2: Thông tin giao dịch lượng lớn cổ phiếu",OTHER,OTHER,NEUTRAL,LOW,STOCK_SPECIFIC,MEDIUM,WEAK_RULE_V3_ENTITY_TIERED,WEAK_RULE_V3; tier=HIGH_PRECISION; entity=TITLE_TICKER|BODY_COMPANY|BODY_TICKER|TARGET_CONTEXT; score=17; event=OTHER; symbol=VIC,TITLE_TICKER|BODY_COMPANY|BODY_TICKER|TARGET_CONTEXT,TITLE_TICKER_WITH_TARGET_CONTEXT,HIGH_PRECISION,FALLBACK_QUARANTINE,FALLBACK_NO_EVENT_DETECTED,80,MEDIUM,NOT_INDEPENDENTLY_VALIDATED,False
3fffe97e67655feb1ec7,80c2d4b28e727d76d6cc56e7597e756c,MSN,Công ty Cổ phần Tập đoàn Masan,2021-05-18,CafeF,https://cafef.vn/alibaba-va-baring-dau-tu-400-trieu-usd-vao-the-crownx-cua-masan-dinh-gia-69-ty-usd-20210518093707949.chn,"Alibaba và Baring đầu tư 400 triệu USD vào The CrownX của Masan, định giá 7,3 tỷ USD",BUSINESS_RESULT,PROJECT_EXPANSION,POSITIVE,MODERATE,STOCK_SPECIFIC,HIGH,WEAK_RULE_V3_ENTITY_TIERED,WEAK_RULE_V3; tier=HIGH_PRECISION; entity=TITLE_COMPANY|BODY_COMPANY|BODY_TICKER|TARGET_CONTEXT; score=17; event=PROJECT_EXPANSION; symbol=MSN,TITLE_COMPANY|BODY_COMPANY|BODY_TICKER|TARGET_CONTEXT,TITLE_ENTITY_WITH_TARGET_CONTEXT,HIGH_PRECISION,INFORMATIVE_CANDIDATE,EXPERIMENTAL_INFORMATIVE_UNVALIDATED,100,HIGH,NOT_INDEPENDENTLY_VALIDATED,True
4bbf3ae2caa9ba2ad8ea,c1c49d811c198ff644b9a69d7f083ed7,GEX,Công ty Cổ phần Tập đoàn GELEX,2021-05-18,CafeF,https://cafef.vn/gelex-gex-tiep-tuc-thong-qua-viec-huy-dong-them-300-ty-trai-phieu-trong-nam-2021-20210518073609912.chn,Gelex (GEX) tiếp tục thông qua việc huy động thêm 300 tỷ trái phiếu trong năm 2021,CORPORATE_ACTION,STOCK_ISSUANCE,NEUTRAL,MODERATE,STOCK_SPECIFIC,HIGH,WEAK_RULE_V3_ENTITY_TIERED,WEAK_RULE_V3; tier=HIGH_PRECISION; entity=TITLE_TICKER|TITLE_COMPANY|BODY_COMPANY|BODY_TICKER; score=20; event=STOCK_ISSUANCE; symbol=GEX,TITLE_TICKER|TITLE_COMPANY|BODY_COMPANY|BODY_TICKER,TITLE_ENTITY_MENTION,HIGH_PRECISION,INFORMATIVE_CANDIDATE,EXPERIMENTAL_INFORMATIVE_UNVALIDATED,100,HIGH,NOT_INDEPENDENTLY_VALIDATED,True
91ceee4710a30229ffb2,ef373bae57c52973b0fa65904661fc41,FPT,Công ty Cổ phần FPT,2021-05-18,CafeF,https://cafef.vn/fpt-chot-danh-sach-co-dong-phat-hanh-118-trieu-co-phieu-tra-co-tuc-20210518082427242.chn,FPT chốt danh sách cổ đông phát hành 118 triệu cổ phiếu trả cổ tức,CORPORATE_ACTION,DIVIDEND,POSITIVE,MODERATE,STOCK_SPECIFIC,HIGH,WEAK_RULE_V3_ENTITY_TIERED,WEAK_RULE_V3; tier=HIGH_PRECISION; entity=TITLE_TICKER|BODY_TICKER|TARGET_CONTEXT; score=13; event=DIVIDEND; symbol=FPT,TITLE_TICKER|BODY_TICKER|TARGET_CONTEXT,TITLE_TICKER_WITH_TARGET_CONTEXT,HIGH_PRECISION,INFORMATIVE_CANDIDATE,EXPERIMENTAL_INFORMATIVE_UNVALIDATED,100,HIGH,NOT_INDEPENDENTLY_VALIDATED,True
939c1f0e0166355ae8bf,86c03f97ce730e66a6c84d3161ef9aae,NKG,Công ty Cổ phần Thép Nam Kim,2021-05-20,CafeF,https://cafef.vn/vdsc-hang-ton-tich-luy-manh-thep-nam-kim-nkg-co-the-dat-dinh-loi-nhuan-trong-quy-2-2021-20210519095644771.chn,"VDSC: Hàng tồn tích luỹ mạnh, Thép Nam Kim (NKG) có thể đạt đỉnh lợi nhuận trong quý 2/2021",OTHER,OTHER,NEUTRAL,LOW,STOCK_SPECIFIC,MEDIUM,WEAK_RULE_V3_ENTITY_TIERED,WEAK_RULE_V3; tier=HIGH_PRECISION; entity=TITLE_TICKER|TITLE_COMPANY|BODY_COMPANY|BODY_TICKER|TARGET_CONTEXT; score=24; event=OTHER; symbol=NKG,TITLE_TICKER|TITLE_COMPANY|BODY_COMPANY|BODY_TICKER|TARGET_CONTEXT,TITLE_TICKER_WITH_TARGET_CONTEXT,HIGH_PRECISION,FALLBACK_QUARANTINE,FALLBACK_NO_EVENT_DETECTED,80,MEDIUM,NOT_INDEPENDENTLY_VALIDATED,False
53e8db98f77d2b351f79,738644c9b9e2095b5e9c1191cd555e88,IMP,Công ty Cổ phần Dược phẩm Imexpharm,2021-05-21,CafeF,https://cafef.vn/duoc-pham-imexpharm-imp-loi-nhuan-quy-1-2021-dat-42-ty-dong-chuan-bi-chia-co-tuc-bang-tien-ty-le-15-20210521071302735.chn,"Dược phẩm Imexpharm (IMP): Lợi nhuận quý 1/2021 đạt 42 tỷ đồng, chuẩn bị chia cổ tức bằng tiền tỷ lệ 15%",BUSINESS_RESULT,PROFIT_GROWTH,POSITIVE,HIGH,STOCK_SPECIFIC,HIGH,WEAK_RULE_V3_ENTITY_TIERED,WEAK_RULE_V3; tier=HIGH_PRECISION; entity=TITLE_TICKER|TITLE_COMPANY|BODY_COMPANY|BODY_TICKER|TARGET_CONTEXT; score=24; event=PROFIT_GROWTH; symbol=IMP,TITLE_TICKER|TITLE_COMPANY|BODY_COMPANY|BODY_TICKER|TARGET_CONTEXT,TITLE_TICKER_WITH_TARGET_CONTEXT,HIGH_PRECISION,INFORMATIVE_CANDIDATE,EXPERIMENTAL_INFORMATIVE_UNVALIDATED,100,HIGH,NOT_INDEPENDENTLY_VALIDATED,True
025fa4599c8f79a7b124,d4a754163d061f5c8b7ad2b90a2dd3d1,VHC,Công ty Cổ phần Vĩnh Hoàn,2021-05-21,CafeF,https://cafef.vn/vinh-hoan-vhc-doanh-thu-thang-4-2021-dat-800-ty-dong-cac-thi-truong-xuat-khau-dong-loat-tang-tot-20210520163614107.chn,"Vĩnh Hoàn (VHC): Doanh thu tháng 4/2021 đạt 800 tỷ đồng, các thị trường xuất khẩu đồng loạt tăng tốt",BUSINESS_RESULT,PROFIT_GROWTH,POSITIVE,HIGH,STOCK_SPECIFIC,HIGH,WEAK_RULE_V3_ENTITY_TIERED,WEAK_RULE_V3; tier=HIGH_PRECISION; entity=TITLE_TICKER|TITLE_COMPANY|BODY_COMPANY|BODY_TICKER|TARGET_CONTEXT; score=24; event=PROFIT_GROWTH; symbol=VHC,TITLE_TICKER|TITLE_COMPANY|BODY_COMPANY|BODY_TICKER|TARGET_CONTEXT,TITLE_TICKER_WITH_TARGET_CONTEXT,HIGH_PRECISION,INFORMATIVE_CANDIDATE,EXPERIMENTAL_INFORMATIVE_UNVALIDATED,100,HIGH,NOT_INDEPENDENTLY_VALIDATED,True
38e22dfdd49266a8c85c,e74483ac9955493dd28e9d98bf77d78a,HPG,Công ty Cổ phần Tập đoàn Hòa Phát,2021-05-21,CafeF,https://cafef.vn/phien-21-5-khoi-ngoai-tiep-tuc-ban-rong-hon-175-ty-dong-tap-trung-ban-hpg-20210521151321149.chn,"Phiên 21/5: Khối ngoại tiếp tục bán ròng hơn 175 tỷ đồng, tập trung bán HPG",OTHER,OTHER,NEUTRAL,LOW,STOCK_SPECIFIC,MEDIUM,WEAK_RULE_V3_ENTITY_TIERED,WEAK_RULE_V3; tier=HIGH_PRECISION; entity=TITLE_TICKER|BODY_TICKER|TARGET_CONTEXT; score=13; event=OTHER; symbol=HPG,TITLE_TICKER|BODY_TICKER|TARGET_CONTEXT,TITLE_TICKER_WITH_TARGET_CONTEXT,HIGH_PRECISION,FALLBACK_QUARANTINE,FALLBACK_NO_EVENT_DETECTED,80,MEDIUM,NOT_INDEPENDENTLY_VALIDATED,False
108489f5ca8e0255af93,0d4423f2343b9cc93e0f1136ac8ec3ad,SSI,Công ty Cổ phần Chứng khoán SSI,2021-05-22,VietnamBiz,https://vietnambiz.vn/dhdcd-chung-khoan-ssi-du-bao-vn-index-quanh-1400-diem-nam-2021-se-co-nhieu-thuong-vu-huy-dong-von-khung-20210522133604752.htm,"TRỰC TIẾP ĐHĐCĐ Chứng khoán SSI: Dự báo VN-Index quanh 1.400 điểm, năm 2021 sẽ có nhiều thương vụ huy động vốn khủng",CORPORATE_ACTION,DIVIDEND,POSITIVE,MODERATE,STOCK_SPECIFIC,HIGH,WEAK_RULE_V3_ENTITY_TIERED,WEAK_RULE_V3; tier=HIGH_PRECISION; entity=TITLE_TICKER|TITLE_COMPANY|BODY_COMPANY|BODY_TICKER|TARGET_CONTEXT; score=24; event=DIVIDEND; symbol=SSI,TITLE_TICKER|TITLE_COMPANY|BODY_COMPANY|BODY_TICKER|TARGET_CONTEXT,TITLE_TICKER_WITH_TARGET_CONTEXT,HIGH_PRECISION,INFORMATIVE_CANDIDATE,EXPERIMENTAL_INFORMATIVE_UNVALIDATED,100,HIGH,NOT_INDEPENDENTLY_VALIDATED,True
8831d47adcc6ae42cef4,a2aaf705fee428caf0e2ed6bb8592e3e,VPB,Ngân hàng TMCP Việt Nam Thịnh Vượng,2021-05-23,VietnamBiz,https://vietnambiz.vn/nguoi-nha-lanh-dao-vpbank-ban-bot-co-phieu-vpb-20210523143910476.htm,Người nhà lãnh đạo VPBank bán bớt cổ phiếu VPB,OTHER,OTHER,NEUTRAL,LOW,STOCK_SPECIFIC,MEDIUM,WEAK_RULE_V3_ENTITY_TIERED,WEAK_RULE_V3; tier=HIGH_PRECISION; entity=TITLE_TICKER|TITLE_ALIAS|BODY_COMPANY|BODY_TICKER|TARGET_CONTEXT; score=24; event=OTHER; symbol=VPB,TITLE_TICKER|TITLE_ALIAS|BODY_COMPANY|BODY_TICKER|TARGET_CONTEXT,TITLE_TICKER_WITH_TARGET_CONTEXT,HIGH_PRECISION,FALLBACK_QUARANTINE,FALLBACK_NO_EVENT_DETECTED,80,MEDIUM,NOT_INDEPENDENTLY_VALIDATED,False
3e82d7698fc99c179a73,da63c97aa3e76c738093f7691de79121,HSG,Công ty Cổ phần Tập đoàn Hoa Sen,2021-05-24,VietnamBiz,https://vietnambiz.vn/tin-kinh-te-truoc-gio-giao-dich-24-5-hoa-sen-phat-hanh-gan-445-trieu-cp-de-tra-co-tuc-2021052408183344.htm,"Tin kinh tế trước giờ giao dịch (24/5): Hoa Sen phát hành gần 44,5 triệu cp để trả cổ tức",CORPORATE_ACTION,DIVIDEND,POSITIVE,MODERATE,STOCK_SPECIFIC,HIGH,WEAK_RULE_V3_ENTITY_TIERED,WEAK_RULE_V3; tier=HIGH_PRECISION; entity=TITLE_COMPANY|BODY_COMPANY|BODY_TICKER; score=13; event=DIVIDEND; symbol=HSG,TITLE_COMPANY|BODY_COMPANY|BODY_TICKER,TITLE_ENTITY_MENTION,HIGH_PRECISION,INFORMATIVE_CANDIDATE,EXPERIMENTAL_INFORMATIVE_UNVALIDATED,100,HIGH,NOT_INDEPENDENTLY_VALIDATED,True
680c5bbbb210638d81dc,3b890a50d0075f5a07f88ed4866dd5a3,NVL,Công ty Cổ phần Tập đoàn Đầu tư Địa ốc No Va,2021-05-26,CafeF,https://cafef.vn/novaland-thong-qua-nghi-quyet-phan-phoi-co-phieu-thuong-voi-ty-le-gan-36-20210526171706309.chn,Novaland thông qua nghị quyết phân phối cổ phiếu thưởng với tỷ lệ gần 36%,CORPORATE_ACTION,STOCK_ISSUANCE,NEUTRAL,MODERATE,STOCK_SPECIFIC,HIGH,WEAK_RULE_V3_ENTITY_TIERED,WEAK_RULE_V3; tier=HIGH_PRECISION; entity=TITLE_ALIAS|BODY_ALIAS|BODY_TICKER|TARGET_CONTEXT; score=17; event=STOCK_ISSUANCE; symbol=NVL,TITLE_ALIAS|BODY_ALIAS|BODY_TICKER|TARGET_CONTEXT,TITLE_ENTITY_WITH_TARGET_CONTEXT,HIGH_PRECISION,INFORMATIVE_CANDIDATE,EXPERIMENTAL_INFORMATIVE_UNVALIDATED,100,HIGH,NOT_INDEPENDENTLY_VALIDATED,True
27aea90184bbd6d4faf6,8376c4e342eef4f500995ec71f1133ea,PLX,Tập đoàn Xăng dầu Việt Nam,2021-05-26,CafeF,https://cafef.vn/phien-26-5-khoi-ngoai-tro-lai-mua-rong-tap-trung-gom-plx-vhm-20210526152227555.chn,"Phiên 26/5: Khối ngoại trở lại mua ròng, tập trung “gom” PLX, VHM",OTHER,OTHER,NEUTRAL,LOW,STOCK_SPECIFIC,MEDIUM,WEAK_RULE_V3_ENTITY_TIERED,WEAK_RULE_V3; tier=HIGH_PRECISION; entity=TITLE_TICKER|BODY_COMPANY|BODY_TICKER|TARGET_CONTEXT; score=17; event=OTHER; symbol=PLX,TITLE_TICKER|BODY_COMPANY|BODY_TICKER|TARGET_CONTEXT,TITLE_TICKER_WITH_TARGET_CONTEXT,HIGH_PRECISION,FALLBACK_QUARANTINE,FALLBACK_NO_EVENT_DETECTED,80,MEDIUM,NOT_INDEPENDENTLY_VALIDATED,False
cefe0a399be04f1ef1f7,8376c4e342eef4f500995ec71f1133ea,VHM,Công ty Cổ phần Vinhomes,2021-05-26,CafeF,https://cafef.vn/phien-26-5-khoi-ngoai-tro-lai-mua-rong-tap-trung-gom-plx-vhm-20210526152227555.chn,"Phiên 26/5: Khối ngoại trở lại mua ròng, tập trung “gom” PLX, VHM",OTHER,OTHER,NEUTRAL,LOW,STOCK_SPECIFIC,MEDIUM,WEAK_RULE_V3_ENTITY_TIERED,WEAK_RULE_V3; tier=HIGH_PRECISION; entity=TITLE_TICKER|BODY_TICKER|TARGET_CONTEXT; score=13; event=OTHER; symbol=VHM,TITLE_TICKER|BODY_TICKER|TARGET_CONTEXT,TITLE_TICKER_WITH_TARGET_CONTEXT,HIGH_PRECISION,FALLBACK_QUARANTINE,FALLBACK_NO_EVENT_DETECTED,80,MEDIUM,NOT_INDEPENDENTLY_VALIDATED,False
00d3b3a1391cd5952dcc,d70ca094f72d4b88c1499182330d08aa,MWG,Công ty Cổ phần Đầu tư Thế Giới Di Động,2021-05-26,CafeF,https://cafef.vn/the-gioi-di-dong-mwg-loi-nhuan-4-thang-dau-nam-tang-26-len-1691-ty-dong-dien-may-xanh-se-ban-them-xe-dap-tu-thang-5-2021-20210525141703864.chn,"Thế giới Di động (MWG): Lợi nhuận 4 tháng đầu năm tăng 26% lên 1.691 tỷ đồng, Điện Máy Xanh sẽ bán thêm xe đạp từ tháng 5/2021",OTHER,OTHER,NEUTRAL,LOW,STOCK_SPECIFIC,MEDIUM,WEAK_RULE_V3_ENTITY_TIERED,WEAK_RULE_V3; tier=HIGH_PRECISION; entity=TITLE_TICKER|TITLE_ALIAS|BODY_ALIAS|BODY_TICKER|TARGET_CONTEXT; score=24; event=OTHER; symbol=MWG,TITLE_TICKER|TITLE_ALIAS|BODY_ALIAS|BODY_TICKER|TARGET_CONTEXT,TITLE_TICKER_WITH_TARGET_CONTEXT,HIGH_PRECISION,FALLBACK_QUARANTINE,FALLBACK_NO_EVENT_DETECTED,80,MEDIUM,NOT_INDEPENDENTLY_VALIDATED,False
174f6aa3eb4d5bd535eb,2c7032ae938f0654db1f1316741029fb,HPG,Công ty Cổ phần Tập đoàn Hòa Phát,2021-05-28,Tin Nhanh Chứng Khoán,https://www.tinnhanhchungkhoan.vn/hoa-phat-hpg-ung-ho-10-ty-dong-vao-quy-vac-xin-phong-covid-19-cua-tinh-hai-duong-post270458.html,Hòa Phát (HPG) ủng hộ 10 tỷ đồng vào Quỹ vắc xin phòng Covid-19 của tỉnh Hải Dương,OTHER,OTHER,NEUTRAL,LOW,STOCK_SPECIFIC,MEDIUM,WEAK_RULE_V3_ENTITY_TIERED,WEAK_RULE_V3; tier=HIGH_PRECISION; entity=TITLE_TICKER|TITLE_COMPANY|BODY_COMPANY|BODY_TICKER|TARGET_CONTEXT; score=24; event=OTHER; symbol=HPG,TITLE_TICKER|TITLE_COMPANY|BODY_COMPANY|BODY_TICKER|TARGET_CONTEXT,TITLE_TICKER_WITH_TARGET_CONTEXT,HIGH_PRECISION,FALLBACK_QUARANTINE,FALLBACK_NO_EVENT_DETECTED,80,MEDIUM,NOT_INDEPENDENTLY_VALIDATED,False
3d90abd576986d9ef546,480c9c5320f3d29fa9fc3703e8c122c7,MSN,Công ty Cổ phần Tập đoàn Masan,2021-05-31,CafeF,https://cafef.vn/masan-group-msn-sap-chi-1175-ty-tra-co-tuc-bang-tien-mat-moi-co-dong-se-nhan-ve-1000-dong-co-phieu-20210531162540373.chn,"Masan Group (MSN) sắp chi 1.175 tỷ trả cổ tức bằng tiền mặt, mỗi cổ đông sẽ nhận về 1.000 đồng/cổ phiếu",CORPORATE_ACTION,DIVIDEND,POSITIVE,MODERATE,STOCK_SPECIFIC,HIGH,WEAK_RULE_V3_ENTITY_TIERED,WEAK_RULE_V3; tier=HIGH_PRECISION; entity=TITLE_TICKER|TITLE_COMPANY|BODY_COMPANY|BODY_TICKER|TARGET_CONTEXT; score=24; event=DIVIDEND; symbol=MSN,TITLE_TICKER|TITLE_COMPANY|BODY_COMPANY|BODY_TICKER|TARGET_CONTEXT,TITLE_TICKER_WITH_TARGET_CONTEXT,HIGH_PRECISION,INFORMATIVE_CANDIDATE,EXPERIMENTAL_INFORMATIVE_UNVALIDATED,100,HIGH,NOT_INDEPENDENTLY_VALIDATED,True
db75cfd951fec6c83a70,89a4e9502efaa9091821db81ed6c0fcf,HPG,Công ty Cổ phần Tập đoàn Hòa Phát,2021-05-31,CafeF,https://cafef.vn/khoi-ngoai-ban-rong-gan-1700-ty-dong-trong-phien-giao-dich-cuoi-thang-5-tap-trung-ban-hpg-va-co-phieu-ngan-hang-20210531153012058.chn,"Khối ngoại bán ròng gần 1.700 tỷ đồng trong phiên giao dịch cuối tháng 5, tập trung bán HPG và cổ phiếu ngân hàng",OTHER,OTHER,NEUTRAL,LOW,STOCK_SPECIFIC,MEDIUM,WEAK_RULE_V3_ENTITY_TIERED,WEAK_RULE_V3; tier=HIGH_PRECISION; entity=TITLE_TICKER|BODY_TICKER|TARGET_CONTEXT; score=13; event=OTHER; symbol=HPG,TITLE_TICKER|BODY_TICKER|TARGET_CONTEXT,TITLE_TICKER_WITH_TARGET_CONTEXT,HIGH_PRECISION,FALLBACK_QUARANTINE,FALLBACK_NO_EVENT_DETECTED,80,MEDIUM,NOT_INDEPENDENTLY_VALIDATED,False
43028de894ca3943179a,ba6dc1c6a5fdac3f25fca30064f3e255,HPG,Công ty Cổ phần Tập đoàn Hòa Phát,2021-06-01,CafeF,https://cafef.vn/hpg-vib-dxg-tid-tvc-gil-msh-tix-tlt-dhc-sgc-thong-tin-giao-dich-luong-lon-co-phieu-2021053118212536.chn,"HPG, VIB, DXG, TID, TVC, GIL, MSH, TIX, TLT, DHC, SGC: Thông tin giao dịch lượng lớn cổ phiếu",OTHER,OTHER,NEUTRAL,LOW,STOCK_SPECIFIC,MEDIUM,WEAK_RULE_V3_ENTITY_TIERED,WEAK_RULE_V3; tier=HIGH_PRECISION; entity=TITLE_TICKER|BODY_COMPANY|BODY_TICKER|TARGET_CONTEXT; score=17; event=OTHER; symbol=HPG,TITLE_TICKER|BODY_COMPANY|BODY_TICKER|TARGET_CONTEXT,TITLE_TICKER_WITH_TARGET_CONTEXT,HIGH_PRECISION,FALLBACK_QUARANTINE,FALLBACK_NO_EVENT_DETECTED,80,MEDIUM,NOT_INDEPENDENTLY_VALIDATED,False
58fe848482f2fda3585e,008efba7552c56f52c779fb4b29580c0,HPG,Công ty Cổ phần Tập đoàn Hòa Phát,2021-06-02,VietnamBiz,https://vietnambiz.vn/dong-tien-thong-minh-2-6-ndt-ca-nhan-va-tu-doanh-giam-mua-rong-phien-hose-dong-cua-som-tam-diem-hut-von-tiep-tuc-la-hpg-20210602082440387.htm,"Dòng tiền thông minh 2/6: NĐT cá nhân và tự doanh giảm mua ròng phiên HOSE đóng cửa sớm, tâm điểm hút vốn tiếp tục là HPG",OTHER,OTHER,NEUTRAL,LOW,STOCK_SPECIFIC,MEDIUM,WEAK_RULE_V3_ENTITY_TIERED,WEAK_RULE_V3; tier=HIGH_PRECISION; entity=TITLE_TICKER|BODY_TICKER|TARGET_CONTEXT; score=13; event=OTHER; symbol=HPG,TITLE_TICKER|BODY_TICKER|TARGET_CONTEXT,TITLE_TICKER_WITH_TARGET_CONTEXT,HIGH_PRECISION,FALLBACK_QUARANTINE,FALLBACK_NO_EVENT_DETECTED,80,MEDIUM,NOT_INDEPENDENTLY_VALIDATED,False
0dd15ad1745dcfdda757,7e9081433c80da27db2de169008254d3,HPG,Công ty Cổ phần Tập đoàn Hòa Phát,2021-06-03,VietnamBiz,https://vietnambiz.vn/ubck-yeu-cau-con-trai-ong-tran-dinh-long-dung-mua-5-trieu-co-phieu-hpg-20210603065933339.htm,Con trai Chủ tịch Trần Đình Long phải dừng mua 5 triệu cổ phiếu HPG,OTHER,OTHER,NEUTRAL,LOW,STOCK_SPECIFIC,MEDIUM,WEAK_RULE_V3_ENTITY_TIERED,WEAK_RULE_V3; tier=HIGH_PRECISION; entity=TITLE_TICKER|BODY_COMPANY|BODY_TICKER|TARGET_CONTEXT; score=17; event=OTHER; symbol=HPG,TITLE_TICKER|BODY_COMPANY|BODY_TICKER|TARGET_CONTEXT,TITLE_TICKER_WITH_TARGET_CONTEXT,HIGH_PRECISION,FALLBACK_QUARANTINE,FALLBACK_NO_EVENT_DETECTED,80,MEDIUM,NOT_INDEPENDENTLY_VALIDATED,False
98410c5b2dca58522cf5,9f7b6ed7a58517c8c260b8317a7e6b95,VIC,Tập đoàn Vingroup,2021-06-03,VietnamBiz,https://vietnambiz.vn/tin-kinh-te-truoc-gio-giao-dich-3-6-chung-khoan-my-hoi-phuc-vingroup-don-luc-dua-vinfast-my-tien-2021060308180811.htm,"Tin kinh tế trước giờ giao dịch (3/6): Chứng khoán Mỹ hồi phục, Vingroup dồn lực đưa VinFast 'Mỹ tiến'",MACRO_POLICY,MACRO_POLICY,NEUTRAL,MODERATE,MARKET,HIGH,WEAK_RULE_V3_ENTITY_TIERED,WEAK_RULE_V3; tier=HIGH_PRECISION; entity=TITLE_COMPANY|BODY_COMPANY; score=11; event=MACRO_POLICY; symbol=VIC,TITLE_COMPANY|BODY_COMPANY,TITLE_ENTITY_MENTION,HIGH_PRECISION,INFORMATIVE_CANDIDATE,EXPERIMENTAL_INFORMATIVE_UNVALIDATED,100,CRITICAL,NOT_INDEPENDENTLY_VALIDATED,True
a08787f6e8058f62f4e4,63d9c94731bc0918ff0ce1534f2132a9,HPG,Công ty Cổ phần Tập đoàn Hòa Phát,2021-06-04,CafeF,https://cafef.vn/phien-4-6-khoi-ngoai-tiep-tuc-ban-rong-hon-1500-ty-dong-tap-trung-hoa-luc-vao-mbb-hpg-20210604151114282.chn,"Phiên 4/6: Khối ngoại tiếp tục bán ròng hơn 1.500 tỷ đồng, tập trung “hỏa lực” vào MBB, HPG",OTHER,OTHER,NEUTRAL,LOW,STOCK_SPECIFIC,MEDIUM,WEAK_RULE_V3_ENTITY_TIERED,WEAK_RULE_V3; tier=HIGH_PRECISION; entity=TITLE_TICKER|BODY_TICKER|TARGET_CONTEXT; score=13; event=OTHER; symbol=HPG,TITLE_TICKER|BODY_TICKER|TARGET_CONTEXT,TITLE_TICKER_WITH_TARGET_CONTEXT,HIGH_PRECISION,FALLBACK_QUARANTINE,FALLBACK_NO_EVENT_DETECTED,80,MEDIUM,NOT_INDEPENDENTLY_VALIDATED,False
7857030a227beeb69f28,63d9c94731bc0918ff0ce1534f2132a9,MBB,Ngân hàng TMCP Quân Đội,2021-06-04,CafeF,https://cafef.vn/phien-4-6-khoi-ngoai-tiep-tuc-ban-rong-hon-1500-ty-dong-tap-trung-hoa-luc-vao-mbb-hpg-20210604151114282.chn,"Phiên 4/6: Khối ngoại tiếp tục bán ròng hơn 1.500 tỷ đồng, tập trung “hỏa lực” vào MBB, HPG",OTHER,OTHER,NEUTRAL,LOW,STOCK_SPECIFIC,MEDIUM,WEAK_RULE_V3_ENTITY_TIERED,WEAK_RULE_V3; tier=HIGH_PRECISION; entity=TITLE_TICKER|BODY_TICKER|TARGET_CONTEXT; score=13; event=OTHER; symbol=MBB,TITLE_TICKER|BODY_TICKER|TARGET_CONTEXT,TITLE_TICKER_WITH_TARGET_CONTEXT,HIGH_PRECISION,FALLBACK_QUARANTINE,FALLBACK_NO_EVENT_DETECTED,80,MEDIUM,NOT_INDEPENDENTLY_VALIDATED,False
0d1381f001dc2f4ec441,c68017772d923a515f1d526bd374ca5c,GEX,Công ty Cổ phần Tập đoàn GELEX,2021-06-04,CafeF,https://cafef.vn/gex-ceo-nguyen-van-tuan-da-hoan-tat-mua-30-trieu-co-phieu-nang-so-huu-len-177-von-20210604090945937.chn,"GEX: CEO Nguyễn Văn Tuấn đã hoàn tất mua 30 triệu cổ phiếu, nâng sở hữu lên 17,7% vốn",CORPORATE_ACTION,DIVIDEND,POSITIVE,MODERATE,STOCK_SPECIFIC,HIGH,WEAK_RULE_V3_ENTITY_TIERED,WEAK_RULE_V3; tier=HIGH_PRECISION; entity=TITLE_TICKER|BODY_COMPANY|BODY_TICKER|TARGET_CONTEXT; score=17; event=DIVIDEND; symbol=GEX,TITLE_TICKER|BODY_COMPANY|BODY_TICKER|TARGET_CONTEXT,TITLE_TICKER_WITH_TARGET_CONTEXT,HIGH_PRECISION,INFORMATIVE_CANDIDATE,EXPERIMENTAL_INFORMATIVE_UNVALIDATED,100,HIGH,NOT_INDEPENDENTLY_VALIDATED,True
1b363174da418d4de282,dbf70921b4fd634ad14ee5e9c110282b,SSI,Công ty Cổ phần Chứng khoán SSI,2021-06-04,CafeF,https://cafef.vn/chung-khoan-ssi-thong-qua-phuong-an-phat-hanh-329-trieu-co-phieu-thuong-va-chao-ban-cho-co-dong-hien-huu-20210604160116978.chn,Chứng khoán SSI thông qua phương án phát hành 329 triệu cổ phiếu thưởng và chào bán cho cổ đông hiện hữu,CORPORATE_ACTION,DIVIDEND,POSITIVE,MODERATE,STOCK_SPECIFIC,HIGH,WEAK_RULE_V3_ENTITY_TIERED,WEAK_RULE_V3; tier=HIGH_PRECISION; entity=TITLE_TICKER|TITLE_COMPANY|BODY_COMPANY|BODY_TICKER|TARGET_CONTEXT; score=24; event=DIVIDEND; symbol=SSI,TITLE_TICKER|TITLE_COMPANY|BODY_COMPANY|BODY_TICKER|TARGET_CONTEXT,TITLE_TICKER_WITH_TARGET_CONTEXT,HIGH_PRECISION,INFORMATIVE_CANDIDATE,EXPERIMENTAL_INFORMATIVE_UNVALIDATED,100,HIGH,NOT_INDEPENDENTLY_VALIDATED,True
4c9dee83a13b4075fd6c,fa7d2a19f2c1fa551349d0805eb85c4e,VNM,Công ty Cổ phần Sữa Việt Nam,2021-06-04,CafeF,https://cafef.vn/platinum-victory-tiep-tuc-dang-ky-mua-gan-21-trieu-co-phieu-vnm-2021060415245148.chn,Platinum Victory tiếp tục đăng ký mua gần 21 triệu cổ phiếu VNM,OTHER,OTHER,NEUTRAL,LOW,STOCK_SPECIFIC,MEDIUM,WEAK_RULE_V3_ENTITY_TIERED,WEAK_RULE_V3; tier=HIGH_PRECISION; entity=TITLE_TICKER|BODY_ALIAS|BODY_TICKER|TARGET_CONTEXT; score=17; event=OTHER; symbol=VNM,TITLE_TICKER|BODY_ALIAS|BODY_TICKER|TARGET_CONTEXT,TITLE_TICKER_WITH_TARGET_CONTEXT,HIGH_PRECISION,FALLBACK_QUARANTINE,FALLBACK_NO_EVENT_DETECTED,80,MEDIUM,NOT_INDEPENDENTLY_VALIDATED,False
2bf0e7ef950f752709ff,faec5c512bada4de4b7b741b88ba20a7,HSG,Công ty Cổ phần Tập đoàn Hoa Sen,2021-06-04,CafeF,https://cafef.vn/ftse-vietnam-index-them-hsg-loai-dxg-khoi-danh-muc-trong-ky-review-quy-2-2021-20210604172012158.chn,"FTSE Vietnam Index thêm HSG, loại DXG khỏi danh mục trong kỳ review quý 2/2021",OTHER,OTHER,NEUTRAL,LOW,STOCK_SPECIFIC,MEDIUM,WEAK_RULE_V3_ENTITY_TIERED,WEAK_RULE_V3; tier=HIGH_PRECISION; entity=TITLE_TICKER|BODY_COMPANY|BODY_TICKER|TARGET_CONTEXT; score=17; event=OTHER; symbol=HSG,TITLE_TICKER|BODY_COMPANY|BODY_TICKER|TARGET_CONTEXT,TITLE_TICKER_WITH_TARGET_CONTEXT,HIGH_PRECISION,FALLBACK_QUARANTINE,FALLBACK_NO_EVENT_DETECTED,80,MEDIUM,NOT_INDEPENDENTLY_VALIDATED,False
d1f637c51b200c529f50,189266d17cf1adb3757bc1beb85c38d7,FPT,Công ty Cổ phần FPT,2021-06-08,CafeF,https://cafef.vn/fpt-telecom-fox-chot-danh-sach-co-dong-phat-hanh-55-trieu-co-phieu-tra-co-tuc-20210608101849335.chn,FPT Telecom (FOX) chốt danh sách cổ đông phát hành 55 triệu cổ phiếu trả cổ tức,BUSINESS_RESULT,PROFIT_DECLINE,NEGATIVE,HIGH,STOCK_SPECIFIC,HIGH,WEAK_RULE_V3_ENTITY_TIERED,WEAK_RULE_V3; tier=HIGH_PRECISION; entity=TITLE_TICKER|BODY_TICKER|TARGET_CONTEXT; score=13; event=PROFIT_DECLINE; symbol=FPT,TITLE_TICKER|BODY_TICKER|TARGET_CONTEXT,TITLE_TICKER_WITH_TARGET_CONTEXT,HIGH_PRECISION,INFORMATIVE_CANDIDATE,EXPERIMENTAL_INFORMATIVE_UNVALIDATED,100,HIGH,NOT_INDEPENDENTLY_VALIDATED,True
5df07d7f368506fe75e9,fdd47392c27d899340866c2ca1753177,VCI,Công ty Cổ phần Chứng khoán Vietcap,2021-06-08,CafeF,https://cafef.vn/chung-khoan-ban-viet-vci-phat-hanh-hon-166-trieu-co-phieu-thuong-ty-le-100-20210608172240243.chn,Chứng khoán Bản Việt (VCI) phát hành hơn 166 triệu cổ phiếu thưởng tỷ lệ 100%,BUSINESS_RESULT,PROFIT_GROWTH,POSITIVE,HIGH,STOCK_SPECIFIC,HIGH,WEAK_RULE_V3_ENTITY_TIERED,WEAK_RULE_V3; tier=HIGH_PRECISION; entity=TITLE_TICKER|TITLE_ALIAS|BODY_ALIAS|BODY_TICKER|TARGET_CONTEXT; score=24; event=PROFIT_GROWTH; symbol=VCI,TITLE_TICKER|TITLE_ALIAS|BODY_ALIAS|BODY_TICKER|TARGET_CONTEXT,TITLE_TICKER_WITH_TARGET_CONTEXT,HIGH_PRECISION,INFORMATIVE_CANDIDATE,EXPERIMENTAL_INFORMATIVE_UNVALIDATED,100,HIGH,NOT_INDEPENDENTLY_VALIDATED,True
70c95875653b484daccd,60fb3f6a57c001e4c75f45950dd24741,GEX,Công ty Cổ phần Tập đoàn GELEX,2021-06-11,CafeF,https://cafef.vn/co-phieu-cham-dinh-lich-su-dragon-capital-chop-thoi-co-thoai-von-tai-gelex-20210611090745156.chn,"Cổ phiếu chạm đỉnh lịch sử, Dragon Capital chớp thời cơ thoái vốn tại Gelex",OTHER,OTHER,NEUTRAL,LOW,STOCK_SPECIFIC,MEDIUM,WEAK_RULE_V3_ENTITY_TIERED,WEAK_RULE_V3; tier=HIGH_PRECISION; entity=TITLE_COMPANY|BODY_COMPANY|BODY_TICKER|TARGET_CONTEXT; score=17; event=OTHER; symbol=GEX,TITLE_COMPANY|BODY_COMPANY|BODY_TICKER|TARGET_CONTEXT,TITLE_ENTITY_WITH_TARGET_CONTEXT,HIGH_PRECISION,FALLBACK_QUARANTINE,FALLBACK_NO_EVENT_DETECTED,80,MEDIUM,NOT_INDEPENDENTLY_VALIDATED,False
8f49dae81ea12bb3c4c6,ecf78540ff9120db723c98e7dfb3dcce,HPG,Công ty Cổ phần Tập đoàn Hòa Phát,2021-06-11,CafeF,https://cafef.vn/hoa-phat-hpg-chot-ngay-lay-y-kien-co-dong-lien-quan-den-viec-con-trai-chu-tich-tran-dinh-long-muon-mua-them-5-trieu-co-phan-20210611111842952.chn,Hoà Phát (HPG): Chốt ngày lấy ý kiến cổ đông liên quan đến việc con trai Chủ tịch Trần Đình Long muốn mua thêm 5 triệu cổ phần,OTHER,OTHER,NEUTRAL,LOW,STOCK_SPECIFIC,MEDIUM,WEAK_RULE_V3_ENTITY_TIERED,WEAK_RULE_V3; tier=HIGH_PRECISION; entity=TITLE_TICKER|TITLE_COMPANY|BODY_COMPANY|BODY_TICKER|TARGET_CONTEXT; score=24; event=OTHER; symbol=HPG,TITLE_TICKER|TITLE_COMPANY|BODY_COMPANY|BODY_TICKER|TARGET_CONTEXT,TITLE_TICKER_WITH_TARGET_CONTEXT,HIGH_PRECISION,FALLBACK_QUARANTINE,FALLBACK_NO_EVENT_DETECTED,80,MEDIUM,NOT_INDEPENDENTLY_VALIDATED,False
3a849ce1f2c24c80a218,f06d36e537ab4e1fd839eb676664c3bb,NKG,Công ty Cổ phần Thép Nam Kim,2021-06-11,VietnamBiz,https://vietnambiz.vn/nam-kim-bat-dau-ban-hang-trieu-co-phieu-quy-tu-ngay-22-6-20210611161933146.htm,Nam Kim bắt đầu bán hàng triệu cổ phiếu quỹ từ ngày 22/6,OTHER,OTHER,NEUTRAL,LOW,STOCK_SPECIFIC,MEDIUM,WEAK_RULE_V3_ENTITY_TIERED,WEAK_RULE_V3; tier=HIGH_PRECISION; entity=TITLE_ALIAS|BODY_COMPANY|BODY_TICKER|TARGET_CONTEXT; score=17; event=OTHER; symbol=NKG,TITLE_ALIAS|BODY_COMPANY|BODY_TICKER|TARGET_CONTEXT,TITLE_ENTITY_WITH_TARGET_CONTEXT,HIGH_PRECISION,FALLBACK_QUARANTINE,FALLBACK_NO_EVENT_DETECTED,80,MEDIUM,NOT_INDEPENDENTLY_VALIDATED,False
5c10419760dea23781a0,0159c91b8d937cbd6878006d22f342f2,ANV,Công ty Cổ phần Nam Việt,2021-06-12,VietnamBiz,https://vietnambiz.vn/lanh-dao-nam-viet-dang-ky-ban-5-trieu-cp-anv-khi-gia-vuot-dinh-20210611112545992.htm,Lãnh đạo Nam Việt đăng ký bán 5 triệu cp ANV khi giá vượt đỉnh,OTHER,OTHER,NEUTRAL,LOW,STOCK_SPECIFIC,MEDIUM,WEAK_RULE_V3_ENTITY_TIERED,WEAK_RULE_V3; tier=HIGH_PRECISION; entity=TITLE_TICKER|TITLE_COMPANY|BODY_COMPANY|BODY_TICKER|TARGET_CONTEXT; score=24; event=OTHER; symbol=ANV,TITLE_TICKER|TITLE_COMPANY|BODY_COMPANY|BODY_TICKER|TARGET_CONTEXT,TITLE_TICKER_WITH_TARGET_CONTEXT,HIGH_PRECISION,FALLBACK_QUARANTINE,FALLBACK_NO_EVENT_DETECTED,80,MEDIUM,NOT_INDEPENDENTLY_VALIDATED,False
10e6e4b04b2ed3da77de,586d91aa5c4a8c454f172c8aaccc049c,PNJ,Công ty Cổ phần Vàng bạc Đá quý Phú Nhuận,2021-06-12,VietnamBiz,https://vietnambiz.vn/lanh-dao-pnj-ha-do-bi-phat-vi-vi-pham-trong-giao-dich-co-phieu-20210612075132374.htm,"Lãnh đạo PNJ, Hà Đô bị phạt vì vi phạm trong giao dịch cổ phiếu",LEGAL_REGULATORY,LEGAL_RISK,NEGATIVE,HIGH,STOCK_SPECIFIC,HIGH,WEAK_RULE_V3_ENTITY_TIERED,WEAK_RULE_V3; tier=HIGH_PRECISION; entity=TITLE_TICKER|BODY_TICKER|TARGET_CONTEXT; score=13; event=LEGAL_RISK; symbol=PNJ,TITLE_TICKER|BODY_TICKER|TARGET_CONTEXT,TITLE_TICKER_WITH_TARGET_CONTEXT,HIGH_PRECISION,INFORMATIVE_CANDIDATE,EXPERIMENTAL_INFORMATIVE_UNVALIDATED,100,CRITICAL,NOT_INDEPENDENTLY_VALIDATED,True
c701636bbffc52740e40,8b596018528984650be215a58c5a4fa4,NKG,Công ty Cổ phần Thép Nam Kim,2021-06-12,VietnamBiz,https://vietnambiz.vn/dxg-vib-nkg-lanh-dao-va-nguoi-nha-ban-co-phieu-truoc-phien-giam-san-o-vung-dinh-lich-su-20210611190714637.htm,"DXG, VIB, NKG: Lãnh đạo và người nhà bán cổ phiếu trước phiên giảm sàn, ở vùng đỉnh lịch sử",CORPORATE_ACTION,STOCK_ISSUANCE,NEUTRAL,MODERATE,STOCK_SPECIFIC,HIGH,WEAK_RULE_V3_ENTITY_TIERED,WEAK_RULE_V3; tier=HIGH_PRECISION; entity=TITLE_TICKER|BODY_COMPANY|BODY_TICKER|TARGET_CONTEXT; score=17; event=STOCK_ISSUANCE; symbol=NKG,TITLE_TICKER|BODY_COMPANY|BODY_TICKER|TARGET_CONTEXT,TITLE_TICKER_WITH_TARGET_CONTEXT,HIGH_PRECISION,INFORMATIVE_CANDIDATE,EXPERIMENTAL_INFORMATIVE_UNVALIDATED,100,HIGH,NOT_INDEPENDENTLY_VALIDATED,True
b878c164cac2a88ffa8a,10d60533bbb38e69fcdffc58ebbfb93a,GAS,Tổng Công ty Khí Việt Nam,2021-06-16,CafeF,https://cafef.vn/pvgas-gas-chot-danh-sach-co-dong-chi-hon-5700-ty-dong-tra-co-tuc-nam-2020-ty-le-30-20210616100925702.chn,PVGas (GAS) chốt danh sách cổ đông chi hơn 5.700 tỷ đồng trả cổ tức năm 2020 tỷ lệ 30%,CORPORATE_ACTION,DIVIDEND,POSITIVE,MODERATE,STOCK_SPECIFIC,HIGH,WEAK_RULE_V3_ENTITY_TIERED,WEAK_RULE_V3; tier=HIGH_PRECISION; entity=TITLE_TICKER|BODY_ALIAS|BODY_TICKER|TARGET_CONTEXT; score=17; event=DIVIDEND; symbol=GAS,TITLE_TICKER|BODY_ALIAS|BODY_TICKER|TARGET_CONTEXT,TITLE_TICKER_WITH_TARGET_CONTEXT,HIGH_PRECISION,INFORMATIVE_CANDIDATE,EXPERIMENTAL_INFORMATIVE_UNVALIDATED,100,HIGH,NOT_INDEPENDENTLY_VALIDATED,True
5ff85c8bafe859a646bb,a691982d05840c1c8cb9cce12df6e79a,HAH,Công ty Cổ phần Vận tải và Xếp dỡ Hải An,2021-06-16,CafeF,https://cafef.vn/dxg-vds-tco-tvb-imp-ve1-ssg-tms-hah-elc-mac-fgl-lmc-thong-tin-giao-dich-luong-lon-co-phieu-20210616080600048.chn,"DXG, VDS, TCO, TVB, IMP, VE1, SSG, TMS, HAH, ELC, MAC, FGL, LMC: Thông tin giao dịch lượng lớn cổ phiếu",OTHER,OTHER,NEUTRAL,LOW,STOCK_SPECIFIC,MEDIUM,WEAK_RULE_V3_ENTITY_TIERED,WEAK_RULE_V3; tier=HIGH_PRECISION; entity=TITLE_TICKER|BODY_ALIAS|BODY_TICKER|TARGET_CONTEXT; score=17; event=OTHER; symbol=HAH,TITLE_TICKER|BODY_ALIAS|BODY_TICKER|TARGET_CONTEXT,TITLE_TICKER_WITH_TARGET_CONTEXT,HIGH_PRECISION,FALLBACK_QUARANTINE,FALLBACK_NO_EVENT_DETECTED,80,MEDIUM,NOT_INDEPENDENTLY_VALIDATED,False
0a1e016a18236001a79e,a691982d05840c1c8cb9cce12df6e79a,IMP,Công ty Cổ phần Dược phẩm Imexpharm,2021-06-16,CafeF,https://cafef.vn/dxg-vds-tco-tvb-imp-ve1-ssg-tms-hah-elc-mac-fgl-lmc-thong-tin-giao-dich-luong-lon-co-phieu-20210616080600048.chn,"DXG, VDS, TCO, TVB, IMP, VE1, SSG, TMS, HAH, ELC, MAC, FGL, LMC: Thông tin giao dịch lượng lớn cổ phiếu",OTHER,OTHER,NEUTRAL,LOW,STOCK_SPECIFIC,MEDIUM,WEAK_RULE_V3_ENTITY_TIERED,WEAK_RULE_V3; tier=HIGH_PRECISION; entity=TITLE_TICKER|BODY_COMPANY|BODY_TICKER|TARGET_CONTEXT; score=17; event=OTHER; symbol=IMP,TITLE_TICKER|BODY_COMPANY|BODY_TICKER|TARGET_CONTEXT,TITLE_TICKER_WITH_TARGET_CONTEXT,HIGH_PRECISION,FALLBACK_QUARANTINE,FALLBACK_NO_EVENT_DETECTED,80,MEDIUM,NOT_INDEPENDENTLY_VALIDATED,False
5b6f94cc774f1393522b,df6ff4e5792487ca6ae254d2c5d0c07f,PLX,Tập đoàn Xăng dầu Việt Nam,2021-06-20,CafeF,https://cafef.vn/vib-abb-dqc-fts-fir-plx-fdc-hax-c47-elc-hci-tco-ttc-thong-tin-giao-dich-luong-lon-co-phieu-20210619175024444.chn,"VIB, ABB, DQC, FTS, FIR, PLX, FDC, HAX, C47, ELC, HCI, TCO, TTC: Thông tin giao dịch lượng lớn cổ phiếu",OTHER,OTHER,NEUTRAL,LOW,STOCK_SPECIFIC,MEDIUM,WEAK_RULE_V3_ENTITY_TIERED,WEAK_RULE_V3; tier=HIGH_PRECISION; entity=TITLE_TICKER|BODY_COMPANY|BODY_TICKER|TARGET_CONTEXT; score=17; event=OTHER; symbol=PLX,TITLE_TICKER|BODY_COMPANY|BODY_TICKER|TARGET_CONTEXT,TITLE_TICKER_WITH_TARGET_CONTEXT,HIGH_PRECISION,FALLBACK_QUARANTINE,FALLBACK_NO_EVENT_DETECTED,80,MEDIUM,NOT_INDEPENDENTLY_VALIDATED,False
f9df3d8dc317bafe9089,fca9793c0b42bb1e167087bd28ad73ba,IMP,Công ty Cổ phần Dược phẩm Imexpharm,2021-06-20,CafeF,https://cafef.vn/vof-vinacapital-tham-gia-thuong-vu-ipo-dat-xanh-services-thoai-von-khoi-imexpharm-20210619002901435.chn,"VOF VinaCapital: Tham gia thương vụ IPO Dat Xanh Services, thoái vốn khỏi Imexpharm",OTHER,OTHER,NEUTRAL,LOW,STOCK_SPECIFIC,MEDIUM,WEAK_RULE_V3_ENTITY_TIERED,WEAK_RULE_V3; tier=HIGH_PRECISION; entity=TITLE_ALIAS|BODY_COMPANY|BODY_TICKER; score=13; event=OTHER; symbol=IMP,TITLE_ALIAS|BODY_COMPANY|BODY_TICKER,TITLE_ENTITY_MENTION,HIGH_PRECISION,FALLBACK_QUARANTINE,FALLBACK_NO_EVENT_DETECTED,80,MEDIUM,NOT_INDEPENDENTLY_VALIDATED,False
0f8f3a83fefacf0f8e86,1b3b37338a26f554afc4d7d1f6ccb39e,PNJ,Công ty Cổ phần Vàng bạc Đá quý Phú Nhuận,2021-06-21,CafeF,https://cafef.vn/pnj-uoc-lai-rong-685-ty-dong-sau-5-thang-tang-884-so-voi-cung-ky-2020-2021062109364672.chn,"PNJ đạt 685 tỷ đồng lợi nhuận sau thuế sau 5 tháng, tăng 88,4% so với cùng kỳ 2020",BUSINESS_RESULT,PROFIT_GROWTH,POSITIVE,HIGH,STOCK_SPECIFIC,HIGH,WEAK_RULE_V3_ENTITY_TIERED,WEAK_RULE_V3; tier=HIGH_PRECISION; entity=TITLE_TICKER|BODY_TICKER|TARGET_CONTEXT; score=13; event=PROFIT_GROWTH; symbol=PNJ,TITLE_TICKER|BODY_TICKER|TARGET_CONTEXT,TITLE_TICKER_WITH_TARGET_CONTEXT,HIGH_PRECISION,INFORMATIVE_CANDIDATE,EXPERIMENTAL_INFORMATIVE_UNVALIDATED,100,HIGH,NOT_INDEPENDENTLY_VALIDATED,True
c3eba0ca7daaaaf2e373,2180572d6bf68186e2eee9fd7852941c,HPG,Công ty Cổ phần Tập đoàn Hòa Phát,2021-06-21,CafeF,https://cafef.vn/phien-21-6-khoi-ngoai-day-manh-ban-rong-hon-1100-ty-dong-tap-trung-xa-nvl-hpg-20210621153043545.chn,"Phiên 21/6: Khối ngoại đẩy mạnh bán ròng hơn 1.100 tỷ đồng, tập trung “xả” NVL, HPG",OTHER,OTHER,NEUTRAL,LOW,STOCK_SPECIFIC,MEDIUM,WEAK_RULE_V3_ENTITY_TIERED,WEAK_RULE_V3; tier=HIGH_PRECISION; entity=TITLE_TICKER|BODY_TICKER|TARGET_CONTEXT; score=13; event=OTHER; symbol=HPG,TITLE_TICKER|BODY_TICKER|TARGET_CONTEXT,TITLE_TICKER_WITH_TARGET_CONTEXT,HIGH_PRECISION,FALLBACK_QUARANTINE,FALLBACK_NO_EVENT_DETECTED,80,MEDIUM,NOT_INDEPENDENTLY_VALIDATED,False
3dc8e63de18496dbd129,2180572d6bf68186e2eee9fd7852941c,NVL,Công ty Cổ phần Tập đoàn Đầu tư Địa ốc No Va,2021-06-21,CafeF,https://cafef.vn/phien-21-6-khoi-ngoai-day-manh-ban-rong-hon-1100-ty-dong-tap-trung-xa-nvl-hpg-20210621153043545.chn,"Phiên 21/6: Khối ngoại đẩy mạnh bán ròng hơn 1.100 tỷ đồng, tập trung “xả” NVL, HPG",OTHER,OTHER,NEUTRAL,LOW,STOCK_SPECIFIC,MEDIUM,WEAK_RULE_V3_ENTITY_TIERED,WEAK_RULE_V3; tier=HIGH_PRECISION; entity=TITLE_TICKER|BODY_TICKER|TARGET_CONTEXT; score=13; event=OTHER; symbol=NVL,TITLE_TICKER|BODY_TICKER|TARGET_CONTEXT,TITLE_TICKER_WITH_TARGET_CONTEXT,HIGH_PRECISION,FALLBACK_QUARANTINE,FALLBACK_NO_EVENT_DETECTED,80,MEDIUM,NOT_INDEPENDENTLY_VALIDATED,False
82c00c2c3857b11bfb9d,5890480881335e0efb85efd1e4293e9c,POW,Tổng Công ty Điện lực Dầu khí Việt Nam,2021-06-21,VietnamBiz,https://vietnambiz.vn/co-phieu-tam-diem-22-6-pow-plc-skg-20210621173151871.htm,"Cổ phiếu tâm điểm 22/6: POW, PLC, SKG",BUSINESS_RESULT,PROJECT_EXPANSION,POSITIVE,MODERATE,STOCK_SPECIFIC,HIGH,WEAK_RULE_V3_ENTITY_TIERED,WEAK_RULE_V3; tier=HIGH_PRECISION; entity=TITLE_TICKER|BODY_ALIAS|BODY_TICKER|TARGET_CONTEXT; score=17; event=PROJECT_EXPANSION; symbol=POW,TITLE_TICKER|BODY_ALIAS|BODY_TICKER|TARGET_CONTEXT,TITLE_TICKER_WITH_TARGET_CONTEXT,HIGH_PRECISION,INFORMATIVE_CANDIDATE,EXPERIMENTAL_INFORMATIVE_UNVALIDATED,100,HIGH,NOT_INDEPENDENTLY_VALIDATED,True
db3b56ca74a160bb46cd,6de1b4b0aa41c7e87db2136dfc5502ef,VCI,Công ty Cổ phần Chứng khoán Vietcap,2021-06-21,CafeF,https://cafef.vn/yeu-to-nao-lam-nen-thanh-cong-cua-vcsc-co-phieu-chung-khoan-thi-gia-cao-nhat-thi-truong-20210621142446007.chn,"Yếu tố nào làm nên thành công của VCSC, cổ phiếu chứng khoán thị giá cao nhất thị trường?",BUSINESS_RESULT,PROFIT_GROWTH,POSITIVE,HIGH,STOCK_SPECIFIC,HIGH,WEAK_RULE_V3_ENTITY_TIERED,WEAK_RULE_V3; tier=HIGH_PRECISION; entity=TITLE_ALIAS|BODY_ALIAS|BODY_TICKER|TARGET_CONTEXT; score=17; event=PROFIT_GROWTH; symbol=VCI,TITLE_ALIAS|BODY_ALIAS|BODY_TICKER|TARGET_CONTEXT,TITLE_ENTITY_WITH_TARGET_CONTEXT,HIGH_PRECISION,INFORMATIVE_CANDIDATE,EXPERIMENTAL_INFORMATIVE_UNVALIDATED,100,HIGH,NOT_INDEPENDENTLY_VALIDATED,True
c874f7da56e5d50ef543,b25e014c125a28afd8ad20ce3f3655fa,VRE,Công ty Cổ phần Vincom Retail,2021-06-21,CafeF,https://cafef.vn/vincom-retail-vre-sap-nhap-hai-cong-ty-con-ve-bat-dong-san-tong-von-hon-6100-ty-dong-2021062110451514.chn,"Vincom Retail (VRE) sáp nhập hai công ty con về bất động sản, tổng vốn hơn 6.100 tỷ đồng",OTHER,OTHER,NEUTRAL,LOW,STOCK_SPECIFIC,MEDIUM,WEAK_RULE_V3_ENTITY_TIERED,WEAK_RULE_V3; tier=HIGH_PRECISION; entity=TITLE_TICKER|TITLE_COMPANY|BODY_COMPANY|BODY_TICKER|TARGET_CONTEXT; score=24; event=OTHER; symbol=VRE,TITLE_TICKER|TITLE_COMPANY|BODY_COMPANY|BODY_TICKER|TARGET_CONTEXT,TITLE_TICKER_WITH_TARGET_CONTEXT,HIGH_PRECISION,FALLBACK_QUARANTINE,FALLBACK_NO_EVENT_DETECTED,80,MEDIUM,NOT_INDEPENDENTLY_VALIDATED,False
f67297c9abf1a412fe1e,d338aaed712f2f2e1e1a337a51cbdd61,VCI,Công ty Cổ phần Chứng khoán Vietcap,2021-06-21,CafeF,https://cafef.vn/vcsc-vn-index-phat-tin-hieu-quay-tro-lai-xu-huong-tang-gia-20210622162359935.chn,VCSC: VN-Index phát tín hiệu quay trở lại xu hướng tăng giá,OTHER,OTHER,NEUTRAL,LOW,STOCK_SPECIFIC,MEDIUM,WEAK_RULE_V3_ENTITY_TIERED,WEAK_RULE_V3; tier=HIGH_PRECISION; entity=TITLE_ALIAS|BODY_ALIAS; score=11; event=OTHER; symbol=VCI,TITLE_ALIAS|BODY_ALIAS,TITLE_ENTITY_MENTION,HIGH_PRECISION,FALLBACK_QUARANTINE,FALLBACK_NO_EVENT_DETECTED,80,MEDIUM,NOT_INDEPENDENTLY_VALIDATED,False
6a415f3bed0f0be17d9f,041953ef30a51bd3ea9941ec6e742e79,REE,Công ty Cổ phần Cơ Điện Lạnh,2021-06-22,CafeF,https://cafef.vn/sau-nhieu-no-luc-co-dien-lanh-nam-thinh-da-ban-het-163-trieu-co-phan-tai-tong-cong-ty-xay-dung-so-1-20210622173231742.chn,"Sau nhiều nỗ lực, Cơ điện lạnh Nam Thịnh đã bán hết 16,3 triệu cổ phần tại Tổng công ty xây dựng số 1",OTHER,OTHER,NEUTRAL,LOW,STOCK_SPECIFIC,MEDIUM,WEAK_RULE_V3_ENTITY_TIERED,WEAK_RULE_V3; tier=HIGH_PRECISION; entity=TITLE_COMPANY|BODY_COMPANY; score=11; event=OTHER; symbol=REE,TITLE_COMPANY|BODY_COMPANY,TITLE_ENTITY_MENTION,HIGH_PRECISION,FALLBACK_QUARANTINE,FALLBACK_NO_EVENT_DETECTED,80,MEDIUM,NOT_INDEPENDENTLY_VALIDATED,False
55178cf5b0cbc67145a2,22ab63882cd6cb336e349193bb4663a4,FPT,Công ty Cổ phần FPT,2021-06-22,VietnamBiz,https://vietnambiz.vn/co-phieu-tam-diem-23-6-fpt-lcg-hii-20210622174651656.htm,"Cổ phiếu tâm điểm 23/6: FPT, LCG, HII",BUSINESS_RESULT,PROJECT_EXPANSION,POSITIVE,MODERATE,STOCK_SPECIFIC,HIGH,WEAK_RULE_V3_ENTITY_TIERED,WEAK_RULE_V3; tier=HIGH_PRECISION; entity=TITLE_TICKER|BODY_TICKER|TARGET_CONTEXT; score=13; event=PROJECT_EXPANSION; symbol=FPT,TITLE_TICKER|BODY_TICKER|TARGET_CONTEXT,TITLE_TICKER_WITH_TARGET_CONTEXT,HIGH_PRECISION,INFORMATIVE_CANDIDATE,EXPERIMENTAL_INFORMATIVE_UNVALIDATED,100,HIGH,NOT_INDEPENDENTLY_VALIDATED,True
ea396e6ab4eaa30e5220,260cd13a9e23aa6c092915e1893a09e4,ACB,Ngân hàng TMCP Á Châu,2021-06-22,VietnamBiz,https://vietnambiz.vn/mot-co-phieu-van-tai-bien-tang-tran-6-phien-gia-gap-3-lan-dau-nam-sau-khi-acb-thoai-von-20210622075234439.htm,"Một cổ phiếu vận tải biển tăng trần 6 phiên, giá gấp 3 lần đầu năm sau khi ACB thoái vốn",OTHER,OTHER,NEUTRAL,LOW,STOCK_SPECIFIC,MEDIUM,WEAK_RULE_V3_ENTITY_TIERED,WEAK_RULE_V3; tier=HIGH_PRECISION; entity=TITLE_TICKER|BODY_COMPANY|BODY_TICKER|TARGET_CONTEXT; score=17; event=OTHER; symbol=ACB,TITLE_TICKER|BODY_COMPANY|BODY_TICKER|TARGET_CONTEXT,TITLE_TICKER_WITH_TARGET_CONTEXT,HIGH_PRECISION,FALLBACK_QUARANTINE,FALLBACK_NO_EVENT_DETECTED,80,MEDIUM,NOT_INDEPENDENTLY_VALIDATED,False
37bf121195c2b5bbb320,543917b86df0f5d96ee6f22a57e2e2ed,HPG,Công ty Cổ phần Tập đoàn Hòa Phát,2021-06-22,VietnamBiz,https://vietnambiz.vn/gan-116-ty-co-phieu-hpg-sap-ve-tai-khoan-cua-nha-dau-tu-20210622114215469.htm,"Gần 1,16 tỷ cổ phiếu HPG sắp về tài khoản của nhà đầu tư",CORPORATE_ACTION,DIVIDEND,POSITIVE,MODERATE,STOCK_SPECIFIC,HIGH,WEAK_RULE_V3_ENTITY_TIERED,WEAK_RULE_V3; tier=HIGH_PRECISION; entity=TITLE_TICKER|BODY_COMPANY|BODY_TICKER|TARGET_CONTEXT; score=17; event=DIVIDEND; symbol=HPG,TITLE_TICKER|BODY_COMPANY|BODY_TICKER|TARGET_CONTEXT,TITLE_TICKER_WITH_TARGET_CONTEXT,HIGH_PRECISION,INFORMATIVE_CANDIDATE,EXPERIMENTAL_INFORMATIVE_UNVALIDATED,100,HIGH,NOT_INDEPENDENTLY_VALIDATED,True
58a9dafa6dccab9311b4,80d636d0efc9a74c69b77119e39709f7,STB,Ngân hàng TMCP Sài Gòn Thương Tín,2021-06-22,CafeF,https://cafef.vn/sacombank-se-ban-815-trieu-co-phieu-quy-tu-1-7-chu-yeu-giao-dich-khop-lenh-20210622174318722.chn,"Sacombank sẽ bán 81,5 triệu cổ phiếu quỹ từ 1/7, chủ yếu giao dịch khớp lệnh",MACRO_POLICY,MACRO_POLICY,NEUTRAL,MODERATE,MARKET,HIGH,WEAK_RULE_V3_ENTITY_TIERED,WEAK_RULE_V3; tier=HIGH_PRECISION; entity=TITLE_ALIAS|BODY_COMPANY|BODY_TICKER|TARGET_CONTEXT; score=17; event=MACRO_POLICY; symbol=STB,TITLE_ALIAS|BODY_COMPANY|BODY_TICKER|TARGET_CONTEXT,TITLE_ENTITY_WITH_TARGET_CONTEXT,HIGH_PRECISION,INFORMATIVE_CANDIDATE,EXPERIMENTAL_INFORMATIVE_UNVALIDATED,100,CRITICAL,NOT_INDEPENDENTLY_VALIDATED,True
69313d0a7b36e97b531d,cc3c46fd9134187da132eac0de103299,ACB,Ngân hàng TMCP Á Châu,2021-06-22,VietnamBiz,https://vietnambiz.vn/to-chuc-lien-quan-den-dragon-capital-ban-gan-900000-co-phieu-acb-2021062210365509.htm,Tổ chức liên quan đến Dragon Capital đã bán gần 900.000 cổ phiếu ACB,CORPORATE_ACTION,DIVIDEND,POSITIVE,MODERATE,STOCK_SPECIFIC,HIGH,WEAK_RULE_V3_ENTITY_TIERED,WEAK_RULE_V3; tier=HIGH_PRECISION; entity=TITLE_TICKER|BODY_TICKER|TARGET_CONTEXT; score=13; event=DIVIDEND; symbol=ACB,TITLE_TICKER|BODY_TICKER|TARGET_CONTEXT,TITLE_TICKER_WITH_TARGET_CONTEXT,HIGH_PRECISION,INFORMATIVE_CANDIDATE,EXPERIMENTAL_INFORMATIVE_UNVALIDATED,100,HIGH,NOT_INDEPENDENTLY_VALIDATED,True
41458e40679ae91731cb,f5c2cfd496435177d42c45038c1f61e3,MWG,Công ty Cổ phần Đầu tư Thế Giới Di Động,2021-06-30,VietnamBiz,https://vietnambiz.vn/mwg-vot-len-dinh-moi-vcb-nang-do-thi-truong-20210630181959307.htm,"MWG vọt lên đỉnh mới, VCB nâng đỡ thị trường",OTHER,OTHER,NEUTRAL,LOW,STOCK_SPECIFIC,MEDIUM,WEAK_RULE_V3_ENTITY_TIERED,WEAK_RULE_V3; tier=HIGH_PRECISION; entity=TITLE_TICKER|BODY_ALIAS|BODY_TICKER|TARGET_CONTEXT; score=17; event=OTHER; symbol=MWG,TITLE_TICKER|BODY_ALIAS|BODY_TICKER|TARGET_CONTEXT,TITLE_TICKER_WITH_TARGET_CONTEXT,HIGH_PRECISION,FALLBACK_QUARANTINE,FALLBACK_NO_EVENT_DETECTED,80,MEDIUM,NOT_INDEPENDENTLY_VALIDATED,False
b8bb18b736e9b78d709e,f5c2cfd496435177d42c45038c1f61e3,VCB,Ngân hàng TMCP Ngoại thương Việt Nam,2021-06-30,VietnamBiz,https://vietnambiz.vn/mwg-vot-len-dinh-moi-vcb-nang-do-thi-truong-20210630181959307.htm,"MWG vọt lên đỉnh mới, VCB nâng đỡ thị trường",OTHER,OTHER,NEUTRAL,LOW,STOCK_SPECIFIC,MEDIUM,WEAK_RULE_V3_ENTITY_TIERED,WEAK_RULE_V3; tier=HIGH_PRECISION; entity=TITLE_TICKER|BODY_ALIAS|BODY_TICKER|TARGET_CONTEXT; score=17; event=OTHER; symbol=VCB,TITLE_TICKER|BODY_ALIAS|BODY_TICKER|TARGET_CONTEXT,TITLE_TICKER_WITH_TARGET_CONTEXT,HIGH_PRECISION,FALLBACK_QUARANTINE,FALLBACK_NO_EVENT_DETECTED,80,MEDIUM,NOT_INDEPENDENTLY_VALIDATED,False
e644994800a57f99802f,53ad0bf1f164e646aa78728858eec33d,ANV,Công ty Cổ phần Nam Việt,2021-07-01,VietnamBiz,https://vietnambiz.vn/co-phieu-tam-diem-2-7-vnm-msn-anv-2021070117375663.htm,"Cổ phiếu tâm điểm 2/7: VNM, MSN, ANV",OTHER,OTHER,NEUTRAL,LOW,STOCK_SPECIFIC,MEDIUM,WEAK_RULE_V3_ENTITY_TIERED,WEAK_RULE_V3; tier=HIGH_PRECISION; entity=TITLE_TICKER|BODY_COMPANY|BODY_TICKER|TARGET_CONTEXT; score=17; event=OTHER; symbol=ANV,TITLE_TICKER|BODY_COMPANY|BODY_TICKER|TARGET_CONTEXT,TITLE_TICKER_WITH_TARGET_CONTEXT,HIGH_PRECISION,FALLBACK_QUARANTINE,FALLBACK_NO_EVENT_DETECTED,80,MEDIUM,NOT_INDEPENDENTLY_VALIDATED,False
92acb23cdb9ce9c9d35e,53ad0bf1f164e646aa78728858eec33d,MSN,Công ty Cổ phần Tập đoàn Masan,2021-07-01,VietnamBiz,https://vietnambiz.vn/co-phieu-tam-diem-2-7-vnm-msn-anv-2021070117375663.htm,"Cổ phiếu tâm điểm 2/7: VNM, MSN, ANV",OTHER,OTHER,NEUTRAL,LOW,STOCK_SPECIFIC,MEDIUM,WEAK_RULE_V3_ENTITY_TIERED,WEAK_RULE_V3; tier=HIGH_PRECISION; entity=TITLE_TICKER|BODY_COMPANY|BODY_TICKER|TARGET_CONTEXT; score=17; event=OTHER; symbol=MSN,TITLE_TICKER|BODY_COMPANY|BODY_TICKER|TARGET_CONTEXT,TITLE_TICKER_WITH_TARGET_CONTEXT,HIGH_PRECISION,FALLBACK_QUARANTINE,FALLBACK_NO_EVENT_DETECTED,80,MEDIUM,NOT_INDEPENDENTLY_VALIDATED,False
abfec4dc7a7a48f94768,53ad0bf1f164e646aa78728858eec33d,VNM,Công ty Cổ phần Sữa Việt Nam,2021-07-01,VietnamBiz,https://vietnambiz.vn/co-phieu-tam-diem-2-7-vnm-msn-anv-2021070117375663.htm,"Cổ phiếu tâm điểm 2/7: VNM, MSN, ANV",OTHER,OTHER,NEUTRAL,LOW,STOCK_SPECIFIC,MEDIUM,WEAK_RULE_V3_ENTITY_TIERED,WEAK_RULE_V3; tier=HIGH_PRECISION; entity=TITLE_TICKER|BODY_ALIAS|BODY_TICKER|TARGET_CONTEXT; score=17; event=OTHER; symbol=VNM,TITLE_TICKER|BODY_ALIAS|BODY_TICKER|TARGET_CONTEXT,TITLE_TICKER_WITH_TARGET_CONTEXT,HIGH_PRECISION,FALLBACK_QUARANTINE,FALLBACK_NO_EVENT_DETECTED,80,MEDIUM,NOT_INDEPENDENTLY_VALIDATED,False
5e071713d13a5d551279,80e17111de3aeffd27827fb3558db8a2,VPB,Ngân hàng TMCP Việt Nam Thịnh Vượng,2021-07-01,VietnamBiz,https://vietnambiz.vn/phien-1-7-vn-index-but-pha-khoi-ngoai-tro-lai-ban-rong-tam-diem-xa-vpb-20210701160728514.htm,"Phiên 1/7: VN-Index bứt phá, khối ngoại trở lại bán ròng, tâm điểm xả VPB",OTHER,OTHER,NEUTRAL,LOW,STOCK_SPECIFIC,MEDIUM,WEAK_RULE_V3_ENTITY_TIERED,WEAK_RULE_V3; tier=HIGH_PRECISION; entity=TITLE_TICKER|BODY_TICKER|TARGET_CONTEXT; score=13; event=OTHER; symbol=VPB,TITLE_TICKER|BODY_TICKER|TARGET_CONTEXT,TITLE_TICKER_WITH_TARGET_CONTEXT,HIGH_PRECISION,FALLBACK_QUARANTINE,FALLBACK_NO_EVENT_DETECTED,80,MEDIUM,NOT_INDEPENDENTLY_VALIDATED,False
4714ddc83bd8014300fd,ca44e9e844f12c79b06cc15ae4c6c871,HPG,Công ty Cổ phần Tập đoàn Hòa Phát,2021-07-01,CafeF,https://cafef.vn/khoi-ngoai-ban-rong-ky-luc-gan-30000-ty-dong-trong-nua-dau-nam-2021-tap-trung-xa-hpg-va-nhieu-co-phieu-ngan-hang-20210630175112247.chn,"Khối ngoại bán ròng kỷ lục gần 30.000 tỷ đồng trong nửa đầu năm 2021, tập trung ""xả"" HPG và nhiều cổ phiếu ngân hàng",OTHER,OTHER,NEUTRAL,LOW,STOCK_SPECIFIC,MEDIUM,WEAK_RULE_V3_ENTITY_TIERED,WEAK_RULE_V3; tier=HIGH_PRECISION; entity=TITLE_TICKER|BODY_COMPANY|BODY_TICKER|TARGET_CONTEXT; score=17; event=OTHER; symbol=HPG,TITLE_TICKER|BODY_COMPANY|BODY_TICKER|TARGET_CONTEXT,TITLE_TICKER_WITH_TARGET_CONTEXT,HIGH_PRECISION,FALLBACK_QUARANTINE,FALLBACK_NO_EVENT_DETECTED,80,MEDIUM,NOT_INDEPENDENTLY_VALIDATED,False
0022cd62f8be7561c2a4,fe209f851a997f3568b7b21c56dccfc2,FPT,Công ty Cổ phần FPT,2021-07-02,VietnamBiz,https://vietnambiz.vn/chu-tich-ubck-dong-y-cho-hose-ap-dung-he-thong-giao-dich-cua-fpt-20210702121018512.htm,Chủ tịch UBCK đồng ý áp dụng hệ thống giao dịch của FPT tại HOSE,OTHER,OTHER,NEUTRAL,LOW,STOCK_SPECIFIC,MEDIUM,WEAK_RULE_V3_ENTITY_TIERED,WEAK_RULE_V3; tier=HIGH_PRECISION; entity=TITLE_TICKER|BODY_ALIAS|BODY_TICKER|TARGET_CONTEXT; score=17; event=OTHER; symbol=FPT,TITLE_TICKER|BODY_ALIAS|BODY_TICKER|TARGET_CONTEXT,TITLE_TICKER_WITH_TARGET_CONTEXT,HIGH_PRECISION,FALLBACK_QUARANTINE,FALLBACK_NO_EVENT_DETECTED,80,MEDIUM,NOT_INDEPENDENTLY_VALIDATED,False
504f56d779a5e0a36742,9bbbe9069454198061070c02aba22eb3,BID,Ngân hàng TMCP Đầu tư và Phát triển Việt Nam,2021-07-05,CafeF,https://cafef.vn/sau-3-nam-von-vinhomes-lai-lon-hon-vingroup-gia-tri-cua-tcb-vuot-qua-ca-bidv-lan-vietinbank-20210705170256933.chn,"Sau 3 năm, vốn VinHomes lại lớn hơn Vingroup, giá trị của TCB vượt qua cả BIDV lẫn Vietinbank",OTHER,OTHER,NEUTRAL,LOW,STOCK_SPECIFIC,MEDIUM,WEAK_RULE_V3_ENTITY_TIERED,WEAK_RULE_V3; tier=HIGH_PRECISION; entity=TITLE_ALIAS|BODY_ALIAS; score=11; event=OTHER; symbol=BID,TITLE_ALIAS|BODY_ALIAS,TITLE_ENTITY_MENTION,HIGH_PRECISION,FALLBACK_QUARANTINE,FALLBACK_NO_EVENT_DETECTED,80,MEDIUM,NOT_INDEPENDENTLY_VALIDATED,False
8e8ca173f58137262c94,9bbbe9069454198061070c02aba22eb3,CTG,Ngân hàng TMCP Công Thương Việt Nam,2021-07-05,CafeF,https://cafef.vn/sau-3-nam-von-vinhomes-lai-lon-hon-vingroup-gia-tri-cua-tcb-vuot-qua-ca-bidv-lan-vietinbank-20210705170256933.chn,"Sau 3 năm, vốn VinHomes lại lớn hơn Vingroup, giá trị của TCB vượt qua cả BIDV lẫn Vietinbank",OTHER,OTHER,NEUTRAL,LOW,STOCK_SPECIFIC,MEDIUM,WEAK_RULE_V3_ENTITY_TIERED,WEAK_RULE_V3; tier=HIGH_PRECISION; entity=TITLE_ALIAS|BODY_ALIAS; score=11; event=OTHER; symbol=CTG,TITLE_ALIAS|BODY_ALIAS,TITLE_ENTITY_MENTION,HIGH_PRECISION,FALLBACK_QUARANTINE,FALLBACK_NO_EVENT_DETECTED,80,MEDIUM,NOT_INDEPENDENTLY_VALIDATED,False
76530a6bb9e715e7d003,9bbbe9069454198061070c02aba22eb3,TCB,Ngân hàng TMCP Kỹ Thương Việt Nam,2021-07-05,CafeF,https://cafef.vn/sau-3-nam-von-vinhomes-lai-lon-hon-vingroup-gia-tri-cua-tcb-vuot-qua-ca-bidv-lan-vietinbank-20210705170256933.chn,"Sau 3 năm, vốn VinHomes lại lớn hơn Vingroup, giá trị của TCB vượt qua cả BIDV lẫn Vietinbank",OTHER,OTHER,NEUTRAL,LOW,STOCK_SPECIFIC,MEDIUM,WEAK_RULE_V3_ENTITY_TIERED,WEAK_RULE_V3; tier=HIGH_PRECISION; entity=TITLE_TICKER|BODY_ALIAS|TARGET_CONTEXT; score=15; event=OTHER; symbol=TCB,TITLE_TICKER|BODY_ALIAS|TARGET_CONTEXT,TITLE_TICKER_WITH_TARGET_CONTEXT,HIGH_PRECISION,FALLBACK_QUARANTINE,FALLBACK_NO_EVENT_DETECTED,80,MEDIUM,NOT_INDEPENDENTLY_VALIDATED,False
90b7205e3cb5dfe44369,9bbbe9069454198061070c02aba22eb3,VHM,Công ty Cổ phần Vinhomes,2021-07-05,CafeF,https://cafef.vn/sau-3-nam-von-vinhomes-lai-lon-hon-vingroup-gia-tri-cua-tcb-vuot-qua-ca-bidv-lan-vietinbank-20210705170256933.chn,"Sau 3 năm, vốn VinHomes lại lớn hơn Vingroup, giá trị của TCB vượt qua cả BIDV lẫn Vietinbank",OTHER,OTHER,NEUTRAL,LOW,STOCK_SPECIFIC,MEDIUM,WEAK_RULE_V3_ENTITY_TIERED,WEAK_RULE_V3; tier=HIGH_PRECISION; entity=TITLE_COMPANY|BODY_COMPANY; score=11; event=OTHER; symbol=VHM,TITLE_COMPANY|BODY_COMPANY,TITLE_ENTITY_MENTION,HIGH_PRECISION,FALLBACK_QUARANTINE,FALLBACK_NO_EVENT_DETECTED,80,MEDIUM,NOT_INDEPENDENTLY_VALIDATED,False
25e8dd875189a0b67202,9bbbe9069454198061070c02aba22eb3,VIC,Tập đoàn Vingroup,2021-07-05,CafeF,https://cafef.vn/sau-3-nam-von-vinhomes-lai-lon-hon-vingroup-gia-tri-cua-tcb-vuot-qua-ca-bidv-lan-vietinbank-20210705170256933.chn,"Sau 3 năm, vốn VinHomes lại lớn hơn Vingroup, giá trị của TCB vượt qua cả BIDV lẫn Vietinbank",OTHER,OTHER,NEUTRAL,LOW,STOCK_SPECIFIC,MEDIUM,WEAK_RULE_V3_ENTITY_TIERED,WEAK_RULE_V3; tier=HIGH_PRECISION; entity=TITLE_COMPANY|BODY_COMPANY; score=11; event=OTHER; symbol=VIC,TITLE_COMPANY|BODY_COMPANY,TITLE_ENTITY_MENTION,HIGH_PRECISION,FALLBACK_QUARANTINE,FALLBACK_NO_EVENT_DETECTED,80,MEDIUM,NOT_INDEPENDENTLY_VALIDATED,False
7b606d33099a2665eba3,bb096f3cd3bc5f9e07185540e1eee15c,CTG,Ngân hàng TMCP Công Thương Việt Nam,2021-07-05,CafeF,https://cafef.vn/phien-5-7-khoi-ngoai-quay-dau-ban-rong-tap-trung-ban-ctg-hpg-2021070515223171.chn,"Phiên 5/7: Khối ngoại quay đầu bán ròng, tập trung bán CTG, HPG",OTHER,OTHER,NEUTRAL,LOW,STOCK_SPECIFIC,MEDIUM,WEAK_RULE_V3_ENTITY_TIERED,WEAK_RULE_V3; tier=HIGH_PRECISION; entity=TITLE_TICKER|BODY_TICKER|TARGET_CONTEXT; score=13; event=OTHER; symbol=CTG,TITLE_TICKER|BODY_TICKER|TARGET_CONTEXT,TITLE_TICKER_WITH_TARGET_CONTEXT,HIGH_PRECISION,FALLBACK_QUARANTINE,FALLBACK_NO_EVENT_DETECTED,80,MEDIUM,NOT_INDEPENDENTLY_VALIDATED,False
98e68813057b5551aa7e,bb096f3cd3bc5f9e07185540e1eee15c,HPG,Công ty Cổ phần Tập đoàn Hòa Phát,2021-07-05,CafeF,https://cafef.vn/phien-5-7-khoi-ngoai-quay-dau-ban-rong-tap-trung-ban-ctg-hpg-2021070515223171.chn,"Phiên 5/7: Khối ngoại quay đầu bán ròng, tập trung bán CTG, HPG",OTHER,OTHER,NEUTRAL,LOW,STOCK_SPECIFIC,MEDIUM,WEAK_RULE_V3_ENTITY_TIERED,WEAK_RULE_V3; tier=HIGH_PRECISION; entity=TITLE_TICKER|BODY_TICKER|TARGET_CONTEXT; score=13; event=OTHER; symbol=HPG,TITLE_TICKER|BODY_TICKER|TARGET_CONTEXT,TITLE_TICKER_WITH_TARGET_CONTEXT,HIGH_PRECISION,FALLBACK_QUARANTINE,FALLBACK_NO_EVENT_DETECTED,80,MEDIUM,NOT_INDEPENDENTLY_VALIDATED,False
ec627fe5837a63138c42,d4964d330c3f2c9f0da27ec49143310f,VND,Công ty Cổ phần Chứng khoán VNDIRECT,2021-07-05,CafeF,https://cafef.vn/vndirect-nhu-cau-thue-dat-kcn-tang-cao-trong-nua-cuoi-nam-2021-va-sang-ca-nam-2022-20210705145251195.chn,"VNDIRECT: ""Nhu cầu thuê đất KCN tăng cao trong nửa cuối năm 2021 và sang cả năm 2022""",MACRO_POLICY,MACRO_POLICY,NEUTRAL,MODERATE,MARKET,HIGH,WEAK_RULE_V3_ENTITY_TIERED,WEAK_RULE_V3; tier=HIGH_PRECISION; entity=TITLE_ALIAS|BODY_ALIAS; score=11; event=MACRO_POLICY; symbol=VND,TITLE_ALIAS|BODY_ALIAS,TITLE_ENTITY_MENTION,HIGH_PRECISION,INFORMATIVE_CANDIDATE,EXPERIMENTAL_INFORMATIVE_UNVALIDATED,100,CRITICAL,NOT_INDEPENDENTLY_VALIDATED,True
447da43698605545e3e9,ff9341b248c6aa98032dc3dd499cdb4a,POM,Công ty Cổ phần Thép Pomina,2021-07-05,CafeF,https://cafef.vn/thep-pomina-thong-qua-ke-hoach-phat-hanh-70-trieu-co-phieu-tang-von-len-3500-ty-dong-trong-nam-2021-20210705170459471.chn,"Thép Pomina : Thông qua kế hoạch phát hành 70 triệu cổ phiếu, tăng vốn lên 3.500 tỷ đồng trong năm 2021",CORPORATE_ACTION,STOCK_ISSUANCE,NEUTRAL,MODERATE,STOCK_SPECIFIC,HIGH,WEAK_RULE_V3_ENTITY_TIERED,WEAK_RULE_V3; tier=HIGH_PRECISION; entity=TITLE_COMPANY|BODY_COMPANY|BODY_TICKER|TARGET_CONTEXT; score=17; event=STOCK_ISSUANCE; symbol=POM,TITLE_COMPANY|BODY_COMPANY|BODY_TICKER|TARGET_CONTEXT,TITLE_ENTITY_WITH_TARGET_CONTEXT,HIGH_PRECISION,INFORMATIVE_CANDIDATE,EXPERIMENTAL_INFORMATIVE_UNVALIDATED,100,HIGH,NOT_INDEPENDENTLY_VALIDATED,True
52102288cd090373d5aa,dd129f716ba36cd2b08a6d4398731dfd,VND,Công ty Cổ phần Chứng khoán VNDIRECT,2021-07-06,CafeF,https://cafef.vn/vndirect-da-tang-cua-gia-thep-thieu-ben-vung-dinh-gia-co-phieu-thep-dang-o-muc-cao-nhat-thap-ky-20210705172222473.chn,"VNDirect: ""Đà tăng của giá thép thiếu bền vững, định giá cổ phiếu thép đang ở mức cao nhất thập kỷ""",SECTOR_NEWS,SECTOR_NEWS,NEUTRAL,MODERATE,SECTOR,HIGH,WEAK_RULE_V3_ENTITY_TIERED,WEAK_RULE_V3; tier=HIGH_PRECISION; entity=TITLE_ALIAS|BODY_ALIAS; score=11; event=SECTOR_NEWS; symbol=VND,TITLE_ALIAS|BODY_ALIAS,TITLE_ENTITY_MENTION,HIGH_PRECISION,INFORMATIVE_CANDIDATE,EXPERIMENTAL_INFORMATIVE_UNVALIDATED,100,CRITICAL,NOT_INDEPENDENTLY_VALIDATED,True
830e70428239af444080,20578e2f378e27067df9d6a79847c6b5,GAS,Tổng Công ty Khí Việt Nam,2021-07-08,CafeF,https://cafef.vn/pv-gas-lnst-quy-2-2021-tang-31-len-2245-ty-dong-20210708082016455.chn,PV GAS: LNST quý 2/2021 tăng 31% lên 2.245 tỷ đồng,CORPORATE_ACTION,LEADERSHIP_CHANGE,NEUTRAL,MODERATE,STOCK_SPECIFIC,HIGH,WEAK_RULE_V3_ENTITY_TIERED,WEAK_RULE_V3; tier=HIGH_PRECISION; entity=TITLE_TICKER|TITLE_ALIAS|BODY_ALIAS|BODY_TICKER|TARGET_CONTEXT; score=24; event=LEADERSHIP_CHANGE; symbol=GAS,TITLE_TICKER|TITLE_ALIAS|BODY_ALIAS|BODY_TICKER|TARGET_CONTEXT,TITLE_TICKER_WITH_TARGET_CONTEXT,HIGH_PRECISION,INFORMATIVE_CANDIDATE,EXPERIMENTAL_INFORMATIVE_UNVALIDATED,100,HIGH,NOT_INDEPENDENTLY_VALIDATED,True
3da7fcb6ee9f4cdb8445,2ae8b7c266128c3177b55af86f7ee983,TCB,Ngân hàng TMCP Kỹ Thương Việt Nam,2021-07-08,CafeF,https://cafef.vn/vib-tcb-dig-dxg-vtr-qns-art-ipa-glc-cdp-hax-tco-thong-tin-giao-dich-luong-lon-co-phieu-20210708085128006.chn,"VIB, TCB, DIG, DXG, VTR, QNS, ART, IPA, GLC, CDP, HAX, TCO: Thông tin giao dịch lượng lớn cổ phiếu",OTHER,OTHER,NEUTRAL,LOW,STOCK_SPECIFIC,MEDIUM,WEAK_RULE_V3_ENTITY_TIERED,WEAK_RULE_V3; tier=HIGH_PRECISION; entity=TITLE_TICKER|BODY_COMPANY|BODY_TICKER|TARGET_CONTEXT; score=17; event=OTHER; symbol=TCB,TITLE_TICKER|BODY_COMPANY|BODY_TICKER|TARGET_CONTEXT,TITLE_TICKER_WITH_TARGET_CONTEXT,HIGH_PRECISION,FALLBACK_QUARANTINE,FALLBACK_NO_EVENT_DETECTED,80,MEDIUM,NOT_INDEPENDENTLY_VALIDATED,False
231a38d3532055482a92,b2eef1a10296ca8ec6b0b27be8ae1cee,DGW,Công ty Cổ phần Thế Giới Số,2021-07-11,VietnamBiz,https://vietnambiz.vn/co-phieu-ban-le-but-toc-trong-tuan-thi-truong-do-lua-mwg-va-dgw-cung-len-dinh-moi-20210711171227399.htm,"Cổ phiếu bán lẻ bứt tốc trong tuần thị trường đỏ lửa, MWG và DGW cùng lên đỉnh mới",OTHER,OTHER,NEUTRAL,LOW,STOCK_SPECIFIC,MEDIUM,WEAK_RULE_V3_ENTITY_TIERED,WEAK_RULE_V3; tier=HIGH_PRECISION; entity=TITLE_TICKER|BODY_COMPANY|BODY_TICKER|TARGET_CONTEXT; score=17; event=OTHER; symbol=DGW,TITLE_TICKER|BODY_COMPANY|BODY_TICKER|TARGET_CONTEXT,TITLE_TICKER_WITH_TARGET_CONTEXT,HIGH_PRECISION,FALLBACK_QUARANTINE,FALLBACK_NO_EVENT_DETECTED,80,MEDIUM,NOT_INDEPENDENTLY_VALIDATED,False
094564783714043563d7,b2eef1a10296ca8ec6b0b27be8ae1cee,MWG,Công ty Cổ phần Đầu tư Thế Giới Di Động,2021-07-11,VietnamBiz,https://vietnambiz.vn/co-phieu-ban-le-but-toc-trong-tuan-thi-truong-do-lua-mwg-va-dgw-cung-len-dinh-moi-20210711171227399.htm,"Cổ phiếu bán lẻ bứt tốc trong tuần thị trường đỏ lửa, MWG và DGW cùng lên đỉnh mới",OTHER,OTHER,NEUTRAL,LOW,STOCK_SPECIFIC,MEDIUM,WEAK_RULE_V3_ENTITY_TIERED,WEAK_RULE_V3; tier=HIGH_PRECISION; entity=TITLE_TICKER|BODY_ALIAS|BODY_TICKER|TARGET_CONTEXT; score=17; event=OTHER; symbol=MWG,TITLE_TICKER|BODY_ALIAS|BODY_TICKER|TARGET_CONTEXT,TITLE_TICKER_WITH_TARGET_CONTEXT,HIGH_PRECISION,FALLBACK_QUARANTINE,FALLBACK_NO_EVENT_DETECTED,80,MEDIUM,NOT_INDEPENDENTLY_VALIDATED,False
109163a65eeebb39068f,649604a787a0ddffba002d627756012f,NKG,Công ty Cổ phần Thép Nam Kim,2021-07-13,CafeF,https://cafef.vn/thep-nam-kim-nkg-sap-phat-hanh-hon-36-trieu-co-phieu-chia-thuong-va-co-tuc-nam-2020-20210712202246774.chn,Thép Nam Kim (NKG): Sắp phát hành hơn 36 triệu cổ phiếu chia thưởng và cổ tức năm 2020,CORPORATE_ACTION,DIVIDEND,POSITIVE,MODERATE,STOCK_SPECIFIC,HIGH,WEAK_RULE_V3_ENTITY_TIERED,WEAK_RULE_V3; tier=HIGH_PRECISION; entity=TITLE_TICKER|TITLE_COMPANY|BODY_COMPANY|BODY_TICKER|TARGET_CONTEXT; score=24; event=DIVIDEND; symbol=NKG,TITLE_TICKER|TITLE_COMPANY|BODY_COMPANY|BODY_TICKER|TARGET_CONTEXT,TITLE_TICKER_WITH_TARGET_CONTEXT,HIGH_PRECISION,INFORMATIVE_CANDIDATE,EXPERIMENTAL_INFORMATIVE_UNVALIDATED,100,HIGH,NOT_INDEPENDENTLY_VALIDATED,True
e0f6dc2cde8b4b6955a9,4b6a8a90c052ff6a8df0ed5a9a9a6d44,VND,Công ty Cổ phần Chứng khoán VNDIRECT,2021-07-19,CafeF,https://cafef.vn/vndirect-lai-truoc-thue-6-thang-dat-hon-1100-ty-dong-hoan-thanh-103-ke-hoach-nam-2021-20210719151217804.chn,"VNDIRECT lãi trước thuế 6 tháng đạt hơn 1.100 tỷ đồng, hoàn thành 103% kế hoạch năm 2021",OTHER,OTHER,NEUTRAL,LOW,STOCK_SPECIFIC,MEDIUM,WEAK_RULE_V3_ENTITY_TIERED,WEAK_RULE_V3; tier=HIGH_PRECISION; entity=TITLE_ALIAS|BODY_COMPANY|BODY_TICKER|TARGET_CONTEXT; score=17; event=OTHER; symbol=VND,TITLE_ALIAS|BODY_COMPANY|BODY_TICKER|TARGET_CONTEXT,TITLE_ENTITY_WITH_TARGET_CONTEXT,HIGH_PRECISION,FALLBACK_QUARANTINE,FALLBACK_NO_EVENT_DETECTED,80,MEDIUM,NOT_INDEPENDENTLY_VALIDATED,False
afb606e6b1f3a1c072a7,d9f73bf0e338e78a9fdb02b9b227b885,SHS,Công ty Cổ phần Chứng khoán Sài Gòn - Hà Nội,2021-07-20,VietnamBiz,https://vietnambiz.vn/chung-khoan-shs-lai-truoc-thue-722-ty-dong-thuc-hien-96-ke-hoach-nam-2021-sau-6-thang-20210720144506001.htm,"Chứng khoán SHS lãi trước thuế 722 tỷ đồng, thực hiện 96% kế hoạch năm 2021 sau 6 tháng",OTHER,OTHER,NEUTRAL,LOW,STOCK_SPECIFIC,MEDIUM,WEAK_RULE_V3_ENTITY_TIERED,WEAK_RULE_V3; tier=HIGH_PRECISION; entity=TITLE_TICKER|BODY_TICKER|TARGET_CONTEXT; score=13; event=OTHER; symbol=SHS,TITLE_TICKER|BODY_TICKER|TARGET_CONTEXT,TITLE_TICKER_WITH_TARGET_CONTEXT,HIGH_PRECISION,FALLBACK_QUARANTINE,FALLBACK_NO_EVENT_DETECTED,80,MEDIUM,NOT_INDEPENDENTLY_VALIDATED,False
763a55e36ad2cf4560ec,302ab697cc9aa5a26eea7c2bb6b5e4be,IMP,Công ty Cổ phần Dược phẩm Imexpharm,2021-07-21,CafeF,https://cafef.vn/imexpharm-quy-2-lai-49-ty-dong-giam-4-so-voi-cung-ky-2020-20210721083220366.chn,"Imexpharm: Quý 2 lãi 49 tỷ đồng, giảm 4% so với cùng kỳ 2020",OTHER,OTHER,NEUTRAL,LOW,STOCK_SPECIFIC,MEDIUM,WEAK_RULE_V3_ENTITY_TIERED,WEAK_RULE_V3; tier=HIGH_PRECISION; entity=TITLE_ALIAS|BODY_COMPANY|BODY_TICKER|TARGET_CONTEXT; score=17; event=OTHER; symbol=IMP,TITLE_ALIAS|BODY_COMPANY|BODY_TICKER|TARGET_CONTEXT,TITLE_ENTITY_WITH_TARGET_CONTEXT,HIGH_PRECISION,FALLBACK_QUARANTINE,FALLBACK_NO_EVENT_DETECTED,80,MEDIUM,NOT_INDEPENDENTLY_VALIDATED,False
da46b656b70478de1304,6dedebeda5f8656b09e4f46bfea416a3,PLX,Tập đoàn Xăng dầu Việt Nam,2021-07-21,VietnamBiz,https://vietnambiz.vn/petrolimex-muon-ban-them-8-trieu-co-phieu-quy-2021072022204513.htm,Petrolimex muốn bán thêm 8 triệu cổ phiếu quỹ,OTHER,OTHER,NEUTRAL,LOW,STOCK_SPECIFIC,MEDIUM,WEAK_RULE_V3_ENTITY_TIERED,WEAK_RULE_V3; tier=HIGH_PRECISION; entity=TITLE_ALIAS|BODY_COMPANY|BODY_TICKER|TARGET_CONTEXT; score=17; event=OTHER; symbol=PLX,TITLE_ALIAS|BODY_COMPANY|BODY_TICKER|TARGET_CONTEXT,TITLE_ENTITY_WITH_TARGET_CONTEXT,HIGH_PRECISION,FALLBACK_QUARANTINE,FALLBACK_NO_EVENT_DETECTED,80,MEDIUM,NOT_INDEPENDENTLY_VALIDATED,False
0b7b1330331fa4b132c3,7638008eae5b06bfd367c9934292b9a8,MSN,Công ty Cổ phần Tập đoàn Masan,2021-07-21,CafeF,https://cafef.vn/tang-diem-10-phien-lien-tiep-co-phieu-masan-meatlife-mml-len-dinh-79500-dong-cp-chinh-thuc-gia-nhap-cau-lac-bo-ty-do-von-hoa-20210721004723008.chn,"Tăng điểm 10 phiên liên tiếp, cổ phiếu Masan Meatlife (MML) lên đỉnh 79.500 đồng/cp, chính thức gia nhập câu lạc bộ ""tỷ đô"" vốn hóa",OTHER,OTHER,NEUTRAL,LOW,STOCK_SPECIFIC,MEDIUM,WEAK_RULE_V3_ENTITY_TIERED,WEAK_RULE_V3; tier=HIGH_PRECISION; entity=TITLE_COMPANY|BODY_COMPANY; score=11; event=OTHER; symbol=MSN,TITLE_COMPANY|BODY_COMPANY,TITLE_ENTITY_MENTION,HIGH_PRECISION,FALLBACK_QUARANTINE,FALLBACK_NO_EVENT_DETECTED,80,MEDIUM,NOT_INDEPENDENTLY_VALIDATED,False
ea24fbb76c83afbed9d0,90d65ed1cfea7829decb2386f0ee8a94,VIC,Tập đoàn Vingroup,2021-07-21,VietnamBiz,https://vietnambiz.vn/khoi-ngoai-ban-thoa-thuan-nghin-ty-co-phieu-vic-cua-vingroup-trong-sang-nay-20210721122332341.htm,Khối ngoại bán thỏa thuận nghìn tỷ đồng cổ phiếu VIC của Vingroup trong sáng nay,OTHER,OTHER,NEUTRAL,LOW,STOCK_SPECIFIC,MEDIUM,WEAK_RULE_V3_ENTITY_TIERED,WEAK_RULE_V3; tier=HIGH_PRECISION; entity=TITLE_TICKER|TITLE_COMPANY|BODY_TICKER|TARGET_CONTEXT; score=20; event=OTHER; symbol=VIC,TITLE_TICKER|TITLE_COMPANY|BODY_TICKER|TARGET_CONTEXT,TITLE_TICKER_WITH_TARGET_CONTEXT,HIGH_PRECISION,FALLBACK_QUARANTINE,FALLBACK_NO_EVENT_DETECTED,80,MEDIUM,NOT_INDEPENDENTLY_VALIDATED,False
61b4adbd0ff795838b66,d90d598810e296ac359deccc7077f138,FPT,Công ty Cổ phần FPT,2021-07-21,CafeF,https://cafef.vn/fpt-online-foc-nua-dau-nam-2021-ghi-nhan-doanh-thu-280-ty-loi-nhuan-tang-22-len-hon-102-ty-dong-20210720143840552.chn,"FPT Online (FOC): Nửa đầu năm 2021 ghi nhận doanh thu 280 tỷ, lợi nhuận tăng 22% lên hơn 102 tỷ đồng",BUSINESS_RESULT,PROFIT_GROWTH,POSITIVE,HIGH,STOCK_SPECIFIC,HIGH,WEAK_RULE_V3_ENTITY_TIERED,WEAK_RULE_V3; tier=HIGH_PRECISION; entity=TITLE_TICKER|BODY_ALIAS|BODY_TICKER|TARGET_CONTEXT; score=17; event=PROFIT_GROWTH; symbol=FPT,TITLE_TICKER|BODY_ALIAS|BODY_TICKER|TARGET_CONTEXT,TITLE_TICKER_WITH_TARGET_CONTEXT,HIGH_PRECISION,INFORMATIVE_CANDIDATE,EXPERIMENTAL_INFORMATIVE_UNVALIDATED,100,HIGH,NOT_INDEPENDENTLY_VALIDATED,True
a6c91d537ea4c856de98,488ee71d9b24f27d6af1473843cc8f96,VIC,Tập đoàn Vingroup,2021-07-30,CafeF,https://cafef.vn/vingroup-bao-lai-hop-nhat-truoc-thue-quy-2-dat-hon-3600-ty-dong-doanh-thu-bds-va-cong-nghiep-tang-manh-20210730075336605.chn,Vingroup báo lãi hợp nhất trước thuế quý 2/2021 đạt hơn 3.600 tỷ đồng,BUSINESS_RESULT,PROFIT_GROWTH,POSITIVE,HIGH,STOCK_SPECIFIC,HIGH,WEAK_RULE_V3_ENTITY_TIERED,WEAK_RULE_V3; tier=HIGH_PRECISION; entity=TITLE_COMPANY|BODY_COMPANY|BODY_TICKER; score=13; event=PROFIT_GROWTH; symbol=VIC,TITLE_COMPANY|BODY_COMPANY|BODY_TICKER,TITLE_ENTITY_MENTION,HIGH_PRECISION,INFORMATIVE_CANDIDATE,EXPERIMENTAL_INFORMATIVE_UNVALIDATED,100,HIGH,NOT_INDEPENDENTLY_VALIDATED,True
859a6a4051d9c2f87def,88a2d859fbb0ed21140cb8ceef8153d1,REE,Công ty Cổ phần Cơ Điện Lạnh,2021-07-30,CafeF,https://cafef.vn/ree-loi-nhuan-nua-dau-nam-dat-942-ty-tang-38-va-thuc-hien-53-chi-tieu-nam-20210730071350406.chn,"REE: Lợi nhuận nửa đầu năm đạt 942 tỷ, tăng 38% và thực hiện 53% chỉ tiêu năm",OTHER,OTHER,NEUTRAL,LOW,STOCK_SPECIFIC,MEDIUM,WEAK_RULE_V3_ENTITY_TIERED,WEAK_RULE_V3; tier=HIGH_PRECISION; entity=TITLE_TICKER|BODY_COMPANY|BODY_TICKER|TARGET_CONTEXT; score=17; event=OTHER; symbol=REE,TITLE_TICKER|BODY_COMPANY|BODY_TICKER|TARGET_CONTEXT,TITLE_TICKER_WITH_TARGET_CONTEXT,HIGH_PRECISION,FALLBACK_QUARANTINE,FALLBACK_NO_EVENT_DETECTED,80,MEDIUM,NOT_INDEPENDENTLY_VALIDATED,False
d832dbb3d85c9f6f565e,abbb46c28c0bdfa36cda2d4260358766,VPB,Ngân hàng TMCP Việt Nam Thịnh Vượng,2021-07-30,CafeF,https://cafef.vn/vpb-pan-nhh-csc-szb-thb-vrg-agg-ttz-thong-tin-giao-dich-luong-lon-co-phieu-20210730080349337.chn,"VPB, PAN, NHH, CSC, SZB, THB, VRG, AGG, TTZ: Thông tin giao dịch lượng lớn cổ phiếu",OTHER,OTHER,NEUTRAL,LOW,STOCK_SPECIFIC,MEDIUM,WEAK_RULE_V3_ENTITY_TIERED,WEAK_RULE_V3; tier=HIGH_PRECISION; entity=TITLE_TICKER|BODY_COMPANY|BODY_TICKER|TARGET_CONTEXT; score=17; event=OTHER; symbol=VPB,TITLE_TICKER|BODY_COMPANY|BODY_TICKER|TARGET_CONTEXT,TITLE_TICKER_WITH_TARGET_CONTEXT,HIGH_PRECISION,FALLBACK_QUARANTINE,FALLBACK_NO_EVENT_DETECTED,80,MEDIUM,NOT_INDEPENDENTLY_VALIDATED,False
2075e8535287fe068f7c,2e2a601b3db727d0f8a016bd7b17a383,PVD,Tổng Công ty Cổ phần Khoan và Dịch vụ Khoan Dầu khí,2021-08-01,CafeF,https://cafef.vn/pv-drilling-pvd-trich-lap-du-phong-lon-khien-lai-rong-quy-2-chi-dat-8-ty-dong-giam-86-so-voi-cung-ky-20210801092900083.chn,PV Drilling (PVD): Trích lập dự phòng lớn khiến lãi ròng quý 2 chỉ đạt 8 tỷ đồng giảm 86% so với cùng kỳ,BUSINESS_RESULT,NEW_CONTRACT,POSITIVE,MODERATE,STOCK_SPECIFIC,HIGH,WEAK_RULE_V3_ENTITY_TIERED,WEAK_RULE_V3; tier=HIGH_PRECISION; entity=TITLE_TICKER|TITLE_ALIAS|BODY_ALIAS|BODY_TICKER|TARGET_CONTEXT; score=24; event=NEW_CONTRACT; symbol=PVD,TITLE_TICKER|TITLE_ALIAS|BODY_ALIAS|BODY_TICKER|TARGET_CONTEXT,TITLE_TICKER_WITH_TARGET_CONTEXT,HIGH_PRECISION,INFORMATIVE_CANDIDATE,EXPERIMENTAL_INFORMATIVE_UNVALIDATED,100,HIGH,NOT_INDEPENDENTLY_VALIDATED,True
b4972fb5a4d47157fa4a,db96ce4ad4a2dd64e7ad7d9ddd2d1c46,VIC,Tập đoàn Vingroup,2021-08-03,VietnamBiz,https://vietnambiz.vn/tin-chuyen-giao-cong-nghe-vac-xin-covid-19-day-gia-co-phieu-doi-tac-vingroup-tang-soc-gan-11-phien-qua-20210803090033071.htm,Tin chuyển giao công nghệ vắc xin COVID-19 đẩy giá cổ phiếu đối tác Vingroup tăng sốc gần 11% phiên qua,OTHER,OTHER,NEUTRAL,LOW,STOCK_SPECIFIC,MEDIUM,WEAK_RULE_V3_ENTITY_TIERED,WEAK_RULE_V3; tier=HIGH_PRECISION; entity=TITLE_COMPANY|BODY_COMPANY|BODY_TICKER|TARGET_CONTEXT; score=17; event=OTHER; symbol=VIC,TITLE_COMPANY|BODY_COMPANY|BODY_TICKER|TARGET_CONTEXT,TITLE_ENTITY_WITH_TARGET_CONTEXT,HIGH_PRECISION,FALLBACK_QUARANTINE,FALLBACK_NO_EVENT_DETECTED,80,MEDIUM,NOT_INDEPENDENTLY_VALIDATED,False
7eb7e3332c743d0556ea,52d9bea67b19a0b4f90aff85d30adce7,MWG,Công ty Cổ phần Đầu tư Thế Giới Di Động,2021-08-04,CafeF,https://cafef.vn/mwg-sbs-tng-vc3-ntl-sze-tdm-gkm-kkc-pan-vlf-asa-hva-thong-tin-giao-dich-luong-lon-co-phieu-20210804080905933.chn,"MWG, SBS, TNG, VC3, NTL, SZE, TDM, GKM, KKC, PAN, VLF, ASA, HVA: Thông tin giao dịch lượng lớn cổ phiếu",OTHER,OTHER,NEUTRAL,LOW,STOCK_SPECIFIC,MEDIUM,WEAK_RULE_V3_ENTITY_TIERED,WEAK_RULE_V3; tier=HIGH_PRECISION; entity=TITLE_TICKER|BODY_ALIAS|BODY_TICKER|TARGET_CONTEXT; score=17; event=OTHER; symbol=MWG,TITLE_TICKER|BODY_ALIAS|BODY_TICKER|TARGET_CONTEXT,TITLE_TICKER_WITH_TARGET_CONTEXT,HIGH_PRECISION,FALLBACK_QUARANTINE,FALLBACK_NO_EVENT_DETECTED,80,MEDIUM,NOT_INDEPENDENTLY_VALIDATED,False
8de402afbe534ef6d8ec,77b0ad558ab349eba65ec2f933be055a,HCM,Công ty Cổ phần Chứng khoán Thành phố Hồ Chí Minh,2021-08-04,Tin Nhanh Chứng Khoán,https://www.tinnhanhchungkhoan.vn/ngoai-thuong-va-phat-trien-dau-tu-tp-hcm-fdc-quy-ii2021-loi-nhuan-dat-256-ty-dong-post276334.html,"Ngoại thương và Phát triển Đầu tư TP. HCM (FDC): Quý II/2021 lợi nhuận đạt 25,6 tỷ đồng",OTHER,OTHER,NEUTRAL,LOW,STOCK_SPECIFIC,MEDIUM,WEAK_RULE_V3_ENTITY_TIERED,WEAK_RULE_V3; tier=HIGH_PRECISION; entity=TITLE_TICKER|BODY_TICKER|TARGET_CONTEXT; score=13; event=OTHER; symbol=HCM,TITLE_TICKER|BODY_TICKER|TARGET_CONTEXT,TITLE_TICKER_WITH_TARGET_CONTEXT,HIGH_PRECISION,FALLBACK_QUARANTINE,FALLBACK_NO_EVENT_DETECTED,80,MEDIUM,NOT_INDEPENDENTLY_VALIDATED,False
7d572c2b5ffc819e29c9,7ec421fd88af4a742e22d478ff33d65d,HAH,Công ty Cổ phần Vận tải và Xếp dỡ Hải An,2021-08-04,CafeF,https://cafef.vn/nhom-cang-bien-van-tai-bien-tiep-tuc-bao-lai-an-tuong-vinalines-va-hai-an-tang-bang-lan-20210802165108257.chn,"Nhu cầu lớn kèm giá cước cao, nhóm cảng biển - vận tải biển tiếp tục báo lãi ấn tượng, Vinalines và Hải An tăng bằng lần",BUSINESS_RESULT,PROFIT_GROWTH,POSITIVE,HIGH,STOCK_SPECIFIC,HIGH,WEAK_RULE_V3_ENTITY_TIERED,WEAK_RULE_V3; tier=HIGH_PRECISION; entity=TITLE_ALIAS|BODY_ALIAS|BODY_TICKER|TARGET_CONTEXT; score=17; event=PROFIT_GROWTH; symbol=HAH,TITLE_ALIAS|BODY_ALIAS|BODY_TICKER|TARGET_CONTEXT,TITLE_ENTITY_WITH_TARGET_CONTEXT,HIGH_PRECISION,INFORMATIVE_CANDIDATE,EXPERIMENTAL_INFORMATIVE_UNVALIDATED,100,HIGH,NOT_INDEPENDENTLY_VALIDATED,True
6d8e3b451bf516cbe95d,a2ff65ab9cf838358ca385dfcaaf7416,GEX,Công ty Cổ phần Tập đoàn GELEX,2021-08-04,CafeF,https://cafef.vn/gelex-muon-chuyen-nhuong-toan-bo-138-trieu-co-phieu-cua-viglacera-vgc-cho-cong-ty-con-20210804111636838.chn,Gelex muốn chuyển nhượng toàn bộ 138 triệu cổ phiếu của Viglacera (VGC) cho công ty con,CORPORATE_ACTION,STOCK_ISSUANCE,NEUTRAL,MODERATE,STOCK_SPECIFIC,HIGH,WEAK_RULE_V3_ENTITY_TIERED,WEAK_RULE_V3; tier=HIGH_PRECISION; entity=TITLE_COMPANY|BODY_COMPANY|BODY_TICKER|TARGET_CONTEXT; score=17; event=STOCK_ISSUANCE; symbol=GEX,TITLE_COMPANY|BODY_COMPANY|BODY_TICKER|TARGET_CONTEXT,TITLE_ENTITY_WITH_TARGET_CONTEXT,HIGH_PRECISION,INFORMATIVE_CANDIDATE,EXPERIMENTAL_INFORMATIVE_UNVALIDATED,100,HIGH,NOT_INDEPENDENTLY_VALIDATED,True
09d423c05f4eb66590b4,84633c815064411877866ad2bfc07900,SHS,Công ty Cổ phần Chứng khoán Sài Gòn - Hà Nội,2021-08-12,CafeF,https://cafef.vn/chung-khoan-shs-chot-danh-sach-co-dong-chao-ban-103-trieu-co-phieu-gia-13500-dong-20210812104940492.chn,Chứng khoán SHS chốt danh sách cổ đông chào bán 103 triệu cổ phiếu giá 13.500 đồng,CORPORATE_ACTION,DIVIDEND,POSITIVE,MODERATE,STOCK_SPECIFIC,HIGH,WEAK_RULE_V3_ENTITY_TIERED,WEAK_RULE_V3; tier=HIGH_PRECISION; entity=TITLE_TICKER|BODY_TICKER|TARGET_CONTEXT; score=13; event=DIVIDEND; symbol=SHS,TITLE_TICKER|BODY_TICKER|TARGET_CONTEXT,TITLE_TICKER_WITH_TARGET_CONTEXT,HIGH_PRECISION,INFORMATIVE_CANDIDATE,EXPERIMENTAL_INFORMATIVE_UNVALIDATED,100,HIGH,NOT_INDEPENDENTLY_VALIDATED,True
4e3ea52b0cc5436ee8cd,e8047db353a59a4f7cf8880fe5e3322d,DGW,Công ty Cổ phần Thế Giới Số,2021-08-12,CafeF,https://cafef.vn/digiworld-dgw-chot-danh-sach-co-dong-tra-co-tuc-bang-tien-va-chia-co-phieu-thuong-tong-ty-le-110-20210812093212314.chn,Digiworld (DGW) chốt danh sách cổ đông trả cổ tức bằng tiền và chia cổ phiếu thưởng tổng tỷ lệ 110%,CORPORATE_ACTION,DIVIDEND,POSITIVE,MODERATE,STOCK_SPECIFIC,HIGH,WEAK_RULE_V3_ENTITY_TIERED,WEAK_RULE_V3; tier=HIGH_PRECISION; entity=TITLE_TICKER|TITLE_ALIAS|BODY_COMPANY|BODY_TICKER|TARGET_CONTEXT; score=24; event=DIVIDEND; symbol=DGW,TITLE_TICKER|TITLE_ALIAS|BODY_COMPANY|BODY_TICKER|TARGET_CONTEXT,TITLE_TICKER_WITH_TARGET_CONTEXT,HIGH_PRECISION,INFORMATIVE_CANDIDATE,EXPERIMENTAL_INFORMATIVE_UNVALIDATED,100,HIGH,NOT_INDEPENDENTLY_VALIDATED,True
5f384db7b6d6f9056663,2eeca68c4af1574666aecbd5020f6ffe,SSI,Công ty Cổ phần Chứng khoán SSI,2021-08-13,VietnamBiz,https://vietnambiz.vn/phien-13-8-khoi-ngoai-tap-trung-chot-loi-co-phieu-ssi-vhm-trong-nhip-rung-lac-cua-thi-truong-20210813164633036.htm,"Phiên 13/8: Khối ngoại tập trung chốt lời cổ phiếu SSI, VHM trong nhịp rung lắc của thị trường",OTHER,OTHER,NEUTRAL,LOW,STOCK_SPECIFIC,MEDIUM,WEAK_RULE_V3_ENTITY_TIERED,WEAK_RULE_V3; tier=HIGH_PRECISION; entity=TITLE_TICKER|BODY_TICKER|TARGET_CONTEXT; score=13; event=OTHER; symbol=SSI,TITLE_TICKER|BODY_TICKER|TARGET_CONTEXT,TITLE_TICKER_WITH_TARGET_CONTEXT,HIGH_PRECISION,FALLBACK_QUARANTINE,FALLBACK_NO_EVENT_DETECTED,80,MEDIUM,NOT_INDEPENDENTLY_VALIDATED,False
316f607e3f18e3e49002,2eeca68c4af1574666aecbd5020f6ffe,VHM,Công ty Cổ phần Vinhomes,2021-08-13,VietnamBiz,https://vietnambiz.vn/phien-13-8-khoi-ngoai-tap-trung-chot-loi-co-phieu-ssi-vhm-trong-nhip-rung-lac-cua-thi-truong-20210813164633036.htm,"Phiên 13/8: Khối ngoại tập trung chốt lời cổ phiếu SSI, VHM trong nhịp rung lắc của thị trường",OTHER,OTHER,NEUTRAL,LOW,STOCK_SPECIFIC,MEDIUM,WEAK_RULE_V3_ENTITY_TIERED,WEAK_RULE_V3; tier=HIGH_PRECISION; entity=TITLE_TICKER|BODY_COMPANY|BODY_TICKER|TARGET_CONTEXT; score=17; event=OTHER; symbol=VHM,TITLE_TICKER|BODY_COMPANY|BODY_TICKER|TARGET_CONTEXT,TITLE_TICKER_WITH_TARGET_CONTEXT,HIGH_PRECISION,FALLBACK_QUARANTINE,FALLBACK_NO_EVENT_DETECTED,80,MEDIUM,NOT_INDEPENDENTLY_VALIDATED,False
15a5391f4112aec4bc8a,505d16096444e028257c1d11394e3933,SSI,Công ty Cổ phần Chứng khoán SSI,2021-08-13,CafeF,https://cafef.vn/chung-khoan-ssi-trien-khai-phuong-an-phat-hanh-329-trieu-co-phieu-thuong-va-chao-ban-cho-co-dong-hien-huu-tang-von-len-9860-ty-dong-20210813185829357.chn,"Chứng khoán SSI triển khai phương án phát hành 329 triệu cổ phiếu thưởng và chào bán cho cổ đông hiện hữu, tăng vốn lên 9.860 tỷ đồng",CORPORATE_ACTION,STOCK_ISSUANCE,NEUTRAL,MODERATE,STOCK_SPECIFIC,HIGH,WEAK_RULE_V3_ENTITY_TIERED,WEAK_RULE_V3; tier=HIGH_PRECISION; entity=TITLE_TICKER|TITLE_COMPANY|BODY_COMPANY|BODY_TICKER|TARGET_CONTEXT; score=24; event=STOCK_ISSUANCE; symbol=SSI,TITLE_TICKER|TITLE_COMPANY|BODY_COMPANY|BODY_TICKER|TARGET_CONTEXT,TITLE_TICKER_WITH_TARGET_CONTEXT,HIGH_PRECISION,INFORMATIVE_CANDIDATE,EXPERIMENTAL_INFORMATIVE_UNVALIDATED,100,HIGH,NOT_INDEPENDENTLY_VALIDATED,True
1a162ba0eaa101cda025,19be9c606ee9a1d5df931bd1528137a6,SSI,Công ty Cổ phần Chứng khoán SSI,2021-08-14,VietnamBiz,https://vietnambiz.vn/42831-nha-dau-tu-nam-giu-co-phieu-ssi-gom-246-to-chuc-20210814194549042.htm,"42.831 nhà đầu tư nắm giữ cổ phiếu SSI, gồm 246 tổ chức",CORPORATE_ACTION,STOCK_ISSUANCE,NEUTRAL,MODERATE,STOCK_SPECIFIC,HIGH,WEAK_RULE_V3_ENTITY_TIERED,WEAK_RULE_V3; tier=HIGH_PRECISION; entity=TITLE_TICKER|BODY_COMPANY|BODY_TICKER; score=13; event=STOCK_ISSUANCE; symbol=SSI,TITLE_TICKER|BODY_COMPANY|BODY_TICKER,TITLE_ENTITY_MENTION,HIGH_PRECISION,INFORMATIVE_CANDIDATE,EXPERIMENTAL_INFORMATIVE_UNVALIDATED,100,HIGH,NOT_INDEPENDENTLY_VALIDATED,True
403d642865a856543bc4,3f451cca61df9b9f4ab0dfc0348e0a93,SSI,Công ty Cổ phần Chứng khoán SSI,2021-08-14,VietnamBiz,https://vietnambiz.vn/chung-khoan-ssi-chot-ngay-phat-hanh-gan-329-trieu-co-phieu-thuong-va-chao-ban-cho-co-dong-hien-huu-20210814080631225.htm,Chứng khoán SSI chốt ngày phát hành gần 329 triệu cổ phiếu thưởng và chào bán cho cổ đông hiện hữu,CORPORATE_ACTION,STOCK_ISSUANCE,NEUTRAL,MODERATE,STOCK_SPECIFIC,HIGH,WEAK_RULE_V3_ENTITY_TIERED,WEAK_RULE_V3; tier=HIGH_PRECISION; entity=TITLE_TICKER|TITLE_COMPANY|BODY_COMPANY|BODY_TICKER|TARGET_CONTEXT; score=24; event=STOCK_ISSUANCE; symbol=SSI,TITLE_TICKER|TITLE_COMPANY|BODY_COMPANY|BODY_TICKER|TARGET_CONTEXT,TITLE_TICKER_WITH_TARGET_CONTEXT,HIGH_PRECISION,INFORMATIVE_CANDIDATE,EXPERIMENTAL_INFORMATIVE_UNVALIDATED,100,HIGH,NOT_INDEPENDENTLY_VALIDATED,True
36d96787b759ccc3b0b6,6cfb839f625232c14bb464c6c7f24fa2,SSI,Công ty Cổ phần Chứng khoán SSI,2021-08-15,VietnamBiz,https://vietnambiz.vn/co-dong-lon-nhat-tai-chung-khoan-ssi-muon-ban-153-trieu-cp-tren-dinh-lich-su-20210815140357935.htm,"Cổ đông lớn nhất tại Chứng khoán SSI muốn bán 15,3 triệu cp trên đỉnh lịch sử",CORPORATE_ACTION,STOCK_ISSUANCE,NEUTRAL,MODERATE,STOCK_SPECIFIC,HIGH,WEAK_RULE_V3_ENTITY_TIERED,WEAK_RULE_V3; tier=HIGH_PRECISION; entity=TITLE_TICKER|TITLE_COMPANY|BODY_COMPANY|BODY_TICKER|TARGET_CONTEXT; score=24; event=STOCK_ISSUANCE; symbol=SSI,TITLE_TICKER|TITLE_COMPANY|BODY_COMPANY|BODY_TICKER|TARGET_CONTEXT,TITLE_TICKER_WITH_TARGET_CONTEXT,HIGH_PRECISION,INFORMATIVE_CANDIDATE,EXPERIMENTAL_INFORMATIVE_UNVALIDATED,100,HIGH,NOT_INDEPENDENTLY_VALIDATED,True
320161e8c7b2e0d7b89f,efb17b632284fa0c2c1aaaac361689a6,VHM,Công ty Cổ phần Vinhomes,2021-08-16,CafeF,https://cafef.vn/vingroup-dang-ky-ban-ra-hon-100-tram-trieu-co-phieu-vhm-uoc-tinh-thu-ve-gan-12000-ty-dong-20210816124928877.chn,"Vingroup đăng ký bán ra hơn 100 triệu cổ phiếu VHM, ước tính thu về gần 12.000 tỷ đồng",MACRO_POLICY,MACRO_POLICY,NEUTRAL,MODERATE,MARKET,HIGH,WEAK_RULE_V3_ENTITY_TIERED,WEAK_RULE_V3; tier=HIGH_PRECISION; entity=TITLE_TICKER|BODY_COMPANY|BODY_TICKER|TARGET_CONTEXT; score=17; event=MACRO_POLICY; symbol=VHM,TITLE_TICKER|BODY_COMPANY|BODY_TICKER|TARGET_CONTEXT,TITLE_TICKER_WITH_TARGET_CONTEXT,HIGH_PRECISION,INFORMATIVE_CANDIDATE,EXPERIMENTAL_INFORMATIVE_UNVALIDATED,100,CRITICAL,NOT_INDEPENDENTLY_VALIDATED,True
eed187496ac6a1526cb4,efb17b632284fa0c2c1aaaac361689a6,VIC,Tập đoàn Vingroup,2021-08-16,CafeF,https://cafef.vn/vingroup-dang-ky-ban-ra-hon-100-tram-trieu-co-phieu-vhm-uoc-tinh-thu-ve-gan-12000-ty-dong-20210816124928877.chn,"Vingroup đăng ký bán ra hơn 100 triệu cổ phiếu VHM, ước tính thu về gần 12.000 tỷ đồng",MACRO_POLICY,MACRO_POLICY,NEUTRAL,MODERATE,MARKET,HIGH,WEAK_RULE_V3_ENTITY_TIERED,WEAK_RULE_V3; tier=HIGH_PRECISION; entity=TITLE_COMPANY|BODY_COMPANY|BODY_TICKER|TARGET_CONTEXT; score=17; event=MACRO_POLICY; symbol=VIC,TITLE_COMPANY|BODY_COMPANY|BODY_TICKER|TARGET_CONTEXT,TITLE_ENTITY_WITH_TARGET_CONTEXT,HIGH_PRECISION,INFORMATIVE_CANDIDATE,EXPERIMENTAL_INFORMATIVE_UNVALIDATED,100,CRITICAL,NOT_INDEPENDENTLY_VALIDATED,True
f4ae3e9a4b73c9da0e19,64ffacb94b2400df805cc5ce7173fa85,HPG,Công ty Cổ phần Tập đoàn Hòa Phát,2021-08-19,CafeF,https://cafef.vn/con-trai-chu-tich-tran-dinh-long-da-mua-thanh-cong-5-trieu-co-phieu-hpg-uoc-tinh-chi-gan-235-ty-dong-20210819111722015.chn,"Con trai Chủ tịch Trần Đình Long đã mua thành công 5 triệu cổ phiếu HPG, ước tính chi gần 235 tỷ đồng",OTHER,OTHER,NEUTRAL,LOW,STOCK_SPECIFIC,MEDIUM,WEAK_RULE_V3_ENTITY_TIERED,WEAK_RULE_V3; tier=HIGH_PRECISION; entity=TITLE_TICKER|BODY_COMPANY|BODY_TICKER|TARGET_CONTEXT; score=17; event=OTHER; symbol=HPG,TITLE_TICKER|BODY_COMPANY|BODY_TICKER|TARGET_CONTEXT,TITLE_TICKER_WITH_TARGET_CONTEXT,HIGH_PRECISION,FALLBACK_QUARANTINE,FALLBACK_NO_EVENT_DETECTED,80,MEDIUM,NOT_INDEPENDENTLY_VALIDATED,False
e53378b26a879bbc7d02,5bd9f790130af27808494e4238c1659f,SSI,Công ty Cổ phần Chứng khoán SSI,2021-08-20,CafeF,https://cafef.vn/dig-ssi-sbt-yeg-hax-tna-dxp-dbp-thong-tin-giao-dich-luong-lon-co-phieu-20210820081935726.chn,"DIG, SSI, SBT, YEG, HAX, TNA, DXP, DBP: Thông tin giao dịch lượng lớn cổ phiếu",OTHER,OTHER,NEUTRAL,LOW,STOCK_SPECIFIC,MEDIUM,WEAK_RULE_V3_ENTITY_TIERED,WEAK_RULE_V3; tier=HIGH_PRECISION; entity=TITLE_TICKER|BODY_COMPANY|BODY_TICKER|TARGET_CONTEXT; score=17; event=OTHER; symbol=SSI,TITLE_TICKER|BODY_COMPANY|BODY_TICKER|TARGET_CONTEXT,TITLE_TICKER_WITH_TARGET_CONTEXT,HIGH_PRECISION,FALLBACK_QUARANTINE,FALLBACK_NO_EVENT_DETECTED,80,MEDIUM,NOT_INDEPENDENTLY_VALIDATED,False
9dac8c64bc9024c44110,142c0041102a7940140d700f1381c3f7,VND,Công ty Cổ phần Chứng khoán VNDIRECT,2021-08-23,CafeF,https://cafef.vn/quy-ngoai-tiep-tuc-thoai-toan-bo-33-trieu-co-phieu-vndirect-vnd-uoc-lai-gan-4-lan-so-voi-gia-mua-vao-20210823171259291.chn,"Quỹ ngoại tiếp tục thoái toàn bộ 3,3 triệu cổ phiếu VNDIRECT (VND), ước lãi gần 4 lần so với giá mua vào",CORPORATE_ACTION,STOCK_ISSUANCE,NEUTRAL,MODERATE,STOCK_SPECIFIC,HIGH,WEAK_RULE_V3_ENTITY_TIERED,WEAK_RULE_V3; tier=HIGH_PRECISION; entity=TITLE_TICKER|TITLE_ALIAS|BODY_COMPANY|BODY_TICKER|TARGET_CONTEXT; score=24; event=STOCK_ISSUANCE; symbol=VND,TITLE_TICKER|TITLE_ALIAS|BODY_COMPANY|BODY_TICKER|TARGET_CONTEXT,TITLE_TICKER_WITH_TARGET_CONTEXT,HIGH_PRECISION,INFORMATIVE_CANDIDATE,EXPERIMENTAL_INFORMATIVE_UNVALIDATED,100,HIGH,NOT_INDEPENDENTLY_VALIDATED,True
897d8497243dde3615df,07de4b7abac3256039b02dc3dee5eaba,MSN,Công ty Cổ phần Tập đoàn Masan,2021-08-24,VietnamBiz,https://vietnambiz.vn/hai-doanh-nghiep-cua-chu-tich-hdqt-masan-dang-ky-mua-3-trieu-co-phieu-msn-20210824084409668.htm,Hai doanh nghiệp của Chủ tịch HĐQT Masan đăng ký mua 3 triệu cổ phiếu MSN,OTHER,OTHER,NEUTRAL,LOW,STOCK_SPECIFIC,MEDIUM,WEAK_RULE_V3_ENTITY_TIERED,WEAK_RULE_V3; tier=HIGH_PRECISION; entity=TITLE_TICKER|TITLE_COMPANY|BODY_COMPANY|BODY_TICKER|TARGET_CONTEXT; score=24; event=OTHER; symbol=MSN,TITLE_TICKER|TITLE_COMPANY|BODY_COMPANY|BODY_TICKER|TARGET_CONTEXT,TITLE_TICKER_WITH_TARGET_CONTEXT,HIGH_PRECISION,FALLBACK_QUARANTINE,FALLBACK_NO_EVENT_DETECTED,80,MEDIUM,NOT_INDEPENDENTLY_VALIDATED,False
473371af513f5caec024,9ff3bf47d55fc7645169a8ba70d1543b,HVN,Tổng Công ty Hàng không Việt Nam,2021-08-27,CafeF,https://cafef.vn/hose-co-65-ma-khong-duoc-cap-margin-tinh-den-24-8-da-phan-thuoc-dien-canh-bao-nhu-dxg-gtn-hag-hng-hvn-yeg-20210827104623672.chn,"HoSE: Có 65 mã không được cấp margin tính đến 24/8, đa phần thuộc diện cảnh báo như DXG, GTN, HAG, HNG, HVN, YEG...",OTHER,OTHER,NEUTRAL,LOW,STOCK_SPECIFIC,MEDIUM,WEAK_RULE_V3_ENTITY_TIERED,WEAK_RULE_V3; tier=HIGH_PRECISION; entity=TITLE_TICKER|BODY_TICKER|TARGET_CONTEXT; score=13; event=OTHER; symbol=HVN,TITLE_TICKER|BODY_TICKER|TARGET_CONTEXT,TITLE_TICKER_WITH_TARGET_CONTEXT,HIGH_PRECISION,FALLBACK_QUARANTINE,FALLBACK_NO_EVENT_DETECTED,80,MEDIUM,NOT_INDEPENDENTLY_VALIDATED,False
02dc4a49a359eee9a5fd,d97ceca235a85c4c0a4efd48092da657,VIX,Công ty Cổ phần Chứng khoán VIX,2021-08-27,CafeF,https://cafef.vn/chung-khoan-vix-vix-chot-danh-sach-phat-hanh-gan-147-trieu-co-phieu-tra-co-tuc-va-chao-ban-cho-co-dong-hien-huu-20210827110152208.chn,Chứng khoán VIX (VIX) chốt danh sách phát hành gần 147 triệu cổ phiếu trả cổ tức và chào bán cho cổ đông hiện hữu,CORPORATE_ACTION,DIVIDEND,POSITIVE,MODERATE,STOCK_SPECIFIC,HIGH,WEAK_RULE_V3_ENTITY_TIERED,WEAK_RULE_V3; tier=HIGH_PRECISION; entity=TITLE_TICKER|TITLE_COMPANY|BODY_COMPANY|BODY_TICKER|TARGET_CONTEXT; score=24; event=DIVIDEND; symbol=VIX,TITLE_TICKER|TITLE_COMPANY|BODY_COMPANY|BODY_TICKER|TARGET_CONTEXT,TITLE_TICKER_WITH_TARGET_CONTEXT,HIGH_PRECISION,INFORMATIVE_CANDIDATE,EXPERIMENTAL_INFORMATIVE_UNVALIDATED,100,HIGH,NOT_INDEPENDENTLY_VALIDATED,True
bed4b19ffe9dd5a67273,ff59f5f8ddef66f59067f3404af481b3,VJC,Công ty Cổ phần Hàng không Vietjet,2021-08-27,CafeF,https://cafef.vn/phien-27-8-khoi-ngoai-tiep-tuc-ban-rong-376-ty-dong-tam-diem-giao-dich-vjc-20210827153622095.chn,"Phiên 27/8: Khối ngoại tiếp tục bán ròng 376 tỷ đồng, tâm điểm giao dịch VJC",OTHER,OTHER,NEUTRAL,LOW,STOCK_SPECIFIC,MEDIUM,WEAK_RULE_V3_ENTITY_TIERED,WEAK_RULE_V3; tier=HIGH_PRECISION; entity=TITLE_TICKER|BODY_TICKER|TARGET_CONTEXT; score=13; event=OTHER; symbol=VJC,TITLE_TICKER|BODY_TICKER|TARGET_CONTEXT,TITLE_TICKER_WITH_TARGET_CONTEXT,HIGH_PRECISION,FALLBACK_QUARANTINE,FALLBACK_NO_EVENT_DETECTED,80,MEDIUM,NOT_INDEPENDENTLY_VALIDATED,False
1757bdf3a1382d5ac502,24c1826c54e0c94d88d486fb5fe37ee3,VHC,Công ty Cổ phần Vĩnh Hoàn,2021-08-28,CafeF,https://cafef.vn/vinh-hoan-vhc-con-gai-chu-tich-truong-thi-le-khanh-duoc-bo-nhiem-lam-giam-doc-khoi-chien-luoc-20210828084238137.chn,Vĩnh Hoàn (VHC): Con gái Chủ tịch Trương Thị Lệ Khanh được bổ nhiệm làm Giám đốc khối chiến lược,CORPORATE_ACTION,LEADERSHIP_CHANGE,NEUTRAL,MODERATE,STOCK_SPECIFIC,HIGH,WEAK_RULE_V3_ENTITY_TIERED,WEAK_RULE_V3; tier=HIGH_PRECISION; entity=TITLE_TICKER|TITLE_COMPANY|BODY_COMPANY|BODY_TICKER|TARGET_CONTEXT; score=24; event=LEADERSHIP_CHANGE; symbol=VHC,TITLE_TICKER|TITLE_COMPANY|BODY_COMPANY|BODY_TICKER|TARGET_CONTEXT,TITLE_TICKER_WITH_TARGET_CONTEXT,HIGH_PRECISION,INFORMATIVE_CANDIDATE,EXPERIMENTAL_INFORMATIVE_UNVALIDATED,100,HIGH,NOT_INDEPENDENTLY_VALIDATED,True
c5d9d65cb481023842cd,3b5c58f0ca9633f55e9dbe68426187d4,FPT,Công ty Cổ phần FPT,2021-08-28,CafeF,https://cafef.vn/dang-sau-da-tang-phi-ma-cua-co-phieu-fpt-retail-nha-thuoc-long-chau-tu-lo-tram-ty-da-dot-ngot-co-lai-20210826180041634.chn,Đằng sau đà tăng phi mã của cổ phiếu FPT Retail: Nhà thuốc Long Châu từ lỗ trăm tỷ đã đột ngột có lãi,BUSINESS_RESULT,PROFIT_GROWTH,POSITIVE,HIGH,STOCK_SPECIFIC,HIGH,WEAK_RULE_V3_ENTITY_TIERED,WEAK_RULE_V3; tier=HIGH_PRECISION; entity=TITLE_TICKER|BODY_TICKER|TARGET_CONTEXT; score=13; event=PROFIT_GROWTH; symbol=FPT,TITLE_TICKER|BODY_TICKER|TARGET_CONTEXT,TITLE_TICKER_WITH_TARGET_CONTEXT,HIGH_PRECISION,INFORMATIVE_CANDIDATE,EXPERIMENTAL_INFORMATIVE_UNVALIDATED,100,HIGH,NOT_INDEPENDENTLY_VALIDATED,True
540f4675a94b20edcbe9,3b5c58f0ca9633f55e9dbe68426187d4,FRT,Công ty Cổ phần Bán lẻ Kỹ thuật số FPT,2021-08-28,CafeF,https://cafef.vn/dang-sau-da-tang-phi-ma-cua-co-phieu-fpt-retail-nha-thuoc-long-chau-tu-lo-tram-ty-da-dot-ngot-co-lai-20210826180041634.chn,Đằng sau đà tăng phi mã của cổ phiếu FPT Retail: Nhà thuốc Long Châu từ lỗ trăm tỷ đã đột ngột có lãi,BUSINESS_RESULT,PROFIT_GROWTH,POSITIVE,HIGH,STOCK_SPECIFIC,HIGH,WEAK_RULE_V3_ENTITY_TIERED,WEAK_RULE_V3; tier=HIGH_PRECISION; entity=TITLE_ALIAS|BODY_ALIAS|BODY_TICKER|TARGET_CONTEXT; score=17; event=PROFIT_GROWTH; symbol=FRT,TITLE_ALIAS|BODY_ALIAS|BODY_TICKER|TARGET_CONTEXT,TITLE_ENTITY_WITH_TARGET_CONTEXT,HIGH_PRECISION,INFORMATIVE_CANDIDATE,EXPERIMENTAL_INFORMATIVE_UNVALIDATED,100,HIGH,NOT_INDEPENDENTLY_VALIDATED,True
0c52afa4674ae72ecd34,0559c23e5b25203dc23e826c912b2e97,PC1,Công ty Cổ phần Tập đoàn PC1,2021-08-31,CafeF,https://cafef.vn/sau-kiem-toan-loi-nhuan-rong-xay-lap-dien-1-pc1-tang-94-dat-406-ty-dong-20210831163514079.chn,"Sau kiểm toán, lợi nhuận ròng Xây lắp điện 1 (PC1) tăng 94%, đạt 406 tỷ đồng",OTHER,OTHER,NEUTRAL,LOW,STOCK_SPECIFIC,MEDIUM,WEAK_RULE_V3_ENTITY_TIERED,WEAK_RULE_V3; tier=HIGH_PRECISION; entity=TITLE_TICKER|BODY_TICKER|TARGET_CONTEXT; score=13; event=OTHER; symbol=PC1,TITLE_TICKER|BODY_TICKER|TARGET_CONTEXT,TITLE_TICKER_WITH_TARGET_CONTEXT,HIGH_PRECISION,FALLBACK_QUARANTINE,FALLBACK_NO_EVENT_DETECTED,80,MEDIUM,NOT_INDEPENDENTLY_VALIDATED,False
bed20d73630794f9500c,0460fde538f4d2c28a4eb6ea515b65ea,HAH,Công ty Cổ phần Vận tải và Xếp dỡ Hải An,2021-09-06,VietnamBiz,https://vietnambiz.vn/co-phieu-tam-diem-7-9-dig-hah-hax-20210906184646863.htm,"Cổ phiếu tâm điểm 7/9: DIG, HAH, HAX",OTHER,OTHER,NEUTRAL,LOW,STOCK_SPECIFIC,MEDIUM,WEAK_RULE_V3_ENTITY_TIERED,WEAK_RULE_V3; tier=HIGH_PRECISION; entity=TITLE_TICKER|BODY_ALIAS|BODY_TICKER|TARGET_CONTEXT; score=17; event=OTHER; symbol=HAH,TITLE_TICKER|BODY_ALIAS|BODY_TICKER|TARGET_CONTEXT,TITLE_TICKER_WITH_TARGET_CONTEXT,HIGH_PRECISION,FALLBACK_QUARANTINE,FALLBACK_NO_EVENT_DETECTED,80,MEDIUM,NOT_INDEPENDENTLY_VALIDATED,False
14ab640036de70019e43,15c4083e32363493dc27739ab6c2e4c0,SSI,Công ty Cổ phần Chứng khoán SSI,2021-09-06,CafeF,https://cafef.vn/ssi-ra-mat-goi-phi-giao-dich-moi-hap-dan-20210906084312297.chn,SSI ra mắt gói phí giao dịch mới hấp dẫn,SECTOR_NEWS,SECTOR_NEWS,NEUTRAL,MODERATE,SECTOR,HIGH,WEAK_RULE_V3_ENTITY_TIERED,WEAK_RULE_V3; tier=HIGH_PRECISION; entity=TITLE_TICKER|BODY_COMPANY|BODY_TICKER|TARGET_CONTEXT; score=17; event=SECTOR_NEWS; symbol=SSI,TITLE_TICKER|BODY_COMPANY|BODY_TICKER|TARGET_CONTEXT,TITLE_TICKER_WITH_TARGET_CONTEXT,HIGH_PRECISION,INFORMATIVE_CANDIDATE,EXPERIMENTAL_INFORMATIVE_UNVALIDATED,100,CRITICAL,NOT_INDEPENDENTLY_VALIDATED,True
efd720a5600d5e548784,5daed7064f4042389d4ddb753dc075b8,VCI,Công ty Cổ phần Chứng khoán Vietcap,2021-09-06,CafeF,https://cafef.vn/dxs-chinh-thuc-giao-dich-tren-hose-vcsc-khuyen-nghi-mua-voi-upsize-tren-43-20210906115400891.chn,"DXS chính thức giao dịch trên HOSE, VCSC khuyến nghị mua với upsize trên 43%",SECTOR_NEWS,SECTOR_NEWS,NEUTRAL,MODERATE,SECTOR,HIGH,WEAK_RULE_V3_ENTITY_TIERED,WEAK_RULE_V3; tier=HIGH_PRECISION; entity=TITLE_ALIAS|BODY_ALIAS; score=11; event=SECTOR_NEWS; symbol=VCI,TITLE_ALIAS|BODY_ALIAS,TITLE_ENTITY_MENTION,HIGH_PRECISION,INFORMATIVE_CANDIDATE,EXPERIMENTAL_INFORMATIVE_UNVALIDATED,100,CRITICAL,NOT_INDEPENDENTLY_VALIDATED,True
f5b8000ce5a5b816ffdc,5f0f3c2075092dec66b1eee83eab70cb,VND,Công ty Cổ phần Chứng khoán VNDIRECT,2021-09-06,CafeF,https://cafef.vn/vndirect-nhan-khoan-vay-hop-von-tri-gia-100-trieu-usd-20210904162350812.chn,VNDIRECT nhận khoản vay hợp vốn trị giá 100 triệu USD,BUSINESS_RESULT,PROJECT_EXPANSION,POSITIVE,MODERATE,STOCK_SPECIFIC,HIGH,WEAK_RULE_V3_ENTITY_TIERED,WEAK_RULE_V3; tier=HIGH_PRECISION; entity=TITLE_ALIAS|BODY_COMPANY|BODY_TICKER; score=13; event=PROJECT_EXPANSION; symbol=VND,TITLE_ALIAS|BODY_COMPANY|BODY_TICKER,TITLE_ENTITY_MENTION,HIGH_PRECISION,INFORMATIVE_CANDIDATE,EXPERIMENTAL_INFORMATIVE_UNVALIDATED,100,HIGH,NOT_INDEPENDENTLY_VALIDATED,True
48e2de4f32452ef16b06,ba633a60b1f0d7cf508f6beef4de7981,SSI,Công ty Cổ phần Chứng khoán SSI,2021-09-06,VietnamBiz,https://vietnambiz.vn/chung-khoan-ssi-ra-mat-goi-phi-giao-dich-moi-hap-dan-20210906115454993.htm,Chứng khoán SSI ra mắt gói phí giao dịch mới hấp dẫn,SECTOR_NEWS,SECTOR_NEWS,NEUTRAL,MODERATE,SECTOR,HIGH,WEAK_RULE_V3_ENTITY_TIERED,WEAK_RULE_V3; tier=HIGH_PRECISION; entity=TITLE_TICKER|TITLE_COMPANY|BODY_COMPANY|BODY_TICKER|TARGET_CONTEXT; score=24; event=SECTOR_NEWS; symbol=SSI,TITLE_TICKER|TITLE_COMPANY|BODY_COMPANY|BODY_TICKER|TARGET_CONTEXT,TITLE_TICKER_WITH_TARGET_CONTEXT,HIGH_PRECISION,INFORMATIVE_CANDIDATE,EXPERIMENTAL_INFORMATIVE_UNVALIDATED,100,CRITICAL,NOT_INDEPENDENTLY_VALIDATED,True
42f0dd7ca4fdac0edc48,95404525435dbf7e4b859b5f879ac535,NVL,Công ty Cổ phần Tập đoàn Đầu tư Địa ốc No Va,2021-09-08,CafeF,https://cafef.vn/trai-phieu-chuyen-doi-cong-cu-giup-vingroup-va-novaland-huy-dong-ve-hang-tram-trieu-usd-trong-nhung-nam-qua-20210907135809783.chn,"Trái phiếu chuyển đổi, công cụ giúp Vingroup và Novaland huy động về hàng trăm triệu USD trong những năm qua",OTHER,OTHER,NEUTRAL,LOW,STOCK_SPECIFIC,MEDIUM,WEAK_RULE_V3_ENTITY_TIERED,WEAK_RULE_V3; tier=HIGH_PRECISION; entity=TITLE_ALIAS|BODY_ALIAS|BODY_TICKER|TARGET_CONTEXT; score=17; event=OTHER; symbol=NVL,TITLE_ALIAS|BODY_ALIAS|BODY_TICKER|TARGET_CONTEXT,TITLE_ENTITY_WITH_TARGET_CONTEXT,HIGH_PRECISION,FALLBACK_QUARANTINE,FALLBACK_NO_EVENT_DETECTED,80,MEDIUM,NOT_INDEPENDENTLY_VALIDATED,False
b33afb74505b1103fc45,95404525435dbf7e4b859b5f879ac535,VIC,Tập đoàn Vingroup,2021-09-08,CafeF,https://cafef.vn/trai-phieu-chuyen-doi-cong-cu-giup-vingroup-va-novaland-huy-dong-ve-hang-tram-trieu-usd-trong-nhung-nam-qua-20210907135809783.chn,"Trái phiếu chuyển đổi, công cụ giúp Vingroup và Novaland huy động về hàng trăm triệu USD trong những năm qua",OTHER,OTHER,NEUTRAL,LOW,STOCK_SPECIFIC,MEDIUM,WEAK_RULE_V3_ENTITY_TIERED,WEAK_RULE_V3; tier=HIGH_PRECISION; entity=TITLE_COMPANY|BODY_COMPANY|BODY_TICKER; score=13; event=OTHER; symbol=VIC,TITLE_COMPANY|BODY_COMPANY|BODY_TICKER,TITLE_ENTITY_MENTION,HIGH_PRECISION,FALLBACK_QUARANTINE,FALLBACK_NO_EVENT_DETECTED,80,MEDIUM,NOT_INDEPENDENTLY_VALIDATED,False
34887732a5f548f359f8,a519d16bc4f68fd3a11c958722e9e74a,HPG,Công ty Cổ phần Tập đoàn Hòa Phát,2021-09-08,CafeF,https://cafef.vn/san-luong-ban-hang-cua-hoa-phat-tang-3-thang-lien-tiep-du-thep-xay-dung-giam-17-so-voi-cung-ky-vi-gian-cach-xa-hoi-20210908120935627.chn,Sản lượng bán hàng của Hòa Phát tăng 2 tháng liên tiếp dù thép xây dựng giảm 17% so với cùng kỳ vì giãn cách xã hội,OTHER,OTHER,NEUTRAL,LOW,STOCK_SPECIFIC,MEDIUM,WEAK_RULE_V3_ENTITY_TIERED,WEAK_RULE_V3; tier=HIGH_PRECISION; entity=TITLE_COMPANY|BODY_COMPANY; score=11; event=OTHER; symbol=HPG,TITLE_COMPANY|BODY_COMPANY,TITLE_ENTITY_MENTION,HIGH_PRECISION,FALLBACK_QUARANTINE,FALLBACK_NO_EVENT_DETECTED,80,MEDIUM,NOT_INDEPENDENTLY_VALIDATED,False
dc8ea9a390a148472495,eaf56fd6b05ab65b19aff700fb4e2c93,HVN,Tổng Công ty Hàng không Việt Nam,2021-09-11,CafeF,https://cafef.vn/c4g-mwg-msb-plx-ptl-ric-teg-amv-hhg-idc-dxg-hvn-vkc-tdm-bud-qnu-thong-tin-giao-dich-luong-lon-co-phieu-20210911100024853.chn,"C4G, MWG, MSB, PLX, PTL, RIC, TEG, AMV, HHG, IDC, DXG, HVN, VKC, TDM, BUD, QNU: Thông tin giao dịch lượng lớn cổ phiếu",OTHER,OTHER,NEUTRAL,LOW,STOCK_SPECIFIC,MEDIUM,WEAK_RULE_V3_ENTITY_TIERED,WEAK_RULE_V3; tier=HIGH_PRECISION; entity=TITLE_TICKER|BODY_COMPANY|BODY_TICKER|TARGET_CONTEXT; score=17; event=OTHER; symbol=HVN,TITLE_TICKER|BODY_COMPANY|BODY_TICKER|TARGET_CONTEXT,TITLE_TICKER_WITH_TARGET_CONTEXT,HIGH_PRECISION,FALLBACK_QUARANTINE,FALLBACK_NO_EVENT_DETECTED,80,MEDIUM,NOT_INDEPENDENTLY_VALIDATED,False
1b39bb2f00c1f86d008b,eaf56fd6b05ab65b19aff700fb4e2c93,MWG,Công ty Cổ phần Đầu tư Thế Giới Di Động,2021-09-11,CafeF,https://cafef.vn/c4g-mwg-msb-plx-ptl-ric-teg-amv-hhg-idc-dxg-hvn-vkc-tdm-bud-qnu-thong-tin-giao-dich-luong-lon-co-phieu-20210911100024853.chn,"C4G, MWG, MSB, PLX, PTL, RIC, TEG, AMV, HHG, IDC, DXG, HVN, VKC, TDM, BUD, QNU: Thông tin giao dịch lượng lớn cổ phiếu",OTHER,OTHER,NEUTRAL,LOW,STOCK_SPECIFIC,MEDIUM,WEAK_RULE_V3_ENTITY_TIERED,WEAK_RULE_V3; tier=HIGH_PRECISION; entity=TITLE_TICKER|BODY_ALIAS|BODY_TICKER|TARGET_CONTEXT; score=17; event=OTHER; symbol=MWG,TITLE_TICKER|BODY_ALIAS|BODY_TICKER|TARGET_CONTEXT,TITLE_TICKER_WITH_TARGET_CONTEXT,HIGH_PRECISION,FALLBACK_QUARANTINE,FALLBACK_NO_EVENT_DETECTED,80,MEDIUM,NOT_INDEPENDENTLY_VALIDATED,False
5894f32c54058ab20ffc,eaf56fd6b05ab65b19aff700fb4e2c93,PLX,Tập đoàn Xăng dầu Việt Nam,2021-09-11,CafeF,https://cafef.vn/c4g-mwg-msb-plx-ptl-ric-teg-amv-hhg-idc-dxg-hvn-vkc-tdm-bud-qnu-thong-tin-giao-dich-luong-lon-co-phieu-20210911100024853.chn,"C4G, MWG, MSB, PLX, PTL, RIC, TEG, AMV, HHG, IDC, DXG, HVN, VKC, TDM, BUD, QNU: Thông tin giao dịch lượng lớn cổ phiếu",OTHER,OTHER,NEUTRAL,LOW,STOCK_SPECIFIC,MEDIUM,WEAK_RULE_V3_ENTITY_TIERED,WEAK_RULE_V3; tier=HIGH_PRECISION; entity=TITLE_TICKER|BODY_COMPANY|BODY_TICKER|TARGET_CONTEXT; score=17; event=OTHER; symbol=PLX,TITLE_TICKER|BODY_COMPANY|BODY_TICKER|TARGET_CONTEXT,TITLE_TICKER_WITH_TARGET_CONTEXT,HIGH_PRECISION,FALLBACK_QUARANTINE,FALLBACK_NO_EVENT_DETECTED,80,MEDIUM,NOT_INDEPENDENTLY_VALIDATED,False
8954c215e3db3925afbd,111c9f82cd8ae5951ab9713e1de40f42,MSN,Công ty Cổ phần Tập đoàn Masan,2021-09-13,CafeF,https://cafef.vn/tach-mang-cam-dong-gop-80-doanh-thu-cua-masan-meatlife-dong-thoi-huy-dong-von-hon-7000-ty-dong-ty-phu-quang-dang-co-tham-vong-gi-voi-mang-thit-che-bien-2021091300233063.chn,"Tách mảng cám đóng góp 80% doanh thu của Masan MEATLife đồng thời huy động vốn hơn 7.000 tỷ đồng, tỷ phú Quang đang có tham vọng gì với mảng thịt chế biến?",CORPORATE_ACTION,DIVIDEND,POSITIVE,MODERATE,STOCK_SPECIFIC,HIGH,WEAK_RULE_V3_ENTITY_TIERED,WEAK_RULE_V3; tier=HIGH_PRECISION; entity=TITLE_COMPANY|BODY_COMPANY; score=11; event=DIVIDEND; symbol=MSN,TITLE_COMPANY|BODY_COMPANY,TITLE_ENTITY_MENTION,HIGH_PRECISION,INFORMATIVE_CANDIDATE,EXPERIMENTAL_INFORMATIVE_UNVALIDATED,100,HIGH,NOT_INDEPENDENTLY_VALIDATED,True
e19153355bbad4efbdea,70ad351fc3807403fd9c10754ddddedb,CTR,Tổng Công ty Cổ phần Công trình Viettel,2021-09-13,CafeF,https://cafef.vn/viettel-construction-dat-doanh-thu-635-ty-dong-trong-thang-8-tang-truong-21-so-voi-cung-ky-nam-truoc-20210913100127011.chn,"Viettel Construction đạt doanh thu 635 tỷ đồng trong tháng 8, tăng trưởng 21% so với cùng kỳ năm trước",BUSINESS_RESULT,NEW_CONTRACT,POSITIVE,MODERATE,STOCK_SPECIFIC,HIGH,WEAK_RULE_V3_ENTITY_TIERED,WEAK_RULE_V3; tier=HIGH_PRECISION; entity=TITLE_ALIAS|BODY_ALIAS|BODY_TICKER|TARGET_CONTEXT; score=17; event=NEW_CONTRACT; symbol=CTR,TITLE_ALIAS|BODY_ALIAS|BODY_TICKER|TARGET_CONTEXT,TITLE_ENTITY_WITH_TARGET_CONTEXT,HIGH_PRECISION,INFORMATIVE_CANDIDATE,EXPERIMENTAL_INFORMATIVE_UNVALIDATED,100,HIGH,NOT_INDEPENDENTLY_VALIDATED,True
ca36112921d23e851d38,99bf2d52a5f66d3f06f9e73dcbb60de1,MSN,Công ty Cổ phần Tập đoàn Masan,2021-09-15,CafeF,https://cafef.vn/thi-gia-126000-dong-masan-consumer-phat-hanh-7-trieu-co-phieu-esop-gia-70000-dong-20210915142513129.chn,"Thị giá 126.000 đồng, Masan Consumer phát hành 7 triệu cổ phiếu ESOP giá 70.000 đồng",CORPORATE_ACTION,STOCK_ISSUANCE,NEUTRAL,MODERATE,STOCK_SPECIFIC,HIGH,WEAK_RULE_V3_ENTITY_TIERED,WEAK_RULE_V3; tier=HIGH_PRECISION; entity=TITLE_COMPANY|BODY_COMPANY; score=11; event=STOCK_ISSUANCE; symbol=MSN,TITLE_COMPANY|BODY_COMPANY,TITLE_ENTITY_MENTION,HIGH_PRECISION,INFORMATIVE_CANDIDATE,EXPERIMENTAL_INFORMATIVE_UNVALIDATED,100,HIGH,NOT_INDEPENDENTLY_VALIDATED,True
5f806b2da11ae05f72d9,d1d37951a4022de1134994df4221bcfc,VHM,Công ty Cổ phần Vinhomes,2021-09-15,CafeF,https://cafef.vn/kkr-hoan-tat-ban-ra-gan-32-trieu-co-phan-vinhomes-vhm-lai-hon-1000-ty-dong-chi-sau-hon-1-nam-nam-giu-20210915171357297.chn,"KKR hoàn tất bán ra gần 32 triệu cổ phần Vinhomes (VHM), lãi hơn 1.000 tỷ đồng chỉ sau hơn 1 năm nắm giữ",OTHER,OTHER,NEUTRAL,LOW,STOCK_SPECIFIC,MEDIUM,WEAK_RULE_V3_ENTITY_TIERED,WEAK_RULE_V3; tier=HIGH_PRECISION; entity=TITLE_TICKER|TITLE_COMPANY|BODY_COMPANY|BODY_TICKER|TARGET_CONTEXT; score=24; event=OTHER; symbol=VHM,TITLE_TICKER|TITLE_COMPANY|BODY_COMPANY|BODY_TICKER|TARGET_CONTEXT,TITLE_TICKER_WITH_TARGET_CONTEXT,HIGH_PRECISION,FALLBACK_QUARANTINE,FALLBACK_NO_EVENT_DETECTED,80,MEDIUM,NOT_INDEPENDENTLY_VALIDATED,False
b8598d01ce7d15912124,0005a62b9c8a6c7c6c49e27d7aeb3c44,VPB,Ngân hàng TMCP Việt Nam Thịnh Vượng,2021-09-16,VietnamBiz,https://vietnambiz.vn/hon-5-trieu-co-phieu-vpb-sap-duoc-tu-do-chuyen-nhuong-20210916142650575.htm,Hơn 5 triệu cổ phiếu VPB sắp được tự do chuyển nhượng,OTHER,OTHER,NEUTRAL,LOW,STOCK_SPECIFIC,MEDIUM,WEAK_RULE_V3_ENTITY_TIERED,WEAK_RULE_V3; tier=HIGH_PRECISION; entity=TITLE_TICKER|BODY_COMPANY|BODY_TICKER|TARGET_CONTEXT; score=17; event=OTHER; symbol=VPB,TITLE_TICKER|BODY_COMPANY|BODY_TICKER|TARGET_CONTEXT,TITLE_TICKER_WITH_TARGET_CONTEXT,HIGH_PRECISION,FALLBACK_QUARANTINE,FALLBACK_NO_EVENT_DETECTED,80,MEDIUM,NOT_INDEPENDENTLY_VALIDATED,False
6288c6b5414cbb89661b,7d71bdcc54e1d277558848e203964479,VHM,Công ty Cổ phần Vinhomes,2021-09-16,VietnamBiz,https://vietnambiz.vn/thi-truong-chung-khoan-16-9-vic-keo-tut-chi-so-vn-index-giao-dich-quanh-tham-chieu-20210916095452517.htm,"Thị trường chứng khoán (16/9): VIC, VHM kéo tụt chỉ số, VN-Index xanh nhẹ phiên đáo hạn phái sinh",OTHER,OTHER,NEUTRAL,LOW,STOCK_SPECIFIC,MEDIUM,WEAK_RULE_V3_ENTITY_TIERED,WEAK_RULE_V3; tier=HIGH_PRECISION; entity=TITLE_TICKER|BODY_TICKER|TARGET_CONTEXT; score=13; event=OTHER; symbol=VHM,TITLE_TICKER|BODY_TICKER|TARGET_CONTEXT,TITLE_TICKER_WITH_TARGET_CONTEXT,HIGH_PRECISION,FALLBACK_QUARANTINE,FALLBACK_NO_EVENT_DETECTED,80,MEDIUM,NOT_INDEPENDENTLY_VALIDATED,False
26f345c77e615c217bd5,7d71bdcc54e1d277558848e203964479,VIC,Tập đoàn Vingroup,2021-09-16,VietnamBiz,https://vietnambiz.vn/thi-truong-chung-khoan-16-9-vic-keo-tut-chi-so-vn-index-giao-dich-quanh-tham-chieu-20210916095452517.htm,"Thị trường chứng khoán (16/9): VIC, VHM kéo tụt chỉ số, VN-Index xanh nhẹ phiên đáo hạn phái sinh",OTHER,OTHER,NEUTRAL,LOW,STOCK_SPECIFIC,MEDIUM,WEAK_RULE_V3_ENTITY_TIERED,WEAK_RULE_V3; tier=HIGH_PRECISION; entity=TITLE_TICKER|BODY_COMPANY|BODY_TICKER|TARGET_CONTEXT; score=17; event=OTHER; symbol=VIC,TITLE_TICKER|BODY_COMPANY|BODY_TICKER|TARGET_CONTEXT,TITLE_TICKER_WITH_TARGET_CONTEXT,HIGH_PRECISION,FALLBACK_QUARANTINE,FALLBACK_NO_EVENT_DETECTED,80,MEDIUM,NOT_INDEPENDENTLY_VALIDATED,False
36880a459adc214cdd40,827324c7150dac1a17cd7042c3c8c8bd,VIC,Tập đoàn Vingroup,2021-09-16,VietnamBiz,https://vietnambiz.vn/phien-16-9-khoi-ngoai-ban-rong-manh-voi-tam-diem-rut-rong-tren-1100-ty-dong-khoi-co-phieu-vic-20210916155911897.htm,Phiên 16/9: Khối ngoại bán ròng mạnh với tâm điểm rút ròng trên 1.100 tỷ đồng khỏi cổ phiếu VIC,OTHER,OTHER,NEUTRAL,LOW,STOCK_SPECIFIC,MEDIUM,WEAK_RULE_V3_ENTITY_TIERED,WEAK_RULE_V3; tier=HIGH_PRECISION; entity=TITLE_TICKER|BODY_COMPANY|BODY_TICKER|TARGET_CONTEXT; score=17; event=OTHER; symbol=VIC,TITLE_TICKER|BODY_COMPANY|BODY_TICKER|TARGET_CONTEXT,TITLE_TICKER_WITH_TARGET_CONTEXT,HIGH_PRECISION,FALLBACK_QUARANTINE,FALLBACK_NO_EVENT_DETECTED,80,MEDIUM,NOT_INDEPENDENTLY_VALIDATED,False
f3c545e77f2324f92251,ab2c45ae88848982a113dc93313c3aee,GEX,Công ty Cổ phần Tập đoàn GELEX,2021-09-16,VietnamBiz,https://vietnambiz.vn/ceo-gelex-dinh-mua-29-trieu-co-phieu-vix-gia-10000-dong-cp-20210916102913021.htm,"CEO Gelex định mua 29 triệu cổ phiếu VIX, giá 10.000 đồng/cp",CORPORATE_ACTION,STOCK_ISSUANCE,NEUTRAL,MODERATE,STOCK_SPECIFIC,HIGH,WEAK_RULE_V3_ENTITY_TIERED,WEAK_RULE_V3; tier=HIGH_PRECISION; entity=TITLE_COMPANY|BODY_COMPANY|BODY_TICKER|TARGET_CONTEXT; score=17; event=STOCK_ISSUANCE; symbol=GEX,TITLE_COMPANY|BODY_COMPANY|BODY_TICKER|TARGET_CONTEXT,TITLE_ENTITY_WITH_TARGET_CONTEXT,HIGH_PRECISION,INFORMATIVE_CANDIDATE,EXPERIMENTAL_INFORMATIVE_UNVALIDATED,100,HIGH,NOT_INDEPENDENTLY_VALIDATED,True
4884922037ef890957f2,ab2c45ae88848982a113dc93313c3aee,VIX,Công ty Cổ phần Chứng khoán VIX,2021-09-16,VietnamBiz,https://vietnambiz.vn/ceo-gelex-dinh-mua-29-trieu-co-phieu-vix-gia-10000-dong-cp-20210916102913021.htm,"CEO Gelex định mua 29 triệu cổ phiếu VIX, giá 10.000 đồng/cp",CORPORATE_ACTION,STOCK_ISSUANCE,NEUTRAL,MODERATE,STOCK_SPECIFIC,HIGH,WEAK_RULE_V3_ENTITY_TIERED,WEAK_RULE_V3; tier=HIGH_PRECISION; entity=TITLE_TICKER|BODY_COMPANY|BODY_TICKER|TARGET_CONTEXT; score=17; event=STOCK_ISSUANCE; symbol=VIX,TITLE_TICKER|BODY_COMPANY|BODY_TICKER|TARGET_CONTEXT,TITLE_TICKER_WITH_TARGET_CONTEXT,HIGH_PRECISION,INFORMATIVE_CANDIDATE,EXPERIMENTAL_INFORMATIVE_UNVALIDATED,100,HIGH,NOT_INDEPENDENTLY_VALIDATED,True
8d067a00de93882f6e37,545894bb57aa9df76d237a10ab284e89,HPG,Công ty Cổ phần Tập đoàn Hòa Phát,2021-09-19,CafeF,https://cafef.vn/doanh-nghiep-thep-thang-8-hoa-phat-tang-ban-hrc-nam-kim-va-hoa-sen-duoc-bu-dap-boi-xuat-khau-20210919192007382.chn,"Doanh nghiệp thép tháng 8: Hòa Phát tăng bán HRC, Nam Kim và Hoa Sen được bù đắp bởi xuất khẩu",SECTOR_NEWS,SECTOR_NEWS,NEUTRAL,MODERATE,SECTOR,HIGH,WEAK_RULE_V3_ENTITY_TIERED,WEAK_RULE_V3; tier=HIGH_PRECISION; entity=TITLE_COMPANY|BODY_COMPANY|BODY_TICKER|TARGET_CONTEXT; score=17; event=SECTOR_NEWS; symbol=HPG,TITLE_COMPANY|BODY_COMPANY|BODY_TICKER|TARGET_CONTEXT,TITLE_ENTITY_WITH_TARGET_CONTEXT,HIGH_PRECISION,INFORMATIVE_CANDIDATE,EXPERIMENTAL_INFORMATIVE_UNVALIDATED,100,CRITICAL,NOT_INDEPENDENTLY_VALIDATED,True
c5bac51ba47dbb40e7d9,545894bb57aa9df76d237a10ab284e89,HSG,Công ty Cổ phần Tập đoàn Hoa Sen,2021-09-19,CafeF,https://cafef.vn/doanh-nghiep-thep-thang-8-hoa-phat-tang-ban-hrc-nam-kim-va-hoa-sen-duoc-bu-dap-boi-xuat-khau-20210919192007382.chn,"Doanh nghiệp thép tháng 8: Hòa Phát tăng bán HRC, Nam Kim và Hoa Sen được bù đắp bởi xuất khẩu",SECTOR_NEWS,SECTOR_NEWS,NEUTRAL,MODERATE,SECTOR,HIGH,WEAK_RULE_V3_ENTITY_TIERED,WEAK_RULE_V3; tier=HIGH_PRECISION; entity=TITLE_COMPANY|BODY_COMPANY|BODY_TICKER|TARGET_CONTEXT; score=17; event=SECTOR_NEWS; symbol=HSG,TITLE_COMPANY|BODY_COMPANY|BODY_TICKER|TARGET_CONTEXT,TITLE_ENTITY_WITH_TARGET_CONTEXT,HIGH_PRECISION,INFORMATIVE_CANDIDATE,EXPERIMENTAL_INFORMATIVE_UNVALIDATED,100,CRITICAL,NOT_INDEPENDENTLY_VALIDATED,True
e296d1e91355afa33bb5,545894bb57aa9df76d237a10ab284e89,NKG,Công ty Cổ phần Thép Nam Kim,2021-09-19,CafeF,https://cafef.vn/doanh-nghiep-thep-thang-8-hoa-phat-tang-ban-hrc-nam-kim-va-hoa-sen-duoc-bu-dap-boi-xuat-khau-20210919192007382.chn,"Doanh nghiệp thép tháng 8: Hòa Phát tăng bán HRC, Nam Kim và Hoa Sen được bù đắp bởi xuất khẩu",SECTOR_NEWS,SECTOR_NEWS,NEUTRAL,MODERATE,SECTOR,HIGH,WEAK_RULE_V3_ENTITY_TIERED,WEAK_RULE_V3; tier=HIGH_PRECISION; entity=TITLE_ALIAS|BODY_COMPANY|BODY_TICKER|TARGET_CONTEXT; score=17; event=SECTOR_NEWS; symbol=NKG,TITLE_ALIAS|BODY_COMPANY|BODY_TICKER|TARGET_CONTEXT,TITLE_ENTITY_WITH_TARGET_CONTEXT,HIGH_PRECISION,INFORMATIVE_CANDIDATE,EXPERIMENTAL_INFORMATIVE_UNVALIDATED,100,CRITICAL,NOT_INDEPENDENTLY_VALIDATED,True
bc004531d215409700c0,c985cd9b27ec993e30586340fd8f6453,GAS,Tổng Công ty Khí Việt Nam,2021-09-23,CafeF,https://cafef.vn/pv-gas-bat-tay-voi-tap-doan-nang-luong-my-dau-tu-kho-cang-lng-son-my-von-dau-tu-len-den-131-ty-usd-20210923092802846.chn,"PV GAS ""bắt tay"" với tập đoàn năng lượng Mỹ đầu tư Kho cảng LNG Sơn Mỹ, vốn đầu tư lên đến 1,31 tỷ USD",OTHER,OTHER,NEUTRAL,LOW,STOCK_SPECIFIC,MEDIUM,WEAK_RULE_V3_ENTITY_TIERED,WEAK_RULE_V3; tier=HIGH_PRECISION; entity=TITLE_TICKER|TITLE_ALIAS|BODY_ALIAS|BODY_TICKER; score=20; event=OTHER; symbol=GAS,TITLE_TICKER|TITLE_ALIAS|BODY_ALIAS|BODY_TICKER,TITLE_ENTITY_MENTION,HIGH_PRECISION,FALLBACK_QUARANTINE,FALLBACK_NO_EVENT_DETECTED,80,MEDIUM,NOT_INDEPENDENTLY_VALIDATED,False
4478bacafb02e58dc4c2,e30ae3d1184c833e21df90f789165f0d,TCB,Ngân hàng TMCP Kỹ Thương Việt Nam,2021-09-23,CafeF,https://cafef.vn/dl1-tcb-pan-nlg-skg-vmg-klm-vsc-tvd-vnp-ams-clx-thong-tin-giao-dich-luong-lon-co-phieu-20210922172626285.chn,"DL1, TCB, PAN, NLG, SKG, VMG, KLM, VSC, TVD, VNP, AMS, CLX: Thông tin giao dịch lượng lớn cổ phiếu",OTHER,OTHER,NEUTRAL,LOW,STOCK_SPECIFIC,MEDIUM,WEAK_RULE_V3_ENTITY_TIERED,WEAK_RULE_V3; tier=HIGH_PRECISION; entity=TITLE_TICKER|BODY_COMPANY|BODY_TICKER|TARGET_CONTEXT; score=17; event=OTHER; symbol=TCB,TITLE_TICKER|BODY_COMPANY|BODY_TICKER|TARGET_CONTEXT,TITLE_TICKER_WITH_TARGET_CONTEXT,HIGH_PRECISION,FALLBACK_QUARANTINE,FALLBACK_NO_EVENT_DETECTED,80,MEDIUM,NOT_INDEPENDENTLY_VALIDATED,False
99e5b277415a6d70fee0,e30ae3d1184c833e21df90f789165f0d,VSC,Công ty Cổ phần Container Việt Nam,2021-09-23,CafeF,https://cafef.vn/dl1-tcb-pan-nlg-skg-vmg-klm-vsc-tvd-vnp-ams-clx-thong-tin-giao-dich-luong-lon-co-phieu-20210922172626285.chn,"DL1, TCB, PAN, NLG, SKG, VMG, KLM, VSC, TVD, VNP, AMS, CLX: Thông tin giao dịch lượng lớn cổ phiếu",OTHER,OTHER,NEUTRAL,LOW,STOCK_SPECIFIC,MEDIUM,WEAK_RULE_V3_ENTITY_TIERED,WEAK_RULE_V3; tier=HIGH_PRECISION; entity=TITLE_TICKER|BODY_COMPANY|BODY_TICKER|TARGET_CONTEXT; score=17; event=OTHER; symbol=VSC,TITLE_TICKER|BODY_COMPANY|BODY_TICKER|TARGET_CONTEXT,TITLE_TICKER_WITH_TARGET_CONTEXT,HIGH_PRECISION,FALLBACK_QUARANTINE,FALLBACK_NO_EVENT_DETECTED,80,MEDIUM,NOT_INDEPENDENTLY_VALIDATED,False
1aa5bb1f94cbefa567e8,3602f1b30667945fa8e137ea3b45b97d,PC1,Công ty Cổ phần Tập đoàn PC1,2021-09-25,Tin Nhanh Chứng Khoán,https://www.tinnhanhchungkhoan.vn/xay-lap-dien-i-pc1-bi-truy-thu-xu-phat-thue-voi-tong-gia-tri-hon-37-ty-dong-post280658.html,"Xây lắp Điện I (PC1) bị truy thu, xử phạt thuế với tổng giá trị hơn 3,7 tỷ đồng",LEGAL_REGULATORY,LEGAL_RISK,NEGATIVE,HIGH,STOCK_SPECIFIC,HIGH,WEAK_RULE_V3_ENTITY_TIERED,WEAK_RULE_V3; tier=HIGH_PRECISION; entity=TITLE_TICKER|BODY_TICKER|TARGET_CONTEXT; score=13; event=LEGAL_RISK; symbol=PC1,TITLE_TICKER|BODY_TICKER|TARGET_CONTEXT,TITLE_TICKER_WITH_TARGET_CONTEXT,HIGH_PRECISION,INFORMATIVE_CANDIDATE,EXPERIMENTAL_INFORMATIVE_UNVALIDATED,100,CRITICAL,NOT_INDEPENDENTLY_VALIDATED,True
1e817ad6e1fd1bf35b9f,c8bfa7550ed8bd8926dc9605c50c1af6,CTR,Tổng Công ty Cổ phần Công trình Viettel,2021-09-26,VietnamBiz,https://vietnambiz.vn/co-phieu-tam-diem-27-9-tch-klb-ctr-20210926153333577.htm,"Cổ phiếu tâm điểm 27/9: TCH, KLB, CTR",BUSINESS_RESULT,PROJECT_EXPANSION,POSITIVE,MODERATE,STOCK_SPECIFIC,HIGH,WEAK_RULE_V3_ENTITY_TIERED,WEAK_RULE_V3; tier=HIGH_PRECISION; entity=TITLE_TICKER|BODY_ALIAS|BODY_TICKER|TARGET_CONTEXT; score=17; event=PROJECT_EXPANSION; symbol=CTR,TITLE_TICKER|BODY_ALIAS|BODY_TICKER|TARGET_CONTEXT,TITLE_TICKER_WITH_TARGET_CONTEXT,HIGH_PRECISION,INFORMATIVE_CANDIDATE,EXPERIMENTAL_INFORMATIVE_UNVALIDATED,100,HIGH,NOT_INDEPENDENTLY_VALIDATED,True
7ad5a66b41f7a4bb6bab,21be6a35845fd4d327f2ddc7a9defc62,MSN,Công ty Cổ phần Tập đoàn Masan,2021-09-27,VietnamBiz,https://vietnambiz.vn/cong-ty-rieng-cua-ty-phu-nguyen-dang-quang-chi-280-ty-mua-them-co-phieu-masan-20210927145108607.htm,Công ty riêng của tỷ phú Nguyễn Đăng Quang chi 280 tỷ mua thêm cổ phiếu Masan,OTHER,OTHER,NEUTRAL,LOW,STOCK_SPECIFIC,MEDIUM,WEAK_RULE_V3_ENTITY_TIERED,WEAK_RULE_V3; tier=HIGH_PRECISION; entity=TITLE_COMPANY|BODY_COMPANY|BODY_TICKER|TARGET_CONTEXT; score=17; event=OTHER; symbol=MSN,TITLE_COMPANY|BODY_COMPANY|BODY_TICKER|TARGET_CONTEXT,TITLE_ENTITY_WITH_TARGET_CONTEXT,HIGH_PRECISION,FALLBACK_QUARANTINE,FALLBACK_NO_EVENT_DETECTED,80,MEDIUM,NOT_INDEPENDENTLY_VALIDATED,False
bbce299ae4fb90426532,3ce72469fc63fe40242c874223dd2034,MBB,Ngân hàng TMCP Quân Đội,2021-09-27,VietnamBiz,https://vietnambiz.vn/co-phieu-tam-diem-28-9-mbb-idc-va-ctc-20210927190436232.htm,"Cổ phiếu tâm điểm 28/9: MBB, IDC và CTC",OTHER,OTHER,NEUTRAL,LOW,STOCK_SPECIFIC,MEDIUM,WEAK_RULE_V3_ENTITY_TIERED,WEAK_RULE_V3; tier=HIGH_PRECISION; entity=TITLE_TICKER|BODY_ALIAS|BODY_TICKER|TARGET_CONTEXT; score=17; event=OTHER; symbol=MBB,TITLE_TICKER|BODY_ALIAS|BODY_TICKER|TARGET_CONTEXT,TITLE_TICKER_WITH_TARGET_CONTEXT,HIGH_PRECISION,FALLBACK_QUARANTINE,FALLBACK_NO_EVENT_DETECTED,80,MEDIUM,NOT_INDEPENDENTLY_VALIDATED,False
5ee9e6f9c5c1e2a1c786,90d90858476e35d8d2c857a066ef1869,HVN,Tổng Công ty Hàng không Việt Nam,2021-09-27,VietnamBiz,https://vietnambiz.vn/dac-cach-cho-co-phieu-vietnam-airlines-trai-voi-quy-dinh-chung-tao-su-y-lai-20210927175304883.htm,"Đặc cách cho cổ phiếu Vietnam Airlines là 'trái với quy định chung, tạo sự ỷ lại'",CORPORATE_ACTION,STOCK_ISSUANCE,NEUTRAL,MODERATE,STOCK_SPECIFIC,HIGH,WEAK_RULE_V3_ENTITY_TIERED,WEAK_RULE_V3; tier=HIGH_PRECISION; entity=TITLE_ALIAS|BODY_COMPANY|BODY_TICKER|TARGET_CONTEXT; score=17; event=STOCK_ISSUANCE; symbol=HVN,TITLE_ALIAS|BODY_COMPANY|BODY_TICKER|TARGET_CONTEXT,TITLE_ENTITY_WITH_TARGET_CONTEXT,HIGH_PRECISION,INFORMATIVE_CANDIDATE,EXPERIMENTAL_INFORMATIVE_UNVALIDATED,100,HIGH,NOT_INDEPENDENTLY_VALIDATED,True
e7bac02520d3d8621f5a,c2e855ab154591ccc4f5573af8f8a727,MSN,Công ty Cổ phần Tập đoàn Masan,2021-09-27,CafeF,https://cafef.vn/masan-msn-nhom-noi-bo-da-mua-vao-hon-2-trieu-co-phieu-tang-so-huu-len-5065-von-20210927154257615.chn,"Masan (MSN): Nhóm nội bộ đã mua vào hơn 2 triệu cổ phiếu, tăng sở hữu lên 50,65% vốn",CORPORATE_ACTION,LEADERSHIP_CHANGE,NEUTRAL,MODERATE,STOCK_SPECIFIC,HIGH,WEAK_RULE_V3_ENTITY_TIERED,WEAK_RULE_V3; tier=HIGH_PRECISION; entity=TITLE_TICKER|TITLE_COMPANY|BODY_COMPANY|BODY_TICKER|TARGET_CONTEXT; score=24; event=LEADERSHIP_CHANGE; symbol=MSN,TITLE_TICKER|TITLE_COMPANY|BODY_COMPANY|BODY_TICKER|TARGET_CONTEXT,TITLE_TICKER_WITH_TARGET_CONTEXT,HIGH_PRECISION,INFORMATIVE_CANDIDATE,EXPERIMENTAL_INFORMATIVE_UNVALIDATED,100,HIGH,NOT_INDEPENDENTLY_VALIDATED,True
44b58ea8d3c2c5a98e51,1d6482f8eda71e81836ba8d721cebe19,MSN,Công ty Cổ phần Tập đoàn Masan,2021-09-28,CafeF,https://cafef.vn/msn-mwg-did-gkm-itc-dtl-aav-nsh-tna-hax-ned-bna-smt-tdm-thong-tin-giao-dich-luong-lon-co-phieu-20210927180631004.chn,"MSN, MWG, DID, GKM, ITC, DTL, AAV, NSH, TNA, HAX, NED, BNA, SMT, TDM: Thông tin giao dịch lượng lớn cổ phiếu",OTHER,OTHER,NEUTRAL,LOW,STOCK_SPECIFIC,MEDIUM,WEAK_RULE_V3_ENTITY_TIERED,WEAK_RULE_V3; tier=HIGH_PRECISION; entity=TITLE_TICKER|BODY_COMPANY|BODY_TICKER|TARGET_CONTEXT; score=17; event=OTHER; symbol=MSN,TITLE_TICKER|BODY_COMPANY|BODY_TICKER|TARGET_CONTEXT,TITLE_TICKER_WITH_TARGET_CONTEXT,HIGH_PRECISION,FALLBACK_QUARANTINE,FALLBACK_NO_EVENT_DETECTED,80,MEDIUM,NOT_INDEPENDENTLY_VALIDATED,False
cadac94a4416b8fc7a17,1d6482f8eda71e81836ba8d721cebe19,MWG,Công ty Cổ phần Đầu tư Thế Giới Di Động,2021-09-28,CafeF,https://cafef.vn/msn-mwg-did-gkm-itc-dtl-aav-nsh-tna-hax-ned-bna-smt-tdm-thong-tin-giao-dich-luong-lon-co-phieu-20210927180631004.chn,"MSN, MWG, DID, GKM, ITC, DTL, AAV, NSH, TNA, HAX, NED, BNA, SMT, TDM: Thông tin giao dịch lượng lớn cổ phiếu",OTHER,OTHER,NEUTRAL,LOW,STOCK_SPECIFIC,MEDIUM,WEAK_RULE_V3_ENTITY_TIERED,WEAK_RULE_V3; tier=HIGH_PRECISION; entity=TITLE_TICKER|BODY_ALIAS|BODY_TICKER|TARGET_CONTEXT; score=17; event=OTHER; symbol=MWG,TITLE_TICKER|BODY_ALIAS|BODY_TICKER|TARGET_CONTEXT,TITLE_TICKER_WITH_TARGET_CONTEXT,HIGH_PRECISION,FALLBACK_QUARANTINE,FALLBACK_NO_EVENT_DETECTED,80,MEDIUM,NOT_INDEPENDENTLY_VALIDATED,False
0d018b7324d71fe6a96a,2ff341519e959ae7234a43f6bf8e1c57,VND,Công ty Cổ phần Chứng khoán VNDIRECT,2021-09-28,VietnamBiz,https://vietnambiz.vn/cong-ty-rieng-cua-vo-chong-ba-chu-vndirect-muon-ban-het-co-phieu-quy-tu-ngay-6-10-20210928102824816.htm,Công ty riêng của vợ chồng bà chủ VNDirect muốn bán hết cổ phiếu quỹ từ ngày 6/10,OTHER,OTHER,NEUTRAL,LOW,STOCK_SPECIFIC,MEDIUM,WEAK_RULE_V3_ENTITY_TIERED,WEAK_RULE_V3; tier=HIGH_PRECISION; entity=TITLE_ALIAS|BODY_COMPANY; score=11; event=OTHER; symbol=VND,TITLE_ALIAS|BODY_COMPANY,TITLE_ENTITY_MENTION,HIGH_PRECISION,FALLBACK_QUARANTINE,FALLBACK_NO_EVENT_DETECTED,80,MEDIUM,NOT_INDEPENDENTLY_VALIDATED,False
b11f0bcfc767b6f3100b,29b7fbbd0d2f6c5f5be4caf11d11c999,ASM,Công ty Cổ phần Tập đoàn Sao Mai,2021-10-05,CafeF,https://cafef.vn/asm-xin-y-kien-co-dong-phat-hanh-co-phieu-de-tra-co-tuc-ty-le-30-20211005090220333.chn,ASM xin ý kiến cổ đông phát hành cổ phiếu để trả cổ tức tỷ lệ 30%,CORPORATE_ACTION,DIVIDEND,POSITIVE,MODERATE,STOCK_SPECIFIC,HIGH,WEAK_RULE_V3_ENTITY_TIERED,WEAK_RULE_V3; tier=HIGH_PRECISION; entity=TITLE_TICKER|BODY_COMPANY|BODY_TICKER|TARGET_CONTEXT; score=17; event=DIVIDEND; symbol=ASM,TITLE_TICKER|BODY_COMPANY|BODY_TICKER|TARGET_CONTEXT,TITLE_TICKER_WITH_TARGET_CONTEXT,HIGH_PRECISION,INFORMATIVE_CANDIDATE,EXPERIMENTAL_INFORMATIVE_UNVALIDATED,100,HIGH,NOT_INDEPENDENTLY_VALIDATED,True
4612c8383fb6b00b2fb1,63039b46d865a8c15d01876e98916b67,HPG,Công ty Cổ phần Tập đoàn Hòa Phát,2021-10-05,CafeF,https://cafef.vn/hpg-hsg-ita-pgc-fdc-itc-dhc-hap-thong-tin-giao-dich-luong-lon-co-phieu-20211005080432159.chn,"HPG, HSG, ITA, PGC, FDC, ITC, DHC, HAP: Thông tin giao dịch lượng lớn cổ phiếu",OTHER,OTHER,NEUTRAL,LOW,STOCK_SPECIFIC,MEDIUM,WEAK_RULE_V3_ENTITY_TIERED,WEAK_RULE_V3; tier=HIGH_PRECISION; entity=TITLE_TICKER|BODY_COMPANY|BODY_TICKER|TARGET_CONTEXT; score=17; event=OTHER; symbol=HPG,TITLE_TICKER|BODY_COMPANY|BODY_TICKER|TARGET_CONTEXT,TITLE_TICKER_WITH_TARGET_CONTEXT,HIGH_PRECISION,FALLBACK_QUARANTINE,FALLBACK_NO_EVENT_DETECTED,80,MEDIUM,NOT_INDEPENDENTLY_VALIDATED,False
dc1633dd4b5f31816237,63039b46d865a8c15d01876e98916b67,HSG,Công ty Cổ phần Tập đoàn Hoa Sen,2021-10-05,CafeF,https://cafef.vn/hpg-hsg-ita-pgc-fdc-itc-dhc-hap-thong-tin-giao-dich-luong-lon-co-phieu-20211005080432159.chn,"HPG, HSG, ITA, PGC, FDC, ITC, DHC, HAP: Thông tin giao dịch lượng lớn cổ phiếu",OTHER,OTHER,NEUTRAL,LOW,STOCK_SPECIFIC,MEDIUM,WEAK_RULE_V3_ENTITY_TIERED,WEAK_RULE_V3; tier=HIGH_PRECISION; entity=TITLE_TICKER|BODY_COMPANY|BODY_TICKER|TARGET_CONTEXT; score=17; event=OTHER; symbol=HSG,TITLE_TICKER|BODY_COMPANY|BODY_TICKER|TARGET_CONTEXT,TITLE_TICKER_WITH_TARGET_CONTEXT,HIGH_PRECISION,FALLBACK_QUARANTINE,FALLBACK_NO_EVENT_DETECTED,80,MEDIUM,NOT_INDEPENDENTLY_VALIDATED,False
add6a8ed46e81845bb03,7342ab3ab63e0553abb77327a2294d42,HPG,Công ty Cổ phần Tập đoàn Hòa Phát,2021-10-07,CafeF,https://cafef.vn/phien-7-10-khoi-ngoai-day-manh-ban-rong-628-ty-dong-tam-diem-ban-hpg-sbt-20211007153835259.chn,"Phiên 7/10: Khối ngoại đẩy mạnh bán ròng 628 tỷ đồng, tâm điểm bán HPG, SBT",OTHER,OTHER,NEUTRAL,LOW,STOCK_SPECIFIC,MEDIUM,WEAK_RULE_V3_ENTITY_TIERED,WEAK_RULE_V3; tier=HIGH_PRECISION; entity=TITLE_TICKER|BODY_TICKER|TARGET_CONTEXT; score=13; event=OTHER; symbol=HPG,TITLE_TICKER|BODY_TICKER|TARGET_CONTEXT,TITLE_TICKER_WITH_TARGET_CONTEXT,HIGH_PRECISION,FALLBACK_QUARANTINE,FALLBACK_NO_EVENT_DETECTED,80,MEDIUM,NOT_INDEPENDENTLY_VALIDATED,False
fba6cac4f99a3796184a,d2c8ea5d27a8ccdf6a8568e824046fa9,HPG,Công ty Cổ phần Tập đoàn Hòa Phát,2021-10-07,VietnamBiz,https://vietnambiz.vn/phien-7-10-khoi-ngoai-co-phien-ban-rong-manh-nhat-ke-tu-dau-tuan-tam-diem-hpg-sbt-20211007155304249.htm,"Phiên 7/10: Khối ngoại có phiên bán ròng mạnh nhất kể từ đầu tuần, tâm điểm HPG, SBT",SECTOR_NEWS,SECTOR_NEWS,NEUTRAL,MODERATE,SECTOR,HIGH,WEAK_RULE_V3_ENTITY_TIERED,WEAK_RULE_V3; tier=HIGH_PRECISION; entity=TITLE_TICKER|BODY_COMPANY|BODY_TICKER|TARGET_CONTEXT; score=17; event=SECTOR_NEWS; symbol=HPG,TITLE_TICKER|BODY_COMPANY|BODY_TICKER|TARGET_CONTEXT,TITLE_TICKER_WITH_TARGET_CONTEXT,HIGH_PRECISION,INFORMATIVE_CANDIDATE,EXPERIMENTAL_INFORMATIVE_UNVALIDATED,100,CRITICAL,NOT_INDEPENDENTLY_VALIDATED,True
a50129b62ea4ffa57b7d,e5a24cb1bbbd6d12e280098cdba1171f,VPB,Ngân hàng TMCP Việt Nam Thịnh Vượng,2021-10-09,VietnamBiz,https://vietnambiz.vn/co-phieu-ngan-hang-tuan-qua-shb-tang-manh-trong-hai-ngay-cuoi-o-hnx-vpb-va-msb-da-chot-quyen-co-tuc-20211009124330757.htm,"Cổ phiếu ngân hàng tuần qua: SHB tăng mạnh trong hai ngày cuối ở HNX, VPB và MSB đã chốt quyền cổ tức",CORPORATE_ACTION,DIVIDEND,POSITIVE,MODERATE,STOCK_SPECIFIC,HIGH,WEAK_RULE_V3_ENTITY_TIERED,WEAK_RULE_V3; tier=HIGH_PRECISION; entity=TITLE_TICKER|BODY_ALIAS|BODY_TICKER|TARGET_CONTEXT; score=17; event=DIVIDEND; symbol=VPB,TITLE_TICKER|BODY_ALIAS|BODY_TICKER|TARGET_CONTEXT,TITLE_TICKER_WITH_TARGET_CONTEXT,HIGH_PRECISION,INFORMATIVE_CANDIDATE,EXPERIMENTAL_INFORMATIVE_UNVALIDATED,100,HIGH,NOT_INDEPENDENTLY_VALIDATED,True
3ee7028d84abee290c72,51ab296db4d0328f1caf4582836d416a,VHC,Công ty Cổ phần Vĩnh Hoàn,2021-10-12,CafeF,https://cafef.vn/vinh-hoan-vhc-xuat-khau-tang-manh-doanh-thu-thang-9-2021-tang-18-len-658-ty-dong-20211012080900662.chn,"Vĩnh Hoàn (VHC): Xuất khẩu tăng mạnh, doanh thu tháng 9/2021 tăng 18% lên 658 tỷ đồng",OTHER,OTHER,NEUTRAL,LOW,STOCK_SPECIFIC,MEDIUM,WEAK_RULE_V3_ENTITY_TIERED,WEAK_RULE_V3; tier=HIGH_PRECISION; entity=TITLE_TICKER|TITLE_COMPANY|BODY_COMPANY|BODY_TICKER|TARGET_CONTEXT; score=24; event=OTHER; symbol=VHC,TITLE_TICKER|TITLE_COMPANY|BODY_COMPANY|BODY_TICKER|TARGET_CONTEXT,TITLE_TICKER_WITH_TARGET_CONTEXT,HIGH_PRECISION,FALLBACK_QUARANTINE,FALLBACK_NO_EVENT_DETECTED,80,MEDIUM,NOT_INDEPENDENTLY_VALIDATED,False
18a018b325f7c3c31368,642d9dba739f8edc93594e94d5f81cd4,VSC,Công ty Cổ phần Container Việt Nam,2021-10-12,CafeF,https://cafef.vn/thi-gia-tren-60000-dong-viconship-vsc-chao-ban-55-trieu-co-phieu-gia-10000-dong-cho-co-dong-hien-huu-20211012095447293.chn,"Thị giá trên 60.000 đồng, Viconship (VSC) chào bán 55 triệu cổ phiếu giá 10.000 đồng cho cổ đông hiện hữu",CORPORATE_ACTION,DIVIDEND,POSITIVE,MODERATE,STOCK_SPECIFIC,HIGH,WEAK_RULE_V3_ENTITY_TIERED,WEAK_RULE_V3; tier=HIGH_PRECISION; entity=TITLE_TICKER|TITLE_ALIAS|BODY_COMPANY|BODY_TICKER|TARGET_CONTEXT; score=24; event=DIVIDEND; symbol=VSC,TITLE_TICKER|TITLE_ALIAS|BODY_COMPANY|BODY_TICKER|TARGET_CONTEXT,TITLE_TICKER_WITH_TARGET_CONTEXT,HIGH_PRECISION,INFORMATIVE_CANDIDATE,EXPERIMENTAL_INFORMATIVE_UNVALIDATED,100,HIGH,NOT_INDEPENDENTLY_VALIDATED,True
98886e2835861cdf7162,a7b800c3adf7df13444662faf56e9102,VIX,Công ty Cổ phần Chứng khoán VIX,2021-10-12,CafeF,https://cafef.vn/ong-nguyen-van-tuan-vua-mua-hon-29-trieu-co-phieu-vix-tro-thanh-co-dong-lon-2021101208453133.chn,"Ông Nguyễn Văn Tuấn vừa mua hơn 29 triệu cổ phiếu VIX, trở thành cổ đông lớn",CORPORATE_ACTION,STOCK_ISSUANCE,NEUTRAL,MODERATE,STOCK_SPECIFIC,HIGH,WEAK_RULE_V3_ENTITY_TIERED,WEAK_RULE_V3; tier=HIGH_PRECISION; entity=TITLE_TICKER|BODY_COMPANY|BODY_TICKER|TARGET_CONTEXT; score=17; event=STOCK_ISSUANCE; symbol=VIX,TITLE_TICKER|BODY_COMPANY|BODY_TICKER|TARGET_CONTEXT,TITLE_TICKER_WITH_TARGET_CONTEXT,HIGH_PRECISION,INFORMATIVE_CANDIDATE,EXPERIMENTAL_INFORMATIVE_UNVALIDATED,100,HIGH,NOT_INDEPENDENTLY_VALIDATED,True
07ecf30a83e260cbb0b0,0153096164cdebaaa7fb8e8eedb3e1de,SSI,Công ty Cổ phần Chứng khoán SSI,2021-10-15,CafeF,https://cafef.vn/ssi-resarch-nhom-thuy-dien-phia-nam-sang-cua-trong-nua-cuoi-nam-2021-co-phieu-ky-vong-sinh-loi-hai-chu-so-20211015103104647.chn,"SSI Resarch: Nhóm thủy điện phía Nam ""sáng cửa"" trong nửa cuối năm 2021, cổ phiếu kỳ vọng sinh lời hai chữ số",OTHER,OTHER,NEUTRAL,LOW,STOCK_SPECIFIC,MEDIUM,WEAK_RULE_V3_ENTITY_TIERED,WEAK_RULE_V3; tier=HIGH_PRECISION; entity=TITLE_TICKER|BODY_TICKER|TARGET_CONTEXT; score=13; event=OTHER; symbol=SSI,TITLE_TICKER|BODY_TICKER|TARGET_CONTEXT,TITLE_TICKER_WITH_TARGET_CONTEXT,HIGH_PRECISION,FALLBACK_QUARANTINE,FALLBACK_NO_EVENT_DETECTED,80,MEDIUM,NOT_INDEPENDENTLY_VALIDATED,False
c586c4490a56ef1bb416,63956e1b49c931ec7a482757b45752bb,BID,Ngân hàng TMCP Đầu tư và Phát triển Việt Nam,2021-10-15,CafeF,https://cafef.vn/bsc-ra-mat-tinh-nang-chung-khoan-tren-bidv-smartbanking-20211015105744457.chn,BSC ra mắt tính năng chứng khoán trên BIDV SmartBanking,OTHER,OTHER,NEUTRAL,LOW,STOCK_SPECIFIC,MEDIUM,WEAK_RULE_V3_ENTITY_TIERED,WEAK_RULE_V3; tier=HIGH_PRECISION; entity=TITLE_ALIAS|BODY_ALIAS; score=11; event=OTHER; symbol=BID,TITLE_ALIAS|BODY_ALIAS,TITLE_ENTITY_MENTION,HIGH_PRECISION,FALLBACK_QUARANTINE,FALLBACK_NO_EVENT_DETECTED,80,MEDIUM,NOT_INDEPENDENTLY_VALIDATED,False
d5379cb37ffc77b4ac32,8567ebbe2cfb3c4d55dd49609c4d181a,HPG,Công ty Cổ phần Tập đoàn Hòa Phát,2021-10-15,CafeF,https://cafef.vn/trung-quoc-khung-hoang-thieu-dien-hoa-phat-va-xi-mang-bim-son-ky-vong-se-ngu-ong-dac-loi-20211014110856434.chn,"Trung Quốc khủng hoảng thiếu điện, Hòa Phát và Xi măng Bỉm Sơn được kỳ vọng ""ngư ông đắc lợi""",SECTOR_NEWS,SECTOR_NEWS,NEUTRAL,MODERATE,SECTOR,HIGH,WEAK_RULE_V3_ENTITY_TIERED,WEAK_RULE_V3; tier=HIGH_PRECISION; entity=TITLE_COMPANY|BODY_COMPANY|BODY_TICKER|TARGET_CONTEXT; score=17; event=SECTOR_NEWS; symbol=HPG,TITLE_COMPANY|BODY_COMPANY|BODY_TICKER|TARGET_CONTEXT,TITLE_ENTITY_WITH_TARGET_CONTEXT,HIGH_PRECISION,INFORMATIVE_CANDIDATE,EXPERIMENTAL_INFORMATIVE_UNVALIDATED,100,CRITICAL,NOT_INDEPENDENTLY_VALIDATED,True
2da41b7582bbfe4b5a71,2898a83487354a0bcf5d0be9aa9723f7,KDH,Công ty Cổ phần Đầu tư và Kinh doanh Nhà Khang Điền,2021-10-18,CafeF,https://cafef.vn/vndiamond-index-them-moi-kdh-loai-lpb-va-tcm-khoi-danh-muc-trong-ky-co-cau-thang-10-20211018182800561.chn,"VNDiamond Index thêm mới KDH, loại LPB và TCM khỏi danh mục trong kỳ cơ cấu tháng 10",OTHER,OTHER,NEUTRAL,LOW,STOCK_SPECIFIC,MEDIUM,WEAK_RULE_V3_ENTITY_TIERED,WEAK_RULE_V3; tier=HIGH_PRECISION; entity=TITLE_TICKER|BODY_TICKER; score=9; event=OTHER; symbol=KDH,TITLE_TICKER|BODY_TICKER,TITLE_ENTITY_MENTION,HIGH_PRECISION,FALLBACK_QUARANTINE,FALLBACK_NO_EVENT_DETECTED,80,MEDIUM,NOT_INDEPENDENTLY_VALIDATED,False
445aafd575cfbdcc2324,358d073f17936e5a91209a571123b6da,DHG,Công ty Cổ phần Dược Hậu Giang,2021-10-20,CafeF,https://cafef.vn/duoc-hau-giang-dhg-9-thang-dau-nam-loi-nhuan-sau-thue-dat-606-ty-dong-no-vay-ngan-han-dot-bien-hon-73-20211020162641716.chn,"Dược Hậu Giang (DHG): 9 tháng đầu năm lợi nhuận sau thuế đạt 606 tỷ đồng, nợ vay ngắn hạn đột biến hơn 73%",OTHER,OTHER,NEUTRAL,LOW,STOCK_SPECIFIC,MEDIUM,WEAK_RULE_V3_ENTITY_TIERED,WEAK_RULE_V3; tier=HIGH_PRECISION; entity=TITLE_TICKER|TITLE_COMPANY|BODY_COMPANY|BODY_TICKER|TARGET_CONTEXT; score=24; event=OTHER; symbol=DHG,TITLE_TICKER|TITLE_COMPANY|BODY_COMPANY|BODY_TICKER|TARGET_CONTEXT,TITLE_TICKER_WITH_TARGET_CONTEXT,HIGH_PRECISION,FALLBACK_QUARANTINE,FALLBACK_NO_EVENT_DETECTED,80,MEDIUM,NOT_INDEPENDENTLY_VALIDATED,False
39cfc3e6c504d7a34060,3d07f11f275b7eb1a4ac1ded2345342e,FPT,Công ty Cổ phần FPT,2021-10-22,CafeF,https://cafef.vn/ttck-viet-nam-don-them-mot-quy-dau-tu-den-tu-xu-so-chua-vang-quy-mo-nghin-ty-ua-thich-nam-giu-fpt-vnm-va-chung-chi-etf-20211022151946801.chn,"TTCK Việt Nam đón thêm một quỹ đầu tư đến từ Xứ sở chùa Vàng quy mô nghìn tỷ, ưa thích nắm giữ FPT, VNM và chứng chỉ ETF",OTHER,OTHER,NEUTRAL,LOW,STOCK_SPECIFIC,MEDIUM,WEAK_RULE_V3_ENTITY_TIERED,WEAK_RULE_V3; tier=HIGH_PRECISION; entity=TITLE_TICKER|BODY_TICKER|TARGET_CONTEXT; score=13; event=OTHER; symbol=FPT,TITLE_TICKER|BODY_TICKER|TARGET_CONTEXT,TITLE_TICKER_WITH_TARGET_CONTEXT,HIGH_PRECISION,FALLBACK_QUARANTINE,FALLBACK_NO_EVENT_DETECTED,80,MEDIUM,NOT_INDEPENDENTLY_VALIDATED,False
9deea2fb90859c57011b,3d07f11f275b7eb1a4ac1ded2345342e,VNM,Công ty Cổ phần Sữa Việt Nam,2021-10-22,CafeF,https://cafef.vn/ttck-viet-nam-don-them-mot-quy-dau-tu-den-tu-xu-so-chua-vang-quy-mo-nghin-ty-ua-thich-nam-giu-fpt-vnm-va-chung-chi-etf-20211022151946801.chn,"TTCK Việt Nam đón thêm một quỹ đầu tư đến từ Xứ sở chùa Vàng quy mô nghìn tỷ, ưa thích nắm giữ FPT, VNM và chứng chỉ ETF",OTHER,OTHER,NEUTRAL,LOW,STOCK_SPECIFIC,MEDIUM,WEAK_RULE_V3_ENTITY_TIERED,WEAK_RULE_V3; tier=HIGH_PRECISION; entity=TITLE_TICKER|BODY_ALIAS|BODY_TICKER|TARGET_CONTEXT; score=17; event=OTHER; symbol=VNM,TITLE_TICKER|BODY_ALIAS|BODY_TICKER|TARGET_CONTEXT,TITLE_TICKER_WITH_TARGET_CONTEXT,HIGH_PRECISION,FALLBACK_QUARANTINE,FALLBACK_NO_EVENT_DETECTED,80,MEDIUM,NOT_INDEPENDENTLY_VALIDATED,False
4de9392de28975214699,d1db498a0657dfff1f8a3223f71ec89d,DGC,Công ty Cổ phần Tập đoàn Hóa chất Đức Giang,2021-10-22,CafeF,https://cafef.vn/lai-hon-1100-ty-dong-trong-9-thang-dau-nam-hoa-chat-duc-giang-dat-tiep-muc-tieu-lai-600-ty-dong-trong-quy-4-20211022173644185.chn,"Lãi hơn 1.100 tỷ đồng trong 9 tháng đầu năm, Hóa chất Đức Giang đặt tiếp mục tiêu lãi 600 tỷ đồng trong quý 4",BUSINESS_RESULT,PROFIT_GROWTH,POSITIVE,HIGH,STOCK_SPECIFIC,HIGH,WEAK_RULE_V3_ENTITY_TIERED,WEAK_RULE_V3; tier=HIGH_PRECISION; entity=TITLE_COMPANY|BODY_COMPANY|BODY_TICKER; score=13; event=PROFIT_GROWTH; symbol=DGC,TITLE_COMPANY|BODY_COMPANY|BODY_TICKER,TITLE_ENTITY_MENTION,HIGH_PRECISION,INFORMATIVE_CANDIDATE,EXPERIMENTAL_INFORMATIVE_UNVALIDATED,100,HIGH,NOT_INDEPENDENTLY_VALIDATED,True
b23daadec8c901348db6,1a8da8eecb91b6b18efa6c90cb4e1e91,SSI,Công ty Cổ phần Chứng khoán SSI,2021-10-23,CafeF,https://cafef.vn/chuyen-gia-ssi-mach-nuoc-cach-dung-triet-ly-10000-cu-da-cua-ly-tieu-long-vao-dau-tu-chung-khoan-20211023113206753.chn,Chuyên gia SSI mách nước cách dùng triết lý 10.000 cú đá của Lý Tiểu Long vào đầu tư chứng khoán,OTHER,OTHER,NEUTRAL,LOW,STOCK_SPECIFIC,MEDIUM,WEAK_RULE_V3_ENTITY_TIERED,WEAK_RULE_V3; tier=HIGH_PRECISION; entity=TITLE_TICKER|BODY_TICKER|TARGET_CONTEXT; score=13; event=OTHER; symbol=SSI,TITLE_TICKER|BODY_TICKER|TARGET_CONTEXT,TITLE_TICKER_WITH_TARGET_CONTEXT,HIGH_PRECISION,FALLBACK_QUARANTINE,FALLBACK_NO_EVENT_DETECTED,80,MEDIUM,NOT_INDEPENDENTLY_VALIDATED,False
96109b6a9808b9fd0bc4,4b1d2b9eefa10aa9f882d795b2989141,MSN,Công ty Cổ phần Tập đoàn Masan,2021-10-23,CafeF,https://cafef.vn/masan-meatlife-phat-hanh-xong-gan-7300-ty-dong-trai-phieu-cho-ke-hoach-tach-mang-cam-va-dau-tu-mo-rong-mang-thit-ndt-ngoai-mua-hon-1-3-20211023103940701.chn,"Masan MEATLife phát hành xong gần 7.300 tỷ đồng trái phiếu cho kế hoạch tách mảng cám và đầu tư mở rộng mảng thịt, NĐT ngoại mua hơn 1/3",CORPORATE_ACTION,DIVIDEND,POSITIVE,MODERATE,STOCK_SPECIFIC,HIGH,WEAK_RULE_V3_ENTITY_TIERED,WEAK_RULE_V3; tier=HIGH_PRECISION; entity=TITLE_COMPANY|BODY_COMPANY; score=11; event=DIVIDEND; symbol=MSN,TITLE_COMPANY|BODY_COMPANY,TITLE_ENTITY_MENTION,HIGH_PRECISION,INFORMATIVE_CANDIDATE,EXPERIMENTAL_INFORMATIVE_UNVALIDATED,100,HIGH,NOT_INDEPENDENTLY_VALIDATED,True
cfe2f31470e6884273b5,f77512abc9a5f2e7a710e2862fc22e21,FPT,Công ty Cổ phần FPT,2021-10-23,CafeF,https://cafef.vn/fpt-pnj-dig-dxg-apg-pvi-ntl-thp-svc-nsh-tnt-mac-vmc-thong-tin-giao-dich-luong-lon-co-phieu-20211022180056678.chn,"FPT, PNJ, DIG, DXG, APG, PVI, NTL, THP, SVC, NSH, TNT, MAC, VMC: Thông tin giao dịch lượng lớn cổ phiếu",OTHER,OTHER,NEUTRAL,LOW,STOCK_SPECIFIC,MEDIUM,WEAK_RULE_V3_ENTITY_TIERED,WEAK_RULE_V3; tier=HIGH_PRECISION; entity=TITLE_TICKER|BODY_TICKER|TARGET_CONTEXT; score=13; event=OTHER; symbol=FPT,TITLE_TICKER|BODY_TICKER|TARGET_CONTEXT,TITLE_TICKER_WITH_TARGET_CONTEXT,HIGH_PRECISION,FALLBACK_QUARANTINE,FALLBACK_NO_EVENT_DETECTED,80,MEDIUM,NOT_INDEPENDENTLY_VALIDATED,False
1c122bdd5a0b3e616d06,f77512abc9a5f2e7a710e2862fc22e21,PNJ,Công ty Cổ phần Vàng bạc Đá quý Phú Nhuận,2021-10-23,CafeF,https://cafef.vn/fpt-pnj-dig-dxg-apg-pvi-ntl-thp-svc-nsh-tnt-mac-vmc-thong-tin-giao-dich-luong-lon-co-phieu-20211022180056678.chn,"FPT, PNJ, DIG, DXG, APG, PVI, NTL, THP, SVC, NSH, TNT, MAC, VMC: Thông tin giao dịch lượng lớn cổ phiếu",OTHER,OTHER,NEUTRAL,LOW,STOCK_SPECIFIC,MEDIUM,WEAK_RULE_V3_ENTITY_TIERED,WEAK_RULE_V3; tier=HIGH_PRECISION; entity=TITLE_TICKER|BODY_TICKER|TARGET_CONTEXT; score=13; event=OTHER; symbol=PNJ,TITLE_TICKER|BODY_TICKER|TARGET_CONTEXT,TITLE_TICKER_WITH_TARGET_CONTEXT,HIGH_PRECISION,FALLBACK_QUARANTINE,FALLBACK_NO_EVENT_DETECTED,80,MEDIUM,NOT_INDEPENDENTLY_VALIDATED,False
b7e0b6661e27e60c1c8f,2a8d4855303b0c496b6fe6ee747b8428,NKG,Công ty Cổ phần Thép Nam Kim,2021-10-28,CafeF,https://cafef.vn/doanh-thu-xuat-khau-gap-4-lan-cung-ky-nam-truoc-9-thang-lai-sau-thue-cua-nam-kim-dat-hon-1773-ty-gap-12-lan-cung-ky-2020-20211028185057545.chn,"Doanh thu xuất khẩu gấp 4 lần cùng kỳ năm trước, 9 tháng lãi sau thuế của Nam Kim đạt hơn 1.773 tỷ, gấp 12 lần cùng kỳ 2020",OTHER,OTHER,NEUTRAL,LOW,STOCK_SPECIFIC,MEDIUM,WEAK_RULE_V3_ENTITY_TIERED,WEAK_RULE_V3; tier=HIGH_PRECISION; entity=TITLE_ALIAS|BODY_COMPANY|BODY_TICKER|TARGET_CONTEXT; score=17; event=OTHER; symbol=NKG,TITLE_ALIAS|BODY_COMPANY|BODY_TICKER|TARGET_CONTEXT,TITLE_ENTITY_WITH_TARGET_CONTEXT,HIGH_PRECISION,FALLBACK_QUARANTINE,FALLBACK_NO_EVENT_DETECTED,80,MEDIUM,NOT_INDEPENDENTLY_VALIDATED,False
57809d209a5848dc57cb,415bf19e690b1c36e4819ec50278b323,PDR,Công ty Cổ phần Phát triển Bất động sản Phát Đạt,2021-10-28,CafeF,https://cafef.vn/phat-dat-nam-long-nbblai-dot-bien-trong-quy-3-2021-co-phieu-nhom-bat-dong-san-dong-loat-day-song-20211028111508476.chn,"Phát Đạt, Nam Long, NBB...lãi đột biến trong quý 3/2021, cổ phiếu nhóm bất động sản đồng loạt ""dậy sóng""",BUSINESS_RESULT,PROFIT_DECLINE,NEGATIVE,HIGH,STOCK_SPECIFIC,HIGH,WEAK_RULE_V3_ENTITY_TIERED,WEAK_RULE_V3; tier=HIGH_PRECISION; entity=TITLE_ALIAS|BODY_COMPANY|BODY_TICKER|TARGET_CONTEXT; score=17; event=PROFIT_DECLINE; symbol=PDR,TITLE_ALIAS|BODY_COMPANY|BODY_TICKER|TARGET_CONTEXT,TITLE_ENTITY_WITH_TARGET_CONTEXT,HIGH_PRECISION,INFORMATIVE_CANDIDATE,EXPERIMENTAL_INFORMATIVE_UNVALIDATED,100,HIGH,NOT_INDEPENDENTLY_VALIDATED,True
6484bb5fa724ccdedf33,3300a12d8454434ee3fd51fa849d4504,IMP,Công ty Cổ phần Dược phẩm Imexpharm,2021-11-03,CafeF,https://cafef.vn/ita-gvr-tdh-kdh-ptl-imp-dtl-tms-agm-dbt-dhc-c32-mac-pdb-bsc-dih-thong-tin-giao-dich-luong-lon-co-phieu-20211103083254192.chn,"ITA, GVR, TDH, KDH, PTL, IMP, DTL, TMS, AGM, DBT, DHC, C32, MAC, PDB, BSC, DIH: Thông tin giao dịch lượng lớn cổ phiếu",OTHER,OTHER,NEUTRAL,LOW,STOCK_SPECIFIC,MEDIUM,WEAK_RULE_V3_ENTITY_TIERED,WEAK_RULE_V3; tier=HIGH_PRECISION; entity=TITLE_TICKER|BODY_COMPANY|BODY_TICKER|TARGET_CONTEXT; score=17; event=OTHER; symbol=IMP,TITLE_TICKER|BODY_COMPANY|BODY_TICKER|TARGET_CONTEXT,TITLE_TICKER_WITH_TARGET_CONTEXT,HIGH_PRECISION,FALLBACK_QUARANTINE,FALLBACK_NO_EVENT_DETECTED,80,MEDIUM,NOT_INDEPENDENTLY_VALIDATED,False
7050c7fb545b9d0d6fcf,3300a12d8454434ee3fd51fa849d4504,KDH,Công ty Cổ phần Đầu tư và Kinh doanh Nhà Khang Điền,2021-11-03,CafeF,https://cafef.vn/ita-gvr-tdh-kdh-ptl-imp-dtl-tms-agm-dbt-dhc-c32-mac-pdb-bsc-dih-thong-tin-giao-dich-luong-lon-co-phieu-20211103083254192.chn,"ITA, GVR, TDH, KDH, PTL, IMP, DTL, TMS, AGM, DBT, DHC, C32, MAC, PDB, BSC, DIH: Thông tin giao dịch lượng lớn cổ phiếu",OTHER,OTHER,NEUTRAL,LOW,STOCK_SPECIFIC,MEDIUM,WEAK_RULE_V3_ENTITY_TIERED,WEAK_RULE_V3; tier=HIGH_PRECISION; entity=TITLE_TICKER|BODY_ALIAS|BODY_TICKER|TARGET_CONTEXT; score=17; event=OTHER; symbol=KDH,TITLE_TICKER|BODY_ALIAS|BODY_TICKER|TARGET_CONTEXT,TITLE_TICKER_WITH_TARGET_CONTEXT,HIGH_PRECISION,FALLBACK_QUARANTINE,FALLBACK_NO_EVENT_DETECTED,80,MEDIUM,NOT_INDEPENDENTLY_VALIDATED,False
0dfceac474aa706e9e45,4869a1e18c7c606eddc5a00cfeb5c79b,PVS,Tổng Công ty Cổ phần Dịch vụ Kỹ thuật Dầu khí Việt Nam,2021-11-03,CafeF,https://cafef.vn/dich-vu-ky-thuat-dau-khi-ptsc-pvs-ghi-nhan-506-ty-dong-tien-lai-tu-cong-ty-lien-doanh-lien-ket-trong-9-thang-dau-20211103092331424.chn,Dịch vụ kỹ thuật Dầu khí PTSC (PVS) ghi nhận 506 tỷ đồng tiền lãi từ công ty liên doanh liên kết trong 9 tháng đầu,MACRO_POLICY,MACRO_POLICY,NEUTRAL,MODERATE,MARKET,HIGH,WEAK_RULE_V3_ENTITY_TIERED,WEAK_RULE_V3; tier=HIGH_PRECISION; entity=TITLE_TICKER|TITLE_ALIAS|BODY_ALIAS|BODY_TICKER|TARGET_CONTEXT; score=24; event=MACRO_POLICY; symbol=PVS,TITLE_TICKER|TITLE_ALIAS|BODY_ALIAS|BODY_TICKER|TARGET_CONTEXT,TITLE_TICKER_WITH_TARGET_CONTEXT,HIGH_PRECISION,INFORMATIVE_CANDIDATE,EXPERIMENTAL_INFORMATIVE_UNVALIDATED,100,CRITICAL,NOT_INDEPENDENTLY_VALIDATED,True
448d9a2edbc1f51d15d3,858c7016063e1c5f17c821edccb451c2,VND,Công ty Cổ phần Chứng khoán VNDIRECT,2021-11-03,CafeF,https://cafef.vn/vndirect-vn-index-tien-toi-dinh-moi-1480-diem-trong-thang-11-da-den-luc-ban-ve-cau-chuyen-dau-tu-co-phieu-tam-nhin-toi-nam-2022-20211103004329381.chn,"VNDIRECT: VN-Index tiến tới đỉnh mới 1.480 điểm trong tháng 11, đã đến lúc bàn về câu chuyện đầu tư cổ phiếu tầm nhìn tới năm 2022",OTHER,OTHER,NEUTRAL,LOW,STOCK_SPECIFIC,MEDIUM,WEAK_RULE_V3_ENTITY_TIERED,WEAK_RULE_V3; tier=HIGH_PRECISION; entity=TITLE_ALIAS|BODY_ALIAS; score=11; event=OTHER; symbol=VND,TITLE_ALIAS|BODY_ALIAS,TITLE_ENTITY_MENTION,HIGH_PRECISION,FALLBACK_QUARANTINE,FALLBACK_NO_EVENT_DETECTED,80,MEDIUM,NOT_INDEPENDENTLY_VALIDATED,False
a605054aa841c76dcf27,8953f3507de48564630c580557c9dba4,HPG,Công ty Cổ phần Tập đoàn Hòa Phát,2021-11-03,VietnamBiz,https://vietnambiz.vn/phien-3-11-giua-song-ban-thao-khoi-ngoai-bat-ngo-quay-lai-mua-rong-280-ty-dong-gom-manh-hpg-20211103161532367.htm,"Phiên 3/11: Giữa sóng bán tháo, khối ngoại bất ngờ quay lại mua ròng 280 tỷ đồng, gom mạnh HPG",OTHER,OTHER,NEUTRAL,LOW,STOCK_SPECIFIC,MEDIUM,WEAK_RULE_V3_ENTITY_TIERED,WEAK_RULE_V3; tier=HIGH_PRECISION; entity=TITLE_TICKER|BODY_COMPANY|BODY_TICKER|TARGET_CONTEXT; score=17; event=OTHER; symbol=HPG,TITLE_TICKER|BODY_COMPANY|BODY_TICKER|TARGET_CONTEXT,TITLE_TICKER_WITH_TARGET_CONTEXT,HIGH_PRECISION,FALLBACK_QUARANTINE,FALLBACK_NO_EVENT_DETECTED,80,MEDIUM,NOT_INDEPENDENTLY_VALIDATED,False
fc213b53b33e453ff1ba,ad7bc76e0a578ecabc3953c254229912,KDH,Công ty Cổ phần Đầu tư và Kinh doanh Nhà Khang Điền,2021-11-03,CafeF,https://cafef.vn/co-phieu-tang-nong-dua-loat-doanh-nghiep-bat-dong-san-gia-nhap-cau-lac-bo-ty-usd-tu-dig-kdh-kbc-va-moi-nhat-la-nlg-20211103124329369.chn,"Cổ phiếu tăng nóng đưa loạt doanh nghiệp bất động sản gia nhập câu lạc bộ tỷ USD: Từ DIG, KDH, KBC... và mới nhất là NLG",BUSINESS_RESULT,PROFIT_DECLINE,NEGATIVE,HIGH,STOCK_SPECIFIC,HIGH,WEAK_RULE_V3_ENTITY_TIERED,WEAK_RULE_V3; tier=HIGH_PRECISION; entity=TITLE_TICKER|BODY_ALIAS|BODY_TICKER|TARGET_CONTEXT; score=17; event=PROFIT_DECLINE; symbol=KDH,TITLE_TICKER|BODY_ALIAS|BODY_TICKER|TARGET_CONTEXT,TITLE_TICKER_WITH_TARGET_CONTEXT,HIGH_PRECISION,INFORMATIVE_CANDIDATE,EXPERIMENTAL_INFORMATIVE_UNVALIDATED,100,HIGH,NOT_INDEPENDENTLY_VALIDATED,True
c49a3ebc501c70500cd4,efe58d91aa75403be707897d9365b947,ACB,Ngân hàng TMCP Á Châu,2021-11-03,VietnamBiz,https://vietnambiz.vn/co-phieu-tam-diem-4-11-acb-ssi-kdc-20211103182225807.htm,"Cổ phiếu tâm điểm 4/11: ACB, SSI, KDC",BUSINESS_RESULT,PROJECT_EXPANSION,POSITIVE,MODERATE,STOCK_SPECIFIC,HIGH,WEAK_RULE_V3_ENTITY_TIERED,WEAK_RULE_V3; tier=HIGH_PRECISION; entity=TITLE_TICKER|BODY_COMPANY|BODY_TICKER|TARGET_CONTEXT; score=17; event=PROJECT_EXPANSION; symbol=ACB,TITLE_TICKER|BODY_COMPANY|BODY_TICKER|TARGET_CONTEXT,TITLE_TICKER_WITH_TARGET_CONTEXT,HIGH_PRECISION,INFORMATIVE_CANDIDATE,EXPERIMENTAL_INFORMATIVE_UNVALIDATED,100,HIGH,NOT_INDEPENDENTLY_VALIDATED,True
9d92c0ba806a692d4093,efe58d91aa75403be707897d9365b947,SSI,Công ty Cổ phần Chứng khoán SSI,2021-11-03,VietnamBiz,https://vietnambiz.vn/co-phieu-tam-diem-4-11-acb-ssi-kdc-20211103182225807.htm,"Cổ phiếu tâm điểm 4/11: ACB, SSI, KDC",BUSINESS_RESULT,PROJECT_EXPANSION,POSITIVE,MODERATE,STOCK_SPECIFIC,HIGH,WEAK_RULE_V3_ENTITY_TIERED,WEAK_RULE_V3; tier=HIGH_PRECISION; entity=TITLE_TICKER|BODY_COMPANY|BODY_TICKER|TARGET_CONTEXT; score=17; event=PROJECT_EXPANSION; symbol=SSI,TITLE_TICKER|BODY_COMPANY|BODY_TICKER|TARGET_CONTEXT,TITLE_TICKER_WITH_TARGET_CONTEXT,HIGH_PRECISION,INFORMATIVE_CANDIDATE,EXPERIMENTAL_INFORMATIVE_UNVALIDATED,100,HIGH,NOT_INDEPENDENTLY_VALIDATED,True
0366136f2760f053f0a0,6316e9d4516dcbeda9bf49a2c7a43d9b,ANV,Công ty Cổ phần Nam Việt,2021-11-04,VietnamBiz,https://vietnambiz.vn/co-phieu-tam-diem-5-11-tcb-stb-20211104184634248.htm,"Cổ phiếu tâm điểm 5/11: TCB, STB, ANV",OTHER,OTHER,NEUTRAL,LOW,STOCK_SPECIFIC,MEDIUM,WEAK_RULE_V3_ENTITY_TIERED,WEAK_RULE_V3; tier=HIGH_PRECISION; entity=TITLE_TICKER|BODY_COMPANY|BODY_TICKER|TARGET_CONTEXT; score=17; event=OTHER; symbol=ANV,TITLE_TICKER|BODY_COMPANY|BODY_TICKER|TARGET_CONTEXT,TITLE_TICKER_WITH_TARGET_CONTEXT,HIGH_PRECISION,FALLBACK_QUARANTINE,FALLBACK_NO_EVENT_DETECTED,80,MEDIUM,NOT_INDEPENDENTLY_VALIDATED,False
681d22a29b10e0de0eb7,6316e9d4516dcbeda9bf49a2c7a43d9b,STB,Ngân hàng TMCP Sài Gòn Thương Tín,2021-11-04,VietnamBiz,https://vietnambiz.vn/co-phieu-tam-diem-5-11-tcb-stb-20211104184634248.htm,"Cổ phiếu tâm điểm 5/11: TCB, STB, ANV",OTHER,OTHER,NEUTRAL,LOW,STOCK_SPECIFIC,MEDIUM,WEAK_RULE_V3_ENTITY_TIERED,WEAK_RULE_V3; tier=HIGH_PRECISION; entity=TITLE_TICKER|BODY_ALIAS|BODY_TICKER|TARGET_CONTEXT; score=17; event=OTHER; symbol=STB,TITLE_TICKER|BODY_ALIAS|BODY_TICKER|TARGET_CONTEXT,TITLE_TICKER_WITH_TARGET_CONTEXT,HIGH_PRECISION,FALLBACK_QUARANTINE,FALLBACK_NO_EVENT_DETECTED,80,MEDIUM,NOT_INDEPENDENTLY_VALIDATED,False
d69051138b4b0af6c6bf,6316e9d4516dcbeda9bf49a2c7a43d9b,TCB,Ngân hàng TMCP Kỹ Thương Việt Nam,2021-11-04,VietnamBiz,https://vietnambiz.vn/co-phieu-tam-diem-5-11-tcb-stb-20211104184634248.htm,"Cổ phiếu tâm điểm 5/11: TCB, STB, ANV",OTHER,OTHER,NEUTRAL,LOW,STOCK_SPECIFIC,MEDIUM,WEAK_RULE_V3_ENTITY_TIERED,WEAK_RULE_V3; tier=HIGH_PRECISION; entity=TITLE_TICKER|BODY_ALIAS|BODY_TICKER|TARGET_CONTEXT; score=17; event=OTHER; symbol=TCB,TITLE_TICKER|BODY_ALIAS|BODY_TICKER|TARGET_CONTEXT,TITLE_TICKER_WITH_TARGET_CONTEXT,HIGH_PRECISION,FALLBACK_QUARANTINE,FALLBACK_NO_EVENT_DETECTED,80,MEDIUM,NOT_INDEPENDENTLY_VALIDATED,False
70500cb66635ad8c0914,6ac861ceba5f81fbe6a3ee8671afa26e,GEX,Công ty Cổ phần Tập đoàn GELEX,2021-11-05,CafeF,https://cafef.vn/gex-lien-tiep-lap-dinh-moi-dragon-capital-ban-ra-co-phieu-khong-con-la-co-dong-lon-2021110509164687.chn,"GEX liên tiếp lập đỉnh mới, Dragon Capital bán ra cổ phiếu, không còn là cổ đông lớn",BUSINESS_RESULT,PROFIT_GROWTH,POSITIVE,HIGH,STOCK_SPECIFIC,HIGH,WEAK_RULE_V3_ENTITY_TIERED,WEAK_RULE_V3; tier=HIGH_PRECISION; entity=TITLE_TICKER|BODY_COMPANY|BODY_TICKER|TARGET_CONTEXT; score=17; event=PROFIT_GROWTH; symbol=GEX,TITLE_TICKER|BODY_COMPANY|BODY_TICKER|TARGET_CONTEXT,TITLE_TICKER_WITH_TARGET_CONTEXT,HIGH_PRECISION,INFORMATIVE_CANDIDATE,EXPERIMENTAL_INFORMATIVE_UNVALIDATED,100,HIGH,NOT_INDEPENDENTLY_VALIDATED,True
8cd91d66382412b118a9,a94799de5716657e5271b7f56c4ff391,VPB,Ngân hàng TMCP Việt Nam Thịnh Vượng,2021-11-05,CafeF,https://cafef.vn/vpbank-can-nhac-mua-mot-cong-ty-chung-khoan-2021110510590906.chn,VPBank cân nhắc mua một Công ty chứng khoán,CORPORATE_ACTION,DIVIDEND,POSITIVE,MODERATE,STOCK_SPECIFIC,HIGH,WEAK_RULE_V3_ENTITY_TIERED,WEAK_RULE_V3; tier=HIGH_PRECISION; entity=TITLE_ALIAS|BODY_ALIAS; score=11; event=DIVIDEND; symbol=VPB,TITLE_ALIAS|BODY_ALIAS,TITLE_ENTITY_MENTION,HIGH_PRECISION,INFORMATIVE_CANDIDATE,EXPERIMENTAL_INFORMATIVE_UNVALIDATED,100,HIGH,NOT_INDEPENDENTLY_VALIDATED,True
94d999e229374ca71c94,467334c4e390f5b9700032108caa9620,POW,Tổng Công ty Điện lực Dầu khí Việt Nam,2021-11-08,CafeF,https://cafef.vn/pv-power-pow-ghi-nhan-doanh-thu-thang-10-dat-1016-ty-dong-san-luong-dien-chi-hoan-thanh-42-ke-hoach-thang-20211108173043654.chn,"PV Power (POW) ghi nhận doanh thu tháng 10 đạt 1.016 tỷ đồng, sản lượng điện chỉ hoàn thành 42% kế hoạch tháng",OTHER,OTHER,NEUTRAL,LOW,STOCK_SPECIFIC,MEDIUM,WEAK_RULE_V3_ENTITY_TIERED,WEAK_RULE_V3; tier=HIGH_PRECISION; entity=TITLE_TICKER|TITLE_ALIAS|BODY_COMPANY|BODY_TICKER|TARGET_CONTEXT; score=24; event=OTHER; symbol=POW,TITLE_TICKER|TITLE_ALIAS|BODY_COMPANY|BODY_TICKER|TARGET_CONTEXT,TITLE_TICKER_WITH_TARGET_CONTEXT,HIGH_PRECISION,FALLBACK_QUARANTINE,FALLBACK_NO_EVENT_DETECTED,80,MEDIUM,NOT_INDEPENDENTLY_VALIDATED,False
8d8747d93dc3dbddbe84,7d83d338c68c1369fc7c4b282f1669e7,HPG,Công ty Cổ phần Tập đoàn Hòa Phát,2021-11-08,CafeF,https://cafef.vn/phien-8-11-khoi-ngoai-dong-loat-mua-rong-542-ty-dong-tren-ca-3-san-tap-trung-gom-hpg-va-vhm-20211108153634296.chn,"Phiên 8/11: Khối ngoại đồng loạt mua ròng 542 tỷ đồng trên cả 3 sàn, tập trung ""gom"" HPG và VHM",OTHER,OTHER,NEUTRAL,LOW,STOCK_SPECIFIC,MEDIUM,WEAK_RULE_V3_ENTITY_TIERED,WEAK_RULE_V3; tier=HIGH_PRECISION; entity=TITLE_TICKER|BODY_TICKER|TARGET_CONTEXT; score=13; event=OTHER; symbol=HPG,TITLE_TICKER|BODY_TICKER|TARGET_CONTEXT,TITLE_TICKER_WITH_TARGET_CONTEXT,HIGH_PRECISION,FALLBACK_QUARANTINE,FALLBACK_NO_EVENT_DETECTED,80,MEDIUM,NOT_INDEPENDENTLY_VALIDATED,False
ce97eef26c0628af1965,7d83d338c68c1369fc7c4b282f1669e7,VHM,Công ty Cổ phần Vinhomes,2021-11-08,CafeF,https://cafef.vn/phien-8-11-khoi-ngoai-dong-loat-mua-rong-542-ty-dong-tren-ca-3-san-tap-trung-gom-hpg-va-vhm-20211108153634296.chn,"Phiên 8/11: Khối ngoại đồng loạt mua ròng 542 tỷ đồng trên cả 3 sàn, tập trung ""gom"" HPG và VHM",OTHER,OTHER,NEUTRAL,LOW,STOCK_SPECIFIC,MEDIUM,WEAK_RULE_V3_ENTITY_TIERED,WEAK_RULE_V3; tier=HIGH_PRECISION; entity=TITLE_TICKER|BODY_TICKER|TARGET_CONTEXT; score=13; event=OTHER; symbol=VHM,TITLE_TICKER|BODY_TICKER|TARGET_CONTEXT,TITLE_TICKER_WITH_TARGET_CONTEXT,HIGH_PRECISION,FALLBACK_QUARANTINE,FALLBACK_NO_EVENT_DETECTED,80,MEDIUM,NOT_INDEPENDENTLY_VALIDATED,False
c0bc9ffdcc5a477ed242,877793ebf0993c9a58bc139d5890ee33,ASM,Công ty Cổ phần Tập đoàn Sao Mai,2021-11-08,CafeF,https://cafef.vn/sao-mai-group-asm-thong-qua-phuong-an-phat-hanh-78-trieu-co-phieu-tra-co-tuc-20211108133958787.chn,Sao Mai Group (ASM) thông qua phương án phát hành 78 triệu cổ phiếu trả cổ tức,CORPORATE_ACTION,DIVIDEND,POSITIVE,MODERATE,STOCK_SPECIFIC,HIGH,WEAK_RULE_V3_ENTITY_TIERED,WEAK_RULE_V3; tier=HIGH_PRECISION; entity=TITLE_TICKER|TITLE_COMPANY|BODY_COMPANY|BODY_TICKER|TARGET_CONTEXT; score=24; event=DIVIDEND; symbol=ASM,TITLE_TICKER|TITLE_COMPANY|BODY_COMPANY|BODY_TICKER|TARGET_CONTEXT,TITLE_TICKER_WITH_TARGET_CONTEXT,HIGH_PRECISION,INFORMATIVE_CANDIDATE,EXPERIMENTAL_INFORMATIVE_UNVALIDATED,100,HIGH,NOT_INDEPENDENTLY_VALIDATED,True
637c2cb2f2e6c33edd1f,e9a2c8093877bd59d6556094ec5642e4,HAH,Công ty Cổ phần Vận tải và Xếp dỡ Hải An,2021-11-11,CafeF,https://cafef.vn/dau-tu-sao-a-dc-mua-them-co-phieu-hah-tro-lai-lam-co-dong-lon-tai-hai-an-20211111102235725.chn,"Đầu tư Sao Á D.C mua thêm cổ phiếu HAH, trở lại làm cổ đông lớn tại Hải An",OTHER,OTHER,NEUTRAL,LOW,STOCK_SPECIFIC,MEDIUM,WEAK_RULE_V3_ENTITY_TIERED,WEAK_RULE_V3; tier=HIGH_PRECISION; entity=TITLE_TICKER|TITLE_ALIAS|BODY_ALIAS|BODY_TICKER|TARGET_CONTEXT; score=24; event=OTHER; symbol=HAH,TITLE_TICKER|TITLE_ALIAS|BODY_ALIAS|BODY_TICKER|TARGET_CONTEXT,TITLE_TICKER_WITH_TARGET_CONTEXT,HIGH_PRECISION,FALLBACK_QUARANTINE,FALLBACK_NO_EVENT_DETECTED,80,MEDIUM,NOT_INDEPENDENTLY_VALIDATED,False
82168afdd5520c78a93f,08909ce17528f4535c59ba2b646d9dc1,VND,Công ty Cổ phần Chứng khoán VNDIRECT,2021-11-15,VietnamBiz,https://vietnambiz.vn/chung-khoan-vndirect-len-tieng-ve-su-co-dang-nhap-tai-khoan-ngay-15-11-20211115181116761.htm,Chứng khoán VNDirect lên tiếng về sự cố đăng nhập tài khoản ngày 15/11,OTHER,OTHER,NEUTRAL,LOW,STOCK_SPECIFIC,MEDIUM,WEAK_RULE_V3_ENTITY_TIERED,WEAK_RULE_V3; tier=HIGH_PRECISION; entity=TITLE_COMPANY|BODY_COMPANY; score=11; event=OTHER; symbol=VND,TITLE_COMPANY|BODY_COMPANY,TITLE_ENTITY_MENTION,HIGH_PRECISION,FALLBACK_QUARANTINE,FALLBACK_NO_EVENT_DETECTED,80,MEDIUM,NOT_INDEPENDENTLY_VALIDATED,False
e7a3af2d70c74cec4fd1,6ae442ff922239943eb6a6d977b9d096,VND,Công ty Cổ phần Chứng khoán VNDIRECT,2021-11-15,CafeF,https://cafef.vn/chung-khoan-vndirect-noi-room-ngoai-len-100-20211115173006853.chn,"Chứng khoán VNDIRECT nới ""room"" ngoại lên 100%",OTHER,OTHER,NEUTRAL,LOW,STOCK_SPECIFIC,MEDIUM,WEAK_RULE_V3_ENTITY_TIERED,WEAK_RULE_V3; tier=HIGH_PRECISION; entity=TITLE_COMPANY|BODY_COMPANY|BODY_TICKER|TARGET_CONTEXT; score=17; event=OTHER; symbol=VND,TITLE_COMPANY|BODY_COMPANY|BODY_TICKER|TARGET_CONTEXT,TITLE_ENTITY_WITH_TARGET_CONTEXT,HIGH_PRECISION,FALLBACK_QUARANTINE,FALLBACK_NO_EVENT_DETECTED,80,MEDIUM,NOT_INDEPENDENTLY_VALIDATED,False
3552a1859a2fccd9e5d9,e0dc7c9b7452ef3ad646a808f5a126aa,VHM,Công ty Cổ phần Vinhomes,2021-11-15,CafeF,https://cafef.vn/phien-15-11-khoi-ngoai-tiep-tuc-mua-rong-tram-ty-tren-hose-tap-trung-gom-vhm-fuevfvnd-20211115154650341.chn,"Phiên 15/11: Khối ngoại tiếp tục mua ròng trăm tỷ trên HoSE, tập trung ""gom"" VHM, FUEVFVND",OTHER,OTHER,NEUTRAL,LOW,STOCK_SPECIFIC,MEDIUM,WEAK_RULE_V3_ENTITY_TIERED,WEAK_RULE_V3; tier=HIGH_PRECISION; entity=TITLE_TICKER|BODY_TICKER|TARGET_CONTEXT; score=13; event=OTHER; symbol=VHM,TITLE_TICKER|BODY_TICKER|TARGET_CONTEXT,TITLE_TICKER_WITH_TARGET_CONTEXT,HIGH_PRECISION,FALLBACK_QUARANTINE,FALLBACK_NO_EVENT_DETECTED,80,MEDIUM,NOT_INDEPENDENTLY_VALIDATED,False
21c91560724d230470aa,e65328f745ffbd381708aa3a6eb62913,VHM,Công ty Cổ phần Vinhomes,2021-11-15,VietnamBiz,https://vietnambiz.vn/phien-15-11-khoi-ngoai-tro-lai-mua-rong-nhom-bat-dong-san-trong-nhip-dieu-chinh-tap-trung-gom-co-phieu-vhm-20211115162726422.htm,"Phiên 15/11: Khối ngoại trở lại mua ròng nhóm bất động sản trong nhịp điều chỉnh, tập trung gom cổ phiếu VHM",OTHER,OTHER,NEUTRAL,LOW,STOCK_SPECIFIC,MEDIUM,WEAK_RULE_V3_ENTITY_TIERED,WEAK_RULE_V3; tier=HIGH_PRECISION; entity=TITLE_TICKER|BODY_COMPANY|BODY_TICKER|TARGET_CONTEXT; score=17; event=OTHER; symbol=VHM,TITLE_TICKER|BODY_COMPANY|BODY_TICKER|TARGET_CONTEXT,TITLE_TICKER_WITH_TARGET_CONTEXT,HIGH_PRECISION,FALLBACK_QUARANTINE,FALLBACK_NO_EVENT_DETECTED,80,MEDIUM,NOT_INDEPENDENTLY_VALIDATED,False
80a6b8aac00b4a11eeed,dc7a2dd6129a2ff53261a8e74c80b384,DGW,Công ty Cổ phần Thế Giới Số,2021-11-16,VietnamBiz,https://vietnambiz.vn/co-phieu-tam-diem-17-11-shs-dgw-ntp-20211116182808465.htm,"Cổ phiếu tâm điểm 17/11: SHS, DGW, NTP",OTHER,OTHER,NEUTRAL,LOW,STOCK_SPECIFIC,MEDIUM,WEAK_RULE_V3_ENTITY_TIERED,WEAK_RULE_V3; tier=HIGH_PRECISION; entity=TITLE_TICKER|BODY_ALIAS|BODY_TICKER|TARGET_CONTEXT; score=17; event=OTHER; symbol=DGW,TITLE_TICKER|BODY_ALIAS|BODY_TICKER|TARGET_CONTEXT,TITLE_TICKER_WITH_TARGET_CONTEXT,HIGH_PRECISION,FALLBACK_QUARANTINE,FALLBACK_NO_EVENT_DETECTED,80,MEDIUM,NOT_INDEPENDENTLY_VALIDATED,False
35b39fb64e3b0f1839cb,dc7a2dd6129a2ff53261a8e74c80b384,SHS,Công ty Cổ phần Chứng khoán Sài Gòn - Hà Nội,2021-11-16,VietnamBiz,https://vietnambiz.vn/co-phieu-tam-diem-17-11-shs-dgw-ntp-20211116182808465.htm,"Cổ phiếu tâm điểm 17/11: SHS, DGW, NTP",OTHER,OTHER,NEUTRAL,LOW,STOCK_SPECIFIC,MEDIUM,WEAK_RULE_V3_ENTITY_TIERED,WEAK_RULE_V3; tier=HIGH_PRECISION; entity=TITLE_TICKER|BODY_ALIAS|BODY_TICKER|TARGET_CONTEXT; score=17; event=OTHER; symbol=SHS,TITLE_TICKER|BODY_ALIAS|BODY_TICKER|TARGET_CONTEXT,TITLE_TICKER_WITH_TARGET_CONTEXT,HIGH_PRECISION,FALLBACK_QUARANTINE,FALLBACK_NO_EVENT_DETECTED,80,MEDIUM,NOT_INDEPENDENTLY_VALIDATED,False
c9952c67dd050b52a002,052e672d0fc8407df0b48553a7af8a97,SSI,Công ty Cổ phần Chứng khoán SSI,2021-11-18,CafeF,https://cafef.vn/nhom-chung-khoan-thang-hoa-voi-game-tang-von-ssi-va-vnd-se-co-quy-mo-von-nhu-cac-ngan-hang-tam-trung-tai-viet-nam-20211118162721812.chn,"Nhóm chứng khoán thăng hoa với ""game"" tăng vốn, SSI và VND sẽ có quy mô vốn như các ngân hàng tầm trung tại Việt Nam",CORPORATE_ACTION,STOCK_ISSUANCE,NEUTRAL,MODERATE,STOCK_SPECIFIC,HIGH,WEAK_RULE_V3_ENTITY_TIERED,WEAK_RULE_V3; tier=HIGH_PRECISION; entity=TITLE_TICKER|BODY_TICKER|TARGET_CONTEXT; score=13; event=STOCK_ISSUANCE; symbol=SSI,TITLE_TICKER|BODY_TICKER|TARGET_CONTEXT,TITLE_TICKER_WITH_TARGET_CONTEXT,HIGH_PRECISION,INFORMATIVE_CANDIDATE,EXPERIMENTAL_INFORMATIVE_UNVALIDATED,100,HIGH,NOT_INDEPENDENTLY_VALIDATED,True
c62fab270d250f15ace8,052e672d0fc8407df0b48553a7af8a97,VND,Công ty Cổ phần Chứng khoán VNDIRECT,2021-11-18,CafeF,https://cafef.vn/nhom-chung-khoan-thang-hoa-voi-game-tang-von-ssi-va-vnd-se-co-quy-mo-von-nhu-cac-ngan-hang-tam-trung-tai-viet-nam-20211118162721812.chn,"Nhóm chứng khoán thăng hoa với ""game"" tăng vốn, SSI và VND sẽ có quy mô vốn như các ngân hàng tầm trung tại Việt Nam",CORPORATE_ACTION,STOCK_ISSUANCE,NEUTRAL,MODERATE,STOCK_SPECIFIC,HIGH,WEAK_RULE_V3_ENTITY_TIERED,WEAK_RULE_V3; tier=HIGH_PRECISION; entity=TITLE_TICKER|BODY_ALIAS|BODY_TICKER|TARGET_CONTEXT; score=17; event=STOCK_ISSUANCE; symbol=VND,TITLE_TICKER|BODY_ALIAS|BODY_TICKER|TARGET_CONTEXT,TITLE_TICKER_WITH_TARGET_CONTEXT,HIGH_PRECISION,INFORMATIVE_CANDIDATE,EXPERIMENTAL_INFORMATIVE_UNVALIDATED,100,HIGH,NOT_INDEPENDENTLY_VALIDATED,True
5e68c2594e50a5b81a86,0e27b0b3e97450f0a9fe3e6e48f7cef4,MWG,Công ty Cổ phần Đầu tư Thế Giới Di Động,2021-11-22,CafeF,https://cafef.vn/tim-dong-luc-tang-truong-the-gioi-di-dong-mwg-mo-ban-ca-trang-suc-20211121182800118.chn,"Tìm động lực tăng trưởng, Thế giới Di động (MWG) mở bán cả trang sức",BUSINESS_RESULT,PROJECT_EXPANSION,POSITIVE,MODERATE,STOCK_SPECIFIC,HIGH,WEAK_RULE_V3_ENTITY_TIERED,WEAK_RULE_V3; tier=HIGH_PRECISION; entity=TITLE_TICKER|TITLE_ALIAS|BODY_ALIAS|BODY_TICKER|TARGET_CONTEXT; score=24; event=PROJECT_EXPANSION; symbol=MWG,TITLE_TICKER|TITLE_ALIAS|BODY_ALIAS|BODY_TICKER|TARGET_CONTEXT,TITLE_TICKER_WITH_TARGET_CONTEXT,HIGH_PRECISION,INFORMATIVE_CANDIDATE,EXPERIMENTAL_INFORMATIVE_UNVALIDATED,100,HIGH,NOT_INDEPENDENTLY_VALIDATED,True
bec1520c1a119bc65caf,35380008d1d973c8d3e70c2dc006391b,CTG,Ngân hàng TMCP Công Thương Việt Nam,2021-11-22,CafeF,https://cafef.vn/phien-22-11-khoi-ngoai-tro-lai-mua-rong-570-ty-dong-tap-trung-gom-vhm-ctg-20211122151214395.chn,"Phiên 22/11: Khối ngoại trở lại mua ròng 570 tỷ đồng, tập trung “gom” VHM, CTG",OTHER,OTHER,NEUTRAL,LOW,STOCK_SPECIFIC,MEDIUM,WEAK_RULE_V3_ENTITY_TIERED,WEAK_RULE_V3; tier=HIGH_PRECISION; entity=TITLE_TICKER|BODY_TICKER|TARGET_CONTEXT; score=13; event=OTHER; symbol=CTG,TITLE_TICKER|BODY_TICKER|TARGET_CONTEXT,TITLE_TICKER_WITH_TARGET_CONTEXT,HIGH_PRECISION,FALLBACK_QUARANTINE,FALLBACK_NO_EVENT_DETECTED,80,MEDIUM,NOT_INDEPENDENTLY_VALIDATED,False
0e4c15481d36b69b0f22,35380008d1d973c8d3e70c2dc006391b,VHM,Công ty Cổ phần Vinhomes,2021-11-22,CafeF,https://cafef.vn/phien-22-11-khoi-ngoai-tro-lai-mua-rong-570-ty-dong-tap-trung-gom-vhm-ctg-20211122151214395.chn,"Phiên 22/11: Khối ngoại trở lại mua ròng 570 tỷ đồng, tập trung “gom” VHM, CTG",OTHER,OTHER,NEUTRAL,LOW,STOCK_SPECIFIC,MEDIUM,WEAK_RULE_V3_ENTITY_TIERED,WEAK_RULE_V3; tier=HIGH_PRECISION; entity=TITLE_TICKER|BODY_TICKER|TARGET_CONTEXT; score=13; event=OTHER; symbol=VHM,TITLE_TICKER|BODY_TICKER|TARGET_CONTEXT,TITLE_TICKER_WITH_TARGET_CONTEXT,HIGH_PRECISION,FALLBACK_QUARANTINE,FALLBACK_NO_EVENT_DETECTED,80,MEDIUM,NOT_INDEPENDENTLY_VALIDATED,False
78606faeb57e55386061,85ee5fdbe549f496f22fc87241eb99d1,VIX,Công ty Cổ phần Chứng khoán VIX,2021-11-22,CafeF,https://cafef.vn/gan-147-trieu-co-phieu-vix-sap-duoc-niem-yet-bo-sung-co-dong-lai-35-lan-ngay-khi-co-phieu-ve-tai-khoan-20211122095006642.chn,"Gần 147 triệu cổ phiếu VIX sắp được niêm yết bổ sung, cổ phiếu tăng 70% so với thời điểm chốt quyền",CORPORATE_ACTION,DIVIDEND,POSITIVE,MODERATE,STOCK_SPECIFIC,HIGH,WEAK_RULE_V3_ENTITY_TIERED,WEAK_RULE_V3; tier=HIGH_PRECISION; entity=TITLE_TICKER|BODY_COMPANY|BODY_TICKER|TARGET_CONTEXT; score=17; event=DIVIDEND; symbol=VIX,TITLE_TICKER|BODY_COMPANY|BODY_TICKER|TARGET_CONTEXT,TITLE_TICKER_WITH_TARGET_CONTEXT,HIGH_PRECISION,INFORMATIVE_CANDIDATE,EXPERIMENTAL_INFORMATIVE_UNVALIDATED,100,HIGH,NOT_INDEPENDENTLY_VALIDATED,True
baf7504ae13625d09580,618f2473c7e217f6cc10bf4aa4d36b1b,PDR,Công ty Cổ phần Phát triển Bất động sản Phát Đạt,2021-11-25,VietnamBiz,https://vietnambiz.vn/co-phieu-tam-diem-26-11-shb-pdr-hdg-20211125185336548.htm,"Cổ phiếu tâm điểm 26/11: SHB, PDR, HDG",OTHER,OTHER,NEUTRAL,LOW,STOCK_SPECIFIC,MEDIUM,WEAK_RULE_V3_ENTITY_TIERED,WEAK_RULE_V3; tier=HIGH_PRECISION; entity=TITLE_TICKER|BODY_COMPANY|BODY_TICKER|TARGET_CONTEXT; score=17; event=OTHER; symbol=PDR,TITLE_TICKER|BODY_COMPANY|BODY_TICKER|TARGET_CONTEXT,TITLE_TICKER_WITH_TARGET_CONTEXT,HIGH_PRECISION,FALLBACK_QUARANTINE,FALLBACK_NO_EVENT_DETECTED,80,MEDIUM,NOT_INDEPENDENTLY_VALIDATED,False
d8adeaa4adf2292cf448,c2b18cf69042c85b3ff63a8271e3c544,DCM,Công ty Cổ phần Phân bón Dầu khí Cà Mau,2021-11-25,CafeF,https://cafef.vn/dam-ca-mau-dcm-tang-cong-suat-nha-may-len-112-du-dat-300000-tan-san-pham-cho-cao-diem-vu-dong-xuan-20211125111610715.chn,"Đạm Cà Mau (DCM): Tăng công suất nhà máy lên 112%, dự đạt 300.000 tấn sản phẩm cho cao điểm vụ Đông Xuân",OTHER,OTHER,NEUTRAL,LOW,STOCK_SPECIFIC,MEDIUM,WEAK_RULE_V3_ENTITY_TIERED,WEAK_RULE_V3; tier=HIGH_PRECISION; entity=TITLE_TICKER|TITLE_ALIAS|BODY_ALIAS|BODY_TICKER|TARGET_CONTEXT; score=24; event=OTHER; symbol=DCM,TITLE_TICKER|TITLE_ALIAS|BODY_ALIAS|BODY_TICKER|TARGET_CONTEXT,TITLE_TICKER_WITH_TARGET_CONTEXT,HIGH_PRECISION,FALLBACK_QUARANTINE,FALLBACK_NO_EVENT_DETECTED,80,MEDIUM,NOT_INDEPENDENTLY_VALIDATED,False
8c98f93f58dedc5ad073,c60344e51b839354df8479ce837bbfa4,GEX,Công ty Cổ phần Tập đoàn GELEX,2021-11-26,VietnamBiz,https://vietnambiz.vn/chu-tich-gelex-mua-xong-3-trieu-co-phieu-gex-truoc-phien-tang-tran-20211126101445103.htm,Chủ tịch Gelex mua xong 3 triệu cổ phiếu GEX trước phiên tăng trần,OTHER,OTHER,NEUTRAL,LOW,STOCK_SPECIFIC,MEDIUM,WEAK_RULE_V3_ENTITY_TIERED,WEAK_RULE_V3; tier=HIGH_PRECISION; entity=TITLE_TICKER|TITLE_COMPANY|BODY_COMPANY|BODY_TICKER|TARGET_CONTEXT; score=24; event=OTHER; symbol=GEX,TITLE_TICKER|TITLE_COMPANY|BODY_COMPANY|BODY_TICKER|TARGET_CONTEXT,TITLE_TICKER_WITH_TARGET_CONTEXT,HIGH_PRECISION,FALLBACK_QUARANTINE,FALLBACK_NO_EVENT_DETECTED,80,MEDIUM,NOT_INDEPENDENTLY_VALIDATED,False
3e73726053956d6e79f1,f4c4b1f5091334fd616ae0be01019c1b,VND,Công ty Cổ phần Chứng khoán VNDIRECT,2021-11-26,VietnamBiz,https://vietnambiz.vn/vndirect-ban-gan-het-co-phieu-quy-voi-gia-gan-75000-dong-cp-thu-443-ty-20211126214921415.htm,"VNDirect bán cổ phiếu quỹ với giá gần 75.000 đồng/cp, thu 443 tỷ",CORPORATE_ACTION,STOCK_ISSUANCE,NEUTRAL,MODERATE,STOCK_SPECIFIC,HIGH,WEAK_RULE_V3_ENTITY_TIERED,WEAK_RULE_V3; tier=HIGH_PRECISION; entity=TITLE_ALIAS|BODY_COMPANY|BODY_TICKER|TARGET_CONTEXT; score=17; event=STOCK_ISSUANCE; symbol=VND,TITLE_ALIAS|BODY_COMPANY|BODY_TICKER|TARGET_CONTEXT,TITLE_ENTITY_WITH_TARGET_CONTEXT,HIGH_PRECISION,INFORMATIVE_CANDIDATE,EXPERIMENTAL_INFORMATIVE_UNVALIDATED,100,HIGH,NOT_INDEPENDENTLY_VALIDATED,True
dc34187655e2cf9847ba,005894f0e0eb33024a057f3488ad09a4,BID,Ngân hàng TMCP Đầu tư và Phát triển Việt Nam,2021-11-27,VietnamBiz,https://vietnambiz.vn/co-phieu-ngan-hang-tuan-qua-dong-loat-tang-gia-voi-thanh-khoan-bung-no-bidv-len-ke-hoach-phat-hanh-hon-1-ty-co-phieu-tra-co-tuc-2021112713150882.htm,"Cổ phiếu ngân hàng tuần qua: Đồng loạt tăng giá với thanh khoản bùng nổ, BIDV lên kế hoạch phát hành hơn 1 tỷ cổ phiếu trả cổ tức",CORPORATE_ACTION,DIVIDEND,POSITIVE,MODERATE,STOCK_SPECIFIC,HIGH,WEAK_RULE_V3_ENTITY_TIERED,WEAK_RULE_V3; tier=HIGH_PRECISION; entity=TITLE_ALIAS|BODY_ALIAS|BODY_TICKER|TARGET_CONTEXT; score=17; event=DIVIDEND; symbol=BID,TITLE_ALIAS|BODY_ALIAS|BODY_TICKER|TARGET_CONTEXT,TITLE_ENTITY_WITH_TARGET_CONTEXT,HIGH_PRECISION,INFORMATIVE_CANDIDATE,EXPERIMENTAL_INFORMATIVE_UNVALIDATED,100,HIGH,NOT_INDEPENDENTLY_VALIDATED,True
260af4070e921efeceda,92692d5306dcfa8a5f3144254650c020,PDR,Công ty Cổ phần Phát triển Bất động sản Phát Đạt,2021-11-28,VietnamBiz,https://vietnambiz.vn/co-phieu-tam-diem-29-11-vpb-pdr-fcn-20211127224427717.htm,"Cổ phiếu tâm điểm 29/11: VPB, PDR, FCN",OTHER,OTHER,NEUTRAL,LOW,STOCK_SPECIFIC,MEDIUM,WEAK_RULE_V3_ENTITY_TIERED,WEAK_RULE_V3; tier=HIGH_PRECISION; entity=TITLE_TICKER|BODY_COMPANY|BODY_TICKER|TARGET_CONTEXT; score=17; event=OTHER; symbol=PDR,TITLE_TICKER|BODY_COMPANY|BODY_TICKER|TARGET_CONTEXT,TITLE_TICKER_WITH_TARGET_CONTEXT,HIGH_PRECISION,FALLBACK_QUARANTINE,FALLBACK_NO_EVENT_DETECTED,80,MEDIUM,NOT_INDEPENDENTLY_VALIDATED,False
0512d70ac7c1654b1da4,92692d5306dcfa8a5f3144254650c020,VPB,Ngân hàng TMCP Việt Nam Thịnh Vượng,2021-11-28,VietnamBiz,https://vietnambiz.vn/co-phieu-tam-diem-29-11-vpb-pdr-fcn-20211127224427717.htm,"Cổ phiếu tâm điểm 29/11: VPB, PDR, FCN",OTHER,OTHER,NEUTRAL,LOW,STOCK_SPECIFIC,MEDIUM,WEAK_RULE_V3_ENTITY_TIERED,WEAK_RULE_V3; tier=HIGH_PRECISION; entity=TITLE_TICKER|BODY_ALIAS|BODY_TICKER|TARGET_CONTEXT; score=17; event=OTHER; symbol=VPB,TITLE_TICKER|BODY_ALIAS|BODY_TICKER|TARGET_CONTEXT,TITLE_TICKER_WITH_TARGET_CONTEXT,HIGH_PRECISION,FALLBACK_QUARANTINE,FALLBACK_NO_EVENT_DETECTED,80,MEDIUM,NOT_INDEPENDENTLY_VALIDATED,False
cc16d33b7a73442d9cdc,356bd2bcb734eb3184c9b8de726f6e8c,BID,Ngân hàng TMCP Đầu tư và Phát triển Việt Nam,2021-11-29,VietnamBiz,https://vietnambiz.vn/chung-khoan-bidv-bsc-dam-phan-chao-ban-rieng-le-toi-da-35-von-cho-hana-financial-investment-20211129122426809.htm,Chứng khoán BIDV (BSC) đàm phán chào bán riêng lẻ tối đa 35% vốn cho Hana Financial Investment,CORPORATE_ACTION,STOCK_ISSUANCE,NEUTRAL,MODERATE,STOCK_SPECIFIC,HIGH,WEAK_RULE_V3_ENTITY_TIERED,WEAK_RULE_V3; tier=HIGH_PRECISION; entity=TITLE_ALIAS|BODY_ALIAS; score=11; event=STOCK_ISSUANCE; symbol=BID,TITLE_ALIAS|BODY_ALIAS,TITLE_ENTITY_MENTION,HIGH_PRECISION,INFORMATIVE_CANDIDATE,EXPERIMENTAL_INFORMATIVE_UNVALIDATED,100,HIGH,NOT_INDEPENDENTLY_VALIDATED,True
475d890b641532fabacb,b904495ae3ec925aaba214abf6b94fbd,HPG,Công ty Cổ phần Tập đoàn Hòa Phát,2021-11-29,VietnamBiz,https://vietnambiz.vn/dong-tien-thong-minh-29-11-ndt-ca-nhan-mua-rong-gan-1900-ty-dong-phien-dieu-chinh-tam-diem-vpb-hpg-20211129065527661.htm,"Dòng tiền thông minh 29/11: NĐT cá nhân mua ròng gần 1.900 tỷ đồng phiên điều chỉnh, tâm điểm VPB, HPG",OTHER,OTHER,NEUTRAL,LOW,STOCK_SPECIFIC,MEDIUM,WEAK_RULE_V3_ENTITY_TIERED,WEAK_RULE_V3; tier=HIGH_PRECISION; entity=TITLE_TICKER|BODY_TICKER|TARGET_CONTEXT; score=13; event=OTHER; symbol=HPG,TITLE_TICKER|BODY_TICKER|TARGET_CONTEXT,TITLE_TICKER_WITH_TARGET_CONTEXT,HIGH_PRECISION,FALLBACK_QUARANTINE,FALLBACK_NO_EVENT_DETECTED,80,MEDIUM,NOT_INDEPENDENTLY_VALIDATED,False
7c6f4564edc11e0649ec,b904495ae3ec925aaba214abf6b94fbd,VPB,Ngân hàng TMCP Việt Nam Thịnh Vượng,2021-11-29,VietnamBiz,https://vietnambiz.vn/dong-tien-thong-minh-29-11-ndt-ca-nhan-mua-rong-gan-1900-ty-dong-phien-dieu-chinh-tam-diem-vpb-hpg-20211129065527661.htm,"Dòng tiền thông minh 29/11: NĐT cá nhân mua ròng gần 1.900 tỷ đồng phiên điều chỉnh, tâm điểm VPB, HPG",OTHER,OTHER,NEUTRAL,LOW,STOCK_SPECIFIC,MEDIUM,WEAK_RULE_V3_ENTITY_TIERED,WEAK_RULE_V3; tier=HIGH_PRECISION; entity=TITLE_TICKER|BODY_TICKER|TARGET_CONTEXT; score=13; event=OTHER; symbol=VPB,TITLE_TICKER|BODY_TICKER|TARGET_CONTEXT,TITLE_TICKER_WITH_TARGET_CONTEXT,HIGH_PRECISION,FALLBACK_QUARANTINE,FALLBACK_NO_EVENT_DETECTED,80,MEDIUM,NOT_INDEPENDENTLY_VALIDATED,False
5f077eab50f11ed9e7a2,957d92bae938bc9ce00ad6486ea0e6a5,VHM,Công ty Cổ phần Vinhomes,2021-12-01,CafeF,https://cafef.vn/vinhomes-vua-phat-hanh-xong-hon-6500-ty-dong-trai-phieu-mot-phan-nham-muc-dich-dao-no-20211201100015048.chn,"Vinhomes vừa phát hành xong hơn 6.500 tỷ đồng trái phiếu, một phần nhằm mục đích cơ cấu tài chính",CORPORATE_ACTION,STOCK_ISSUANCE,NEUTRAL,MODERATE,STOCK_SPECIFIC,HIGH,WEAK_RULE_V3_ENTITY_TIERED,WEAK_RULE_V3; tier=HIGH_PRECISION; entity=TITLE_COMPANY|BODY_COMPANY|BODY_TICKER|TARGET_CONTEXT; score=17; event=STOCK_ISSUANCE; symbol=VHM,TITLE_COMPANY|BODY_COMPANY|BODY_TICKER|TARGET_CONTEXT,TITLE_ENTITY_WITH_TARGET_CONTEXT,HIGH_PRECISION,INFORMATIVE_CANDIDATE,EXPERIMENTAL_INFORMATIVE_UNVALIDATED,100,HIGH,NOT_INDEPENDENTLY_VALIDATED,True
4105d1aac3117fae83d4,27fa9f9777bfa05745af7dd207bd6a37,REE,Công ty Cổ phần Cơ Điện Lạnh,2021-12-04,CafeF,https://cafef.vn/tth-lpb-ree-tdg-mcg-tdl-psi-tsc-ldp-tms-thong-tin-giao-dich-luong-lon-co-phieu-20211203180527867.chn,"TTH, LPB, REE, TDG, MCG, TLD, PSI, TSC, LDP, TMS: Thông tin giao dịch lượng lớn cổ phiếu",OTHER,OTHER,NEUTRAL,LOW,STOCK_SPECIFIC,MEDIUM,WEAK_RULE_V3_ENTITY_TIERED,WEAK_RULE_V3; tier=HIGH_PRECISION; entity=TITLE_TICKER|BODY_COMPANY|BODY_TICKER|TARGET_CONTEXT; score=17; event=OTHER; symbol=REE,TITLE_TICKER|BODY_COMPANY|BODY_TICKER|TARGET_CONTEXT,TITLE_TICKER_WITH_TARGET_CONTEXT,HIGH_PRECISION,FALLBACK_QUARANTINE,FALLBACK_NO_EVENT_DETECTED,80,MEDIUM,NOT_INDEPENDENTLY_VALIDATED,False
bb6da52699ca0929ff8e,b425e4b6f832cb1fd9dd8ad8776f5a11,VIC,Tập đoàn Vingroup,2021-12-04,CafeF,https://cafef.vn/phap-nhan-tai-singapore-se-so-huu-999-von-vinfast-lo-trinh-ipo-tai-my-tien-them-mot-buoc-quan-trong-20211204151941273.chn,Vingroup và các cổ đông VinFast trực tiếp sở hữu VinFast Singapore: lộ trình IPO tại Mỹ tiến thêm một bước quan trọng,CORPORATE_ACTION,STOCK_ISSUANCE,NEUTRAL,MODERATE,STOCK_SPECIFIC,HIGH,WEAK_RULE_V3_ENTITY_TIERED,WEAK_RULE_V3; tier=HIGH_PRECISION; entity=TITLE_COMPANY|BODY_COMPANY|BODY_TICKER|TARGET_CONTEXT; score=17; event=STOCK_ISSUANCE; symbol=VIC,TITLE_COMPANY|BODY_COMPANY|BODY_TICKER|TARGET_CONTEXT,TITLE_ENTITY_WITH_TARGET_CONTEXT,HIGH_PRECISION,INFORMATIVE_CANDIDATE,EXPERIMENTAL_INFORMATIVE_UNVALIDATED,100,HIGH,NOT_INDEPENDENTLY_VALIDATED,True
069564094212558494da,b7c4e21af1d41ed0664e1e185b1c5b80,VND,Công ty Cổ phần Chứng khoán VNDIRECT,2021-12-04,CafeF,https://cafef.vn/vn-index-du-bao-cham-moc-1700-1760-giam-doc-phan-tich-vndiect-chia-se-3-co-phieu-tiem-nang-cho-nam-2022-20211204000329765.chn,"VN-Index dự báo chạm mốc 1.700 -1760, Giám đốc Phân tích VNDirect chia sẻ 3 cổ phiếu tiềm năng cho năm 2022",OTHER,OTHER,NEUTRAL,LOW,STOCK_SPECIFIC,MEDIUM,WEAK_RULE_V3_ENTITY_TIERED,WEAK_RULE_V3; tier=HIGH_PRECISION; entity=TITLE_ALIAS|BODY_ALIAS|BODY_TICKER|TARGET_CONTEXT; score=17; event=OTHER; symbol=VND,TITLE_ALIAS|BODY_ALIAS|BODY_TICKER|TARGET_CONTEXT,TITLE_ENTITY_WITH_TARGET_CONTEXT,HIGH_PRECISION,FALLBACK_QUARANTINE,FALLBACK_NO_EVENT_DETECTED,80,MEDIUM,NOT_INDEPENDENTLY_VALIDATED,False
951b803fcb12e25ca93d,4dad1b7289c3e55f5d6bd9f8a8c37ab6,PVD,Tổng Công ty Cổ phần Khoan và Dịch vụ Khoan Dầu khí,2021-12-08,VietnamBiz,https://vietnambiz.vn/co-phieu-tam-diem-9-12-pvd-hdc-pvc-20211208171825299.htm,"Cổ phiếu tâm điểm 9/12: PVD, HDC, PVC",OTHER,OTHER,NEUTRAL,LOW,STOCK_SPECIFIC,MEDIUM,WEAK_RULE_V3_ENTITY_TIERED,WEAK_RULE_V3; tier=HIGH_PRECISION; entity=TITLE_TICKER|BODY_ALIAS|BODY_TICKER|TARGET_CONTEXT; score=17; event=OTHER; symbol=PVD,TITLE_TICKER|BODY_ALIAS|BODY_TICKER|TARGET_CONTEXT,TITLE_TICKER_WITH_TARGET_CONTEXT,HIGH_PRECISION,FALLBACK_QUARANTINE,FALLBACK_NO_EVENT_DETECTED,80,MEDIUM,NOT_INDEPENDENTLY_VALIDATED,False
a50e7f741ff9fe7d13f6,209468b45350bcccde29a4e5bc09ed04,CTR,Tổng Công ty Cổ phần Công trình Viettel,2021-12-10,CafeF,https://cafef.vn/bo-tieu-chi-4m-va-cau-chuyen-co-phieu-ctr-20211210113536785.chn,Bộ tiêu chí 4M và câu chuyện cổ phiếu CTR,MACRO_POLICY,MACRO_POLICY,NEUTRAL,MODERATE,MARKET,HIGH,WEAK_RULE_V3_ENTITY_TIERED,WEAK_RULE_V3; tier=HIGH_PRECISION; entity=TITLE_TICKER|BODY_ALIAS|BODY_TICKER|TARGET_CONTEXT; score=17; event=MACRO_POLICY; symbol=CTR,TITLE_TICKER|BODY_ALIAS|BODY_TICKER|TARGET_CONTEXT,TITLE_TICKER_WITH_TARGET_CONTEXT,HIGH_PRECISION,INFORMATIVE_CANDIDATE,EXPERIMENTAL_INFORMATIVE_UNVALIDATED,100,CRITICAL,NOT_INDEPENDENTLY_VALIDATED,True
fce64d67aee10e34674e,cba8729aabd91cfeaa96c63e73c729fa,SHS,Công ty Cổ phần Chứng khoán Sài Gòn - Hà Nội,2021-12-10,VietnamBiz,https://vietnambiz.vn/chung-khoan-shs-muon-phat-hanh-hon-325-trieu-cp-voi-gia-12000-dong-cp-von-gap-doi-vuot-6500-ty-dong-2021121007374386.htm,"Chứng khoán SHS muốn phát hành hơn 325 triệu cp với giá 12.000 đồng/cp, vốn gấp đôi vượt 6.500 tỷ đồng",CORPORATE_ACTION,STOCK_ISSUANCE,NEUTRAL,MODERATE,STOCK_SPECIFIC,HIGH,WEAK_RULE_V3_ENTITY_TIERED,WEAK_RULE_V3; tier=HIGH_PRECISION; entity=TITLE_TICKER|BODY_TICKER|TARGET_CONTEXT; score=13; event=STOCK_ISSUANCE; symbol=SHS,TITLE_TICKER|BODY_TICKER|TARGET_CONTEXT,TITLE_TICKER_WITH_TARGET_CONTEXT,HIGH_PRECISION,INFORMATIVE_CANDIDATE,EXPERIMENTAL_INFORMATIVE_UNVALIDATED,100,HIGH,NOT_INDEPENDENTLY_VALIDATED,True
9fb58e62974a10c2740b,fa264c926a34cfdc78130a4edff5122f,HPG,Công ty Cổ phần Tập đoàn Hòa Phát,2021-12-10,CafeF,https://cafef.vn/phien-10-12-khoi-ngoai-quay-dau-ban-rong-gan-500-ty-dong-trong-phien-thi-truong-do-lua-tap-trung-ban-hpg-tch-20211210153318261.chn,"Phiên 10/12: Khối ngoại quay đầu bán ròng gần 500 tỷ đồng trong phiên thị trường đỏ lửa, tập trung bán HPG, TCH",OTHER,OTHER,NEUTRAL,LOW,STOCK_SPECIFIC,MEDIUM,WEAK_RULE_V3_ENTITY_TIERED,WEAK_RULE_V3; tier=HIGH_PRECISION; entity=TITLE_TICKER|BODY_TICKER|TARGET_CONTEXT; score=13; event=OTHER; symbol=HPG,TITLE_TICKER|BODY_TICKER|TARGET_CONTEXT,TITLE_TICKER_WITH_TARGET_CONTEXT,HIGH_PRECISION,FALLBACK_QUARANTINE,FALLBACK_NO_EVENT_DETECTED,80,MEDIUM,NOT_INDEPENDENTLY_VALIDATED,False
bae926e8d3d9069b3461,397c28e81d3322f50de0f4f97f640c03,VND,Công ty Cổ phần Chứng khoán VNDIRECT,2021-12-11,CafeF,https://cafef.vn/vndirect-nhieu-yeu-to-ho-tro-tich-cuc-vn-index-huong-toi-moc-1700-1750-diem-trong-nam-2022-20211211022059465.chn,"VNDIRECT: Nhiều yếu tố hỗ trợ tích cực, VN-Index hướng tới mốc 1.700 - 1.750 điểm trong năm 2022",MACRO_POLICY,MACRO_POLICY,NEUTRAL,MODERATE,MARKET,HIGH,WEAK_RULE_V3_ENTITY_TIERED,WEAK_RULE_V3; tier=HIGH_PRECISION; entity=TITLE_ALIAS|BODY_ALIAS; score=11; event=MACRO_POLICY; symbol=VND,TITLE_ALIAS|BODY_ALIAS,TITLE_ENTITY_MENTION,HIGH_PRECISION,INFORMATIVE_CANDIDATE,EXPERIMENTAL_INFORMATIVE_UNVALIDATED,100,CRITICAL,NOT_INDEPENDENTLY_VALIDATED,True
e4e3c82ae4d5f5c8be8e,70dd34295fce2237c9b28d528f1a6446,KDH,Công ty Cổ phần Đầu tư và Kinh doanh Nhà Khang Điền,2021-12-11,CafeF,https://cafef.vn/vnm-etf-them-moi-idc-ita-vhc-kdh-va-vpi-vao-danh-muc-trong-ky-co-cau-quy-4-2021-ty-trong-co-phieu-viet-nam-tang-cao-ky-luc-20211211080059316.chn,"VNM ETF thêm mới IDC, ITA, VHC, KDH và VPI vào danh mục trong kỳ cơ cấu quý 4/2021, tỷ trọng cổ phiếu Việt Nam tăng cao kỷ lục",OTHER,OTHER,NEUTRAL,LOW,STOCK_SPECIFIC,MEDIUM,WEAK_RULE_V3_ENTITY_TIERED,WEAK_RULE_V3; tier=HIGH_PRECISION; entity=TITLE_TICKER|BODY_TICKER|TARGET_CONTEXT; score=13; event=OTHER; symbol=KDH,TITLE_TICKER|BODY_TICKER|TARGET_CONTEXT,TITLE_TICKER_WITH_TARGET_CONTEXT,HIGH_PRECISION,FALLBACK_QUARANTINE,FALLBACK_NO_EVENT_DETECTED,80,MEDIUM,NOT_INDEPENDENTLY_VALIDATED,False
9295d920c87ea10e3b73,70dd34295fce2237c9b28d528f1a6446,VHC,Công ty Cổ phần Vĩnh Hoàn,2021-12-11,CafeF,https://cafef.vn/vnm-etf-them-moi-idc-ita-vhc-kdh-va-vpi-vao-danh-muc-trong-ky-co-cau-quy-4-2021-ty-trong-co-phieu-viet-nam-tang-cao-ky-luc-20211211080059316.chn,"VNM ETF thêm mới IDC, ITA, VHC, KDH và VPI vào danh mục trong kỳ cơ cấu quý 4/2021, tỷ trọng cổ phiếu Việt Nam tăng cao kỷ lục",OTHER,OTHER,NEUTRAL,LOW,STOCK_SPECIFIC,MEDIUM,WEAK_RULE_V3_ENTITY_TIERED,WEAK_RULE_V3; tier=HIGH_PRECISION; entity=TITLE_TICKER|BODY_TICKER|TARGET_CONTEXT; score=13; event=OTHER; symbol=VHC,TITLE_TICKER|BODY_TICKER|TARGET_CONTEXT,TITLE_TICKER_WITH_TARGET_CONTEXT,HIGH_PRECISION,FALLBACK_QUARANTINE,FALLBACK_NO_EVENT_DETECTED,80,MEDIUM,NOT_INDEPENDENTLY_VALIDATED,False
bb6fe73f4ce1d44a3119,bd72ede8f98ec26f301a753ad7265064,DGC,Công ty Cổ phần Tập đoàn Hóa chất Đức Giang,2021-12-11,CafeF,https://cafef.vn/hqc-dgc-hag-g36-spb-psi-qnc-dhc-lhg-tld-tni-l18-vsn-sd9-pmt-ats-thong-tin-giao-dich-luong-lon-co-phieu-2021121017371353.chn,"HQC, DGC, HAG, G36, SPB, PSI, QNC, DHC, LHG, TLD, TNI, L18, VSN, SD9, PMT, ATS: Thông tin giao dịch lượng lớn cổ phiếu",OTHER,OTHER,NEUTRAL,LOW,STOCK_SPECIFIC,MEDIUM,WEAK_RULE_V3_ENTITY_TIERED,WEAK_RULE_V3; tier=HIGH_PRECISION; entity=TITLE_TICKER|BODY_COMPANY|BODY_TICKER|TARGET_CONTEXT; score=17; event=OTHER; symbol=DGC,TITLE_TICKER|BODY_COMPANY|BODY_TICKER|TARGET_CONTEXT,TITLE_TICKER_WITH_TARGET_CONTEXT,HIGH_PRECISION,FALLBACK_QUARANTINE,FALLBACK_NO_EVENT_DETECTED,80,MEDIUM,NOT_INDEPENDENTLY_VALIDATED,False
cc9c8f77cf826d17cae6,c58205bfdbb87ef93511d0e20c20a971,VJC,Công ty Cổ phần Hàng không Vietjet,2021-12-11,CafeF,https://cafef.vn/9-thang-dau-nam-2021-vietjet-dat-doanh-thu-hop-nhat-10210-ti-dong-20211211113940184.chn,"9 tháng đầu năm 2021, Vietjet đạt doanh thu hợp nhất 10.210 tỉ đồng",OTHER,OTHER,NEUTRAL,LOW,STOCK_SPECIFIC,MEDIUM,WEAK_RULE_V3_ENTITY_TIERED,WEAK_RULE_V3; tier=HIGH_PRECISION; entity=TITLE_ALIAS|BODY_COMPANY|BODY_TICKER; score=13; event=OTHER; symbol=VJC,TITLE_ALIAS|BODY_COMPANY|BODY_TICKER,TITLE_ENTITY_MENTION,HIGH_PRECISION,FALLBACK_QUARANTINE,FALLBACK_NO_EVENT_DETECTED,80,MEDIUM,NOT_INDEPENDENTLY_VALIDATED,False
003fe5af5210eb444809,5c698108207e0f2c60dbaa2a4e5ec556,HPG,Công ty Cổ phần Tập đoàn Hòa Phát,2021-12-15,CafeF,https://cafef.vn/cuoc-canh-tranh-cung-cap-van-lot-san-container-dau-tien-tai-viet-nam-cho-hoa-phat-mot-doanh-nghiep-rum-beng-vua-bi-loai-20211215115618302.chn,Cuộc cạnh tranh cung cấp ván lót sàn container đầu tiên tại Việt Nam cho Hoà Phát: Một doanh nghiệp bị loại không được nhận tài trợ kinh phí làm sản phẩm mẫu,BUSINESS_RESULT,PROJECT_EXPANSION,POSITIVE,MODERATE,STOCK_SPECIFIC,HIGH,WEAK_RULE_V3_ENTITY_TIERED,WEAK_RULE_V3; tier=HIGH_PRECISION; entity=TITLE_COMPANY|BODY_COMPANY; score=11; event=PROJECT_EXPANSION; symbol=HPG,TITLE_COMPANY|BODY_COMPANY,TITLE_ENTITY_MENTION,HIGH_PRECISION,INFORMATIVE_CANDIDATE,EXPERIMENTAL_INFORMATIVE_UNVALIDATED,100,HIGH,NOT_INDEPENDENTLY_VALIDATED,True
24e9ba5b384c585929f8,8b3c2a103ce917e077d778e102d87b9b,GAS,Tổng Công ty Khí Việt Nam,2021-12-18,CafeF,https://cafef.vn/pv-gas-uoc-dat-doanh-thu-80000-ty-trong-nam-2021-loi-nhuan-vuot-19-ke-hoach-ca-nam-20211218150313768.chn,"PV GAS ước đạt doanh thu 80.000 tỷ trong năm 2021, lợi nhuận vượt 19% kế hoạch cả năm",OTHER,OTHER,NEUTRAL,LOW,STOCK_SPECIFIC,MEDIUM,WEAK_RULE_V3_ENTITY_TIERED,WEAK_RULE_V3; tier=HIGH_PRECISION; entity=TITLE_TICKER|TITLE_ALIAS|BODY_ALIAS|BODY_TICKER|TARGET_CONTEXT; score=24; event=OTHER; symbol=GAS,TITLE_TICKER|TITLE_ALIAS|BODY_ALIAS|BODY_TICKER|TARGET_CONTEXT,TITLE_TICKER_WITH_TARGET_CONTEXT,HIGH_PRECISION,FALLBACK_QUARANTINE,FALLBACK_NO_EVENT_DETECTED,80,MEDIUM,NOT_INDEPENDENTLY_VALIDATED,False
72be49a6e949fb1ccbb3,e754a131ff69b78189b2c75829b0d3c0,DPM,Tổng Công ty Phân bón và Hóa chất Dầu khí,2021-12-22,VietnamBiz,https://vietnambiz.vn/co-phieu-tam-diem-23-12-dpm-pet-s99-20211222194452962.htm,"Cổ phiếu tâm điểm 23/12: DPM, PET, S99",OTHER,OTHER,NEUTRAL,LOW,STOCK_SPECIFIC,MEDIUM,WEAK_RULE_V3_ENTITY_TIERED,WEAK_RULE_V3; tier=HIGH_PRECISION; entity=TITLE_TICKER|BODY_ALIAS|BODY_TICKER|TARGET_CONTEXT; score=17; event=OTHER; symbol=DPM,TITLE_TICKER|BODY_ALIAS|BODY_TICKER|TARGET_CONTEXT,TITLE_TICKER_WITH_TARGET_CONTEXT,HIGH_PRECISION,FALLBACK_QUARANTINE,FALLBACK_NO_EVENT_DETECTED,80,MEDIUM,NOT_INDEPENDENTLY_VALIDATED,False
a5bf83773dfeba4919f5,d0ec332dd2839717c3fba70656cfe0a9,POM,Công ty Cổ phần Thép Pomina,2021-12-23,VietnamBiz,https://vietnambiz.vn/giao-dich-lon-co-phieu-vib-pmb-svn-hev-vhd-sma-smt-tvc-kkc-mac-nap-ptv-hej-g36-pom-ndn-ktt-dnp-20211223223555728.htm,"Giao dịch lớn cổ phiếu VIB, PMB, SVN, HEV, VHD, SMA, SMT, TVC, KKC, MAC, NAP, PTV, HEJ, G36, POM, NDN, KTT, DNP",OTHER,OTHER,NEUTRAL,LOW,STOCK_SPECIFIC,MEDIUM,WEAK_RULE_V3_ENTITY_TIERED,WEAK_RULE_V3; tier=HIGH_PRECISION; entity=TITLE_TICKER|BODY_COMPANY|BODY_TICKER|TARGET_CONTEXT; score=17; event=OTHER; symbol=POM,TITLE_TICKER|BODY_COMPANY|BODY_TICKER|TARGET_CONTEXT,TITLE_TICKER_WITH_TARGET_CONTEXT,HIGH_PRECISION,FALLBACK_QUARANTINE,FALLBACK_NO_EVENT_DETECTED,80,MEDIUM,NOT_INDEPENDENTLY_VALIDATED,False
c6cde7816cf6e5320200,46b10aae760751590a4ecd8acbc2b2ef,HPG,Công ty Cổ phần Tập đoàn Hòa Phát,2021-12-24,CafeF,https://cafef.vn/phien-24-12-khoi-ngoai-tiep-tuc-ban-rong-151-ty-dong-tren-toan-thi-truong-tam-diem-ban-ceo-hpg-2021122415362133.chn,"Phiên 24/12: Khối ngoại tiếp tục bán ròng 151 tỷ đồng trên toàn thị trường, tâm điểm bán CEO, HPG",OTHER,OTHER,NEUTRAL,LOW,STOCK_SPECIFIC,MEDIUM,WEAK_RULE_V3_ENTITY_TIERED,WEAK_RULE_V3; tier=HIGH_PRECISION; entity=TITLE_TICKER|BODY_TICKER|TARGET_CONTEXT; score=13; event=OTHER; symbol=HPG,TITLE_TICKER|BODY_TICKER|TARGET_CONTEXT,TITLE_TICKER_WITH_TARGET_CONTEXT,HIGH_PRECISION,FALLBACK_QUARANTINE,FALLBACK_NO_EVENT_DETECTED,80,MEDIUM,NOT_INDEPENDENTLY_VALIDATED,False
866a900f7fc7b59cbe0e,5dd5b799b751a64643692a39e6c9faaf,VCB,Ngân hàng TMCP Ngoại thương Việt Nam,2021-12-24,VietnamBiz,https://vietnambiz.vn/tung-duoc-vietcombank-va-nhom-ban-viet-rot-von-vietcredit-kinh-doanh-ra-sao-truoc-khi-len-san-20211223190534132.htm,"Từng được Vietcombank và nhóm Bản Việt rót vốn, VietCredit kinh doanh ra sao trước khi lên sàn?",CORPORATE_ACTION,LEADERSHIP_CHANGE,NEUTRAL,MODERATE,STOCK_SPECIFIC,HIGH,WEAK_RULE_V3_ENTITY_TIERED,WEAK_RULE_V3; tier=HIGH_PRECISION; entity=TITLE_ALIAS|BODY_COMPANY; score=11; event=LEADERSHIP_CHANGE; symbol=VCB,TITLE_ALIAS|BODY_COMPANY,TITLE_ENTITY_MENTION,HIGH_PRECISION,INFORMATIVE_CANDIDATE,EXPERIMENTAL_INFORMATIVE_UNVALIDATED,100,HIGH,NOT_INDEPENDENTLY_VALIDATED,True
5caef78ab8d778391c79,81dbbda9d88c5e3e018007f4defae414,HPG,Công ty Cổ phần Tập đoàn Hòa Phát,2021-12-24,VietnamBiz,https://vietnambiz.vn/phien-24-12-khoi-ngoai-gom-rong-bo-ba-co-phieu-ho-vingroup-nhung-ban-rong-tram-ty-dong-ma-hpg-2021122416111702.htm,Phiên 24/12: Khối ngoại gom ròng bộ ba cổ phiếu 'họ Vingroup' nhưng bán ròng trăm tỷ đồng mã HPG,OTHER,OTHER,NEUTRAL,LOW,STOCK_SPECIFIC,MEDIUM,WEAK_RULE_V3_ENTITY_TIERED,WEAK_RULE_V3; tier=HIGH_PRECISION; entity=TITLE_TICKER|BODY_COMPANY|BODY_TICKER|TARGET_CONTEXT; score=17; event=OTHER; symbol=HPG,TITLE_TICKER|BODY_COMPANY|BODY_TICKER|TARGET_CONTEXT,TITLE_TICKER_WITH_TARGET_CONTEXT,HIGH_PRECISION,FALLBACK_QUARANTINE,FALLBACK_NO_EVENT_DETECTED,80,MEDIUM,NOT_INDEPENDENTLY_VALIDATED,False
1e3f030f98a7f13437cb,81dbbda9d88c5e3e018007f4defae414,VIC,Tập đoàn Vingroup,2021-12-24,VietnamBiz,https://vietnambiz.vn/phien-24-12-khoi-ngoai-gom-rong-bo-ba-co-phieu-ho-vingroup-nhung-ban-rong-tram-ty-dong-ma-hpg-2021122416111702.htm,Phiên 24/12: Khối ngoại gom ròng bộ ba cổ phiếu 'họ Vingroup' nhưng bán ròng trăm tỷ đồng mã HPG,OTHER,OTHER,NEUTRAL,LOW,STOCK_SPECIFIC,MEDIUM,WEAK_RULE_V3_ENTITY_TIERED,WEAK_RULE_V3; tier=HIGH_PRECISION; entity=TITLE_COMPANY|BODY_TICKER|TARGET_CONTEXT; score=13; event=OTHER; symbol=VIC,TITLE_COMPANY|BODY_TICKER|TARGET_CONTEXT,TITLE_ENTITY_WITH_TARGET_CONTEXT,HIGH_PRECISION,FALLBACK_QUARANTINE,FALLBACK_NO_EVENT_DETECTED,80,MEDIUM,NOT_INDEPENDENTLY_VALIDATED,False
9fa6d24bf62e50e653f7,b22a9b3c1e56bc338962f6abc41ced5d,NVL,Công ty Cổ phần Tập đoàn Đầu tư Địa ốc No Va,2021-12-24,CafeF,https://cafef.vn/novaland-nvl-muon-huy-dong-gan-5900-ty-dong-tu-trai-phieu-rot-von-cho-cong-ty-con-20211224153530019.chn,Novaland (NVL) muốn huy động gần 5.900 tỷ đồng từ trái phiếu rót vốn cho công ty con,CORPORATE_ACTION,STOCK_ISSUANCE,NEUTRAL,MODERATE,STOCK_SPECIFIC,HIGH,WEAK_RULE_V3_ENTITY_TIERED,WEAK_RULE_V3; tier=HIGH_PRECISION; entity=TITLE_TICKER|TITLE_ALIAS|BODY_ALIAS|BODY_TICKER|TARGET_CONTEXT; score=24; event=STOCK_ISSUANCE; symbol=NVL,TITLE_TICKER|TITLE_ALIAS|BODY_ALIAS|BODY_TICKER|TARGET_CONTEXT,TITLE_TICKER_WITH_TARGET_CONTEXT,HIGH_PRECISION,INFORMATIVE_CANDIDATE,EXPERIMENTAL_INFORMATIVE_UNVALIDATED,100,HIGH,NOT_INDEPENDENTLY_VALIDATED,True
52fd860bbd59dd93c232,228da17c1934d92a6a6169abda31512c,HPG,Công ty Cổ phần Tập đoàn Hòa Phát,2021-12-25,CafeF,https://cafef.vn/vdsc-loi-nhuan-quy-4-hoa-phat-co-the-dat-10430-ty-dong-gap-hon-2-lan-cung-ky-20211224173654881.chn,"VDSC: Lợi nhuận quý 4 Hòa Phát có thể đạt 10.430 tỷ đồng, gấp hơn 2 lần cùng kỳ",OTHER,OTHER,NEUTRAL,LOW,STOCK_SPECIFIC,MEDIUM,WEAK_RULE_V3_ENTITY_TIERED,WEAK_RULE_V3; tier=HIGH_PRECISION; entity=TITLE_COMPANY|BODY_COMPANY|BODY_TICKER|TARGET_CONTEXT; score=17; event=OTHER; symbol=HPG,TITLE_COMPANY|BODY_COMPANY|BODY_TICKER|TARGET_CONTEXT,TITLE_ENTITY_WITH_TARGET_CONTEXT,HIGH_PRECISION,FALLBACK_QUARANTINE,FALLBACK_NO_EVENT_DETECTED,80,MEDIUM,NOT_INDEPENDENTLY_VALIDATED,False
b0c1f9bdb44c4ae281fd,35ae70a30eef13b671743f249452dec9,SSI,Công ty Cổ phần Chứng khoán SSI,2021-12-25,CafeF,https://cafef.vn/chung-khoan-ssi-muon-tiep-tuc-chao-ban-104-trieu-co-phieu-rieng-le-nang-von-dieu-le-sat-nguong-16000-ty-dong-20211225114039095.chn,"Chứng khoán SSI muốn tiếp tục chào bán 104 triệu cổ phiếu riêng lẻ, nâng vốn điều lệ sát ngưỡng 16.000 tỷ đồng",CORPORATE_ACTION,STOCK_ISSUANCE,NEUTRAL,MODERATE,STOCK_SPECIFIC,HIGH,WEAK_RULE_V3_ENTITY_TIERED,WEAK_RULE_V3; tier=HIGH_PRECISION; entity=TITLE_TICKER|TITLE_COMPANY|BODY_COMPANY|BODY_TICKER|TARGET_CONTEXT; score=24; event=STOCK_ISSUANCE; symbol=SSI,TITLE_TICKER|TITLE_COMPANY|BODY_COMPANY|BODY_TICKER|TARGET_CONTEXT,TITLE_TICKER_WITH_TARGET_CONTEXT,HIGH_PRECISION,INFORMATIVE_CANDIDATE,EXPERIMENTAL_INFORMATIVE_UNVALIDATED,100,HIGH,NOT_INDEPENDENTLY_VALIDATED,True
3e5f43e086790c53f729,dc054e55b248d8e11580d5cf65e74d3b,VND,Công ty Cổ phần Chứng khoán VNDIRECT,2021-12-25,CafeF,https://cafef.vn/nam-but-pha-ngoan-muc-cua-vndirect-tro-thanh-bluechip-ty-do-loi-nhuan-cao-nhat-lich-su-20211224153350275.chn,"Năm bứt phá ngoạn mục của VNDirect: Trở thành ‘Bluechip tỷ đô’, lợi nhuận cao nhất lịch sử",CORPORATE_ACTION,STOCK_ISSUANCE,NEUTRAL,MODERATE,STOCK_SPECIFIC,HIGH,WEAK_RULE_V3_ENTITY_TIERED,WEAK_RULE_V3; tier=HIGH_PRECISION; entity=TITLE_ALIAS|BODY_ALIAS|BODY_TICKER|TARGET_CONTEXT; score=17; event=STOCK_ISSUANCE; symbol=VND,TITLE_ALIAS|BODY_ALIAS|BODY_TICKER|TARGET_CONTEXT,TITLE_ENTITY_WITH_TARGET_CONTEXT,HIGH_PRECISION,INFORMATIVE_CANDIDATE,EXPERIMENTAL_INFORMATIVE_UNVALIDATED,100,HIGH,NOT_INDEPENDENTLY_VALIDATED,True
8d24aa557ce899e7aaa5,ddef7fef1476426cd7772dd56d720e94,VPB,Ngân hàng TMCP Việt Nam Thịnh Vượng,2021-12-25,VietnamBiz,https://vietnambiz.vn/co-phieu-ngan-hang-tuan-qua-mot-ma-tang-20-vpbank-du-kien-ban-15-co-phan-cho-doi-tac-chien-luoc-nuoc-ngoai-2021122511170764.htm,"Cổ phiếu ngân hàng tuần qua: Một mã tăng 20%, VPBank dự kiến bán 15% cổ phần cho đối tác chiến lược nước ngoài",OTHER,OTHER,NEUTRAL,LOW,STOCK_SPECIFIC,MEDIUM,WEAK_RULE_V3_ENTITY_TIERED,WEAK_RULE_V3; tier=HIGH_PRECISION; entity=TITLE_ALIAS|BODY_ALIAS|BODY_TICKER|TARGET_CONTEXT; score=17; event=OTHER; symbol=VPB,TITLE_ALIAS|BODY_ALIAS|BODY_TICKER|TARGET_CONTEXT,TITLE_ENTITY_WITH_TARGET_CONTEXT,HIGH_PRECISION,FALLBACK_QUARANTINE,FALLBACK_NO_EVENT_DETECTED,80,MEDIUM,NOT_INDEPENDENTLY_VALIDATED,False
d643d4a54b933ba0ab49,45eb8e495f3e6e4f7a37ee73c53eeb1b,DCM,Công ty Cổ phần Phân bón Dầu khí Cà Mau,2021-12-28,CafeF,https://cafef.vn/nhung-ngay-cuoi-nam-dam-ca-mau-dcm-dieu-chinh-chi-tieu-loi-nhuan-nam-2021-len-hon-4-lan-so-voi-ke-hoach-cu-20211228094223391.chn,"Những ngày cuối năm, Đạm Cà Mau (DCM) điều chỉnh chỉ tiêu lợi nhuận năm 2021 lên hơn 4 lần so với kế hoạch cũ",CORPORATE_ACTION,DIVIDEND,POSITIVE,MODERATE,STOCK_SPECIFIC,HIGH,WEAK_RULE_V3_ENTITY_TIERED,WEAK_RULE_V3; tier=HIGH_PRECISION; entity=TITLE_TICKER|TITLE_ALIAS|BODY_ALIAS|BODY_TICKER|TARGET_CONTEXT; score=24; event=DIVIDEND; symbol=DCM,TITLE_TICKER|TITLE_ALIAS|BODY_ALIAS|BODY_TICKER|TARGET_CONTEXT,TITLE_TICKER_WITH_TARGET_CONTEXT,HIGH_PRECISION,INFORMATIVE_CANDIDATE,EXPERIMENTAL_INFORMATIVE_UNVALIDATED,100,HIGH,NOT_INDEPENDENTLY_VALIDATED,True
db6bd59074d8ddb4ca52,117693d95e0150b9fb932f3ea51e73fc,CTR,Tổng Công ty Cổ phần Công trình Viettel,2021-12-29,CafeF,https://cafef.vn/viettel-construction-ctr-duoc-chap-thuan-niem-yet-tren-hose-20211229092932651.chn,Viettel Construction (CTR) được chấp thuận niêm yết trên HOSE,BUSINESS_RESULT,PROJECT_EXPANSION,POSITIVE,MODERATE,STOCK_SPECIFIC,HIGH,WEAK_RULE_V3_ENTITY_TIERED,WEAK_RULE_V3; tier=HIGH_PRECISION; entity=TITLE_TICKER|TITLE_ALIAS|BODY_ALIAS|BODY_TICKER|TARGET_CONTEXT; score=24; event=PROJECT_EXPANSION; symbol=CTR,TITLE_TICKER|TITLE_ALIAS|BODY_ALIAS|BODY_TICKER|TARGET_CONTEXT,TITLE_TICKER_WITH_TARGET_CONTEXT,HIGH_PRECISION,INFORMATIVE_CANDIDATE,EXPERIMENTAL_INFORMATIVE_UNVALIDATED,100,HIGH,NOT_INDEPENDENTLY_VALIDATED,True
3e385c3a2f3b892ef42b,167f0d7e1eaed25fbada92fe7fe98d14,FPT,Công ty Cổ phần FPT,2021-12-29,CafeF,https://cafef.vn/lien-tuc-luot-song-dragon-capital-da-ban-gan-14-trieu-co-phieu-fpt-va-khong-con-la-co-dong-lon-2021122911202359.chn,"Liên tục ""lướt sóng"", Dragon Capital đã bán gần 1,4 triệu cổ phiếu FPT và không còn là cổ đông lớn",OTHER,OTHER,NEUTRAL,LOW,STOCK_SPECIFIC,MEDIUM,WEAK_RULE_V3_ENTITY_TIERED,WEAK_RULE_V3; tier=HIGH_PRECISION; entity=TITLE_TICKER|BODY_TICKER|TARGET_CONTEXT; score=13; event=OTHER; symbol=FPT,TITLE_TICKER|BODY_TICKER|TARGET_CONTEXT,TITLE_TICKER_WITH_TARGET_CONTEXT,HIGH_PRECISION,FALLBACK_QUARANTINE,FALLBACK_NO_EVENT_DETECTED,80,MEDIUM,NOT_INDEPENDENTLY_VALIDATED,False
defe28c5fba1bbe70810,2f4e69e3b9ecbd18709efb2af09faf40,DPM,Tổng Công ty Phân bón và Hóa chất Dầu khí,2021-12-29,CafeF,https://cafef.vn/dam-phu-my-dpm-loi-nhuan-truoc-thue-nam-2021-uoc-dat-ky-luc-3600-ty-dong-20211229151355645.chn,Đạm Phú Mỹ (DPM): Lợi nhuận trước thuế năm 2021 ước đạt kỷ lục 3.600 tỷ đồng,OTHER,OTHER,NEUTRAL,LOW,STOCK_SPECIFIC,MEDIUM,WEAK_RULE_V3_ENTITY_TIERED,WEAK_RULE_V3; tier=HIGH_PRECISION; entity=TITLE_TICKER|TITLE_ALIAS|BODY_ALIAS|BODY_TICKER|TARGET_CONTEXT; score=24; event=OTHER; symbol=DPM,TITLE_TICKER|TITLE_ALIAS|BODY_ALIAS|BODY_TICKER|TARGET_CONTEXT,TITLE_TICKER_WITH_TARGET_CONTEXT,HIGH_PRECISION,FALLBACK_QUARANTINE,FALLBACK_NO_EVENT_DETECTED,80,MEDIUM,NOT_INDEPENDENTLY_VALIDATED,False
67e96f2e33ffdbfd0ced,73d2afb0559b682f65f91280ddd60b9c,FPT,Công ty Cổ phần FPT,2021-12-29,CafeF,https://cafef.vn/fpt-vnm-cii-qcg-tvs-ptl-tci-ckg-opc-lgl-thp-thong-tin-giao-dich-luong-lon-co-phieu-20211229085141851.chn,"FPT, VNM, CII, QCG, TVS, PTL, TCI, CKG, OPC, LGL, THP: Thông tin giao dịch lượng lớn cổ phiếu",OTHER,OTHER,NEUTRAL,LOW,STOCK_SPECIFIC,MEDIUM,WEAK_RULE_V3_ENTITY_TIERED,WEAK_RULE_V3; tier=HIGH_PRECISION; entity=TITLE_TICKER|BODY_TICKER|TARGET_CONTEXT; score=13; event=OTHER; symbol=FPT,TITLE_TICKER|BODY_TICKER|TARGET_CONTEXT,TITLE_TICKER_WITH_TARGET_CONTEXT,HIGH_PRECISION,FALLBACK_QUARANTINE,FALLBACK_NO_EVENT_DETECTED,80,MEDIUM,NOT_INDEPENDENTLY_VALIDATED,False
9e71bdd4431ea570adbe,73d2afb0559b682f65f91280ddd60b9c,VNM,Công ty Cổ phần Sữa Việt Nam,2021-12-29,CafeF,https://cafef.vn/fpt-vnm-cii-qcg-tvs-ptl-tci-ckg-opc-lgl-thp-thong-tin-giao-dich-luong-lon-co-phieu-20211229085141851.chn,"FPT, VNM, CII, QCG, TVS, PTL, TCI, CKG, OPC, LGL, THP: Thông tin giao dịch lượng lớn cổ phiếu",OTHER,OTHER,NEUTRAL,LOW,STOCK_SPECIFIC,MEDIUM,WEAK_RULE_V3_ENTITY_TIERED,WEAK_RULE_V3; tier=HIGH_PRECISION; entity=TITLE_TICKER|BODY_ALIAS|BODY_TICKER|TARGET_CONTEXT; score=17; event=OTHER; symbol=VNM,TITLE_TICKER|BODY_ALIAS|BODY_TICKER|TARGET_CONTEXT,TITLE_TICKER_WITH_TARGET_CONTEXT,HIGH_PRECISION,FALLBACK_QUARANTINE,FALLBACK_NO_EVENT_DETECTED,80,MEDIUM,NOT_INDEPENDENTLY_VALIDATED,False
cf89a9886b4f0cb650ea,fb302907fe0a85b27869d98f3398e770,SSI,Công ty Cổ phần Chứng khoán SSI,2021-12-29,CafeF,https://cafef.vn/chu-tich-ssi-nguyen-duy-hung-co-phieu-rac-tang-la-hoan-toan-binh-thuong-do-cau-tang-manh-bat-thuong-hay-khong-phai-nho-co-quan-chuc-nang-kiem-tra-20211229111047182.chn,"Chủ tịch SSI Nguyễn Duy Hưng: Cổ phiếu ""rác"" tăng là hoàn toàn bình thường do cầu tăng mạnh, bất thường hay không phải nhờ cơ quan chức năng kiểm tra",OTHER,OTHER,NEUTRAL,LOW,STOCK_SPECIFIC,MEDIUM,WEAK_RULE_V3_ENTITY_TIERED,WEAK_RULE_V3; tier=HIGH_PRECISION; entity=TITLE_TICKER|BODY_COMPANY|BODY_TICKER|TARGET_CONTEXT; score=17; event=OTHER; symbol=SSI,TITLE_TICKER|BODY_COMPANY|BODY_TICKER|TARGET_CONTEXT,TITLE_TICKER_WITH_TARGET_CONTEXT,HIGH_PRECISION,FALLBACK_QUARANTINE,FALLBACK_NO_EVENT_DETECTED,80,MEDIUM,NOT_INDEPENDENTLY_VALIDATED,False
630109349ee10b78df95,dd0a878017f127a9279cfd26061fecd3,MSN,Công ty Cổ phần Tập đoàn Masan,2022-01-01,Vietstock,https://vietstock.vn/2022/01/nhung-co-phieu-anh-huong-nhieu-nhat-den-cac-chi-so-nam-2021-msn-nvl-dong-vai-tro-dau-keo-830-921742.htm,"Những cổ phiếu ảnh hưởng nhiều nhất đến các chỉ số năm 2021: MSN, NVL đóng vai trò đầu kéo",MACRO_POLICY,MACRO_POLICY,NEUTRAL,MODERATE,MARKET,HIGH,WEAK_RULE_V3_ENTITY_TIERED,WEAK_RULE_V3; tier=HIGH_PRECISION; entity=TITLE_TICKER|BODY_TICKER|TARGET_CONTEXT; score=13; event=MACRO_POLICY; symbol=MSN,TITLE_TICKER|BODY_TICKER|TARGET_CONTEXT,TITLE_TICKER_WITH_TARGET_CONTEXT,HIGH_PRECISION,INFORMATIVE_CANDIDATE,EXPERIMENTAL_INFORMATIVE_UNVALIDATED,100,CRITICAL,NOT_INDEPENDENTLY_VALIDATED,True
b7724699a4573021287c,dd0a878017f127a9279cfd26061fecd3,NVL,Công ty Cổ phần Tập đoàn Đầu tư Địa ốc No Va,2022-01-01,Vietstock,https://vietstock.vn/2022/01/nhung-co-phieu-anh-huong-nhieu-nhat-den-cac-chi-so-nam-2021-msn-nvl-dong-vai-tro-dau-keo-830-921742.htm,"Những cổ phiếu ảnh hưởng nhiều nhất đến các chỉ số năm 2021: MSN, NVL đóng vai trò đầu kéo",MACRO_POLICY,MACRO_POLICY,NEUTRAL,MODERATE,MARKET,HIGH,WEAK_RULE_V3_ENTITY_TIERED,WEAK_RULE_V3; tier=HIGH_PRECISION; entity=TITLE_TICKER|TARGET_CONTEXT; score=11; event=MACRO_POLICY; symbol=NVL,TITLE_TICKER|TARGET_CONTEXT,TITLE_TICKER_WITH_TARGET_CONTEXT,HIGH_PRECISION,INFORMATIVE_CANDIDATE,EXPERIMENTAL_INFORMATIVE_UNVALIDATED,100,CRITICAL,NOT_INDEPENDENTLY_VALIDATED,True
696e6dbe1518d441f5d7,9aaff2c232e9285216c4ba5a49ba2e64,VNM,Công ty Cổ phần Sữa Việt Nam,2022-01-02,CafeF,https://cafef.vn/ctd-vnm-ceo-pti-nhh-tvs-tar-hmh-dnp-tdg-thong-tin-giao-dich-luong-lon-co-phieu-20220101164312793.chn,"CTD, VNM, CEO, PTI, NHH, TVS, TAR, HMH, DNP, TDG: Thông tin giao dịch lượng lớn cổ phiếu",OTHER,OTHER,NEUTRAL,LOW,STOCK_SPECIFIC,MEDIUM,WEAK_RULE_V3_ENTITY_TIERED,WEAK_RULE_V3; tier=HIGH_PRECISION; entity=TITLE_TICKER|BODY_ALIAS|BODY_TICKER|TARGET_CONTEXT; score=17; event=OTHER; symbol=VNM,TITLE_TICKER|BODY_ALIAS|BODY_TICKER|TARGET_CONTEXT,TITLE_TICKER_WITH_TARGET_CONTEXT,HIGH_PRECISION,FALLBACK_QUARANTINE,FALLBACK_NO_EVENT_DETECTED,80,MEDIUM,NOT_INDEPENDENTLY_VALIDATED,False
0aa99538228c3a63e1ee,4024cf2f2ad9895b63a8134b3049f621,POW,Tổng Công ty Điện lực Dầu khí Việt Nam,2022-01-04,Vietstock,https://vietstock.vn/2022/01/pow-giai-trinh-the-nao-ve-su-co-tai-nha-may-vung-ang-1-737-921906.htm,POW giải trình thế nào về sự cố tại nhà máy Vũng Áng 1?,CORPORATE_ACTION,LEADERSHIP_CHANGE,NEUTRAL,MODERATE,STOCK_SPECIFIC,HIGH,WEAK_RULE_V3_ENTITY_TIERED,WEAK_RULE_V3; tier=HIGH_PRECISION; entity=TITLE_TICKER|BODY_COMPANY|BODY_TICKER|TARGET_CONTEXT; score=17; event=LEADERSHIP_CHANGE; symbol=POW,TITLE_TICKER|BODY_COMPANY|BODY_TICKER|TARGET_CONTEXT,TITLE_TICKER_WITH_TARGET_CONTEXT,HIGH_PRECISION,INFORMATIVE_CANDIDATE,EXPERIMENTAL_INFORMATIVE_UNVALIDATED,100,HIGH,NOT_INDEPENDENTLY_VALIDATED,True
9a6210ebf64247376f0d,d21549ff73edd950f47a4ed83eb8b956,CTG,Ngân hàng TMCP Công Thương Việt Nam,2022-01-06,Vietstock,https://vietstock.vn/2022/01/vietinbank-dat-muc-tieu-loi-nhuan-tang-10-20-trong-nam-2022-737-922715.htm,VietinBank đặt mục tiêu lợi nhuận tăng 10-20% trong năm 2022,BUSINESS_RESULT,PROFIT_GROWTH,POSITIVE,HIGH,STOCK_SPECIFIC,HIGH,WEAK_RULE_V3_ENTITY_TIERED,WEAK_RULE_V3; tier=HIGH_PRECISION; entity=TITLE_ALIAS|BODY_COMPANY|BODY_TICKER|TARGET_CONTEXT; score=17; event=PROFIT_GROWTH; symbol=CTG,TITLE_ALIAS|BODY_COMPANY|BODY_TICKER|TARGET_CONTEXT,TITLE_ENTITY_WITH_TARGET_CONTEXT,HIGH_PRECISION,INFORMATIVE_CANDIDATE,EXPERIMENTAL_INFORMATIVE_UNVALIDATED,100,HIGH,NOT_INDEPENDENTLY_VALIDATED,True
06652c2ef9df0bc096b2,ff5e9e47e962c03a3f7e339859775008,VRE,Công ty Cổ phần Vincom Retail,2022-01-07,Vietstock,https://vietstock.vn/2022/01/vre-chao-don-co-dong-lon-moi-739-923023.htm,VRE chào đón cổ đông lớn mới,OTHER,OTHER,NEUTRAL,LOW,STOCK_SPECIFIC,MEDIUM,WEAK_RULE_V3_ENTITY_TIERED,WEAK_RULE_V3; tier=HIGH_PRECISION; entity=TITLE_TICKER|BODY_COMPANY|BODY_TICKER|TARGET_CONTEXT; score=17; event=OTHER; symbol=VRE,TITLE_TICKER|BODY_COMPANY|BODY_TICKER|TARGET_CONTEXT,TITLE_TICKER_WITH_TARGET_CONTEXT,HIGH_PRECISION,FALLBACK_QUARANTINE,FALLBACK_NO_EVENT_DETECTED,80,MEDIUM,NOT_INDEPENDENTLY_VALIDATED,False
06ee3d86d7f9a90d09e4,5e788dae8ae14fc0fcec538bb0a03675,MSN,Công ty Cổ phần Tập đoàn Masan,2022-01-08,Vietstock,https://vietstock.vn/2022/01/masan-huong-den-20000-cua-hang-winmart-nhuong-quyen-737-923211.htm,"Masan hướng đến 20,000 cửa hàng WinMart+ nhượng quyền",OTHER,OTHER,NEUTRAL,LOW,STOCK_SPECIFIC,MEDIUM,WEAK_RULE_V3_ENTITY_TIERED,WEAK_RULE_V3; tier=HIGH_PRECISION; entity=TITLE_COMPANY|BODY_COMPANY|BODY_TICKER|TARGET_CONTEXT; score=17; event=OTHER; symbol=MSN,TITLE_COMPANY|BODY_COMPANY|BODY_TICKER|TARGET_CONTEXT,TITLE_ENTITY_WITH_TARGET_CONTEXT,HIGH_PRECISION,FALLBACK_QUARANTINE,FALLBACK_NO_EVENT_DETECTED,80,MEDIUM,NOT_INDEPENDENTLY_VALIDATED,False
99d935f9ccbdbbcaaec9,1b4c0ce883a9bb285aaaa5cfaef4214b,CTG,Ngân hàng TMCP Công Thương Việt Nam,2022-01-10,Vietstock,https://vietstock.vn/2022/01/vietinbank-securities-thong-qua-phuong-an-tra-co-tuc-co-phieu-ty-le-8-738-923467.htm,VietinBank Securities thông qua phương án trả cổ tức cổ phiếu tỷ lệ 8%,CORPORATE_ACTION,DIVIDEND,POSITIVE,MODERATE,STOCK_SPECIFIC,HIGH,WEAK_RULE_V3_ENTITY_TIERED,WEAK_RULE_V3; tier=HIGH_PRECISION; entity=TITLE_ALIAS|BODY_COMPANY; score=11; event=DIVIDEND; symbol=CTG,TITLE_ALIAS|BODY_COMPANY,TITLE_ENTITY_MENTION,HIGH_PRECISION,INFORMATIVE_CANDIDATE,EXPERIMENTAL_INFORMATIVE_UNVALIDATED,100,HIGH,NOT_INDEPENDENTLY_VALIDATED,True
ef0726741461e2c91cae,7432887098f025d0f72eec76194aa79b,SSI,Công ty Cổ phần Chứng khoán SSI,2022-01-10,CafeF,https://cafef.vn/ssi-research-khuyen-chot-loi-khi-vn-index-len-1580-diem-trong-thang-1-diem-ten-10-ma-co-phieu-dang-xuong-tien-20220108182045277.chn,"SSI Research khuyên chốt lời khi VN-Index lên 1.580 điểm trong tháng 1, điểm tên 10 mã cổ phiếu đáng ""xuống tiền""",MACRO_POLICY,MACRO_POLICY,NEUTRAL,MODERATE,MARKET,HIGH,WEAK_RULE_V3_ENTITY_TIERED,WEAK_RULE_V3; tier=HIGH_PRECISION; entity=TITLE_TICKER|BODY_COMPANY|BODY_TICKER|TARGET_CONTEXT; score=17; event=MACRO_POLICY; symbol=SSI,TITLE_TICKER|BODY_COMPANY|BODY_TICKER|TARGET_CONTEXT,TITLE_TICKER_WITH_TARGET_CONTEXT,HIGH_PRECISION,INFORMATIVE_CANDIDATE,EXPERIMENTAL_INFORMATIVE_UNVALIDATED,100,CRITICAL,NOT_INDEPENDENTLY_VALIDATED,True
cd0b6c5ccd1580f0bbe4,743c64aade430e64207cea60d0ebe759,DCM,Công ty Cổ phần Phân bón Dầu khí Cà Mau,2022-01-10,CafeF,https://cafef.vn/uoc-lai-ky-luc-nam-2021-dam-ca-mau-dcm-dat-ke-hoach-loi-nhuan-nam-2022-sut-giam-72-20220110100452443.chn,"Ước lãi kỷ lục năm 2021, Đạm Cà Mau (DCM) đặt kế hoạch lợi nhuận năm 2022 sụt giảm 72%",OTHER,OTHER,NEUTRAL,LOW,STOCK_SPECIFIC,MEDIUM,WEAK_RULE_V3_ENTITY_TIERED,WEAK_RULE_V3; tier=HIGH_PRECISION; entity=TITLE_TICKER|TITLE_ALIAS|BODY_ALIAS|BODY_TICKER|TARGET_CONTEXT; score=24; event=OTHER; symbol=DCM,TITLE_TICKER|TITLE_ALIAS|BODY_ALIAS|BODY_TICKER|TARGET_CONTEXT,TITLE_TICKER_WITH_TARGET_CONTEXT,HIGH_PRECISION,FALLBACK_QUARANTINE,FALLBACK_NO_EVENT_DETECTED,80,MEDIUM,NOT_INDEPENDENTLY_VALIDATED,False
a6d29761609d76047f23,953b762c351c13418b4abb9a9ce2f9d9,HPG,Công ty Cổ phần Tập đoàn Hòa Phát,2022-01-10,CafeF,https://cafef.vn/hoa-phat-ban-88-trieu-tan-thep-nam-2021-thang-ky-luc-ban-hon-1-trieu-tan-20220110093736193.chn,"Hoà Phát bán 8,8 triệu tấn thép năm 2021, tháng kỷ lục bán hơn 1 triệu tấn",OTHER,OTHER,NEUTRAL,LOW,STOCK_SPECIFIC,MEDIUM,WEAK_RULE_V3_ENTITY_TIERED,WEAK_RULE_V3; tier=HIGH_PRECISION; entity=TITLE_COMPANY|BODY_COMPANY|BODY_TICKER|TARGET_CONTEXT; score=17; event=OTHER; symbol=HPG,TITLE_COMPANY|BODY_COMPANY|BODY_TICKER|TARGET_CONTEXT,TITLE_ENTITY_WITH_TARGET_CONTEXT,HIGH_PRECISION,FALLBACK_QUARANTINE,FALLBACK_NO_EVENT_DETECTED,80,MEDIUM,NOT_INDEPENDENTLY_VALIDATED,False
450604fff9a98584edcf,cf1c08895270e32136a8049052ef94d8,HAH,Công ty Cổ phần Vận tải và Xếp dỡ Hải An,2022-01-10,Vietstock,https://vietstock.vn/2022/01/tiem-nang-nao-o-hah-hsg-va-mch-145-923357.htm,"Tiềm năng nào ở HAH, HSG và MCH?",BUSINESS_RESULT,PROJECT_EXPANSION,POSITIVE,MODERATE,STOCK_SPECIFIC,HIGH,WEAK_RULE_V3_ENTITY_TIERED,WEAK_RULE_V3; tier=HIGH_PRECISION; entity=TITLE_TICKER|BODY_ALIAS|BODY_TICKER|TARGET_CONTEXT; score=17; event=PROJECT_EXPANSION; symbol=HAH,TITLE_TICKER|BODY_ALIAS|BODY_TICKER|TARGET_CONTEXT,TITLE_TICKER_WITH_TARGET_CONTEXT,HIGH_PRECISION,INFORMATIVE_CANDIDATE,EXPERIMENTAL_INFORMATIVE_UNVALIDATED,100,HIGH,NOT_INDEPENDENTLY_VALIDATED,True
b1bc8340dd1b19fae428,cf1c08895270e32136a8049052ef94d8,HSG,Công ty Cổ phần Tập đoàn Hoa Sen,2022-01-10,Vietstock,https://vietstock.vn/2022/01/tiem-nang-nao-o-hah-hsg-va-mch-145-923357.htm,"Tiềm năng nào ở HAH, HSG và MCH?",BUSINESS_RESULT,PROJECT_EXPANSION,POSITIVE,MODERATE,STOCK_SPECIFIC,HIGH,WEAK_RULE_V3_ENTITY_TIERED,WEAK_RULE_V3; tier=HIGH_PRECISION; entity=TITLE_TICKER|BODY_TICKER|TARGET_CONTEXT; score=13; event=PROJECT_EXPANSION; symbol=HSG,TITLE_TICKER|BODY_TICKER|TARGET_CONTEXT,TITLE_TICKER_WITH_TARGET_CONTEXT,HIGH_PRECISION,INFORMATIVE_CANDIDATE,EXPERIMENTAL_INFORMATIVE_UNVALIDATED,100,HIGH,NOT_INDEPENDENTLY_VALIDATED,True
e4b3923183251ede23a1,4e89103eaf8e81b0388e14e9ea97660a,MWG,Công ty Cổ phần Đầu tư Thế Giới Di Động,2022-01-14,CafeF,https://cafef.vn/quy-ngoai-3-ty-usd-tiep-tuc-chi-gan-180-ty-gom-them-co-phieu-the-gioi-di-dong-mwg-20220114144124945.chn,Quỹ ngoại 3 tỷ USD tiếp tục chi gần 180 tỷ gom thêm cổ phiếu Thế Giới Di Động (MWG),OTHER,OTHER,NEUTRAL,LOW,STOCK_SPECIFIC,MEDIUM,WEAK_RULE_V3_ENTITY_TIERED,WEAK_RULE_V3; tier=HIGH_PRECISION; entity=TITLE_TICKER|TITLE_ALIAS|BODY_ALIAS|BODY_TICKER|TARGET_CONTEXT; score=24; event=OTHER; symbol=MWG,TITLE_TICKER|TITLE_ALIAS|BODY_ALIAS|BODY_TICKER|TARGET_CONTEXT,TITLE_TICKER_WITH_TARGET_CONTEXT,HIGH_PRECISION,FALLBACK_QUARANTINE,FALLBACK_NO_EVENT_DETECTED,80,MEDIUM,NOT_INDEPENDENTLY_VALIDATED,False
2e67786083acb90cea2b,7a09ae19d33b0bdabb1d28a3bde652d5,MWG,Công ty Cổ phần Đầu tư Thế Giới Di Động,2022-01-15,VietnamBiz,https://vietnambiz.vn/quy-ngoai-quy-mo-4-ty-usd-vua-mua-13-trieu-co-phieu-mwg-20220114213709516.htm,"Quỹ ngoại quy mô 4 tỷ USD vừa mua 1,3 triệu cổ phiếu MWG",OTHER,OTHER,NEUTRAL,LOW,STOCK_SPECIFIC,MEDIUM,WEAK_RULE_V3_ENTITY_TIERED,WEAK_RULE_V3; tier=HIGH_PRECISION; entity=TITLE_TICKER|BODY_ALIAS|BODY_TICKER|TARGET_CONTEXT; score=17; event=OTHER; symbol=MWG,TITLE_TICKER|BODY_ALIAS|BODY_TICKER|TARGET_CONTEXT,TITLE_TICKER_WITH_TARGET_CONTEXT,HIGH_PRECISION,FALLBACK_QUARANTINE,FALLBACK_NO_EVENT_DETECTED,80,MEDIUM,NOT_INDEPENDENTLY_VALIDATED,False
053e4c25e3a53ece69ee,4a70671df7c46fe5b6e329733212a17f,STB,Ngân hàng TMCP Sài Gòn Thương Tín,2022-01-17,VietnamBiz,https://vietnambiz.vn/khoi-ngoai-va-tu-doanh-tranh-thu-gom-co-phieu-ngan-hang-phien-hoang-loan-tam-diem-stb-20220117161606962.htm,"Khối ngoại và tự doanh tranh thủ gom cổ phiếu ngân hàng phiên hoảng loạn, tâm điểm STB",SECTOR_NEWS,SECTOR_NEWS,NEUTRAL,MODERATE,SECTOR,HIGH,WEAK_RULE_V3_ENTITY_TIERED,WEAK_RULE_V3; tier=HIGH_PRECISION; entity=TITLE_TICKER|BODY_TICKER|TARGET_CONTEXT; score=13; event=SECTOR_NEWS; symbol=STB,TITLE_TICKER|BODY_TICKER|TARGET_CONTEXT,TITLE_TICKER_WITH_TARGET_CONTEXT,HIGH_PRECISION,INFORMATIVE_CANDIDATE,EXPERIMENTAL_INFORMATIVE_UNVALIDATED,100,CRITICAL,NOT_INDEPENDENTLY_VALIDATED,True
8ddf5bd8d366ffd7e82d,cd757335c751b0a37aa374450a9bf801,VPB,Ngân hàng TMCP Việt Nam Thịnh Vượng,2022-01-17,Tin Nhanh Chứng Khoán,https://www.tinnhanhchungkhoan.vn/vpbank-nhan-giai-thuong-best-ir-bank-vietnam-2021-post289555.html,VPBank nhận giải thưởng Best IR Bank Vietnam 2021,OTHER,OTHER,NEUTRAL,LOW,STOCK_SPECIFIC,MEDIUM,WEAK_RULE_V3_ENTITY_TIERED,WEAK_RULE_V3; tier=HIGH_PRECISION; entity=TITLE_ALIAS|BODY_COMPANY|BODY_TICKER|TARGET_CONTEXT; score=17; event=OTHER; symbol=VPB,TITLE_ALIAS|BODY_COMPANY|BODY_TICKER|TARGET_CONTEXT,TITLE_ENTITY_WITH_TARGET_CONTEXT,HIGH_PRECISION,FALLBACK_QUARANTINE,FALLBACK_NO_EVENT_DETECTED,80,MEDIUM,NOT_INDEPENDENTLY_VALIDATED,False
2a34d7156a1150e111f4,894f00bb5a1938f7b9071cccff76f28e,SSI,Công ty Cổ phần Chứng khoán SSI,2022-01-19,CafeF,https://cafef.vn/chung-khoan-ssi-lai-sau-thue-cong-ty-me-tang-gap-26-lan-trong-quy-4-2021-du-no-margin-dat-ky-luc-gan-23000-ty-dong-20220119231853791.chn,"Chứng khoán SSI: Lãi sau thuế công ty mẹ tăng gấp 2,6 lần trong quý 4/2021, dư nợ margin đạt kỷ lục gần 23.000 tỷ đồng",OTHER,OTHER,NEUTRAL,LOW,STOCK_SPECIFIC,MEDIUM,WEAK_RULE_V3_ENTITY_TIERED,WEAK_RULE_V3; tier=HIGH_PRECISION; entity=TITLE_TICKER|TITLE_COMPANY|BODY_COMPANY|BODY_TICKER|TARGET_CONTEXT; score=24; event=OTHER; symbol=SSI,TITLE_TICKER|TITLE_COMPANY|BODY_COMPANY|BODY_TICKER|TARGET_CONTEXT,TITLE_TICKER_WITH_TARGET_CONTEXT,HIGH_PRECISION,FALLBACK_QUARANTINE,FALLBACK_NO_EVENT_DETECTED,80,MEDIUM,NOT_INDEPENDENTLY_VALIDATED,False
4eac2085591e030cd82b,05c516f53b38ab6447029d85fe781c16,HCM,Công ty Cổ phần Chứng khoán Thành phố Hồ Chí Minh,2022-01-20,CafeF,https://cafef.vn/du-bao-vn-index-cham-moc-1800-diem-giam-doc-tu-van-chung-khoan-hsc-chi-ten-2-co-phieu-tiem-nang-dang-xuong-tien-trong-nam-2022-20220119210357768.chn,"Dự báo VN-Index chạm mốc 1.800 điểm, Giám đốc Tư vấn Chứng khoán HSC chỉ tên 2 cổ phiếu tiềm năng đáng ""xuống tiền"" trong năm 2022",MACRO_POLICY,MACRO_POLICY,NEUTRAL,MODERATE,MARKET,HIGH,WEAK_RULE_V3_ENTITY_TIERED,WEAK_RULE_V3; tier=HIGH_PRECISION; entity=TITLE_ALIAS|BODY_ALIAS; score=11; event=MACRO_POLICY; symbol=HCM,TITLE_ALIAS|BODY_ALIAS,TITLE_ENTITY_MENTION,HIGH_PRECISION,INFORMATIVE_CANDIDATE,EXPERIMENTAL_INFORMATIVE_UNVALIDATED,100,CRITICAL,NOT_INDEPENDENTLY_VALIDATED,True
503bbaa8506f2d817e85,23e61353e367feb0bfb4858ae53687cb,SSI,Công ty Cổ phần Chứng khoán SSI,2022-01-20,CafeF,https://cafef.vn/soi-ma-than-tai-tua-game-thu-vi-cung-nha-dau-tu-ssi-don-nam-moi-20220119221445119.chn,“Soi mã thần tài” – Tựa game thú vị cùng nhà đầu tư SSI đón năm mới,OTHER,OTHER,NEUTRAL,LOW,STOCK_SPECIFIC,MEDIUM,WEAK_RULE_V3_ENTITY_TIERED,WEAK_RULE_V3; tier=HIGH_PRECISION; entity=TITLE_TICKER|BODY_COMPANY|BODY_TICKER|TARGET_CONTEXT; score=17; event=OTHER; symbol=SSI,TITLE_TICKER|BODY_COMPANY|BODY_TICKER|TARGET_CONTEXT,TITLE_TICKER_WITH_TARGET_CONTEXT,HIGH_PRECISION,FALLBACK_QUARANTINE,FALLBACK_NO_EVENT_DETECTED,80,MEDIUM,NOT_INDEPENDENTLY_VALIDATED,False
27a5b51331083649765a,a8e5a0d1b909f12266a8181902e43299,HCM,Công ty Cổ phần Chứng khoán Thành phố Hồ Chí Minh,2022-01-20,CafeF,https://cafef.vn/giam-doc-tu-van-chung-khoan-hsc-noi-khong-voi-bat-day-va-luon-tuan-thu-mot-cong-thuc-kinh-dien-de-kiem-loi-trong-chung-khoan-20220120104540592.chn,"Giám đốc Tư vấn Chứng khoán HSC: Nói không với ""bắt đáy"" và luôn tuân thủ một ""công thức kinh điển"" để kiếm lời trong chứng khoán",LEGAL_REGULATORY,LEGAL_RISK,NEGATIVE,HIGH,STOCK_SPECIFIC,HIGH,WEAK_RULE_V3_ENTITY_TIERED,WEAK_RULE_V3; tier=HIGH_PRECISION; entity=TITLE_ALIAS|BODY_ALIAS; score=11; event=LEGAL_RISK; symbol=HCM,TITLE_ALIAS|BODY_ALIAS,TITLE_ENTITY_MENTION,HIGH_PRECISION,INFORMATIVE_CANDIDATE,EXPERIMENTAL_INFORMATIVE_UNVALIDATED,100,CRITICAL,NOT_INDEPENDENTLY_VALIDATED,True
515729ad1ead8d96cc85,052cc9b2051b1fd0b584f2a704dc8676,SHS,Công ty Cổ phần Chứng khoán Sài Gòn - Hà Nội,2022-01-28,VietnamBiz,https://vietnambiz.vn/chung-khoan-shs-thong-qua-ke-hoach-tang-von-len-hon-6500-ty-dong-du-kien-tra-co-tuc-50-nam-2021-20220128133829729.htm,"Chứng khoán SHS thông qua kế hoạch tăng vốn lên hơn 6.500 tỷ đồng, dự kiến trả cổ tức 50% năm 2021",CORPORATE_ACTION,DIVIDEND,POSITIVE,MODERATE,STOCK_SPECIFIC,HIGH,WEAK_RULE_V3_ENTITY_TIERED,WEAK_RULE_V3; tier=HIGH_PRECISION; entity=TITLE_TICKER|BODY_ALIAS|BODY_TICKER|TARGET_CONTEXT; score=17; event=DIVIDEND; symbol=SHS,TITLE_TICKER|BODY_ALIAS|BODY_TICKER|TARGET_CONTEXT,TITLE_TICKER_WITH_TARGET_CONTEXT,HIGH_PRECISION,INFORMATIVE_CANDIDATE,EXPERIMENTAL_INFORMATIVE_UNVALIDATED,100,HIGH,NOT_INDEPENDENTLY_VALIDATED,True
01292071ae0f4fc57beb,94436af64b32123d5b705301939a2584,VPB,Ngân hàng TMCP Việt Nam Thịnh Vượng,2022-01-28,VietnamBiz,https://vietnambiz.vn/loat-co-phieu-ngan-hang-lap-dinh-khi-kqkd-khoi-sac-vpb-dan-dau-thanh-khoan-toan-nganh-20220128172201902.htm,"Loạt cổ phiếu ngân hàng lập đỉnh khi KQKD khởi sắc, VPB dẫn đầu thanh khoản toàn ngành",SECTOR_NEWS,SECTOR_NEWS,NEUTRAL,MODERATE,SECTOR,HIGH,WEAK_RULE_V3_ENTITY_TIERED,WEAK_RULE_V3; tier=HIGH_PRECISION; entity=TITLE_TICKER|BODY_TICKER|TARGET_CONTEXT; score=13; event=SECTOR_NEWS; symbol=VPB,TITLE_TICKER|BODY_TICKER|TARGET_CONTEXT,TITLE_TICKER_WITH_TARGET_CONTEXT,HIGH_PRECISION,INFORMATIVE_CANDIDATE,EXPERIMENTAL_INFORMATIVE_UNVALIDATED,100,CRITICAL,NOT_INDEPENDENTLY_VALIDATED,True
9e28be4aaa2c2dd0cc2b,d4d32a1506f4a192da096af10464926a,MSN,Công ty Cổ phần Tập đoàn Masan,2022-01-28,CafeF,https://cafef.vn/masan-consumer-mch-lai-hon-5500-ty-dong-sau-thue-nam-2021-co-hon-13000-ty-dong-di-gui-ngan-hang-20220128110327173.chn,"Masan Consumer (MCH) lãi hơn 5.500 tỷ đồng sau thuế năm 2021, có hơn 13.000 tỷ đồng đi gửi ngân hàng",BUSINESS_RESULT,PROFIT_GROWTH,POSITIVE,HIGH,STOCK_SPECIFIC,HIGH,WEAK_RULE_V3_ENTITY_TIERED,WEAK_RULE_V3; tier=HIGH_PRECISION; entity=TITLE_COMPANY|BODY_COMPANY; score=11; event=PROFIT_GROWTH; symbol=MSN,TITLE_COMPANY|BODY_COMPANY,TITLE_ENTITY_MENTION,HIGH_PRECISION,INFORMATIVE_CANDIDATE,EXPERIMENTAL_INFORMATIVE_UNVALIDATED,100,HIGH,NOT_INDEPENDENTLY_VALIDATED,True
7756741abf7c9e9cfca5,2d83f8818509fef3f55d84ea549bda8f,HAH,Công ty Cổ phần Vận tải và Xếp dỡ Hải An,2022-02-03,CafeF,https://cafef.vn/van-tai-bien-khoi-sac-hai-an-hah-lai-rong-ky-luc-203-ty-dong-trong-quy-4-gap-4-lan-cung-ky-20220131094302783.chn,"Vận tải biển khởi sắc, Hải An (HAH) lãi ròng kỷ lục 203 tỷ đồng trong quý 4, gấp 4 lần cùng kỳ",OTHER,OTHER,NEUTRAL,LOW,STOCK_SPECIFIC,MEDIUM,WEAK_RULE_V3_ENTITY_TIERED,WEAK_RULE_V3; tier=HIGH_PRECISION; entity=TITLE_TICKER|TITLE_ALIAS|BODY_ALIAS|BODY_TICKER|TARGET_CONTEXT; score=24; event=OTHER; symbol=HAH,TITLE_TICKER|TITLE_ALIAS|BODY_ALIAS|BODY_TICKER|TARGET_CONTEXT,TITLE_TICKER_WITH_TARGET_CONTEXT,HIGH_PRECISION,FALLBACK_QUARANTINE,FALLBACK_NO_EVENT_DETECTED,80,MEDIUM,NOT_INDEPENDENTLY_VALIDATED,False
2c9c09b3e11dd7efe7a1,5f8a25fa0d256ac5ab596c3498ed186d,MSN,Công ty Cổ phần Tập đoàn Masan,2022-02-03,CafeF,https://cafef.vn/nhu-cau-vonfram-vuot-ky-vong-masan-high-tech-materials-msr-bao-lai-nam-2021-cao-gap-5-lan-nam-truoc-20220203164921009.chn,"Nhu cầu Vonfram vượt kỳ vọng, Masan High-Tech Materials (MSR) báo lãi năm 2021 cao gấp 5 lần năm trước",BUSINESS_RESULT,PROFIT_GROWTH,POSITIVE,HIGH,STOCK_SPECIFIC,HIGH,WEAK_RULE_V3_ENTITY_TIERED,WEAK_RULE_V3; tier=HIGH_PRECISION; entity=TITLE_COMPANY|BODY_COMPANY; score=11; event=PROFIT_GROWTH; symbol=MSN,TITLE_COMPANY|BODY_COMPANY,TITLE_ENTITY_MENTION,HIGH_PRECISION,INFORMATIVE_CANDIDATE,EXPERIMENTAL_INFORMATIVE_UNVALIDATED,100,HIGH,NOT_INDEPENDENTLY_VALIDATED,True
983cd2d7378961306122,7cb4073f74606e6cf8ee9a2080c16bed,CTR,Tổng Công ty Cổ phần Công trình Viettel,2022-02-05,CafeF,https://cafef.vn/truoc-them-chuyen-san-viettel-construction-ctr-lai-rong-ky-luc-375-ty-dong-trong-nam-2021-vuot-36-ke-hoach-de-ra-20220203111943382.chn,"Trước thềm chuyển sàn, Viettel Construction (CTR) lãi ròng kỷ lục 375 tỷ đồng trong năm 2021, vượt 36% kế hoạch đề ra",OTHER,OTHER,NEUTRAL,LOW,STOCK_SPECIFIC,MEDIUM,WEAK_RULE_V3_ENTITY_TIERED,WEAK_RULE_V3; tier=HIGH_PRECISION; entity=TITLE_TICKER|TITLE_ALIAS|BODY_ALIAS|BODY_TICKER|TARGET_CONTEXT; score=24; event=OTHER; symbol=CTR,TITLE_TICKER|TITLE_ALIAS|BODY_ALIAS|BODY_TICKER|TARGET_CONTEXT,TITLE_TICKER_WITH_TARGET_CONTEXT,HIGH_PRECISION,FALLBACK_QUARANTINE,FALLBACK_NO_EVENT_DETECTED,80,MEDIUM,NOT_INDEPENDENTLY_VALIDATED,False
5d5bd8533ffc0975c9d2,cba7f5192fefedb443cdeb48255acfc8,VNM,Công ty Cổ phần Sữa Việt Nam,2022-02-05,CafeF,https://cafef.vn/khi-vinamilk-di-ngang-suot-5-nam-sua-quoc-te-lot-xac-day-kho-hieu-tu-thua-lo-trien-mien-den-lai-ca-nghin-ty-dung-top-dau-nganh-20220131085735415.chn,"Khi Vinamilk đi ngang suốt 5 năm, Sữa Quốc tế lột xác đầy khó hiểu: từ thua lỗ triền miên đến lãi cả nghìn tỷ, đứng top đầu ngành",BUSINESS_RESULT,PROFIT_GROWTH,POSITIVE,HIGH,STOCK_SPECIFIC,HIGH,WEAK_RULE_V3_ENTITY_TIERED,WEAK_RULE_V3; tier=HIGH_PRECISION; entity=TITLE_ALIAS|BODY_ALIAS; score=11; event=PROFIT_GROWTH; symbol=VNM,TITLE_ALIAS|BODY_ALIAS,TITLE_ENTITY_MENTION,HIGH_PRECISION,INFORMATIVE_CANDIDATE,EXPERIMENTAL_INFORMATIVE_UNVALIDATED,100,HIGH,NOT_INDEPENDENTLY_VALIDATED,True
96ae4c3a7647552c733b,084db5710093410d29814a89c3cd061b,HPG,Công ty Cổ phần Tập đoàn Hòa Phát,2022-02-08,CafeF,https://cafef.vn/co-phieu-ngan-hang-hang-khong-but-pha-vn-index-rung-lac-manh-truoc-nguong-can-1500-diem-2022020810030869.chn,"“Anh cả” ngành thép HPG lập công, VN-Index giành lại mốc 1.500 điểm",SECTOR_NEWS,SECTOR_NEWS,NEUTRAL,MODERATE,SECTOR,HIGH,WEAK_RULE_V3_ENTITY_TIERED,WEAK_RULE_V3; tier=HIGH_PRECISION; entity=TITLE_TICKER|BODY_TICKER|TARGET_CONTEXT; score=13; event=SECTOR_NEWS; symbol=HPG,TITLE_TICKER|BODY_TICKER|TARGET_CONTEXT,TITLE_TICKER_WITH_TARGET_CONTEXT,HIGH_PRECISION,INFORMATIVE_CANDIDATE,EXPERIMENTAL_INFORMATIVE_UNVALIDATED,100,CRITICAL,NOT_INDEPENDENTLY_VALIDATED,True
c2d6d51e2e34899121f3,2f4525beb4d005d4cca80c676925b10e,VIX,Công ty Cổ phần Chứng khoán VIX,2022-02-15,VietnamBiz,https://vietnambiz.vn/chung-khoan-vix-chot-quyen-chao-ban-hon-274-trieu-co-phieu-voi-gia-15000-dong-cp-20220215085607537.htm,Chứng khoán VIX chốt quyền chào bán hơn 274 triệu cổ phiếu với giá 15.000 đồng/cp,CORPORATE_ACTION,DIVIDEND,POSITIVE,MODERATE,STOCK_SPECIFIC,HIGH,WEAK_RULE_V3_ENTITY_TIERED,WEAK_RULE_V3; tier=HIGH_PRECISION; entity=TITLE_TICKER|TITLE_COMPANY|BODY_COMPANY|BODY_TICKER|TARGET_CONTEXT; score=24; event=DIVIDEND; symbol=VIX,TITLE_TICKER|TITLE_COMPANY|BODY_COMPANY|BODY_TICKER|TARGET_CONTEXT,TITLE_TICKER_WITH_TARGET_CONTEXT,HIGH_PRECISION,INFORMATIVE_CANDIDATE,EXPERIMENTAL_INFORMATIVE_UNVALIDATED,100,HIGH,NOT_INDEPENDENTLY_VALIDATED,True
a5d2a4896a582e2cafde,65da0e8da7c80eb37788c1b5858e6e2d,HPG,Công ty Cổ phần Tập đoàn Hòa Phát,2022-02-15,VietnamBiz,https://vietnambiz.vn/lanh-dao-hoa-phat-dang-ky-ban-1-trieu-co-phieu-hpg-du-thu-46-ty-dong-20220215153554528.htm,Lãnh đạo Hòa Phát đăng ký bán 1 triệu cổ phiếu HPG,OTHER,OTHER,NEUTRAL,LOW,STOCK_SPECIFIC,MEDIUM,WEAK_RULE_V3_ENTITY_TIERED,WEAK_RULE_V3; tier=HIGH_PRECISION; entity=TITLE_TICKER|TITLE_COMPANY|BODY_COMPANY|BODY_TICKER|TARGET_CONTEXT; score=24; event=OTHER; symbol=HPG,TITLE_TICKER|TITLE_COMPANY|BODY_COMPANY|BODY_TICKER|TARGET_CONTEXT,TITLE_TICKER_WITH_TARGET_CONTEXT,HIGH_PRECISION,FALLBACK_QUARANTINE,FALLBACK_NO_EVENT_DETECTED,80,MEDIUM,NOT_INDEPENDENTLY_VALIDATED,False
dc4a8ceb04d05d7801a3,6e7f8feadbfd8e372f35467f893c5af2,VIC,Tập đoàn Vingroup,2022-02-15,VietnamBiz,https://vietnambiz.vn/to-chuc-nao-co-nhieu-co-phieu-vic-de-ban-nhu-vay-20220215083515824.htm,Tổ chức nào có nhiều cổ phiếu VIC để bán như vậy?,CORPORATE_ACTION,DIVIDEND,POSITIVE,MODERATE,STOCK_SPECIFIC,HIGH,WEAK_RULE_V3_ENTITY_TIERED,WEAK_RULE_V3; tier=HIGH_PRECISION; entity=TITLE_TICKER|BODY_COMPANY|BODY_TICKER|TARGET_CONTEXT; score=17; event=DIVIDEND; symbol=VIC,TITLE_TICKER|BODY_COMPANY|BODY_TICKER|TARGET_CONTEXT,TITLE_TICKER_WITH_TARGET_CONTEXT,HIGH_PRECISION,INFORMATIVE_CANDIDATE,EXPERIMENTAL_INFORMATIVE_UNVALIDATED,100,HIGH,NOT_INDEPENDENTLY_VALIDATED,True
71926218a3f1c414bc88,a6bd8c52206252b69cbfff8c938c286a,MSN,Công ty Cổ phần Tập đoàn Masan,2022-02-15,VietnamBiz,https://vietnambiz.vn/phien-15-2-khoi-ngoai-quay-dau-mua-rong-khop-lenh-hon-1000-ty-dong-tren-hose-tam-diem-stb-msn-20220215161029067.htm,"Phiên 15/2: Khối ngoại quay đầu mua ròng khớp lệnh hơn 1.000 tỷ đồng trên HOSE, tâm điểm STB, MSN",OTHER,OTHER,NEUTRAL,LOW,STOCK_SPECIFIC,MEDIUM,WEAK_RULE_V3_ENTITY_TIERED,WEAK_RULE_V3; tier=HIGH_PRECISION; entity=TITLE_TICKER|BODY_COMPANY|BODY_TICKER|TARGET_CONTEXT; score=17; event=OTHER; symbol=MSN,TITLE_TICKER|BODY_COMPANY|BODY_TICKER|TARGET_CONTEXT,TITLE_TICKER_WITH_TARGET_CONTEXT,HIGH_PRECISION,FALLBACK_QUARANTINE,FALLBACK_NO_EVENT_DETECTED,80,MEDIUM,NOT_INDEPENDENTLY_VALIDATED,False
e3267df5a21c81103d7e,a6bd8c52206252b69cbfff8c938c286a,STB,Ngân hàng TMCP Sài Gòn Thương Tín,2022-02-15,VietnamBiz,https://vietnambiz.vn/phien-15-2-khoi-ngoai-quay-dau-mua-rong-khop-lenh-hon-1000-ty-dong-tren-hose-tam-diem-stb-msn-20220215161029067.htm,"Phiên 15/2: Khối ngoại quay đầu mua ròng khớp lệnh hơn 1.000 tỷ đồng trên HOSE, tâm điểm STB, MSN",OTHER,OTHER,NEUTRAL,LOW,STOCK_SPECIFIC,MEDIUM,WEAK_RULE_V3_ENTITY_TIERED,WEAK_RULE_V3; tier=HIGH_PRECISION; entity=TITLE_TICKER|BODY_ALIAS|BODY_TICKER|TARGET_CONTEXT; score=17; event=OTHER; symbol=STB,TITLE_TICKER|BODY_ALIAS|BODY_TICKER|TARGET_CONTEXT,TITLE_TICKER_WITH_TARGET_CONTEXT,HIGH_PRECISION,FALLBACK_QUARANTINE,FALLBACK_NO_EVENT_DETECTED,80,MEDIUM,NOT_INDEPENDENTLY_VALIDATED,False
b98f0a675833103dbdf4,b1246710a062a3826e1ee5dbacc2667d,VPB,Ngân hàng TMCP Việt Nam Thịnh Vượng,2022-02-15,VietnamBiz,https://vietnambiz.vn/nhin-cach-vpbank-choi-lon-lan-tro-lai-mang-chung-khoan-de-thay-dai-gia-noi-thay-doi-cuc-dien-nganh-chong-vanh-the-nao-20220215204536804.htm,Nhìn cách VPBank 'chơi lớn' lần trở lại mảng chứng khoán để thấy đại gia nội thay đổi cục diện ngành chóng vánh thế nào,CORPORATE_ACTION,STOCK_ISSUANCE,NEUTRAL,MODERATE,STOCK_SPECIFIC,HIGH,WEAK_RULE_V3_ENTITY_TIERED,WEAK_RULE_V3; tier=HIGH_PRECISION; entity=TITLE_ALIAS|BODY_ALIAS; score=11; event=STOCK_ISSUANCE; symbol=VPB,TITLE_ALIAS|BODY_ALIAS,TITLE_ENTITY_MENTION,HIGH_PRECISION,INFORMATIVE_CANDIDATE,EXPERIMENTAL_INFORMATIVE_UNVALIDATED,100,HIGH,NOT_INDEPENDENTLY_VALIDATED,True
3cc024890fb220bb9715,be441186b019ec2123f24df1dc375829,MBB,Ngân hàng TMCP Quân Đội,2022-02-15,CafeF,https://cafef.vn/ree-nlg-mbb-bvb-sfg-tms-uni-lm3-thong-tin-giao-dich-luong-lon-co-phieu-202202142256251.chn,"REE, NLG, MBB, BVB, SFG, TMS, UNI, LM3: Thông tin giao dịch lượng lớn cổ phiếu",OTHER,OTHER,NEUTRAL,LOW,STOCK_SPECIFIC,MEDIUM,WEAK_RULE_V3_ENTITY_TIERED,WEAK_RULE_V3; tier=HIGH_PRECISION; entity=TITLE_TICKER|BODY_COMPANY|BODY_TICKER|TARGET_CONTEXT; score=17; event=OTHER; symbol=MBB,TITLE_TICKER|BODY_COMPANY|BODY_TICKER|TARGET_CONTEXT,TITLE_TICKER_WITH_TARGET_CONTEXT,HIGH_PRECISION,FALLBACK_QUARANTINE,FALLBACK_NO_EVENT_DETECTED,80,MEDIUM,NOT_INDEPENDENTLY_VALIDATED,False
6b30aad8ae5d14c6bab7,be441186b019ec2123f24df1dc375829,REE,Công ty Cổ phần Cơ Điện Lạnh,2022-02-15,CafeF,https://cafef.vn/ree-nlg-mbb-bvb-sfg-tms-uni-lm3-thong-tin-giao-dich-luong-lon-co-phieu-202202142256251.chn,"REE, NLG, MBB, BVB, SFG, TMS, UNI, LM3: Thông tin giao dịch lượng lớn cổ phiếu",OTHER,OTHER,NEUTRAL,LOW,STOCK_SPECIFIC,MEDIUM,WEAK_RULE_V3_ENTITY_TIERED,WEAK_RULE_V3; tier=HIGH_PRECISION; entity=TITLE_TICKER|BODY_COMPANY|BODY_TICKER|TARGET_CONTEXT; score=17; event=OTHER; symbol=REE,TITLE_TICKER|BODY_COMPANY|BODY_TICKER|TARGET_CONTEXT,TITLE_TICKER_WITH_TARGET_CONTEXT,HIGH_PRECISION,FALLBACK_QUARANTINE,FALLBACK_NO_EVENT_DETECTED,80,MEDIUM,NOT_INDEPENDENTLY_VALIDATED,False
80c08cb0fa23ef83b848,18ad943032f930be49625a19c5cb370a,VHC,Công ty Cổ phần Vĩnh Hoàn,2022-02-18,CafeF,https://cafef.vn/vinh-hoan-vhc-doanh-thu-xuat-khau-thang-1-tang-23-len-777-ty-dong-ky-vong-mot-nam-2022-tiep-da-tang-truong-20220218173908383.chn,"Vĩnh Hoàn (VHC): Doanh thu xuất khẩu tháng 1 tăng 23% lên 777 tỷ đồng, kỳ vọng một năm 2022 tiếp đà tăng trưởng",BUSINESS_RESULT,PROFIT_DECLINE,NEGATIVE,HIGH,STOCK_SPECIFIC,HIGH,WEAK_RULE_V3_ENTITY_TIERED,WEAK_RULE_V3; tier=HIGH_PRECISION; entity=TITLE_TICKER|TITLE_COMPANY|BODY_COMPANY|BODY_TICKER|TARGET_CONTEXT; score=24; event=PROFIT_DECLINE; symbol=VHC,TITLE_TICKER|TITLE_COMPANY|BODY_COMPANY|BODY_TICKER|TARGET_CONTEXT,TITLE_TICKER_WITH_TARGET_CONTEXT,HIGH_PRECISION,INFORMATIVE_CANDIDATE,EXPERIMENTAL_INFORMATIVE_UNVALIDATED,100,HIGH,NOT_INDEPENDENTLY_VALIDATED,True
289bc188e77eed66df11,5c5b6c74352c8c6f1983923f5879475d,MSN,Công ty Cổ phần Tập đoàn Masan,2022-02-18,CafeF,https://cafef.vn/phien-18-2-khoi-ngoai-mua-rong-tram-ty-tren-hose-tap-trung-gom-kbc-msn-20220218173206931.chn,"Phiên 18/2: Khối ngoại mua ròng trăm tỷ trên HoSE, tập trung ""gom"" KBC, MSN",OTHER,OTHER,NEUTRAL,LOW,STOCK_SPECIFIC,MEDIUM,WEAK_RULE_V3_ENTITY_TIERED,WEAK_RULE_V3; tier=HIGH_PRECISION; entity=TITLE_TICKER|BODY_TICKER|TARGET_CONTEXT; score=13; event=OTHER; symbol=MSN,TITLE_TICKER|BODY_TICKER|TARGET_CONTEXT,TITLE_TICKER_WITH_TARGET_CONTEXT,HIGH_PRECISION,FALLBACK_QUARANTINE,FALLBACK_NO_EVENT_DETECTED,80,MEDIUM,NOT_INDEPENDENTLY_VALIDATED,False
43d5f3340b0dd9b2886f,0f284588184f764e138572fb87e14f99,TCB,Ngân hàng TMCP Kỹ Thương Việt Nam,2022-02-19,CafeF,https://cafef.vn/vjc-tcb-htn-evg-pgt-lcg-fdc-tdm-sda-ds3-uni-thong-tin-giao-dich-luong-lon-co-phieu-20220218222011232.chn,"VJC, TCB, HTN, EVG, PGT, LCG, FDC, TDM, SDA, DS3, UNI: Thông tin giao dịch lượng lớn cổ phiếu",OTHER,OTHER,NEUTRAL,LOW,STOCK_SPECIFIC,MEDIUM,WEAK_RULE_V3_ENTITY_TIERED,WEAK_RULE_V3; tier=HIGH_PRECISION; entity=TITLE_TICKER|BODY_COMPANY|BODY_TICKER|TARGET_CONTEXT; score=17; event=OTHER; symbol=TCB,TITLE_TICKER|BODY_COMPANY|BODY_TICKER|TARGET_CONTEXT,TITLE_TICKER_WITH_TARGET_CONTEXT,HIGH_PRECISION,FALLBACK_QUARANTINE,FALLBACK_NO_EVENT_DETECTED,80,MEDIUM,NOT_INDEPENDENTLY_VALIDATED,False
ab7fecdf443c963ef19a,0f284588184f764e138572fb87e14f99,VJC,Công ty Cổ phần Hàng không Vietjet,2022-02-19,CafeF,https://cafef.vn/vjc-tcb-htn-evg-pgt-lcg-fdc-tdm-sda-ds3-uni-thong-tin-giao-dich-luong-lon-co-phieu-20220218222011232.chn,"VJC, TCB, HTN, EVG, PGT, LCG, FDC, TDM, SDA, DS3, UNI: Thông tin giao dịch lượng lớn cổ phiếu",OTHER,OTHER,NEUTRAL,LOW,STOCK_SPECIFIC,MEDIUM,WEAK_RULE_V3_ENTITY_TIERED,WEAK_RULE_V3; tier=HIGH_PRECISION; entity=TITLE_TICKER|BODY_COMPANY|BODY_TICKER|TARGET_CONTEXT; score=17; event=OTHER; symbol=VJC,TITLE_TICKER|BODY_COMPANY|BODY_TICKER|TARGET_CONTEXT,TITLE_TICKER_WITH_TARGET_CONTEXT,HIGH_PRECISION,FALLBACK_QUARANTINE,FALLBACK_NO_EVENT_DETECTED,80,MEDIUM,NOT_INDEPENDENTLY_VALIDATED,False
2b0af74cea2ae9c6c6fc,13267631aee7ab21a7cc45f9b5758773,MSN,Công ty Cổ phần Tập đoàn Masan,2022-02-19,CafeF,https://cafef.vn/doanh-thu-4-ty-usd-cua-masan-den-tu-nhung-dau-20220212160049492.chn,Doanh thu 4 tỷ USD của Masan đến từ những đâu?,OTHER,OTHER,NEUTRAL,LOW,STOCK_SPECIFIC,MEDIUM,WEAK_RULE_V3_ENTITY_TIERED,WEAK_RULE_V3; tier=HIGH_PRECISION; entity=TITLE_COMPANY|BODY_COMPANY; score=11; event=OTHER; symbol=MSN,TITLE_COMPANY|BODY_COMPANY,TITLE_ENTITY_MENTION,HIGH_PRECISION,FALLBACK_QUARANTINE,FALLBACK_NO_EVENT_DETECTED,80,MEDIUM,NOT_INDEPENDENTLY_VALIDATED,False
5d90ac5ed803d5dbc07a,91bc6613ff53569c18d406b15167b616,VND,Công ty Cổ phần Chứng khoán VNDIRECT,2022-02-23,CafeF,https://cafef.vn/review-etf-thang-3-ban-loat-co-phieu-lon-chi-ngan-ty-mua-vao-vnd-nlg-fts-dxg-szc-hut-20220223105259774.chn,"Review ETF tháng 3: Bán loạt cổ phiếu lớn chi ngàn tỷ mua vào VND, NLG, FTS, DXG, SZC, HUT",OTHER,OTHER,NEUTRAL,LOW,STOCK_SPECIFIC,MEDIUM,WEAK_RULE_V3_ENTITY_TIERED,WEAK_RULE_V3; tier=HIGH_PRECISION; entity=TITLE_TICKER|BODY_TICKER|TARGET_CONTEXT; score=13; event=OTHER; symbol=VND,TITLE_TICKER|BODY_TICKER|TARGET_CONTEXT,TITLE_TICKER_WITH_TARGET_CONTEXT,HIGH_PRECISION,FALLBACK_QUARANTINE,FALLBACK_NO_EVENT_DETECTED,80,MEDIUM,NOT_INDEPENDENTLY_VALIDATED,False
32a7bb99cc737f12ef05,fee946f57925209435a69731d50b05cd,MWG,Công ty Cổ phần Đầu tư Thế Giới Di Động,2022-02-23,CafeF,https://cafef.vn/the-gioi-di-dong-mwg-sap-chao-ban-esop-tri-gia-2669-ty-dong-20220223104612485.chn,"Bỏ ra chưa tới 200 tỷ, nhân viên Thế giới Di động (MWG) sắp nhận về lượng cổ phiếu trị giá tới gần 2.700 tỷ, ""lãi"" gấp 13 lần",BUSINESS_RESULT,PROFIT_GROWTH,POSITIVE,HIGH,STOCK_SPECIFIC,HIGH,WEAK_RULE_V3_ENTITY_TIERED,WEAK_RULE_V3; tier=HIGH_PRECISION; entity=TITLE_TICKER|TITLE_ALIAS|BODY_ALIAS|BODY_TICKER|TARGET_CONTEXT; score=24; event=PROFIT_GROWTH; symbol=MWG,TITLE_TICKER|TITLE_ALIAS|BODY_ALIAS|BODY_TICKER|TARGET_CONTEXT,TITLE_TICKER_WITH_TARGET_CONTEXT,HIGH_PRECISION,INFORMATIVE_CANDIDATE,EXPERIMENTAL_INFORMATIVE_UNVALIDATED,100,HIGH,NOT_INDEPENDENTLY_VALIDATED,True
0e974b7c1b9e13afaba7,68bd653dc20114a3cf696bc8497db2bf,VND,Công ty Cổ phần Chứng khoán VNDIRECT,2022-02-25,VietnamBiz,https://vietnambiz.vn/co-phieu-vnd-tang-manh-sau-tin-vndirect-duoc-chap-thuan-tang-von-len-hon-12000-ty-dong-20220225134920501.htm,Cổ phiếu VND tăng mạnh sau tin VNDirect được chấp thuận tăng vốn lên hơn 12.000 tỷ đồng,CORPORATE_ACTION,STOCK_ISSUANCE,NEUTRAL,MODERATE,STOCK_SPECIFIC,HIGH,WEAK_RULE_V3_ENTITY_TIERED,WEAK_RULE_V3; tier=HIGH_PRECISION; entity=TITLE_TICKER|TITLE_ALIAS|BODY_COMPANY|BODY_TICKER|TARGET_CONTEXT; score=24; event=STOCK_ISSUANCE; symbol=VND,TITLE_TICKER|TITLE_ALIAS|BODY_COMPANY|BODY_TICKER|TARGET_CONTEXT,TITLE_TICKER_WITH_TARGET_CONTEXT,HIGH_PRECISION,INFORMATIVE_CANDIDATE,EXPERIMENTAL_INFORMATIVE_UNVALIDATED,100,HIGH,NOT_INDEPENDENTLY_VALIDATED,True
3bd9afb4483c65832d86,c051ed326bbb0976a84b12896f8d267b,VND,Công ty Cổ phần Chứng khoán VNDIRECT,2022-02-25,VietnamBiz,https://vietnambiz.vn/phien-25-2-khoi-ngoai-chot-loi-tram-ty-dong-ma-vnd-sau-thong-tin-tang-von-20220225172859573.htm,Phiên 25/2: Khối ngoại chốt lời trăm tỷ đồng mã VND sau thông tin tăng vốn,CORPORATE_ACTION,STOCK_ISSUANCE,NEUTRAL,MODERATE,STOCK_SPECIFIC,HIGH,WEAK_RULE_V3_ENTITY_TIERED,WEAK_RULE_V3; tier=HIGH_PRECISION; entity=TITLE_TICKER|BODY_TICKER|TARGET_CONTEXT; score=13; event=STOCK_ISSUANCE; symbol=VND,TITLE_TICKER|BODY_TICKER|TARGET_CONTEXT,TITLE_TICKER_WITH_TARGET_CONTEXT,HIGH_PRECISION,INFORMATIVE_CANDIDATE,EXPERIMENTAL_INFORMATIVE_UNVALIDATED,100,HIGH,NOT_INDEPENDENTLY_VALIDATED,True
49ed5080497bf3d3ad46,d06718cf4f5fb16f75df4aee1cb047e1,SSI,Công ty Cổ phần Chứng khoán SSI,2022-02-25,VietnamBiz,https://vietnambiz.vn/ngoai-chu-tich-nguyen-duy-hung-nhung-ai-duoc-mua-co-phieu-esop-cua-ssi-20220225110212059.htm,"Ngoài Chủ tịch Nguyễn Duy Hưng, những ai được mua cổ phiếu ESOP của SSI?",OTHER,OTHER,NEUTRAL,LOW,STOCK_SPECIFIC,MEDIUM,WEAK_RULE_V3_ENTITY_TIERED,WEAK_RULE_V3; tier=HIGH_PRECISION; entity=TITLE_TICKER|BODY_COMPANY|BODY_TICKER|TARGET_CONTEXT; score=17; event=OTHER; symbol=SSI,TITLE_TICKER|BODY_COMPANY|BODY_TICKER|TARGET_CONTEXT,TITLE_TICKER_WITH_TARGET_CONTEXT,HIGH_PRECISION,FALLBACK_QUARANTINE,FALLBACK_NO_EVENT_DETECTED,80,MEDIUM,NOT_INDEPENDENTLY_VALIDATED,False
cc232e334cb3f6eee1c3,8b117e5dc9737933e25bc2755bdc0322,VPB,Ngân hàng TMCP Việt Nam Thịnh Vượng,2022-02-26,VietnamBiz,https://vietnambiz.vn/co-phieu-ngan-hang-tuan-qua-vpb-dan-dau-ca-ve-tang-gia-lan-thanh-khoan-8-to-chuc-chi-gan-2900-ty-mua-143-trieu-co-phieu-nam-a-bank-20220226155439977.htm,"Cổ phiếu ngân hàng tuần qua: VPB dẫn đầu cả về tăng giá lẫn thanh khoản, 8 tổ chức chi gần 2.900 tỷ mua 143 triệu cổ phiếu Nam A Bank",SECTOR_NEWS,SECTOR_NEWS,NEUTRAL,MODERATE,SECTOR,HIGH,WEAK_RULE_V3_ENTITY_TIERED,WEAK_RULE_V3; tier=HIGH_PRECISION; entity=TITLE_TICKER|BODY_TICKER|TARGET_CONTEXT; score=13; event=SECTOR_NEWS; symbol=VPB,TITLE_TICKER|BODY_TICKER|TARGET_CONTEXT,TITLE_TICKER_WITH_TARGET_CONTEXT,HIGH_PRECISION,INFORMATIVE_CANDIDATE,EXPERIMENTAL_INFORMATIVE_UNVALIDATED,100,CRITICAL,NOT_INDEPENDENTLY_VALIDATED,True
ca086458d616326f48bf,0e759a89febbf245d80271c93a99fb88,CTG,Ngân hàng TMCP Công Thương Việt Nam,2022-02-27,VietnamBiz,https://vietnambiz.vn/tuan-21-25-2-to-chuc-trong-nuoc-mua-rong-dot-bien-nhom-ngan-hang-tam-diem-vpb-mbb-ctg-20220227164516236.htm,"Tuần 21 - 25/2: Tổ chức trong nước mua ròng đột biến nhóm ngân hàng, tâm điểm VPB, MBB, CTG",SECTOR_NEWS,SECTOR_NEWS,NEUTRAL,MODERATE,SECTOR,HIGH,WEAK_RULE_V3_ENTITY_TIERED,WEAK_RULE_V3; tier=HIGH_PRECISION; entity=TITLE_TICKER|BODY_TICKER|TARGET_CONTEXT; score=13; event=SECTOR_NEWS; symbol=CTG,TITLE_TICKER|BODY_TICKER|TARGET_CONTEXT,TITLE_TICKER_WITH_TARGET_CONTEXT,HIGH_PRECISION,INFORMATIVE_CANDIDATE,EXPERIMENTAL_INFORMATIVE_UNVALIDATED,100,CRITICAL,NOT_INDEPENDENTLY_VALIDATED,True
993d132527ebd8ea356e,0e759a89febbf245d80271c93a99fb88,MBB,Ngân hàng TMCP Quân Đội,2022-02-27,VietnamBiz,https://vietnambiz.vn/tuan-21-25-2-to-chuc-trong-nuoc-mua-rong-dot-bien-nhom-ngan-hang-tam-diem-vpb-mbb-ctg-20220227164516236.htm,"Tuần 21 - 25/2: Tổ chức trong nước mua ròng đột biến nhóm ngân hàng, tâm điểm VPB, MBB, CTG",SECTOR_NEWS,SECTOR_NEWS,NEUTRAL,MODERATE,SECTOR,HIGH,WEAK_RULE_V3_ENTITY_TIERED,WEAK_RULE_V3; tier=HIGH_PRECISION; entity=TITLE_TICKER|BODY_TICKER|TARGET_CONTEXT; score=13; event=SECTOR_NEWS; symbol=MBB,TITLE_TICKER|BODY_TICKER|TARGET_CONTEXT,TITLE_TICKER_WITH_TARGET_CONTEXT,HIGH_PRECISION,INFORMATIVE_CANDIDATE,EXPERIMENTAL_INFORMATIVE_UNVALIDATED,100,CRITICAL,NOT_INDEPENDENTLY_VALIDATED,True
213687ad839c2e0ae847,0e759a89febbf245d80271c93a99fb88,VPB,Ngân hàng TMCP Việt Nam Thịnh Vượng,2022-02-27,VietnamBiz,https://vietnambiz.vn/tuan-21-25-2-to-chuc-trong-nuoc-mua-rong-dot-bien-nhom-ngan-hang-tam-diem-vpb-mbb-ctg-20220227164516236.htm,"Tuần 21 - 25/2: Tổ chức trong nước mua ròng đột biến nhóm ngân hàng, tâm điểm VPB, MBB, CTG",SECTOR_NEWS,SECTOR_NEWS,NEUTRAL,MODERATE,SECTOR,HIGH,WEAK_RULE_V3_ENTITY_TIERED,WEAK_RULE_V3; tier=HIGH_PRECISION; entity=TITLE_TICKER|BODY_ALIAS|BODY_TICKER|TARGET_CONTEXT; score=17; event=SECTOR_NEWS; symbol=VPB,TITLE_TICKER|BODY_ALIAS|BODY_TICKER|TARGET_CONTEXT,TITLE_TICKER_WITH_TARGET_CONTEXT,HIGH_PRECISION,INFORMATIVE_CANDIDATE,EXPERIMENTAL_INFORMATIVE_UNVALIDATED,100,CRITICAL,NOT_INDEPENDENTLY_VALIDATED,True
e66630393238a657c4c8,e3c033a2df1427f06b7ab7b77a5586a9,FRT,Công ty Cổ phần Bán lẻ Kỹ thuật số FPT,2022-02-27,VietnamBiz,https://vietnambiz.vn/co-phieu-tam-diem-26-2-vgt-frt-tnh-20220226231740302.htm,"Cổ phiếu tâm điểm (28/2): FRT, VGT, TNH",OTHER,OTHER,NEUTRAL,LOW,STOCK_SPECIFIC,MEDIUM,WEAK_RULE_V3_ENTITY_TIERED,WEAK_RULE_V3; tier=HIGH_PRECISION; entity=TITLE_TICKER|BODY_ALIAS|BODY_TICKER|TARGET_CONTEXT; score=17; event=OTHER; symbol=FRT,TITLE_TICKER|BODY_ALIAS|BODY_TICKER|TARGET_CONTEXT,TITLE_TICKER_WITH_TARGET_CONTEXT,HIGH_PRECISION,FALLBACK_QUARANTINE,FALLBACK_NO_EVENT_DETECTED,80,MEDIUM,NOT_INDEPENDENTLY_VALIDATED,False
2aa3f001b0f68b8c14e1,11d360e0e32c28a4ffba8e8a65065dd4,VND,Công ty Cổ phần Chứng khoán VNDIRECT,2022-02-28,CafeF,https://cafef.vn/chung-khoan-vndirect-vnd-chot-ngay-chao-ban-co-phieu-tang-von-gap-3-lan-len-12178-ty-dong-2022022814315276.chn,"Chứng khoán VNDirect (VND) chốt ngày chào bán cổ phiếu, tăng vốn gấp 3 lần lên 12.178 tỷ đồng",CORPORATE_ACTION,STOCK_ISSUANCE,NEUTRAL,MODERATE,STOCK_SPECIFIC,HIGH,WEAK_RULE_V3_ENTITY_TIERED,WEAK_RULE_V3; tier=HIGH_PRECISION; entity=TITLE_TICKER|TITLE_COMPANY|BODY_COMPANY|BODY_TICKER|TARGET_CONTEXT; score=24; event=STOCK_ISSUANCE; symbol=VND,TITLE_TICKER|TITLE_COMPANY|BODY_COMPANY|BODY_TICKER|TARGET_CONTEXT,TITLE_TICKER_WITH_TARGET_CONTEXT,HIGH_PRECISION,INFORMATIVE_CANDIDATE,EXPERIMENTAL_INFORMATIVE_UNVALIDATED,100,HIGH,NOT_INDEPENDENTLY_VALIDATED,True
d52de00df30f94b42d46,a5c4eb92a770428e468cf9667166ef62,ACB,Ngân hàng TMCP Á Châu,2022-02-28,CafeF,https://cafef.vn/ssi-research-du-bao-danh-muc-etf-ky-quy-1-2022-them-vao-luong-lon-co-phieu-nlg-vnd-ceo-pvd-vix-fubon-tang-ty-trong-vhm-hpg-hdb-va-acb-20220228101558724.chn,"SSI Research dự báo danh mục ETF kỳ quý 1/2022: Thêm vào lượng lớn cổ phiếu NLG, VND, CEO, PVD, VIX; Fubon tăng tỷ trọng VHM, HPG, HDB và ACB",OTHER,OTHER,NEUTRAL,LOW,STOCK_SPECIFIC,MEDIUM,WEAK_RULE_V3_ENTITY_TIERED,WEAK_RULE_V3; tier=HIGH_PRECISION; entity=TITLE_TICKER|TARGET_CONTEXT; score=11; event=OTHER; symbol=ACB,TITLE_TICKER|TARGET_CONTEXT,TITLE_TICKER_WITH_TARGET_CONTEXT,HIGH_PRECISION,FALLBACK_QUARANTINE,FALLBACK_NO_EVENT_DETECTED,80,MEDIUM,NOT_INDEPENDENTLY_VALIDATED,False
2d43ab0efb99ba602bef,a5c4eb92a770428e468cf9667166ef62,HPG,Công ty Cổ phần Tập đoàn Hòa Phát,2022-02-28,CafeF,https://cafef.vn/ssi-research-du-bao-danh-muc-etf-ky-quy-1-2022-them-vao-luong-lon-co-phieu-nlg-vnd-ceo-pvd-vix-fubon-tang-ty-trong-vhm-hpg-hdb-va-acb-20220228101558724.chn,"SSI Research dự báo danh mục ETF kỳ quý 1/2022: Thêm vào lượng lớn cổ phiếu NLG, VND, CEO, PVD, VIX; Fubon tăng tỷ trọng VHM, HPG, HDB và ACB",OTHER,OTHER,NEUTRAL,LOW,STOCK_SPECIFIC,MEDIUM,WEAK_RULE_V3_ENTITY_TIERED,WEAK_RULE_V3; tier=HIGH_PRECISION; entity=TITLE_TICKER|TARGET_CONTEXT; score=11; event=OTHER; symbol=HPG,TITLE_TICKER|TARGET_CONTEXT,TITLE_TICKER_WITH_TARGET_CONTEXT,HIGH_PRECISION,FALLBACK_QUARANTINE,FALLBACK_NO_EVENT_DETECTED,80,MEDIUM,NOT_INDEPENDENTLY_VALIDATED,False
e49da80cf39417d6d9c9,a5c4eb92a770428e468cf9667166ef62,PVD,Tổng Công ty Cổ phần Khoan và Dịch vụ Khoan Dầu khí,2022-02-28,CafeF,https://cafef.vn/ssi-research-du-bao-danh-muc-etf-ky-quy-1-2022-them-vao-luong-lon-co-phieu-nlg-vnd-ceo-pvd-vix-fubon-tang-ty-trong-vhm-hpg-hdb-va-acb-20220228101558724.chn,"SSI Research dự báo danh mục ETF kỳ quý 1/2022: Thêm vào lượng lớn cổ phiếu NLG, VND, CEO, PVD, VIX; Fubon tăng tỷ trọng VHM, HPG, HDB và ACB",OTHER,OTHER,NEUTRAL,LOW,STOCK_SPECIFIC,MEDIUM,WEAK_RULE_V3_ENTITY_TIERED,WEAK_RULE_V3; tier=HIGH_PRECISION; entity=TITLE_TICKER|BODY_TICKER|TARGET_CONTEXT; score=13; event=OTHER; symbol=PVD,TITLE_TICKER|BODY_TICKER|TARGET_CONTEXT,TITLE_TICKER_WITH_TARGET_CONTEXT,HIGH_PRECISION,FALLBACK_QUARANTINE,FALLBACK_NO_EVENT_DETECTED,80,MEDIUM,NOT_INDEPENDENTLY_VALIDATED,False
2572757f9d0f0462c5ed,a5c4eb92a770428e468cf9667166ef62,SSI,Công ty Cổ phần Chứng khoán SSI,2022-02-28,CafeF,https://cafef.vn/ssi-research-du-bao-danh-muc-etf-ky-quy-1-2022-them-vao-luong-lon-co-phieu-nlg-vnd-ceo-pvd-vix-fubon-tang-ty-trong-vhm-hpg-hdb-va-acb-20220228101558724.chn,"SSI Research dự báo danh mục ETF kỳ quý 1/2022: Thêm vào lượng lớn cổ phiếu NLG, VND, CEO, PVD, VIX; Fubon tăng tỷ trọng VHM, HPG, HDB và ACB",OTHER,OTHER,NEUTRAL,LOW,STOCK_SPECIFIC,MEDIUM,WEAK_RULE_V3_ENTITY_TIERED,WEAK_RULE_V3; tier=HIGH_PRECISION; entity=TITLE_TICKER|BODY_TICKER|TARGET_CONTEXT; score=13; event=OTHER; symbol=SSI,TITLE_TICKER|BODY_TICKER|TARGET_CONTEXT,TITLE_TICKER_WITH_TARGET_CONTEXT,HIGH_PRECISION,FALLBACK_QUARANTINE,FALLBACK_NO_EVENT_DETECTED,80,MEDIUM,NOT_INDEPENDENTLY_VALIDATED,False
aa76c45d31478d6af664,a5c4eb92a770428e468cf9667166ef62,VHM,Công ty Cổ phần Vinhomes,2022-02-28,CafeF,https://cafef.vn/ssi-research-du-bao-danh-muc-etf-ky-quy-1-2022-them-vao-luong-lon-co-phieu-nlg-vnd-ceo-pvd-vix-fubon-tang-ty-trong-vhm-hpg-hdb-va-acb-20220228101558724.chn,"SSI Research dự báo danh mục ETF kỳ quý 1/2022: Thêm vào lượng lớn cổ phiếu NLG, VND, CEO, PVD, VIX; Fubon tăng tỷ trọng VHM, HPG, HDB và ACB",OTHER,OTHER,NEUTRAL,LOW,STOCK_SPECIFIC,MEDIUM,WEAK_RULE_V3_ENTITY_TIERED,WEAK_RULE_V3; tier=HIGH_PRECISION; entity=TITLE_TICKER|TARGET_CONTEXT; score=11; event=OTHER; symbol=VHM,TITLE_TICKER|TARGET_CONTEXT,TITLE_TICKER_WITH_TARGET_CONTEXT,HIGH_PRECISION,FALLBACK_QUARANTINE,FALLBACK_NO_EVENT_DETECTED,80,MEDIUM,NOT_INDEPENDENTLY_VALIDATED,False
fc63a5726f4296fb2205,a5c4eb92a770428e468cf9667166ef62,VIX,Công ty Cổ phần Chứng khoán VIX,2022-02-28,CafeF,https://cafef.vn/ssi-research-du-bao-danh-muc-etf-ky-quy-1-2022-them-vao-luong-lon-co-phieu-nlg-vnd-ceo-pvd-vix-fubon-tang-ty-trong-vhm-hpg-hdb-va-acb-20220228101558724.chn,"SSI Research dự báo danh mục ETF kỳ quý 1/2022: Thêm vào lượng lớn cổ phiếu NLG, VND, CEO, PVD, VIX; Fubon tăng tỷ trọng VHM, HPG, HDB và ACB",OTHER,OTHER,NEUTRAL,LOW,STOCK_SPECIFIC,MEDIUM,WEAK_RULE_V3_ENTITY_TIERED,WEAK_RULE_V3; tier=HIGH_PRECISION; entity=TITLE_TICKER|BODY_TICKER|TARGET_CONTEXT; score=13; event=OTHER; symbol=VIX,TITLE_TICKER|BODY_TICKER|TARGET_CONTEXT,TITLE_TICKER_WITH_TARGET_CONTEXT,HIGH_PRECISION,FALLBACK_QUARANTINE,FALLBACK_NO_EVENT_DETECTED,80,MEDIUM,NOT_INDEPENDENTLY_VALIDATED,False
756935d9e8b7debef451,a5c4eb92a770428e468cf9667166ef62,VND,Công ty Cổ phần Chứng khoán VNDIRECT,2022-02-28,CafeF,https://cafef.vn/ssi-research-du-bao-danh-muc-etf-ky-quy-1-2022-them-vao-luong-lon-co-phieu-nlg-vnd-ceo-pvd-vix-fubon-tang-ty-trong-vhm-hpg-hdb-va-acb-20220228101558724.chn,"SSI Research dự báo danh mục ETF kỳ quý 1/2022: Thêm vào lượng lớn cổ phiếu NLG, VND, CEO, PVD, VIX; Fubon tăng tỷ trọng VHM, HPG, HDB và ACB",OTHER,OTHER,NEUTRAL,LOW,STOCK_SPECIFIC,MEDIUM,WEAK_RULE_V3_ENTITY_TIERED,WEAK_RULE_V3; tier=HIGH_PRECISION; entity=TITLE_TICKER|BODY_TICKER|TARGET_CONTEXT; score=13; event=OTHER; symbol=VND,TITLE_TICKER|BODY_TICKER|TARGET_CONTEXT,TITLE_TICKER_WITH_TARGET_CONTEXT,HIGH_PRECISION,FALLBACK_QUARANTINE,FALLBACK_NO_EVENT_DETECTED,80,MEDIUM,NOT_INDEPENDENTLY_VALIDATED,False
4fa6fb80cd1185ae705d,bf6bfb775aeb112f61829a3aea0ce246,VSC,Công ty Cổ phần Container Việt Nam,2022-03-02,CafeF,https://cafef.vn/nganh-logistic-khoi-sac-viconship-vsc-bao-lai-truoc-thue-ky-luc-483-ty-dong-vuot-luon-ke-hoach-da-duoc-dieu-chinh-20220302114650285.chn,"Ngành logistic khởi sắc, Viconship (VSC) báo lãi trước thuế kỷ lục 483 tỷ đồng, vượt luôn kế hoạch đã được điều chỉnh",BUSINESS_RESULT,PROFIT_GROWTH,POSITIVE,HIGH,STOCK_SPECIFIC,HIGH,WEAK_RULE_V3_ENTITY_TIERED,WEAK_RULE_V3; tier=HIGH_PRECISION; entity=TITLE_TICKER|TITLE_ALIAS|BODY_COMPANY|BODY_TICKER|TARGET_CONTEXT; score=24; event=PROFIT_GROWTH; symbol=VSC,TITLE_TICKER|TITLE_ALIAS|BODY_COMPANY|BODY_TICKER|TARGET_CONTEXT,TITLE_TICKER_WITH_TARGET_CONTEXT,HIGH_PRECISION,INFORMATIVE_CANDIDATE,EXPERIMENTAL_INFORMATIVE_UNVALIDATED,100,HIGH,NOT_INDEPENDENTLY_VALIDATED,True
a288345607328bbd50e2,d898991b0170a7405cf91b27b6078b7f,NVL,Công ty Cổ phần Tập đoàn Đầu tư Địa ốc No Va,2022-03-02,CafeF,https://cafef.vn/novaland-thong-qua-ke-hoach-gop-von-gan-5900-ty-dong-vao-cac-cong-ty-con-20220302115536738.chn,Novaland thông qua kế hoạch góp vốn gần 5.900 tỷ đồng vào các công ty con,CORPORATE_ACTION,STOCK_ISSUANCE,NEUTRAL,MODERATE,STOCK_SPECIFIC,HIGH,WEAK_RULE_V3_ENTITY_TIERED,WEAK_RULE_V3; tier=HIGH_PRECISION; entity=TITLE_ALIAS|BODY_ALIAS|BODY_TICKER|TARGET_CONTEXT; score=17; event=STOCK_ISSUANCE; symbol=NVL,TITLE_ALIAS|BODY_ALIAS|BODY_TICKER|TARGET_CONTEXT,TITLE_ENTITY_WITH_TARGET_CONTEXT,HIGH_PRECISION,INFORMATIVE_CANDIDATE,EXPERIMENTAL_INFORMATIVE_UNVALIDATED,100,HIGH,NOT_INDEPENDENTLY_VALIDATED,True
3a8a2401704204b3166e,43a35ef4feea47579e3ebd73cc808ee5,HAH,Công ty Cổ phần Vận tải và Xếp dỡ Hải An,2022-03-03,CafeF,https://cafef.vn/gvr-evf-vne-vib-nsg-hah-hng-vst-lbm-ctb-dop-thong-tin-giao-dich-luong-lon-co-phieu-20220302181434148.chn,"GVR, EVF, VNE, VIB, NSG, HAH, HNG, VST, LBM, CTB, DOP: Thông tin giao dịch lượng lớn cổ phiếu",OTHER,OTHER,NEUTRAL,LOW,STOCK_SPECIFIC,MEDIUM,WEAK_RULE_V3_ENTITY_TIERED,WEAK_RULE_V3; tier=HIGH_PRECISION; entity=TITLE_TICKER|BODY_ALIAS|BODY_TICKER|TARGET_CONTEXT; score=17; event=OTHER; symbol=HAH,TITLE_TICKER|BODY_ALIAS|BODY_TICKER|TARGET_CONTEXT,TITLE_TICKER_WITH_TARGET_CONTEXT,HIGH_PRECISION,FALLBACK_QUARANTINE,FALLBACK_NO_EVENT_DETECTED,80,MEDIUM,NOT_INDEPENDENTLY_VALIDATED,False
485472664c37842c9cff,acc6d6a4328a0bd5e9d9be931fdd8e26,HPG,Công ty Cổ phần Tập đoàn Hòa Phát,2022-03-06,CafeF,https://cafef.vn/gia-nguyen-lieu-tang-manh-thep-hoa-phat-tiep-tuc-dieu-chinh-tang-gia-ban-2022030610412851.chn,"Giá nguyên liệu tăng mạnh, Thép Hoà Phát tiếp tục điều chỉnh tăng giá bán",OTHER,OTHER,NEUTRAL,LOW,STOCK_SPECIFIC,MEDIUM,WEAK_RULE_V3_ENTITY_TIERED,WEAK_RULE_V3; tier=HIGH_PRECISION; entity=TITLE_COMPANY|BODY_COMPANY|BODY_TICKER|TARGET_CONTEXT; score=17; event=OTHER; symbol=HPG,TITLE_COMPANY|BODY_COMPANY|BODY_TICKER|TARGET_CONTEXT,TITLE_ENTITY_WITH_TARGET_CONTEXT,HIGH_PRECISION,FALLBACK_QUARANTINE,FALLBACK_NO_EVENT_DETECTED,80,MEDIUM,NOT_INDEPENDENTLY_VALIDATED,False
2f570b733074d00ea56b,2ea7b0798ba68f0096a6efec00cb6443,PNJ,Công ty Cổ phần Vàng bạc Đá quý Phú Nhuận,2022-03-07,CafeF,https://cafef.vn/nam-giu-luong-ton-kho-gan-9000-ty-dong-co-phieu-pnj-lap-dinh-khi-gia-vang-tang-phi-ma-20220306113900708.chn,"Nắm giữ lượng tồn kho gần 9.000 tỷ đồng, cổ phiếu PNJ lập đỉnh khi giá vàng tăng “phi mã”",BUSINESS_RESULT,PROFIT_GROWTH,POSITIVE,HIGH,STOCK_SPECIFIC,HIGH,WEAK_RULE_V3_ENTITY_TIERED,WEAK_RULE_V3; tier=HIGH_PRECISION; entity=TITLE_TICKER|BODY_TICKER|TARGET_CONTEXT; score=13; event=PROFIT_GROWTH; symbol=PNJ,TITLE_TICKER|BODY_TICKER|TARGET_CONTEXT,TITLE_TICKER_WITH_TARGET_CONTEXT,HIGH_PRECISION,INFORMATIVE_CANDIDATE,EXPERIMENTAL_INFORMATIVE_UNVALIDATED,100,HIGH,NOT_INDEPENDENTLY_VALIDATED,True
e5f9c48c2e60a24b0a88,76b2456312469bda5d7bb1e790dfc922,PDR,Công ty Cổ phần Phát triển Bất động sản Phát Đạt,2022-03-07,CafeF,https://cafef.vn/pdr-du-kien-chia-co-tuc-363-bang-co-phieu-20220307124119334.chn,"PDR dự kiến chia cổ tức 36,3% bằng cổ phiếu",CORPORATE_ACTION,DIVIDEND,POSITIVE,MODERATE,STOCK_SPECIFIC,HIGH,WEAK_RULE_V3_ENTITY_TIERED,WEAK_RULE_V3; tier=HIGH_PRECISION; entity=TITLE_TICKER|BODY_COMPANY|BODY_TICKER|TARGET_CONTEXT; score=17; event=DIVIDEND; symbol=PDR,TITLE_TICKER|BODY_COMPANY|BODY_TICKER|TARGET_CONTEXT,TITLE_TICKER_WITH_TARGET_CONTEXT,HIGH_PRECISION,INFORMATIVE_CANDIDATE,EXPERIMENTAL_INFORMATIVE_UNVALIDATED,100,HIGH,NOT_INDEPENDENTLY_VALIDATED,True
55525e9ffe59f7527780,8b283e5da49c6d174fdfb6edfcf55c69,DGC,Công ty Cổ phần Tập đoàn Hóa chất Đức Giang,2022-03-08,VietnamBiz,https://vietnambiz.vn/giao-dich-lon-co-phieu-sd8-sra-nsg-meg-lhc-dgc-dbt-htc-tig-tnt-idi-20220308080905739.htm,"Giao dịch lớn cổ phiếu SD8, SRA, NSG, MEG, LHC, DGC, DBT, HTC, TIG, TNT, IDI",OTHER,OTHER,NEUTRAL,LOW,STOCK_SPECIFIC,MEDIUM,WEAK_RULE_V3_ENTITY_TIERED,WEAK_RULE_V3; tier=HIGH_PRECISION; entity=TITLE_TICKER|BODY_COMPANY|BODY_TICKER|TARGET_CONTEXT; score=17; event=OTHER; symbol=DGC,TITLE_TICKER|BODY_COMPANY|BODY_TICKER|TARGET_CONTEXT,TITLE_TICKER_WITH_TARGET_CONTEXT,HIGH_PRECISION,FALLBACK_QUARANTINE,FALLBACK_NO_EVENT_DETECTED,80,MEDIUM,NOT_INDEPENDENTLY_VALIDATED,False
7461e48e32f8cbe139bd,9cc767f8d161018715a82522c1eb7209,HAH,Công ty Cổ phần Vận tải và Xếp dỡ Hải An,2022-03-09,CafeF,https://cafef.vn/hai-an-hah-dat-ke-hoach-lai-550-ty-dong-nang-muc-co-tuc-nam-2021-len-50-20220309161234071.chn,"Hải An (HAH) đặt kế hoạch lãi 550 tỷ đồng, nâng mức cổ tức năm 2021 lên 50%",CORPORATE_ACTION,DIVIDEND,POSITIVE,MODERATE,STOCK_SPECIFIC,HIGH,WEAK_RULE_V3_ENTITY_TIERED,WEAK_RULE_V3; tier=HIGH_PRECISION; entity=TITLE_TICKER|TITLE_ALIAS|BODY_ALIAS|BODY_TICKER|TARGET_CONTEXT; score=24; event=DIVIDEND; symbol=HAH,TITLE_TICKER|TITLE_ALIAS|BODY_ALIAS|BODY_TICKER|TARGET_CONTEXT,TITLE_TICKER_WITH_TARGET_CONTEXT,HIGH_PRECISION,INFORMATIVE_CANDIDATE,EXPERIMENTAL_INFORMATIVE_UNVALIDATED,100,HIGH,NOT_INDEPENDENTLY_VALIDATED,True
b80239de7fc16e8eccfd,eaf529dbc9a8effbf811f0d5b115e504,VHC,Công ty Cổ phần Vĩnh Hoàn,2022-03-10,CafeF,https://cafef.vn/vdsc-cang-thang-giua-ukraine-nga-co-the-mang-lai-loi-ich-cho-cac-cong-ty-ca-tra-xuat-sang-trung-quoc-nhu-vinh-hoan-navico-idi-20220309172944682.chn,"VDSC: Căng thẳng giữa Ukraine - Nga có thể mang lại lợi ích cho các công ty cá tra xuất sang Trung Quốc như Vĩnh Hoàn, Navico, I.D.I",OTHER,OTHER,NEUTRAL,LOW,STOCK_SPECIFIC,MEDIUM,WEAK_RULE_V3_ENTITY_TIERED,WEAK_RULE_V3; tier=HIGH_PRECISION; entity=TITLE_COMPANY|BODY_COMPANY|BODY_TICKER|TARGET_CONTEXT; score=17; event=OTHER; symbol=VHC,TITLE_COMPANY|BODY_COMPANY|BODY_TICKER|TARGET_CONTEXT,TITLE_ENTITY_WITH_TARGET_CONTEXT,HIGH_PRECISION,FALLBACK_QUARANTINE,FALLBACK_NO_EVENT_DETECTED,80,MEDIUM,NOT_INDEPENDENTLY_VALIDATED,False
bfd77983db41678c2f49,85a108d65dafaecafdb2ddda43d810af,HPG,Công ty Cổ phần Tập đoàn Hòa Phát,2022-03-14,CafeF,https://cafef.vn/dragon-capital-chi-phi-dau-vao-tang-manh-khien-loi-nhuan-hoa-phat-tro-nen-kho-du-bao-2022031322103639.chn,"Dragon Capital: ""Chi phí đầu vào tăng mạnh khiến lợi nhuận Hòa Phát trở nên khó dự báo""",SECTOR_NEWS,SECTOR_NEWS,NEUTRAL,MODERATE,SECTOR,HIGH,WEAK_RULE_V3_ENTITY_TIERED,WEAK_RULE_V3; tier=HIGH_PRECISION; entity=TITLE_COMPANY|BODY_COMPANY; score=11; event=SECTOR_NEWS; symbol=HPG,TITLE_COMPANY|BODY_COMPANY,TITLE_ENTITY_MENTION,HIGH_PRECISION,INFORMATIVE_CANDIDATE,EXPERIMENTAL_INFORMATIVE_UNVALIDATED,100,CRITICAL,NOT_INDEPENDENTLY_VALIDATED,True
f3ba963d74e729faf8d6,b5aa49f99e3432100aeb4dcf0dcb1b39,REE,Công ty Cổ phần Cơ Điện Lạnh,2022-03-14,CafeF,https://cafef.vn/bien-loi-nhuan-lon-lai-khong-ton-nhieu-von-gan-150000m2-van-phong-deu-dan-mang-ve-cho-ree-gan-500-ty-dong-loi-nhuan-nam-bat-chap-dai-dich-20220311152729476.chn,"Biên lợi nhuận lớn lại không tốn nhiều vốn, gần 150.000m2 văn phòng đều đặn mang về cho REE gần 500 tỷ đồng lợi nhuận/năm bất chấp đại dịch",OTHER,OTHER,NEUTRAL,LOW,STOCK_SPECIFIC,MEDIUM,WEAK_RULE_V3_ENTITY_TIERED,WEAK_RULE_V3; tier=HIGH_PRECISION; entity=TITLE_TICKER|BODY_COMPANY|BODY_TICKER|TARGET_CONTEXT; score=17; event=OTHER; symbol=REE,TITLE_TICKER|BODY_COMPANY|BODY_TICKER|TARGET_CONTEXT,TITLE_TICKER_WITH_TARGET_CONTEXT,HIGH_PRECISION,FALLBACK_QUARANTINE,FALLBACK_NO_EVENT_DETECTED,80,MEDIUM,NOT_INDEPENDENTLY_VALIDATED,False
00924f1ab4735a4e1fbb,2c1eefefea4e0cd8a88487573d591ff3,DGC,Công ty Cổ phần Tập đoàn Hóa chất Đức Giang,2022-03-16,CafeF,https://cafef.vn/vinachem-da-ban-xong-hon-6-trieu-co-phieu-dgc-hoan-tat-qua-trinh-thoai-von-tai-hoa-chat-duc-giang-20220316114555941.chn,"Vinachem đã bán xong hơn 6 triệu cổ phiếu DGC, hoàn tất quá trình thoái vốn tại Hoá chất Đức Giang",OTHER,OTHER,NEUTRAL,LOW,STOCK_SPECIFIC,MEDIUM,WEAK_RULE_V3_ENTITY_TIERED,WEAK_RULE_V3; tier=HIGH_PRECISION; entity=TITLE_TICKER|TITLE_COMPANY|BODY_COMPANY|BODY_TICKER|TARGET_CONTEXT; score=24; event=OTHER; symbol=DGC,TITLE_TICKER|TITLE_COMPANY|BODY_COMPANY|BODY_TICKER|TARGET_CONTEXT,TITLE_TICKER_WITH_TARGET_CONTEXT,HIGH_PRECISION,FALLBACK_QUARANTINE,FALLBACK_NO_EVENT_DETECTED,80,MEDIUM,NOT_INDEPENDENTLY_VALIDATED,False
99ada4a76fb6d5652989,c9ff6642a0e1cefae51f4da2201077a4,POW,Tổng Công ty Điện lực Dầu khí Việt Nam,2022-03-16,CafeF,https://cafef.vn/pv-power-muon-thoai-sach-von-tai-evn-international-eic-20220316172246226.chn,PV Power muốn thoái sạch vốn tại EVN International (EIC),BUSINESS_RESULT,PROJECT_EXPANSION,POSITIVE,MODERATE,STOCK_SPECIFIC,HIGH,WEAK_RULE_V3_ENTITY_TIERED,WEAK_RULE_V3; tier=HIGH_PRECISION; entity=TITLE_ALIAS|BODY_ALIAS|BODY_TICKER; score=13; event=PROJECT_EXPANSION; symbol=POW,TITLE_ALIAS|BODY_ALIAS|BODY_TICKER,TITLE_ENTITY_MENTION,HIGH_PRECISION,INFORMATIVE_CANDIDATE,EXPERIMENTAL_INFORMATIVE_UNVALIDATED,100,HIGH,NOT_INDEPENDENTLY_VALIDATED,True
8c98ce4c79555c877d48,f686fe101a5a19579fdbe4265d5b6b45,FPT,Công ty Cổ phần FPT,2022-03-16,CafeF,https://cafef.vn/ky-vong-chuoi-long-chau-co-phieu-fpt-retail-frt-tang-kich-tran-tiep-tuc-lap-dinh-lich-su-20220316150519307.chn,"Kỳ vọng chuỗi Long Châu, cổ phiếu FPT Retail (FRT) tăng kịch trần, tiếp tục lập đỉnh lịch sử",CORPORATE_ACTION,DIVIDEND,POSITIVE,MODERATE,STOCK_SPECIFIC,HIGH,WEAK_RULE_V3_ENTITY_TIERED,WEAK_RULE_V3; tier=HIGH_PRECISION; entity=TITLE_TICKER|BODY_TICKER|TARGET_CONTEXT; score=13; event=DIVIDEND; symbol=FPT,TITLE_TICKER|BODY_TICKER|TARGET_CONTEXT,TITLE_TICKER_WITH_TARGET_CONTEXT,HIGH_PRECISION,INFORMATIVE_CANDIDATE,EXPERIMENTAL_INFORMATIVE_UNVALIDATED,100,HIGH,NOT_INDEPENDENTLY_VALIDATED,True
6dd4403555be033d2138,f686fe101a5a19579fdbe4265d5b6b45,FRT,Công ty Cổ phần Bán lẻ Kỹ thuật số FPT,2022-03-16,CafeF,https://cafef.vn/ky-vong-chuoi-long-chau-co-phieu-fpt-retail-frt-tang-kich-tran-tiep-tuc-lap-dinh-lich-su-20220316150519307.chn,"Kỳ vọng chuỗi Long Châu, cổ phiếu FPT Retail (FRT) tăng kịch trần, tiếp tục lập đỉnh lịch sử",CORPORATE_ACTION,DIVIDEND,POSITIVE,MODERATE,STOCK_SPECIFIC,HIGH,WEAK_RULE_V3_ENTITY_TIERED,WEAK_RULE_V3; tier=HIGH_PRECISION; entity=TITLE_TICKER|TITLE_ALIAS|BODY_ALIAS|BODY_TICKER|TARGET_CONTEXT; score=24; event=DIVIDEND; symbol=FRT,TITLE_TICKER|TITLE_ALIAS|BODY_ALIAS|BODY_TICKER|TARGET_CONTEXT,TITLE_TICKER_WITH_TARGET_CONTEXT,HIGH_PRECISION,INFORMATIVE_CANDIDATE,EXPERIMENTAL_INFORMATIVE_UNVALIDATED,100,HIGH,NOT_INDEPENDENTLY_VALIDATED,True
094ce40255316c955dae,3a53a2b13091d762a37210a44f5dac71,FPT,Công ty Cổ phần FPT,2022-03-19,CafeF,https://cafef.vn/co-phieu-tang-phi-ma-fpt-shop-cong-bo-nam-35-thi-phan-laptop-muon-mo-them-150-trung-tam-laptop-chuyen-nghiep-trong-nam-2022-20220318203558332.chn,"Cổ phiếu tăng phi mã, FPT Shop công bố nắm 35% thị phần laptop, muốn mở thêm 150 trung tâm laptop chuyên nghiệp trong năm 2022",BUSINESS_RESULT,PROJECT_EXPANSION,POSITIVE,MODERATE,STOCK_SPECIFIC,HIGH,WEAK_RULE_V3_ENTITY_TIERED,WEAK_RULE_V3; tier=HIGH_PRECISION; entity=TITLE_TICKER|BODY_ALIAS|BODY_TICKER|TARGET_CONTEXT; score=17; event=PROJECT_EXPANSION; symbol=FPT,TITLE_TICKER|BODY_ALIAS|BODY_TICKER|TARGET_CONTEXT,TITLE_TICKER_WITH_TARGET_CONTEXT,HIGH_PRECISION,INFORMATIVE_CANDIDATE,EXPERIMENTAL_INFORMATIVE_UNVALIDATED,100,HIGH,NOT_INDEPENDENTLY_VALIDATED,True
3de618c8f68739d6d932,3a53a2b13091d762a37210a44f5dac71,FRT,Công ty Cổ phần Bán lẻ Kỹ thuật số FPT,2022-03-19,CafeF,https://cafef.vn/co-phieu-tang-phi-ma-fpt-shop-cong-bo-nam-35-thi-phan-laptop-muon-mo-them-150-trung-tam-laptop-chuyen-nghiep-trong-nam-2022-20220318203558332.chn,"Cổ phiếu tăng phi mã, FPT Shop công bố nắm 35% thị phần laptop, muốn mở thêm 150 trung tâm laptop chuyên nghiệp trong năm 2022",BUSINESS_RESULT,PROJECT_EXPANSION,POSITIVE,MODERATE,STOCK_SPECIFIC,HIGH,WEAK_RULE_V3_ENTITY_TIERED,WEAK_RULE_V3; tier=HIGH_PRECISION; entity=TITLE_ALIAS|BODY_ALIAS|BODY_TICKER|TARGET_CONTEXT; score=17; event=PROJECT_EXPANSION; symbol=FRT,TITLE_ALIAS|BODY_ALIAS|BODY_TICKER|TARGET_CONTEXT,TITLE_ENTITY_WITH_TARGET_CONTEXT,HIGH_PRECISION,INFORMATIVE_CANDIDATE,EXPERIMENTAL_INFORMATIVE_UNVALIDATED,100,HIGH,NOT_INDEPENDENTLY_VALIDATED,True
39a147e62a133d78f15e,65e80aee5c67c0dc977b2eeab678b55d,SHS,Công ty Cổ phần Chứng khoán Sài Gòn - Hà Nội,2022-03-23,VietnamBiz,https://vietnambiz.vn/chung-khoan-shs-duoc-chap-thuan-chao-ban-3253-trieu-cp-de-tang-von-len-6500-ty-dong-20220323174614805.htm,"Chứng khoán SHS được chấp thuận chào bán 325,3 triệu cp để tăng vốn lên 6.500 tỷ đồng",CORPORATE_ACTION,STOCK_ISSUANCE,NEUTRAL,MODERATE,STOCK_SPECIFIC,HIGH,WEAK_RULE_V3_ENTITY_TIERED,WEAK_RULE_V3; tier=HIGH_PRECISION; entity=TITLE_TICKER|BODY_TICKER|TARGET_CONTEXT; score=13; event=STOCK_ISSUANCE; symbol=SHS,TITLE_TICKER|BODY_TICKER|TARGET_CONTEXT,TITLE_TICKER_WITH_TARGET_CONTEXT,HIGH_PRECISION,INFORMATIVE_CANDIDATE,EXPERIMENTAL_INFORMATIVE_UNVALIDATED,100,HIGH,NOT_INDEPENDENTLY_VALIDATED,True
5f851e4fc12fba39497e,7c9a047d4684560a8b775c2e7d6a9ef1,HPG,Công ty Cổ phần Tập đoàn Hòa Phát,2022-03-23,VietnamBiz,https://vietnambiz.vn/lanh-dao-hoa-phat-muon-ban-co-phieu-hpg-giai-quyet-nhu-cau-tai-chinh-ca-nhan-2022032211065139.htm,Lãnh đạo Hòa Phát muốn bán cổ phiếu HPG giải quyết nhu cầu tài chính cá nhân,OTHER,OTHER,NEUTRAL,LOW,STOCK_SPECIFIC,MEDIUM,WEAK_RULE_V3_ENTITY_TIERED,WEAK_RULE_V3; tier=HIGH_PRECISION; entity=TITLE_TICKER|TITLE_COMPANY|BODY_COMPANY|BODY_TICKER|TARGET_CONTEXT; score=24; event=OTHER; symbol=HPG,TITLE_TICKER|TITLE_COMPANY|BODY_COMPANY|BODY_TICKER|TARGET_CONTEXT,TITLE_TICKER_WITH_TARGET_CONTEXT,HIGH_PRECISION,FALLBACK_QUARANTINE,FALLBACK_NO_EVENT_DETECTED,80,MEDIUM,NOT_INDEPENDENTLY_VALIDATED,False
b02af8c14427f50d5e9f,b8a435975234a13451a7c97e8ab5ce90,VND,Công ty Cổ phần Chứng khoán VNDIRECT,2022-03-23,VietnamBiz,https://vietnambiz.vn/vndirect-gia-dau-khong-the-doan-dinh-rui-ro-dan-tang-voi-co-phieu-dau-khi-2022032217375847.htm,"VNDirect: Giá dầu không thể đoán định, rủi ro dần tăng với cổ phiếu dầu khí",SECTOR_NEWS,SECTOR_NEWS,NEUTRAL,MODERATE,SECTOR,HIGH,WEAK_RULE_V3_ENTITY_TIERED,WEAK_RULE_V3; tier=HIGH_PRECISION; entity=TITLE_ALIAS|BODY_COMPANY|BODY_TICKER|TARGET_CONTEXT; score=17; event=SECTOR_NEWS; symbol=VND,TITLE_ALIAS|BODY_COMPANY|BODY_TICKER|TARGET_CONTEXT,TITLE_ENTITY_WITH_TARGET_CONTEXT,HIGH_PRECISION,INFORMATIVE_CANDIDATE,EXPERIMENTAL_INFORMATIVE_UNVALIDATED,100,CRITICAL,NOT_INDEPENDENTLY_VALIDATED,True
c20ba856dd61378cad05,c7bca3b08e3ef60eab529ecfceb68932,DGC,Công ty Cổ phần Tập đoàn Hóa chất Đức Giang,2022-03-23,VietnamBiz,https://vietnambiz.vn/phien-23-3-khoi-ngoai-mua-rong-hon-1000-ty-dong-tren-hose-gom-manh-dgc-20220323174550546.htm,"Phiên 23/3: Khối ngoại mua ròng hơn 1.000 tỷ đồng trên HOSE, gom mạnh DGC",OTHER,OTHER,NEUTRAL,LOW,STOCK_SPECIFIC,MEDIUM,WEAK_RULE_V3_ENTITY_TIERED,WEAK_RULE_V3; tier=HIGH_PRECISION; entity=TITLE_TICKER|BODY_COMPANY|BODY_TICKER|TARGET_CONTEXT; score=17; event=OTHER; symbol=DGC,TITLE_TICKER|BODY_COMPANY|BODY_TICKER|TARGET_CONTEXT,TITLE_TICKER_WITH_TARGET_CONTEXT,HIGH_PRECISION,FALLBACK_QUARANTINE,FALLBACK_NO_EVENT_DETECTED,80,MEDIUM,NOT_INDEPENDENTLY_VALIDATED,False
68fe1707c0eef143acc4,e85884a326dd3edf8f3f9364fef0ec5c,KDH,Công ty Cổ phần Đầu tư và Kinh doanh Nhà Khang Điền,2022-03-23,CafeF,https://cafef.vn/kdh-hqc-vib-skg-pgc-dtt-geg-hub-vgl-dnp-dc2-ctb-ds3-bcf-thong-tin-giao-dich-luong-lon-co-phieu-20220322222945101.chn,"KDH, HQC, VIB, SKG, PGC, DTT, GEG, HUB, VGL, DNP, DC2, CTB, DS3, BCF: Thông tin giao dịch lượng lớn cổ phiếu",OTHER,OTHER,NEUTRAL,LOW,STOCK_SPECIFIC,MEDIUM,WEAK_RULE_V3_ENTITY_TIERED,WEAK_RULE_V3; tier=HIGH_PRECISION; entity=TITLE_TICKER|BODY_ALIAS|BODY_TICKER|TARGET_CONTEXT; score=17; event=OTHER; symbol=KDH,TITLE_TICKER|BODY_ALIAS|BODY_TICKER|TARGET_CONTEXT,TITLE_TICKER_WITH_TARGET_CONTEXT,HIGH_PRECISION,FALLBACK_QUARANTINE,FALLBACK_NO_EVENT_DETECTED,80,MEDIUM,NOT_INDEPENDENTLY_VALIDATED,False
b801a2b839212a8df6fe,6a00c362b5aa90e51adf62edc6099b96,PLX,Tập đoàn Xăng dầu Việt Nam,2022-03-25,CafeF,https://cafef.vn/plx-evf-pnj-mcg-atg-clx-dc4-thong-tin-giao-dich-luong-lon-co-phieu-20220324183832758.chn,"PLX, EVF, PNJ, MCG, ATG, CLX, DC4: Thông tin giao dịch lượng lớn cổ phiếu",OTHER,OTHER,NEUTRAL,LOW,STOCK_SPECIFIC,MEDIUM,WEAK_RULE_V3_ENTITY_TIERED,WEAK_RULE_V3; tier=HIGH_PRECISION; entity=TITLE_TICKER|BODY_COMPANY|BODY_TICKER|TARGET_CONTEXT; score=17; event=OTHER; symbol=PLX,TITLE_TICKER|BODY_COMPANY|BODY_TICKER|TARGET_CONTEXT,TITLE_TICKER_WITH_TARGET_CONTEXT,HIGH_PRECISION,FALLBACK_QUARANTINE,FALLBACK_NO_EVENT_DETECTED,80,MEDIUM,NOT_INDEPENDENTLY_VALIDATED,False
8f15439c656a9954b56a,6a00c362b5aa90e51adf62edc6099b96,PNJ,Công ty Cổ phần Vàng bạc Đá quý Phú Nhuận,2022-03-25,CafeF,https://cafef.vn/plx-evf-pnj-mcg-atg-clx-dc4-thong-tin-giao-dich-luong-lon-co-phieu-20220324183832758.chn,"PLX, EVF, PNJ, MCG, ATG, CLX, DC4: Thông tin giao dịch lượng lớn cổ phiếu",OTHER,OTHER,NEUTRAL,LOW,STOCK_SPECIFIC,MEDIUM,WEAK_RULE_V3_ENTITY_TIERED,WEAK_RULE_V3; tier=HIGH_PRECISION; entity=TITLE_TICKER|BODY_TICKER|TARGET_CONTEXT; score=13; event=OTHER; symbol=PNJ,TITLE_TICKER|BODY_TICKER|TARGET_CONTEXT,TITLE_TICKER_WITH_TARGET_CONTEXT,HIGH_PRECISION,FALLBACK_QUARANTINE,FALLBACK_NO_EVENT_DETECTED,80,MEDIUM,NOT_INDEPENDENTLY_VALIDATED,False
22307502b3686295c7b4,03aff677c4d4916fe1eb64e1153a3196,SHS,Công ty Cổ phần Chứng khoán Sài Gòn - Hà Nội,2022-03-30,CafeF,https://cafef.vn/thi-gia-41000-dong-cp-chung-khoan-shs-chot-danh-sach-co-dong-chao-ban-325-trieu-co-phieu-gia-12000-dong-20220330184225961.chn,"Thị giá 41.000 đồng/cp, Chứng khoán SHS chốt danh sách cổ đông chào bán 325 triệu cổ phiếu giá 12.000 đồng",CORPORATE_ACTION,STOCK_ISSUANCE,NEUTRAL,MODERATE,STOCK_SPECIFIC,HIGH,WEAK_RULE_V3_ENTITY_TIERED,WEAK_RULE_V3; tier=HIGH_PRECISION; entity=TITLE_TICKER|BODY_TICKER|TARGET_CONTEXT; score=13; event=STOCK_ISSUANCE; symbol=SHS,TITLE_TICKER|BODY_TICKER|TARGET_CONTEXT,TITLE_TICKER_WITH_TARGET_CONTEXT,HIGH_PRECISION,INFORMATIVE_CANDIDATE,EXPERIMENTAL_INFORMATIVE_UNVALIDATED,100,HIGH,NOT_INDEPENDENTLY_VALIDATED,True
18fbf1a5cac9f926ee79,3c4b8deed27fcb943f1a92fdbdf7ceb0,PC1,Công ty Cổ phần Tập đoàn PC1,2022-03-31,CafeF,https://cafef.vn/pc1-dat-muc-tieu-lai-sau-thue-nam-2022-giam-15-ve-muc-657-ty-dong-trinh-phuong-an-phat-hanh-35-trieu-co-phieu-tra-co-tuc-20220330173125275.chn,"PC1 đặt mục tiêu lãi sau thuế năm 2022 giảm 15% về mức 657 tỷ đồng, trình phương án phát hành 35 triệu cổ phiếu trả cổ tức",CORPORATE_ACTION,DIVIDEND,POSITIVE,MODERATE,STOCK_SPECIFIC,HIGH,WEAK_RULE_V3_ENTITY_TIERED,WEAK_RULE_V3; tier=HIGH_PRECISION; entity=TITLE_TICKER|BODY_ALIAS|BODY_TICKER|TARGET_CONTEXT; score=17; event=DIVIDEND; symbol=PC1,TITLE_TICKER|BODY_ALIAS|BODY_TICKER|TARGET_CONTEXT,TITLE_TICKER_WITH_TARGET_CONTEXT,HIGH_PRECISION,INFORMATIVE_CANDIDATE,EXPERIMENTAL_INFORMATIVE_UNVALIDATED,100,HIGH,NOT_INDEPENDENTLY_VALIDATED,True
f6bbae24c57bc4c46fa5,6541c193d97359441f9da611d0654752,CTG,Ngân hàng TMCP Công Thương Việt Nam,2022-03-31,CafeF,https://cafef.vn/vietinbank-securities-cong-bo-quyet-dinh-bo-nhiem-pho-tong-giam-doc-2022033110133884.chn,Vietinbank Securities công bố quyết định bổ nhiệm Phó Tổng Giám Đốc,CORPORATE_ACTION,LEADERSHIP_CHANGE,NEUTRAL,MODERATE,STOCK_SPECIFIC,HIGH,WEAK_RULE_V3_ENTITY_TIERED,WEAK_RULE_V3; tier=HIGH_PRECISION; entity=TITLE_ALIAS|BODY_COMPANY; score=11; event=LEADERSHIP_CHANGE; symbol=CTG,TITLE_ALIAS|BODY_COMPANY,TITLE_ENTITY_MENTION,HIGH_PRECISION,INFORMATIVE_CANDIDATE,EXPERIMENTAL_INFORMATIVE_UNVALIDATED,100,HIGH,NOT_INDEPENDENTLY_VALIDATED,True
a99ca869f2d1d7d10a41,b3d48287271290e199d933d37111b47a,VNM,Công ty Cổ phần Sữa Việt Nam,2022-03-31,CafeF,https://cafef.vn/bo-doi-flc-ros-tiep-tuc-giam-san-trang-ben-mua-vn-index-tien-gan-moc-1500-diem-voi-luc-keo-tu-nhom-bluechips-20220331100811664.chn,"VNM bất ngờ tăng hơn 6%, VN-Index đóng cửa trên mốc 1.490 điểm",OTHER,OTHER,NEUTRAL,LOW,STOCK_SPECIFIC,MEDIUM,WEAK_RULE_V3_ENTITY_TIERED,WEAK_RULE_V3; tier=HIGH_PRECISION; entity=TITLE_TICKER|BODY_TICKER|TARGET_CONTEXT; score=13; event=OTHER; symbol=VNM,TITLE_TICKER|BODY_TICKER|TARGET_CONTEXT,TITLE_TICKER_WITH_TARGET_CONTEXT,HIGH_PRECISION,FALLBACK_QUARANTINE,FALLBACK_NO_EVENT_DETECTED,80,MEDIUM,NOT_INDEPENDENTLY_VALIDATED,False
ae8b64a985ef9e0d501b,c5e611c26d49e03d4a908c0b4734a716,ANV,Công ty Cổ phần Nam Việt,2022-03-31,CafeF,https://cafef.vn/anv-tang-33-tu-dau-nam-tro-ly-tgd-thuy-san-nam-viet-dang-ky-ban-bot-3-trieu-co-phieu-20220331084850861.chn,"ANV tăng 33% từ đầu năm, Trợ lý TGĐ Thuỷ sản Nam Việt đăng ký bán bớt 3 triệu cổ phiếu",OTHER,OTHER,NEUTRAL,LOW,STOCK_SPECIFIC,MEDIUM,WEAK_RULE_V3_ENTITY_TIERED,WEAK_RULE_V3; tier=HIGH_PRECISION; entity=TITLE_TICKER|TITLE_COMPANY|BODY_COMPANY|BODY_TICKER|TARGET_CONTEXT; score=24; event=OTHER; symbol=ANV,TITLE_TICKER|TITLE_COMPANY|BODY_COMPANY|BODY_TICKER|TARGET_CONTEXT,TITLE_TICKER_WITH_TARGET_CONTEXT,HIGH_PRECISION,FALLBACK_QUARANTINE,FALLBACK_NO_EVENT_DETECTED,80,MEDIUM,NOT_INDEPENDENTLY_VALIDATED,False
bf67aa5fc1648e082079,576dbcb7a9906f22d9598626035bfe52,FPT,Công ty Cổ phần FPT,2022-04-02,CafeF,https://cafef.vn/co-them-fpt-va-the-gioi-di-dong-so-doanh-nghiep-von-hoa-tren-100000-ty-dong-lap-ky-luc-moi-20220402121044358.chn,"Có thêm FPT và Thế giới Di động, số doanh nghiệp vốn hóa trên 100.000 tỷ đồng lập kỷ lục mới",OTHER,OTHER,NEUTRAL,LOW,STOCK_SPECIFIC,MEDIUM,WEAK_RULE_V3_ENTITY_TIERED,WEAK_RULE_V3; tier=HIGH_PRECISION; entity=TITLE_TICKER|BODY_TICKER; score=9; event=OTHER; symbol=FPT,TITLE_TICKER|BODY_TICKER,TITLE_ENTITY_MENTION,HIGH_PRECISION,FALLBACK_QUARANTINE,FALLBACK_NO_EVENT_DETECTED,80,MEDIUM,NOT_INDEPENDENTLY_VALIDATED,False
b87d59b5d6e5b3827a49,576dbcb7a9906f22d9598626035bfe52,MWG,Công ty Cổ phần Đầu tư Thế Giới Di Động,2022-04-02,CafeF,https://cafef.vn/co-them-fpt-va-the-gioi-di-dong-so-doanh-nghiep-von-hoa-tren-100000-ty-dong-lap-ky-luc-moi-20220402121044358.chn,"Có thêm FPT và Thế giới Di động, số doanh nghiệp vốn hóa trên 100.000 tỷ đồng lập kỷ lục mới",OTHER,OTHER,NEUTRAL,LOW,STOCK_SPECIFIC,MEDIUM,WEAK_RULE_V3_ENTITY_TIERED,WEAK_RULE_V3; tier=HIGH_PRECISION; entity=TITLE_ALIAS|BODY_ALIAS|BODY_TICKER; score=13; event=OTHER; symbol=MWG,TITLE_ALIAS|BODY_ALIAS|BODY_TICKER,TITLE_ENTITY_MENTION,HIGH_PRECISION,FALLBACK_QUARANTINE,FALLBACK_NO_EVENT_DETECTED,80,MEDIUM,NOT_INDEPENDENTLY_VALIDATED,False
e10d7adbe2a6ba2f3ede,79d224b0eae17be3e4fce27c78b59a8b,HPG,Công ty Cổ phần Tập đoàn Hòa Phát,2022-04-02,CafeF,https://cafef.vn/dragon-capital-da-ban-hon-15-trieu-co-phieu-hpg-khong-con-la-co-dong-lon-tai-hoa-phat-20220401174144474.chn,"Dragon Capital đã bán hơn 1,5 triệu cổ phiếu HPG, không còn là cổ đông lớn tại Hòa Phát",OTHER,OTHER,NEUTRAL,LOW,STOCK_SPECIFIC,MEDIUM,WEAK_RULE_V3_ENTITY_TIERED,WEAK_RULE_V3; tier=HIGH_PRECISION; entity=TITLE_TICKER|TITLE_COMPANY|BODY_COMPANY|BODY_TICKER|TARGET_CONTEXT; score=24; event=OTHER; symbol=HPG,TITLE_TICKER|TITLE_COMPANY|BODY_COMPANY|BODY_TICKER|TARGET_CONTEXT,TITLE_TICKER_WITH_TARGET_CONTEXT,HIGH_PRECISION,FALLBACK_QUARANTINE,FALLBACK_NO_EVENT_DETECTED,80,MEDIUM,NOT_INDEPENDENTLY_VALIDATED,False
71613ef2fbda4e42a613,b03070050f2614cb14f8de1b0c9161c1,DGW,Công ty Cổ phần Thế Giới Số,2022-04-02,CafeF,https://cafef.vn/sau-15-nam-lam-thue-cho-the-gioi-di-dong-ong-tran-kinh-doanh-roi-cong-ty-voi-khoi-tai-san-tri-gia-it-nhat-1200-ty-dong-20220401160716322.chn,"Sau 15 năm làm thuê cho Thế giới Di động, ông Trần Kinh Doanh rời công ty với khối tài sản trị giá ít nhất 1.200 tỷ đồng",CORPORATE_ACTION,LEADERSHIP_CHANGE,NEUTRAL,MODERATE,STOCK_SPECIFIC,HIGH,WEAK_RULE_V3_ENTITY_TIERED,WEAK_RULE_V3; tier=HIGH_PRECISION; entity=TITLE_COMPANY|BODY_COMPANY; score=11; event=LEADERSHIP_CHANGE; symbol=DGW,TITLE_COMPANY|BODY_COMPANY,TITLE_ENTITY_MENTION,HIGH_PRECISION,INFORMATIVE_CANDIDATE,EXPERIMENTAL_INFORMATIVE_UNVALIDATED,100,HIGH,NOT_INDEPENDENTLY_VALIDATED,True
18ee33c2810259acd183,b03070050f2614cb14f8de1b0c9161c1,MWG,Công ty Cổ phần Đầu tư Thế Giới Di Động,2022-04-02,CafeF,https://cafef.vn/sau-15-nam-lam-thue-cho-the-gioi-di-dong-ong-tran-kinh-doanh-roi-cong-ty-voi-khoi-tai-san-tri-gia-it-nhat-1200-ty-dong-20220401160716322.chn,"Sau 15 năm làm thuê cho Thế giới Di động, ông Trần Kinh Doanh rời công ty với khối tài sản trị giá ít nhất 1.200 tỷ đồng",CORPORATE_ACTION,LEADERSHIP_CHANGE,NEUTRAL,MODERATE,STOCK_SPECIFIC,HIGH,WEAK_RULE_V3_ENTITY_TIERED,WEAK_RULE_V3; tier=HIGH_PRECISION; entity=TITLE_ALIAS|BODY_ALIAS|BODY_TICKER|TARGET_CONTEXT; score=17; event=LEADERSHIP_CHANGE; symbol=MWG,TITLE_ALIAS|BODY_ALIAS|BODY_TICKER|TARGET_CONTEXT,TITLE_ENTITY_WITH_TARGET_CONTEXT,HIGH_PRECISION,INFORMATIVE_CANDIDATE,EXPERIMENTAL_INFORMATIVE_UNVALIDATED,100,HIGH,NOT_INDEPENDENTLY_VALIDATED,True
81e4221530ceea200581,d82f8aa7d640bb66aba91cc524a4f079,HPG,Công ty Cổ phần Tập đoàn Hòa Phát,2022-04-02,CafeF,https://cafef.vn/hpg-pnj-ttf-yeg-bkg-hig-mhl-scl-rcc-vaf-tv3-sdd-thong-tin-giao-dich-luong-lon-co-phieu-20220401212448101.chn,"HPG, PNJ, TTF, YEG, BKG, HIG, MHL, SCL, RCC, VAF, TV3, SDD: Thông tin giao dịch lượng lớn cổ phiếu",OTHER,OTHER,NEUTRAL,LOW,STOCK_SPECIFIC,MEDIUM,WEAK_RULE_V3_ENTITY_TIERED,WEAK_RULE_V3; tier=HIGH_PRECISION; entity=TITLE_TICKER|BODY_COMPANY|BODY_TICKER|TARGET_CONTEXT; score=17; event=OTHER; symbol=HPG,TITLE_TICKER|BODY_COMPANY|BODY_TICKER|TARGET_CONTEXT,TITLE_TICKER_WITH_TARGET_CONTEXT,HIGH_PRECISION,FALLBACK_QUARANTINE,FALLBACK_NO_EVENT_DETECTED,80,MEDIUM,NOT_INDEPENDENTLY_VALIDATED,False
e7483fd04d3c0b96dd3a,d82f8aa7d640bb66aba91cc524a4f079,PNJ,Công ty Cổ phần Vàng bạc Đá quý Phú Nhuận,2022-04-02,CafeF,https://cafef.vn/hpg-pnj-ttf-yeg-bkg-hig-mhl-scl-rcc-vaf-tv3-sdd-thong-tin-giao-dich-luong-lon-co-phieu-20220401212448101.chn,"HPG, PNJ, TTF, YEG, BKG, HIG, MHL, SCL, RCC, VAF, TV3, SDD: Thông tin giao dịch lượng lớn cổ phiếu",OTHER,OTHER,NEUTRAL,LOW,STOCK_SPECIFIC,MEDIUM,WEAK_RULE_V3_ENTITY_TIERED,WEAK_RULE_V3; tier=HIGH_PRECISION; entity=TITLE_TICKER|BODY_TICKER|TARGET_CONTEXT; score=13; event=OTHER; symbol=PNJ,TITLE_TICKER|BODY_TICKER|TARGET_CONTEXT,TITLE_TICKER_WITH_TARGET_CONTEXT,HIGH_PRECISION,FALLBACK_QUARANTINE,FALLBACK_NO_EVENT_DETECTED,80,MEDIUM,NOT_INDEPENDENTLY_VALIDATED,False
bd43bd90dd8feec8cfd8,b23f78eaddd857c876bb7081623e46c3,FPT,Công ty Cổ phần FPT,2022-04-03,VietnamBiz,https://vietnambiz.vn/dong-tien-ca-nhan-dua-mwg-va-fpt-len-dinh-lich-su-moi-2022431849507.htm,Dòng tiền cá nhân đưa MWG và FPT lên đỉnh lịch sử mới,SECTOR_NEWS,SECTOR_NEWS,NEUTRAL,MODERATE,SECTOR,HIGH,WEAK_RULE_V3_ENTITY_TIERED,WEAK_RULE_V3; tier=HIGH_PRECISION; entity=TITLE_TICKER|BODY_TICKER|TARGET_CONTEXT; score=13; event=SECTOR_NEWS; symbol=FPT,TITLE_TICKER|BODY_TICKER|TARGET_CONTEXT,TITLE_TICKER_WITH_TARGET_CONTEXT,HIGH_PRECISION,INFORMATIVE_CANDIDATE,EXPERIMENTAL_INFORMATIVE_UNVALIDATED,100,CRITICAL,NOT_INDEPENDENTLY_VALIDATED,True
90e8505ef02e5f4ab78c,b23f78eaddd857c876bb7081623e46c3,MWG,Công ty Cổ phần Đầu tư Thế Giới Di Động,2022-04-03,VietnamBiz,https://vietnambiz.vn/dong-tien-ca-nhan-dua-mwg-va-fpt-len-dinh-lich-su-moi-2022431849507.htm,Dòng tiền cá nhân đưa MWG và FPT lên đỉnh lịch sử mới,SECTOR_NEWS,SECTOR_NEWS,NEUTRAL,MODERATE,SECTOR,HIGH,WEAK_RULE_V3_ENTITY_TIERED,WEAK_RULE_V3; tier=HIGH_PRECISION; entity=TITLE_TICKER|BODY_ALIAS|BODY_TICKER|TARGET_CONTEXT; score=17; event=SECTOR_NEWS; symbol=MWG,TITLE_TICKER|BODY_ALIAS|BODY_TICKER|TARGET_CONTEXT,TITLE_TICKER_WITH_TARGET_CONTEXT,HIGH_PRECISION,INFORMATIVE_CANDIDATE,EXPERIMENTAL_INFORMATIVE_UNVALIDATED,100,CRITICAL,NOT_INDEPENDENTLY_VALIDATED,True
1fd1b46e31a28172d982,d7ff23a302cb0ac73c0950fb4818a823,DGC,Công ty Cổ phần Tập đoàn Hóa chất Đức Giang,2022-04-03,VietnamBiz,https://vietnambiz.vn/to-chuc-trong-nuoc-mua-rong-hon-1200-ty-dong-cp-ngan-hang-trong-thang-3-dgc-va-mwg-lot-top-ban-rong-202243202756402.htm,"Tổ chức trong nước mua ròng hơn 1.200 tỷ đồng cp ngân hàng trong tháng 3, DGC và MWG lọt Top bán ròng",LEGAL_REGULATORY,LEGAL_RISK,NEGATIVE,HIGH,STOCK_SPECIFIC,HIGH,WEAK_RULE_V3_ENTITY_TIERED,WEAK_RULE_V3; tier=HIGH_PRECISION; entity=TITLE_TICKER|BODY_COMPANY|BODY_TICKER|TARGET_CONTEXT; score=17; event=LEGAL_RISK; symbol=DGC,TITLE_TICKER|BODY_COMPANY|BODY_TICKER|TARGET_CONTEXT,TITLE_TICKER_WITH_TARGET_CONTEXT,HIGH_PRECISION,INFORMATIVE_CANDIDATE,EXPERIMENTAL_INFORMATIVE_UNVALIDATED,100,CRITICAL,NOT_INDEPENDENTLY_VALIDATED,True
9dadcb799a6679e93a5d,d7ff23a302cb0ac73c0950fb4818a823,MWG,Công ty Cổ phần Đầu tư Thế Giới Di Động,2022-04-03,VietnamBiz,https://vietnambiz.vn/to-chuc-trong-nuoc-mua-rong-hon-1200-ty-dong-cp-ngan-hang-trong-thang-3-dgc-va-mwg-lot-top-ban-rong-202243202756402.htm,"Tổ chức trong nước mua ròng hơn 1.200 tỷ đồng cp ngân hàng trong tháng 3, DGC và MWG lọt Top bán ròng",LEGAL_REGULATORY,LEGAL_RISK,NEGATIVE,HIGH,STOCK_SPECIFIC,HIGH,WEAK_RULE_V3_ENTITY_TIERED,WEAK_RULE_V3; tier=HIGH_PRECISION; entity=TITLE_TICKER|BODY_TICKER|TARGET_CONTEXT; score=13; event=LEGAL_RISK; symbol=MWG,TITLE_TICKER|BODY_TICKER|TARGET_CONTEXT,TITLE_TICKER_WITH_TARGET_CONTEXT,HIGH_PRECISION,INFORMATIVE_CANDIDATE,EXPERIMENTAL_INFORMATIVE_UNVALIDATED,100,CRITICAL,NOT_INDEPENDENTLY_VALIDATED,True
cb4725e49f93abc6b850,59c50dcd484b42147cd82eaa9d13580e,PNJ,Công ty Cổ phần Vàng bạc Đá quý Phú Nhuận,2022-04-04,VietnamBiz,https://vietnambiz.vn/dragon-capital-ban-ra-1-trieu-co-phieu-pnj-giam-ty-le-so-huu-tai-vang-bac-da-quy-phu-nhuan-xuong-889-202244211646222.htm,"Dragon Capital bán ra 1 triệu cổ phiếu PNJ, giảm tỷ lệ sở hữu tại Vàng bạc đá quý Phú Nhuận xuống 8,89%",OTHER,OTHER,NEUTRAL,LOW,STOCK_SPECIFIC,MEDIUM,WEAK_RULE_V3_ENTITY_TIERED,WEAK_RULE_V3; tier=HIGH_PRECISION; entity=TITLE_TICKER|BODY_TICKER|TARGET_CONTEXT; score=13; event=OTHER; symbol=PNJ,TITLE_TICKER|BODY_TICKER|TARGET_CONTEXT,TITLE_TICKER_WITH_TARGET_CONTEXT,HIGH_PRECISION,FALLBACK_QUARANTINE,FALLBACK_NO_EVENT_DETECTED,80,MEDIUM,NOT_INDEPENDENTLY_VALIDATED,False
782b6ce2fd0eb15608dc,0db120f9d828fdc7ba725aaf5474512f,FPT,Công ty Cổ phần FPT,2022-04-05,CafeF,https://cafef.vn/sau-hon-1-thap-ky-dau-tu-chung-khoan-fpt-dang-ky-ban-bot-co-phieu-may-song-hong-msh-khi-thi-gia-da-tang-gap-42-lan-gia-von-20220405172209584.chn,"Sau hơn 1 thập kỷ đầu tư, Chứng khoán FPT đăng ký bán bớt cổ phiếu May Sông Hồng (MSH) khi thị giá đã tăng gấp 42 lần giá vốn",OTHER,OTHER,NEUTRAL,LOW,STOCK_SPECIFIC,MEDIUM,WEAK_RULE_V3_ENTITY_TIERED,WEAK_RULE_V3; tier=HIGH_PRECISION; entity=TITLE_TICKER|BODY_TICKER|TARGET_CONTEXT; score=13; event=OTHER; symbol=FPT,TITLE_TICKER|BODY_TICKER|TARGET_CONTEXT,TITLE_TICKER_WITH_TARGET_CONTEXT,HIGH_PRECISION,FALLBACK_QUARANTINE,FALLBACK_NO_EVENT_DETECTED,80,MEDIUM,NOT_INDEPENDENTLY_VALIDATED,False
b050efa12d3d2d5696ce,214c7249d171ed1a4438a843fec6f58c,VND,Công ty Cổ phần Chứng khoán VNDIRECT,2022-04-05,VietnamBiz,https://vietnambiz.vn/co-phieu-tam-diem-64-vnd-ipa-elc-202245155031634.htm,"Cổ phiếu tâm điểm 6/4: VND, IPA, ELC",OTHER,OTHER,NEUTRAL,LOW,STOCK_SPECIFIC,MEDIUM,WEAK_RULE_V3_ENTITY_TIERED,WEAK_RULE_V3; tier=HIGH_PRECISION; entity=TITLE_TICKER|BODY_ALIAS|BODY_TICKER|TARGET_CONTEXT; score=17; event=OTHER; symbol=VND,TITLE_TICKER|BODY_ALIAS|BODY_TICKER|TARGET_CONTEXT,TITLE_TICKER_WITH_TARGET_CONTEXT,HIGH_PRECISION,FALLBACK_QUARANTINE,FALLBACK_NO_EVENT_DETECTED,80,MEDIUM,NOT_INDEPENDENTLY_VALIDATED,False
afd288e946a1c85577be,4af813762430dfece0a99e60b357a57a,VHM,Công ty Cổ phần Vinhomes,2022-04-05,CafeF,https://cafef.vn/phien-5-4-khoi-ngoai-tro-lai-ban-rong-gan-280-ty-dong-tren-hose-tam-diem-ban-bo-doi-vhm-vic-20220405163929597.chn,"Phiên 5/4: Khối ngoại trở lại bán ròng gần 280 tỷ đồng trên HoSE, tâm điểm bán bộ đôi VHM, VIC",OTHER,OTHER,NEUTRAL,LOW,STOCK_SPECIFIC,MEDIUM,WEAK_RULE_V3_ENTITY_TIERED,WEAK_RULE_V3; tier=HIGH_PRECISION; entity=TITLE_TICKER|BODY_TICKER|TARGET_CONTEXT; score=13; event=OTHER; symbol=VHM,TITLE_TICKER|BODY_TICKER|TARGET_CONTEXT,TITLE_TICKER_WITH_TARGET_CONTEXT,HIGH_PRECISION,FALLBACK_QUARANTINE,FALLBACK_NO_EVENT_DETECTED,80,MEDIUM,NOT_INDEPENDENTLY_VALIDATED,False
8fe15a54b3c676fa855c,4af813762430dfece0a99e60b357a57a,VIC,Tập đoàn Vingroup,2022-04-05,CafeF,https://cafef.vn/phien-5-4-khoi-ngoai-tro-lai-ban-rong-gan-280-ty-dong-tren-hose-tam-diem-ban-bo-doi-vhm-vic-20220405163929597.chn,"Phiên 5/4: Khối ngoại trở lại bán ròng gần 280 tỷ đồng trên HoSE, tâm điểm bán bộ đôi VHM, VIC",OTHER,OTHER,NEUTRAL,LOW,STOCK_SPECIFIC,MEDIUM,WEAK_RULE_V3_ENTITY_TIERED,WEAK_RULE_V3; tier=HIGH_PRECISION; entity=TITLE_TICKER|BODY_TICKER|TARGET_CONTEXT; score=13; event=OTHER; symbol=VIC,TITLE_TICKER|BODY_TICKER|TARGET_CONTEXT,TITLE_TICKER_WITH_TARGET_CONTEXT,HIGH_PRECISION,FALLBACK_QUARANTINE,FALLBACK_NO_EVENT_DETECTED,80,MEDIUM,NOT_INDEPENDENTLY_VALIDATED,False
43968ed05cf60ce73d9f,de7605d6fcf0781ce949f5dbd938cff5,SSI,Công ty Cổ phần Chứng khoán SSI,2022-04-07,Tin Nhanh Chứng Khoán,https://www.tinnhanhchungkhoan.vn/du-no-margin-cua-ssi-cuoi-quy-i-xap-xi-20600-ty-dong-post294820.html,Dư nợ margin của SSI cuối quý I xấp xỉ 20.600 tỷ đồng,OTHER,OTHER,NEUTRAL,LOW,STOCK_SPECIFIC,MEDIUM,WEAK_RULE_V3_ENTITY_TIERED,WEAK_RULE_V3; tier=HIGH_PRECISION; entity=TITLE_TICKER|BODY_COMPANY|BODY_TICKER|TARGET_CONTEXT; score=17; event=OTHER; symbol=SSI,TITLE_TICKER|BODY_COMPANY|BODY_TICKER|TARGET_CONTEXT,TITLE_TICKER_WITH_TARGET_CONTEXT,HIGH_PRECISION,FALLBACK_QUARANTINE,FALLBACK_NO_EVENT_DETECTED,80,MEDIUM,NOT_INDEPENDENTLY_VALIDATED,False
8ba8afa3ee048c4ceb06,75aaa14550aa40e4a41e88fbfda68fbc,MWG,Công ty Cổ phần Đầu tư Thế Giới Di Động,2022-04-08,CafeF,https://cafef.vn/mwg-tip-lhc-afx-ve2-cig-vdp-thong-tin-giao-dich-luong-lon-co-phieu-20220407224440959.chn,"MWG, TIP, LHC, AFX, VE2, CIG, VDP: Thông tin giao dịch lượng lớn cổ phiếu",OTHER,OTHER,NEUTRAL,LOW,STOCK_SPECIFIC,MEDIUM,WEAK_RULE_V3_ENTITY_TIERED,WEAK_RULE_V3; tier=HIGH_PRECISION; entity=TITLE_TICKER|BODY_ALIAS|BODY_TICKER|TARGET_CONTEXT; score=17; event=OTHER; symbol=MWG,TITLE_TICKER|BODY_ALIAS|BODY_TICKER|TARGET_CONTEXT,TITLE_TICKER_WITH_TARGET_CONTEXT,HIGH_PRECISION,FALLBACK_QUARANTINE,FALLBACK_NO_EVENT_DETECTED,80,MEDIUM,NOT_INDEPENDENTLY_VALIDATED,False
d7d4f163fa8c97ec8f8b,3bfda0e4c985555af595253922b344c1,PDR,Công ty Cổ phần Phát triển Bất động sản Phát Đạt,2022-04-12,CafeF,https://cafef.vn/bat-dong-san-phat-dat-pdr-chot-danh-sach-co-dong-phat-hanh-179-trieu-co-phieu-tra-co-tuc-ty-le-363-20220412111643585.chn,"Bất động sản Phát Đạt (PDR) chốt danh sách cổ đông phát hành 179 triệu cổ phiếu trả cổ tức tỷ lệ 36,3%",CORPORATE_ACTION,DIVIDEND,POSITIVE,MODERATE,STOCK_SPECIFIC,HIGH,WEAK_RULE_V3_ENTITY_TIERED,WEAK_RULE_V3; tier=HIGH_PRECISION; entity=TITLE_TICKER|TITLE_ALIAS|BODY_COMPANY|BODY_TICKER|TARGET_CONTEXT; score=24; event=DIVIDEND; symbol=PDR,TITLE_TICKER|TITLE_ALIAS|BODY_COMPANY|BODY_TICKER|TARGET_CONTEXT,TITLE_TICKER_WITH_TARGET_CONTEXT,HIGH_PRECISION,INFORMATIVE_CANDIDATE,EXPERIMENTAL_INFORMATIVE_UNVALIDATED,100,HIGH,NOT_INDEPENDENTLY_VALIDATED,True
580ae5779514c9105c77,4cfbaf54a2a4f2324ebb67d4d464b890,VPB,Ngân hàng TMCP Việt Nam Thịnh Vượng,2022-04-14,VietnamBiz,https://vietnambiz.vn/co-phieu-ngan-hang-van-chua-hoi-phuc-vpb-gong-do-thi-truong-2022414191551433.htm,"Cổ phiếu ngân hàng vẫn chưa hồi phục, VPB gồng đỡ thị trường",SECTOR_NEWS,SECTOR_NEWS,NEUTRAL,MODERATE,SECTOR,HIGH,WEAK_RULE_V3_ENTITY_TIERED,WEAK_RULE_V3; tier=HIGH_PRECISION; entity=TITLE_TICKER|BODY_TICKER|TARGET_CONTEXT; score=13; event=SECTOR_NEWS; symbol=VPB,TITLE_TICKER|BODY_TICKER|TARGET_CONTEXT,TITLE_TICKER_WITH_TARGET_CONTEXT,HIGH_PRECISION,INFORMATIVE_CANDIDATE,EXPERIMENTAL_INFORMATIVE_UNVALIDATED,100,CRITICAL,NOT_INDEPENDENTLY_VALIDATED,True
29c6833ce21a2bafbeba,5a41d2ef39d61c8abcb621b32d5952a6,HCM,Công ty Cổ phần Chứng khoán Thành phố Hồ Chí Minh,2022-04-14,CafeF,https://cafef.vn/ocb-hcm-tcm-va-dhc-co-the-lot-ro-diamond-trong-ky-co-cau-thang-4-20220413221251108.chn,"OCB, HCM, TCM và DHC có thể lọt rổ Diamond trong kỳ cơ cấu tháng 4?",OTHER,OTHER,NEUTRAL,LOW,STOCK_SPECIFIC,MEDIUM,WEAK_RULE_V3_ENTITY_TIERED,WEAK_RULE_V3; tier=HIGH_PRECISION; entity=TITLE_TICKER|BODY_TICKER|TARGET_CONTEXT; score=13; event=OTHER; symbol=HCM,TITLE_TICKER|BODY_TICKER|TARGET_CONTEXT,TITLE_TICKER_WITH_TARGET_CONTEXT,HIGH_PRECISION,FALLBACK_QUARANTINE,FALLBACK_NO_EVENT_DETECTED,80,MEDIUM,NOT_INDEPENDENTLY_VALIDATED,False
d78e70daf29130f87ca9,b245c76135e994574b05dff747f364a6,MWG,Công ty Cổ phần Đầu tư Thế Giới Di Động,2022-04-14,CafeF,https://cafef.vn/mwg-thanh-lap-cong-ty-con-mo-duong-ban-von-va-niem-yet-bach-hoa-xanh-20220414020951331.chn,"MWG thành lập công ty con ""mở đường"" bán vốn và niêm yết Bách Hóa Xanh",CORPORATE_ACTION,STOCK_ISSUANCE,NEUTRAL,MODERATE,STOCK_SPECIFIC,HIGH,WEAK_RULE_V3_ENTITY_TIERED,WEAK_RULE_V3; tier=HIGH_PRECISION; entity=TITLE_TICKER|BODY_ALIAS|BODY_TICKER|TARGET_CONTEXT; score=17; event=STOCK_ISSUANCE; symbol=MWG,TITLE_TICKER|BODY_ALIAS|BODY_TICKER|TARGET_CONTEXT,TITLE_TICKER_WITH_TARGET_CONTEXT,HIGH_PRECISION,INFORMATIVE_CANDIDATE,EXPERIMENTAL_INFORMATIVE_UNVALIDATED,100,HIGH,NOT_INDEPENDENTLY_VALIDATED,True
148ed6d3ec94c99b7122,eefa43a2e8f8939d8c1f0fd65ee71dd3,MSN,Công ty Cổ phần Tập đoàn Masan,2022-04-14,CafeF,https://cafef.vn/khong-chi-point-of-life-masan-phat-trien-them-mo-hinh-mini-mall-duoc-xem-la-chia-khoa-mo-rong-quy-mo-huong-den-moc-doanh-thu-ky-luc-100000-ty-dong-nam-2022-20220413150329661.chn,"Không chỉ Point of Life, Masan phát triển thêm mô hình ""mini mall"": Được xem là chìa khoá mở rộng quy mô, hướng đến mốc doanh thu kỷ lục 100.000 tỷ đồng năm 2022",BUSINESS_RESULT,PROJECT_EXPANSION,POSITIVE,MODERATE,STOCK_SPECIFIC,HIGH,WEAK_RULE_V3_ENTITY_TIERED,WEAK_RULE_V3; tier=HIGH_PRECISION; entity=TITLE_COMPANY|BODY_COMPANY|BODY_TICKER|TARGET_CONTEXT; score=17; event=PROJECT_EXPANSION; symbol=MSN,TITLE_COMPANY|BODY_COMPANY|BODY_TICKER|TARGET_CONTEXT,TITLE_ENTITY_WITH_TARGET_CONTEXT,HIGH_PRECISION,INFORMATIVE_CANDIDATE,EXPERIMENTAL_INFORMATIVE_UNVALIDATED,100,HIGH,NOT_INDEPENDENTLY_VALIDATED,True
fba108321179870de8ba,a6d042b7b85f55373b5d46406b5a86f5,MWG,Công ty Cổ phần Đầu tư Thế Giới Di Động,2022-04-15,CafeF,https://cafef.vn/nhom-quy-thuoc-dragon-capital-chi-600-ty-dong-mua-co-phieu-mwg-phien-ho-room-20220415171118599.chn,Nhóm quỹ thuộc Dragon Capital chi 600 tỷ đồng mua cổ phiếu MWG phiên “hở room”,OTHER,OTHER,NEUTRAL,LOW,STOCK_SPECIFIC,MEDIUM,WEAK_RULE_V3_ENTITY_TIERED,WEAK_RULE_V3; tier=HIGH_PRECISION; entity=TITLE_TICKER|BODY_ALIAS|BODY_TICKER|TARGET_CONTEXT; score=17; event=OTHER; symbol=MWG,TITLE_TICKER|BODY_ALIAS|BODY_TICKER|TARGET_CONTEXT,TITLE_TICKER_WITH_TARGET_CONTEXT,HIGH_PRECISION,FALLBACK_QUARANTINE,FALLBACK_NO_EVENT_DETECTED,80,MEDIUM,NOT_INDEPENDENTLY_VALIDATED,False
a8d4e1a7e3a5dbc1e985,c4a58f1ab696bdf532d802ec23e29760,VPB,Ngân hàng TMCP Việt Nam Thịnh Vượng,2022-04-15,Tin Nhanh Chứng Khoán,https://www.tinnhanhchungkhoan.vn/nam-2022-vpbank-se-thuc-hien-2-dot-tang-von-len-79334-ty-dong-tiep-tuc-tim-kiem-cac-co-hoi-ma-post295313.html,"Năm 2022, VPBank sẽ thực hiện 2 đợt tăng vốn lên 79.334 tỷ đồng, tiếp tục tìm kiếm các cơ hội M&A",CORPORATE_ACTION,STOCK_ISSUANCE,NEUTRAL,MODERATE,STOCK_SPECIFIC,HIGH,WEAK_RULE_V3_ENTITY_TIERED,WEAK_RULE_V3; tier=HIGH_PRECISION; entity=TITLE_ALIAS|BODY_COMPANY|BODY_TICKER|TARGET_CONTEXT; score=17; event=STOCK_ISSUANCE; symbol=VPB,TITLE_ALIAS|BODY_COMPANY|BODY_TICKER|TARGET_CONTEXT,TITLE_ENTITY_WITH_TARGET_CONTEXT,HIGH_PRECISION,INFORMATIVE_CANDIDATE,EXPERIMENTAL_INFORMATIVE_UNVALIDATED,100,HIGH,NOT_INDEPENDENTLY_VALIDATED,True
48ef1e269314bba35379,31a7d66c14ee13c70183088b09e36728,MWG,Công ty Cổ phần Đầu tư Thế Giới Di Động,2022-04-16,CafeF,https://cafef.vn/mwg-vnm-dig-sjf-cdc-pot-gkm-nsh-ths-thong-tin-giao-dich-luong-lon-co-phieu-20220415221943568.chn,"MWG, VNM, DIG, SJF, CDC, POT, GKM, NSH, THS: Thông tin giao dịch lượng lớn cổ phiếu",OTHER,OTHER,NEUTRAL,LOW,STOCK_SPECIFIC,MEDIUM,WEAK_RULE_V3_ENTITY_TIERED,WEAK_RULE_V3; tier=HIGH_PRECISION; entity=TITLE_TICKER|BODY_ALIAS|BODY_TICKER|TARGET_CONTEXT; score=17; event=OTHER; symbol=MWG,TITLE_TICKER|BODY_ALIAS|BODY_TICKER|TARGET_CONTEXT,TITLE_TICKER_WITH_TARGET_CONTEXT,HIGH_PRECISION,FALLBACK_QUARANTINE,FALLBACK_NO_EVENT_DETECTED,80,MEDIUM,NOT_INDEPENDENTLY_VALIDATED,False
f87602c35fd445a60874,31a7d66c14ee13c70183088b09e36728,VNM,Công ty Cổ phần Sữa Việt Nam,2022-04-16,CafeF,https://cafef.vn/mwg-vnm-dig-sjf-cdc-pot-gkm-nsh-ths-thong-tin-giao-dich-luong-lon-co-phieu-20220415221943568.chn,"MWG, VNM, DIG, SJF, CDC, POT, GKM, NSH, THS: Thông tin giao dịch lượng lớn cổ phiếu",OTHER,OTHER,NEUTRAL,LOW,STOCK_SPECIFIC,MEDIUM,WEAK_RULE_V3_ENTITY_TIERED,WEAK_RULE_V3; tier=HIGH_PRECISION; entity=TITLE_TICKER|BODY_ALIAS|BODY_TICKER|TARGET_CONTEXT; score=17; event=OTHER; symbol=VNM,TITLE_TICKER|BODY_ALIAS|BODY_TICKER|TARGET_CONTEXT,TITLE_TICKER_WITH_TARGET_CONTEXT,HIGH_PRECISION,FALLBACK_QUARANTINE,FALLBACK_NO_EVENT_DETECTED,80,MEDIUM,NOT_INDEPENDENTLY_VALIDATED,False
e53a226f2b1cb682fac9,779f9f3daeb656ff323506e62cf34127,GEX,Công ty Cổ phần Tập đoàn GELEX,2022-04-16,VietnamBiz,https://vietnambiz.vn/tuan-12-154-ndt-ca-nhan-ban-rong-hon-850-ty-dong-tap-trung-xa-nvl-vic-gex-nhung-gom-manh-hpg-dig-2022416112332312.htm,"Tuần 12 - 15/4: NĐT cá nhân bán ròng hơn 850 tỷ đồng, tập trung xả NVL, VIC, GEX nhưng gom mạnh HPG, DIG",OTHER,OTHER,NEUTRAL,LOW,STOCK_SPECIFIC,MEDIUM,WEAK_RULE_V3_ENTITY_TIERED,WEAK_RULE_V3; tier=HIGH_PRECISION; entity=TITLE_TICKER|BODY_TICKER|TARGET_CONTEXT; score=13; event=OTHER; symbol=GEX,TITLE_TICKER|BODY_TICKER|TARGET_CONTEXT,TITLE_TICKER_WITH_TARGET_CONTEXT,HIGH_PRECISION,FALLBACK_QUARANTINE,FALLBACK_NO_EVENT_DETECTED,80,MEDIUM,NOT_INDEPENDENTLY_VALIDATED,False
83e9575edd18698288bb,779f9f3daeb656ff323506e62cf34127,HPG,Công ty Cổ phần Tập đoàn Hòa Phát,2022-04-16,VietnamBiz,https://vietnambiz.vn/tuan-12-154-ndt-ca-nhan-ban-rong-hon-850-ty-dong-tap-trung-xa-nvl-vic-gex-nhung-gom-manh-hpg-dig-2022416112332312.htm,"Tuần 12 - 15/4: NĐT cá nhân bán ròng hơn 850 tỷ đồng, tập trung xả NVL, VIC, GEX nhưng gom mạnh HPG, DIG",OTHER,OTHER,NEUTRAL,LOW,STOCK_SPECIFIC,MEDIUM,WEAK_RULE_V3_ENTITY_TIERED,WEAK_RULE_V3; tier=HIGH_PRECISION; entity=TITLE_TICKER|BODY_COMPANY|BODY_TICKER|TARGET_CONTEXT; score=17; event=OTHER; symbol=HPG,TITLE_TICKER|BODY_COMPANY|BODY_TICKER|TARGET_CONTEXT,TITLE_TICKER_WITH_TARGET_CONTEXT,HIGH_PRECISION,FALLBACK_QUARANTINE,FALLBACK_NO_EVENT_DETECTED,80,MEDIUM,NOT_INDEPENDENTLY_VALIDATED,False
519a8338f149618883c3,779f9f3daeb656ff323506e62cf34127,NVL,Công ty Cổ phần Tập đoàn Đầu tư Địa ốc No Va,2022-04-16,VietnamBiz,https://vietnambiz.vn/tuan-12-154-ndt-ca-nhan-ban-rong-hon-850-ty-dong-tap-trung-xa-nvl-vic-gex-nhung-gom-manh-hpg-dig-2022416112332312.htm,"Tuần 12 - 15/4: NĐT cá nhân bán ròng hơn 850 tỷ đồng, tập trung xả NVL, VIC, GEX nhưng gom mạnh HPG, DIG",OTHER,OTHER,NEUTRAL,LOW,STOCK_SPECIFIC,MEDIUM,WEAK_RULE_V3_ENTITY_TIERED,WEAK_RULE_V3; tier=HIGH_PRECISION; entity=TITLE_TICKER|BODY_ALIAS|BODY_TICKER|TARGET_CONTEXT; score=17; event=OTHER; symbol=NVL,TITLE_TICKER|BODY_ALIAS|BODY_TICKER|TARGET_CONTEXT,TITLE_TICKER_WITH_TARGET_CONTEXT,HIGH_PRECISION,FALLBACK_QUARANTINE,FALLBACK_NO_EVENT_DETECTED,80,MEDIUM,NOT_INDEPENDENTLY_VALIDATED,False
584782a86e46b9a27669,779f9f3daeb656ff323506e62cf34127,VIC,Tập đoàn Vingroup,2022-04-16,VietnamBiz,https://vietnambiz.vn/tuan-12-154-ndt-ca-nhan-ban-rong-hon-850-ty-dong-tap-trung-xa-nvl-vic-gex-nhung-gom-manh-hpg-dig-2022416112332312.htm,"Tuần 12 - 15/4: NĐT cá nhân bán ròng hơn 850 tỷ đồng, tập trung xả NVL, VIC, GEX nhưng gom mạnh HPG, DIG",OTHER,OTHER,NEUTRAL,LOW,STOCK_SPECIFIC,MEDIUM,WEAK_RULE_V3_ENTITY_TIERED,WEAK_RULE_V3; tier=HIGH_PRECISION; entity=TITLE_TICKER|BODY_COMPANY|BODY_TICKER|TARGET_CONTEXT; score=17; event=OTHER; symbol=VIC,TITLE_TICKER|BODY_COMPANY|BODY_TICKER|TARGET_CONTEXT,TITLE_TICKER_WITH_TARGET_CONTEXT,HIGH_PRECISION,FALLBACK_QUARANTINE,FALLBACK_NO_EVENT_DETECTED,80,MEDIUM,NOT_INDEPENDENTLY_VALIDATED,False
702bfa0f5cf48dd66848,cd2531fd00396bd12a4d454666c02f21,TCB,Ngân hàng TMCP Kỹ Thương Việt Nam,2022-04-16,VietnamBiz,https://vietnambiz.vn/co-phieu-ngan-hang-do-lua-tcb-cham-day-mot-nam-2022415181411825.htm,"Cổ phiếu ngân hàng đỏ lửa, TCB chạm đáy một năm",SECTOR_NEWS,SECTOR_NEWS,NEUTRAL,MODERATE,SECTOR,HIGH,WEAK_RULE_V3_ENTITY_TIERED,WEAK_RULE_V3; tier=HIGH_PRECISION; entity=TITLE_TICKER|BODY_TICKER|TARGET_CONTEXT; score=13; event=SECTOR_NEWS; symbol=TCB,TITLE_TICKER|BODY_TICKER|TARGET_CONTEXT,TITLE_TICKER_WITH_TARGET_CONTEXT,HIGH_PRECISION,INFORMATIVE_CANDIDATE,EXPERIMENTAL_INFORMATIVE_UNVALIDATED,100,CRITICAL,NOT_INDEPENDENTLY_VALIDATED,True
1def14e2044977992c0b,ca71f1e156c67205f44b97312cb051f4,FRT,Công ty Cổ phần Bán lẻ Kỹ thuật số FPT,2022-04-17,VietnamBiz,https://vietnambiz.vn/co-phieu-tam-diem-184-frt-hah-mig-2022417105659251.htm,"Cổ phiếu tâm điểm 18/4: FRT, HAH, MIG",BUSINESS_RESULT,PROJECT_EXPANSION,POSITIVE,MODERATE,STOCK_SPECIFIC,HIGH,WEAK_RULE_V3_ENTITY_TIERED,WEAK_RULE_V3; tier=HIGH_PRECISION; entity=TITLE_TICKER|BODY_ALIAS|BODY_TICKER|TARGET_CONTEXT; score=17; event=PROJECT_EXPANSION; symbol=FRT,TITLE_TICKER|BODY_ALIAS|BODY_TICKER|TARGET_CONTEXT,TITLE_TICKER_WITH_TARGET_CONTEXT,HIGH_PRECISION,INFORMATIVE_CANDIDATE,EXPERIMENTAL_INFORMATIVE_UNVALIDATED,100,HIGH,NOT_INDEPENDENTLY_VALIDATED,True
a0da00eb515dcb360809,ca71f1e156c67205f44b97312cb051f4,HAH,Công ty Cổ phần Vận tải và Xếp dỡ Hải An,2022-04-17,VietnamBiz,https://vietnambiz.vn/co-phieu-tam-diem-184-frt-hah-mig-2022417105659251.htm,"Cổ phiếu tâm điểm 18/4: FRT, HAH, MIG",BUSINESS_RESULT,PROJECT_EXPANSION,POSITIVE,MODERATE,STOCK_SPECIFIC,HIGH,WEAK_RULE_V3_ENTITY_TIERED,WEAK_RULE_V3; tier=HIGH_PRECISION; entity=TITLE_TICKER|BODY_ALIAS|BODY_TICKER|TARGET_CONTEXT; score=17; event=PROJECT_EXPANSION; symbol=HAH,TITLE_TICKER|BODY_ALIAS|BODY_TICKER|TARGET_CONTEXT,TITLE_TICKER_WITH_TARGET_CONTEXT,HIGH_PRECISION,INFORMATIVE_CANDIDATE,EXPERIMENTAL_INFORMATIVE_UNVALIDATED,100,HIGH,NOT_INDEPENDENTLY_VALIDATED,True
bc9bbf8e085206c5a868,fa9e7ae13eced48d58a7774d2e6bc0c6,VPB,Ngân hàng TMCP Việt Nam Thịnh Vượng,2022-04-18,VietnamBiz,https://vietnambiz.vn/dong-tien-thong-minh-184-to-chuc-trong-nuoc-ban-rong-gan-400-ty-dong-tam-diem-dig-vpb-202241881922202.htm,"Dòng tiền thông minh 18/4: Tổ chức trong nước bán ròng gần 400 tỷ đồng, tâm điểm DIG, VPB",OTHER,OTHER,NEUTRAL,LOW,STOCK_SPECIFIC,MEDIUM,WEAK_RULE_V3_ENTITY_TIERED,WEAK_RULE_V3; tier=HIGH_PRECISION; entity=TITLE_TICKER|BODY_TICKER|TARGET_CONTEXT; score=13; event=OTHER; symbol=VPB,TITLE_TICKER|BODY_TICKER|TARGET_CONTEXT,TITLE_TICKER_WITH_TARGET_CONTEXT,HIGH_PRECISION,FALLBACK_QUARANTINE,FALLBACK_NO_EVENT_DETECTED,80,MEDIUM,NOT_INDEPENDENTLY_VALIDATED,False
f769d756e60ffd91fe4d,81a9cc54f5f7786de9a840e6b53e5094,GEX,Công ty Cổ phần Tập đoàn GELEX,2022-04-19,CafeF,https://cafef.vn/tcb-gex-sp2-adp-nng-sdg-cet-ctc-psg-png-tnc-hdp-xhc-lgm-onw-thong-tin-giao-dich-luong-lon-co-phieu-20220418184108925.chn,"TCB, GEX, SP2, ADP, NNG, SDG, CET, CTC, PSG, PNG, TNC, HDP, XHC, LGM, ONW: Thông tin giao dịch lượng lớn cổ phiếu",OTHER,OTHER,NEUTRAL,LOW,STOCK_SPECIFIC,MEDIUM,WEAK_RULE_V3_ENTITY_TIERED,WEAK_RULE_V3; tier=HIGH_PRECISION; entity=TITLE_TICKER|BODY_COMPANY|BODY_TICKER|TARGET_CONTEXT; score=17; event=OTHER; symbol=GEX,TITLE_TICKER|BODY_COMPANY|BODY_TICKER|TARGET_CONTEXT,TITLE_TICKER_WITH_TARGET_CONTEXT,HIGH_PRECISION,FALLBACK_QUARANTINE,FALLBACK_NO_EVENT_DETECTED,80,MEDIUM,NOT_INDEPENDENTLY_VALIDATED,False
1d62885e5f3be3b2a306,81a9cc54f5f7786de9a840e6b53e5094,TCB,Ngân hàng TMCP Kỹ Thương Việt Nam,2022-04-19,CafeF,https://cafef.vn/tcb-gex-sp2-adp-nng-sdg-cet-ctc-psg-png-tnc-hdp-xhc-lgm-onw-thong-tin-giao-dich-luong-lon-co-phieu-20220418184108925.chn,"TCB, GEX, SP2, ADP, NNG, SDG, CET, CTC, PSG, PNG, TNC, HDP, XHC, LGM, ONW: Thông tin giao dịch lượng lớn cổ phiếu",OTHER,OTHER,NEUTRAL,LOW,STOCK_SPECIFIC,MEDIUM,WEAK_RULE_V3_ENTITY_TIERED,WEAK_RULE_V3; tier=HIGH_PRECISION; entity=TITLE_TICKER|BODY_COMPANY|BODY_TICKER|TARGET_CONTEXT; score=17; event=OTHER; symbol=TCB,TITLE_TICKER|BODY_COMPANY|BODY_TICKER|TARGET_CONTEXT,TITLE_TICKER_WITH_TARGET_CONTEXT,HIGH_PRECISION,FALLBACK_QUARANTINE,FALLBACK_NO_EVENT_DETECTED,80,MEDIUM,NOT_INDEPENDENTLY_VALIDATED,False
232eb323bf6171d4d5e9,02893f2933a43487ae5c10905f8e4b6b,TCB,Ngân hàng TMCP Kỹ Thương Việt Nam,2022-04-20,CafeF,https://cafef.vn/vfmvn-diamond-etf-co-the-mua-vao-hon-6-trieu-tcb-trong-ky-co-cau-quy-2-2022-20220420133909219.chn,"DCVFMVN Diamond ETF gia tăng tỷ trọng TCB, ước tính mua vào gần 6,1 triệu cổ phiếu trong kỳ review quý 2",SECTOR_NEWS,SECTOR_NEWS,NEUTRAL,MODERATE,SECTOR,HIGH,WEAK_RULE_V3_ENTITY_TIERED,WEAK_RULE_V3; tier=HIGH_PRECISION; entity=TITLE_TICKER|BODY_TICKER|TARGET_CONTEXT; score=13; event=SECTOR_NEWS; symbol=TCB,TITLE_TICKER|BODY_TICKER|TARGET_CONTEXT,TITLE_TICKER_WITH_TARGET_CONTEXT,HIGH_PRECISION,INFORMATIVE_CANDIDATE,EXPERIMENTAL_INFORMATIVE_UNVALIDATED,100,CRITICAL,NOT_INDEPENDENTLY_VALIDATED,True
b7b1e978cf349ab56f0a,12e1dc4ba9be795b28c1788e1c78ff42,VHC,Công ty Cổ phần Vĩnh Hoàn,2022-04-20,CafeF,https://cafef.vn/chu-tich-vinh-hoan-vhc-neu-mot-ngay-ca-tra-duoc-bay-len-ban-sushi-thi-toi-co-the-vo-nguc-xung-ten-da-dat-den-dinh-cao-cua-nganh-20220420114417602.chn,"Chủ tịch Vĩnh Hoàn (VHC): ""Nếu một ngày cá tra được bày lên bàn Sushi, thì tôi có thể vỗ ngực xưng tên đã đạt đến đỉnh cao của ngành!",CORPORATE_ACTION,DIVIDEND,POSITIVE,MODERATE,STOCK_SPECIFIC,HIGH,WEAK_RULE_V3_ENTITY_TIERED,WEAK_RULE_V3; tier=HIGH_PRECISION; entity=TITLE_TICKER|TITLE_COMPANY|BODY_COMPANY|BODY_TICKER|TARGET_CONTEXT; score=24; event=DIVIDEND; symbol=VHC,TITLE_TICKER|TITLE_COMPANY|BODY_COMPANY|BODY_TICKER|TARGET_CONTEXT,TITLE_TICKER_WITH_TARGET_CONTEXT,HIGH_PRECISION,INFORMATIVE_CANDIDATE,EXPERIMENTAL_INFORMATIVE_UNVALIDATED,100,HIGH,NOT_INDEPENDENTLY_VALIDATED,True
cd3358b7d77b38780693,1349bc314bd71c2340f228c926a606c8,PDR,Công ty Cổ phần Phát triển Bất động sản Phát Đạt,2022-04-20,CafeF,https://cafef.vn/phat-dat-pdr-bao-lai-quy-1-dat-279-ty-dong-tang-11-so-voi-cung-ky-nho-chi-phi-gia-von-giam-sau-20220420124334387.chn,"Phát Đạt (PDR) báo lãi quý 1 đạt 279 tỷ đồng, tăng 11% so với cùng kỳ nhờ chi phí giá vốn giảm sâu",BUSINESS_RESULT,PROFIT_GROWTH,POSITIVE,HIGH,STOCK_SPECIFIC,HIGH,WEAK_RULE_V3_ENTITY_TIERED,WEAK_RULE_V3; tier=HIGH_PRECISION; entity=TITLE_TICKER|TITLE_ALIAS|BODY_COMPANY|BODY_TICKER|TARGET_CONTEXT; score=24; event=PROFIT_GROWTH; symbol=PDR,TITLE_TICKER|TITLE_ALIAS|BODY_COMPANY|BODY_TICKER|TARGET_CONTEXT,TITLE_TICKER_WITH_TARGET_CONTEXT,HIGH_PRECISION,INFORMATIVE_CANDIDATE,EXPERIMENTAL_INFORMATIVE_UNVALIDATED,100,HIGH,NOT_INDEPENDENTLY_VALIDATED,True
e34000790904bf1d6c99,2012b3d43d15a9c9b114e46c7c313112,SSI,Công ty Cổ phần Chứng khoán SSI,2022-04-20,CafeF,https://cafef.vn/chung-khoan-ssi-tang-67-lntt-trong-quy-1-2022-dat-883-ty-dong-20220420144539519.chn,"Chứng khoán SSI tăng 67% LNTT trong quý 1/2022, đạt 883 tỷ đồng",OTHER,OTHER,NEUTRAL,LOW,STOCK_SPECIFIC,MEDIUM,WEAK_RULE_V3_ENTITY_TIERED,WEAK_RULE_V3; tier=HIGH_PRECISION; entity=TITLE_TICKER|TITLE_COMPANY|BODY_COMPANY|BODY_TICKER|TARGET_CONTEXT; score=24; event=OTHER; symbol=SSI,TITLE_TICKER|TITLE_COMPANY|BODY_COMPANY|BODY_TICKER|TARGET_CONTEXT,TITLE_TICKER_WITH_TARGET_CONTEXT,HIGH_PRECISION,FALLBACK_QUARANTINE,FALLBACK_NO_EVENT_DETECTED,80,MEDIUM,NOT_INDEPENDENTLY_VALIDATED,False
84f83d5e1b82b40cad93,3e2d776cc014da21d666bf751ff4d482,FPT,Công ty Cổ phần FPT,2022-04-20,CafeF,https://cafef.vn/fpt-lai-rong-1239-ty-dong-trong-quy-1-2022-tang-truong-37-so-voi-cung-ky-nam-truoc-20220420150252287.chn,"FPT lãi ròng 1.239 tỷ đồng trong quý 1/2022, tăng trưởng 37% so với cùng kỳ năm trước",OTHER,OTHER,NEUTRAL,LOW,STOCK_SPECIFIC,MEDIUM,WEAK_RULE_V3_ENTITY_TIERED,WEAK_RULE_V3; tier=HIGH_PRECISION; entity=TITLE_TICKER|BODY_TICKER|TARGET_CONTEXT; score=13; event=OTHER; symbol=FPT,TITLE_TICKER|BODY_TICKER|TARGET_CONTEXT,TITLE_TICKER_WITH_TARGET_CONTEXT,HIGH_PRECISION,FALLBACK_QUARANTINE,FALLBACK_NO_EVENT_DETECTED,80,MEDIUM,NOT_INDEPENDENTLY_VALIDATED,False
5c5b4b669719fdf63151,413ffa94deacba505b1b0e45d79ec565,FPT,Công ty Cổ phần FPT,2022-04-20,CafeF,https://cafef.vn/tap-doan-fpt-dat-1239-ty-lai-rong-tang-truong-37-trong-quy-1-2022-20220420145336059.chn,"Tập đoàn FPT đạt 1.239 tỷ lãi ròng, tăng trưởng 37% trong quý 1/2022",BUSINESS_RESULT,PROJECT_EXPANSION,POSITIVE,MODERATE,STOCK_SPECIFIC,HIGH,WEAK_RULE_V3_ENTITY_TIERED,WEAK_RULE_V3; tier=HIGH_PRECISION; entity=TITLE_TICKER|TITLE_ALIAS|BODY_ALIAS|BODY_TICKER|TARGET_CONTEXT; score=24; event=PROJECT_EXPANSION; symbol=FPT,TITLE_TICKER|TITLE_ALIAS|BODY_ALIAS|BODY_TICKER|TARGET_CONTEXT,TITLE_TICKER_WITH_TARGET_CONTEXT,HIGH_PRECISION,INFORMATIVE_CANDIDATE,EXPERIMENTAL_INFORMATIVE_UNVALIDATED,100,HIGH,NOT_INDEPENDENTLY_VALIDATED,True
4c2c371c5d32b68b56ac,8aa30e3f0a770271e97c4fd46703e2b2,VIX,Công ty Cổ phần Chứng khoán VIX,2022-04-20,CafeF,https://cafef.vn/chung-khoan-vix-bao-lai-quy-1-2022-giam-16-cho-vay-margin-hon-2330-ty-dong-20220420114654456.chn,"Chứng khoán VIX báo lãi quý 1/2022 giảm 16%, cho vay margin hơn 2.330 tỷ đồng",BUSINESS_RESULT,PROFIT_GROWTH,POSITIVE,HIGH,STOCK_SPECIFIC,HIGH,WEAK_RULE_V3_ENTITY_TIERED,WEAK_RULE_V3; tier=HIGH_PRECISION; entity=TITLE_TICKER|TITLE_COMPANY|BODY_COMPANY|BODY_TICKER|TARGET_CONTEXT; score=24; event=PROFIT_GROWTH; symbol=VIX,TITLE_TICKER|TITLE_COMPANY|BODY_COMPANY|BODY_TICKER|TARGET_CONTEXT,TITLE_TICKER_WITH_TARGET_CONTEXT,HIGH_PRECISION,INFORMATIVE_CANDIDATE,EXPERIMENTAL_INFORMATIVE_UNVALIDATED,100,HIGH,NOT_INDEPENDENTLY_VALIDATED,True
fb0a6e4cfc71d97fa00b,a49c1288d43c8ae84015d60b47602c8d,PNJ,Công ty Cổ phần Vàng bạc Đá quý Phú Nhuận,2022-04-20,CafeF,https://cafef.vn/pnj-dat-721-ty-lnst-trong-quy-1-2022-tang-41-so-voi-cung-ky-20220420121259632.chn,"PNJ đạt 721 tỷ LNST trong quý 1/2022, tăng 41% so với cùng kỳ",BUSINESS_RESULT,PROFIT_GROWTH,POSITIVE,HIGH,STOCK_SPECIFIC,HIGH,WEAK_RULE_V3_ENTITY_TIERED,WEAK_RULE_V3; tier=HIGH_PRECISION; entity=TITLE_TICKER|BODY_TICKER|TARGET_CONTEXT; score=13; event=PROFIT_GROWTH; symbol=PNJ,TITLE_TICKER|BODY_TICKER|TARGET_CONTEXT,TITLE_TICKER_WITH_TARGET_CONTEXT,HIGH_PRECISION,INFORMATIVE_CANDIDATE,EXPERIMENTAL_INFORMATIVE_UNVALIDATED,100,HIGH,NOT_INDEPENDENTLY_VALIDATED,True
905195e5348f0be21e45,b216cb8be1614f2838c421d731b4b18c,VNM,Công ty Cổ phần Sữa Việt Nam,2022-04-21,CafeF,https://cafef.vn/phien-21-4-khoi-ngoai-tich-cuc-mua-rong-935-ty-dong-tren-hose-chu-yeu-gom-vre-vnm-2022042115460181.chn,"Phiên 21/4: Khối ngoại tích cực mua ròng 935 tỷ đồng trên HoSE, chủ yếu gom VRE, VNM",OTHER,OTHER,NEUTRAL,LOW,STOCK_SPECIFIC,MEDIUM,WEAK_RULE_V3_ENTITY_TIERED,WEAK_RULE_V3; tier=HIGH_PRECISION; entity=TITLE_TICKER|BODY_TICKER|TARGET_CONTEXT; score=13; event=OTHER; symbol=VNM,TITLE_TICKER|BODY_TICKER|TARGET_CONTEXT,TITLE_TICKER_WITH_TARGET_CONTEXT,HIGH_PRECISION,FALLBACK_QUARANTINE,FALLBACK_NO_EVENT_DETECTED,80,MEDIUM,NOT_INDEPENDENTLY_VALIDATED,False
daf152b80c8f94ecd727,b216cb8be1614f2838c421d731b4b18c,VRE,Công ty Cổ phần Vincom Retail,2022-04-21,CafeF,https://cafef.vn/phien-21-4-khoi-ngoai-tich-cuc-mua-rong-935-ty-dong-tren-hose-chu-yeu-gom-vre-vnm-2022042115460181.chn,"Phiên 21/4: Khối ngoại tích cực mua ròng 935 tỷ đồng trên HoSE, chủ yếu gom VRE, VNM",OTHER,OTHER,NEUTRAL,LOW,STOCK_SPECIFIC,MEDIUM,WEAK_RULE_V3_ENTITY_TIERED,WEAK_RULE_V3; tier=HIGH_PRECISION; entity=TITLE_TICKER|BODY_TICKER|TARGET_CONTEXT; score=13; event=OTHER; symbol=VRE,TITLE_TICKER|BODY_TICKER|TARGET_CONTEXT,TITLE_TICKER_WITH_TARGET_CONTEXT,HIGH_PRECISION,FALLBACK_QUARANTINE,FALLBACK_NO_EVENT_DETECTED,80,MEDIUM,NOT_INDEPENDENTLY_VALIDATED,False
997c948d966f09be0944,e9bc935ad71b1e974ce0e2dcf929010a,PVD,Tổng Công ty Cổ phần Khoan và Dịch vụ Khoan Dầu khí,2022-04-21,CafeF,https://cafef.vn/co-phieu-pvdrilling-pvd-giam-san-trang-ben-mua-sau-thong-tin-uoc-lo-quy-1-2022-20220421153224725.chn,Cổ phiếu PVDrilling (PVD) giảm sàn “trắng bên mua” sau thông tin ước lỗ quý 1/2022,SECTOR_NEWS,SECTOR_NEWS,NEUTRAL,MODERATE,SECTOR,HIGH,WEAK_RULE_V3_ENTITY_TIERED,WEAK_RULE_V3; tier=HIGH_PRECISION; entity=TITLE_TICKER|BODY_ALIAS|BODY_TICKER|TARGET_CONTEXT; score=17; event=SECTOR_NEWS; symbol=PVD,TITLE_TICKER|BODY_ALIAS|BODY_TICKER|TARGET_CONTEXT,TITLE_TICKER_WITH_TARGET_CONTEXT,HIGH_PRECISION,INFORMATIVE_CANDIDATE,EXPERIMENTAL_INFORMATIVE_UNVALIDATED,100,CRITICAL,NOT_INDEPENDENTLY_VALIDATED,True
2216220d0219910e46d3,12667b23d1301408393bb711d4681ca6,FPT,Công ty Cổ phần FPT,2022-04-26,CafeF,https://cafef.vn/nam-giu-hon-12000-ty-dong-tien-mat-va-tien-gui-fpt-telecom-fox-bao-lai-quy-1-2022-tang-22-20220426005605573.chn,"Nắm giữ hơn 12.000 tỷ đồng tiền mặt và tiền gửi, FPT Telecom (FOX) báo lãi quý 1/2022 tăng 22%",BUSINESS_RESULT,PROFIT_GROWTH,POSITIVE,HIGH,STOCK_SPECIFIC,HIGH,WEAK_RULE_V3_ENTITY_TIERED,WEAK_RULE_V3; tier=HIGH_PRECISION; entity=TITLE_TICKER|BODY_TICKER|TARGET_CONTEXT; score=13; event=PROFIT_GROWTH; symbol=FPT,TITLE_TICKER|BODY_TICKER|TARGET_CONTEXT,TITLE_TICKER_WITH_TARGET_CONTEXT,HIGH_PRECISION,INFORMATIVE_CANDIDATE,EXPERIMENTAL_INFORMATIVE_UNVALIDATED,100,HIGH,NOT_INDEPENDENTLY_VALIDATED,True
6608892da63c733cefa9,6682b5223144df93f4ebd054293b8a37,ANV,Công ty Cổ phần Nam Việt,2022-04-26,VietnamBiz,https://vietnambiz.vn/co-phieu-tam-diem-274-ree-hdc-anv-2022426185724836.htm,"Cổ phiếu tâm điểm 27/4: REE, HDC, ANV",OTHER,OTHER,NEUTRAL,LOW,STOCK_SPECIFIC,MEDIUM,WEAK_RULE_V3_ENTITY_TIERED,WEAK_RULE_V3; tier=HIGH_PRECISION; entity=TITLE_TICKER|BODY_COMPANY|BODY_TICKER; score=13; event=OTHER; symbol=ANV,TITLE_TICKER|BODY_COMPANY|BODY_TICKER,TITLE_ENTITY_MENTION,HIGH_PRECISION,FALLBACK_QUARANTINE,FALLBACK_NO_EVENT_DETECTED,80,MEDIUM,NOT_INDEPENDENTLY_VALIDATED,False
98929e2d80031e1c51a4,6682b5223144df93f4ebd054293b8a37,REE,Công ty Cổ phần Cơ Điện Lạnh,2022-04-26,VietnamBiz,https://vietnambiz.vn/co-phieu-tam-diem-274-ree-hdc-anv-2022426185724836.htm,"Cổ phiếu tâm điểm 27/4: REE, HDC, ANV",OTHER,OTHER,NEUTRAL,LOW,STOCK_SPECIFIC,MEDIUM,WEAK_RULE_V3_ENTITY_TIERED,WEAK_RULE_V3; tier=HIGH_PRECISION; entity=TITLE_TICKER|BODY_COMPANY|BODY_TICKER|TARGET_CONTEXT; score=17; event=OTHER; symbol=REE,TITLE_TICKER|BODY_COMPANY|BODY_TICKER|TARGET_CONTEXT,TITLE_TICKER_WITH_TARGET_CONTEXT,HIGH_PRECISION,FALLBACK_QUARANTINE,FALLBACK_NO_EVENT_DETECTED,80,MEDIUM,NOT_INDEPENDENTLY_VALIDATED,False
40bcc8e99b741c153ce1,ca8b03dcc730b60f4c56f74a4e21e212,VRE,Công ty Cổ phần Vincom Retail,2022-04-26,CafeF,https://cafef.vn/co-phieu-tiep-tuc-do-deo-hang-loat-vn-index-giam-hon-47-diem-thung-moc-1270-20220426094809241.chn,"VRE ""tím lịm"", loạt cổ phiếu bất động sản đảo chiều từ sàn lên trần, VN-Index tăng hơn 30 điểm",OTHER,OTHER,NEUTRAL,LOW,STOCK_SPECIFIC,MEDIUM,WEAK_RULE_V3_ENTITY_TIERED,WEAK_RULE_V3; tier=HIGH_PRECISION; entity=TITLE_TICKER|BODY_TICKER|TARGET_CONTEXT; score=13; event=OTHER; symbol=VRE,TITLE_TICKER|BODY_TICKER|TARGET_CONTEXT,TITLE_TICKER_WITH_TARGET_CONTEXT,HIGH_PRECISION,FALLBACK_QUARANTINE,FALLBACK_NO_EVENT_DETECTED,80,MEDIUM,NOT_INDEPENDENTLY_VALIDATED,False
af2c69887cfaba168e3b,d4e740e98e2b11a80f3c7104722fb281,MBB,Ngân hàng TMCP Quân Đội,2022-04-26,VietnamBiz,https://vietnambiz.vn/quy-dau-tu-cua-mb-muon-ban-het-co-phieu-mbb-de-giai-the-quy-20224262179278.htm,Quỹ đầu tư của MB muốn bán hết cổ phiếu MBB để giải thể quỹ,CORPORATE_ACTION,LEADERSHIP_CHANGE,NEUTRAL,MODERATE,STOCK_SPECIFIC,HIGH,WEAK_RULE_V3_ENTITY_TIERED,WEAK_RULE_V3; tier=HIGH_PRECISION; entity=TITLE_TICKER|BODY_COMPANY|BODY_TICKER|TARGET_CONTEXT; score=17; event=LEADERSHIP_CHANGE; symbol=MBB,TITLE_TICKER|BODY_COMPANY|BODY_TICKER|TARGET_CONTEXT,TITLE_TICKER_WITH_TARGET_CONTEXT,HIGH_PRECISION,INFORMATIVE_CANDIDATE,EXPERIMENTAL_INFORMATIVE_UNVALIDATED,100,HIGH,NOT_INDEPENDENTLY_VALIDATED,True
7c36da334893d1944cb9,3ed2c3b78e7be634a69d77178dbd3b54,MSN,Công ty Cổ phần Tập đoàn Masan,2022-04-28,CafeF,https://cafef.vn/masan-meatlife-bao-lai-quy-1-tang-truong-67-so-voi-cung-ky-nho-khoan-thu-nhap-tai-chinh-khac-20220428151840132.chn,Masan MeatLife báo lãi quý 1 tăng trưởng 67% so với cùng kỳ nhờ khoản thu nhập tài chính khác,BUSINESS_RESULT,PROFIT_GROWTH,POSITIVE,HIGH,STOCK_SPECIFIC,HIGH,WEAK_RULE_V3_ENTITY_TIERED,WEAK_RULE_V3; tier=HIGH_PRECISION; entity=TITLE_COMPANY|BODY_COMPANY; score=11; event=PROFIT_GROWTH; symbol=MSN,TITLE_COMPANY|BODY_COMPANY,TITLE_ENTITY_MENTION,HIGH_PRECISION,INFORMATIVE_CANDIDATE,EXPERIMENTAL_INFORMATIVE_UNVALIDATED,100,HIGH,NOT_INDEPENDENTLY_VALIDATED,True
a96348330e33786f5751,451e1e6f85f6383bf411a877af9d981e,VHM,Công ty Cổ phần Vinhomes,2022-04-28,VietnamBiz,https://vietnambiz.vn/phien-284-nha-dau-tu-ngoai-ban-rong-tram-ty-dong-truoc-dot-nghi-le-xa-manh-vhm-202242817495470.htm,"Phiên 28/4: Nhà đầu tư ngoại bán ròng trăm tỷ đồng trước đợt nghỉ lễ, xả mạnh VHM",OTHER,OTHER,NEUTRAL,LOW,STOCK_SPECIFIC,MEDIUM,WEAK_RULE_V3_ENTITY_TIERED,WEAK_RULE_V3; tier=HIGH_PRECISION; entity=TITLE_TICKER|BODY_COMPANY|BODY_TICKER|TARGET_CONTEXT; score=17; event=OTHER; symbol=VHM,TITLE_TICKER|BODY_COMPANY|BODY_TICKER|TARGET_CONTEXT,TITLE_TICKER_WITH_TARGET_CONTEXT,HIGH_PRECISION,FALLBACK_QUARANTINE,FALLBACK_NO_EVENT_DETECTED,80,MEDIUM,NOT_INDEPENDENTLY_VALIDATED,False
9721e7166fcfe20cb481,ce866d90945514f97d776ddc6b7f5c93,HAH,Công ty Cổ phần Vận tải và Xếp dỡ Hải An,2022-04-28,CafeF,https://cafef.vn/gia-cuoc-van-tai-va-cho-thue-tau-dat-do-hai-an-hah-bao-lai-quy-1-2022-tang-gap-3-lan-cung-ky-20220427174300784.chn,"Giá cước vận tải và cho thuê tàu ""đắt đỏ"", Hải An (HAH) báo lãi quý 1/2022 gấp 3 lần cùng kỳ năm trước",BUSINESS_RESULT,PROFIT_GROWTH,POSITIVE,HIGH,STOCK_SPECIFIC,HIGH,WEAK_RULE_V3_ENTITY_TIERED,WEAK_RULE_V3; tier=HIGH_PRECISION; entity=TITLE_TICKER|TITLE_ALIAS|BODY_ALIAS|BODY_TICKER|TARGET_CONTEXT; score=24; event=PROFIT_GROWTH; symbol=HAH,TITLE_TICKER|TITLE_ALIAS|BODY_ALIAS|BODY_TICKER|TARGET_CONTEXT,TITLE_TICKER_WITH_TARGET_CONTEXT,HIGH_PRECISION,INFORMATIVE_CANDIDATE,EXPERIMENTAL_INFORMATIVE_UNVALIDATED,100,HIGH,NOT_INDEPENDENTLY_VALIDATED,True
c05dbd212dd37ab40603,131366d2add335a35b687c1c57f2c689,VIC,Tập đoàn Vingroup,2022-04-29,CafeF,https://cafef.vn/vingroup-vic-lai-sau-thue-512-ty-dong-trong-quy-1-2022-20220429120929455.chn,Vingroup (VIC) lãi sau thuế 512 tỷ đồng trong quý 1/2022,OTHER,OTHER,NEUTRAL,LOW,STOCK_SPECIFIC,MEDIUM,WEAK_RULE_V3_ENTITY_TIERED,WEAK_RULE_V3; tier=HIGH_PRECISION; entity=TITLE_TICKER|TITLE_COMPANY|BODY_COMPANY|BODY_TICKER|TARGET_CONTEXT; score=24; event=OTHER; symbol=VIC,TITLE_TICKER|TITLE_COMPANY|BODY_COMPANY|BODY_TICKER|TARGET_CONTEXT,TITLE_TICKER_WITH_TARGET_CONTEXT,HIGH_PRECISION,FALLBACK_QUARANTINE,FALLBACK_NO_EVENT_DETECTED,80,MEDIUM,NOT_INDEPENDENTLY_VALIDATED,False
821dfd3a35a266a1c9e0,22b2984250a6a1bf5216871268584bb6,VSC,Công ty Cổ phần Container Việt Nam,2022-04-29,CafeF,https://cafef.vn/viconship-vsc-bao-lai-quy-1-tang-truong-43-so-voi-cung-ky-len-110-ty-dong-20220429125711833.chn,Viconship (VSC) báo lãi quý 1 tăng trưởng 43% so với cùng kỳ lên 110 tỷ đồng,BUSINESS_RESULT,PROFIT_GROWTH,POSITIVE,HIGH,STOCK_SPECIFIC,HIGH,WEAK_RULE_V3_ENTITY_TIERED,WEAK_RULE_V3; tier=HIGH_PRECISION; entity=TITLE_TICKER|TITLE_ALIAS|BODY_COMPANY|BODY_TICKER|TARGET_CONTEXT; score=24; event=PROFIT_GROWTH; symbol=VSC,TITLE_TICKER|TITLE_ALIAS|BODY_COMPANY|BODY_TICKER|TARGET_CONTEXT,TITLE_TICKER_WITH_TARGET_CONTEXT,HIGH_PRECISION,INFORMATIVE_CANDIDATE,EXPERIMENTAL_INFORMATIVE_UNVALIDATED,100,HIGH,NOT_INDEPENDENTLY_VALIDATED,True
e9df83ec8b1618bbe732,50601fcfbb625dd02c023a85dc47c3c7,POW,Tổng Công ty Điện lực Dầu khí Việt Nam,2022-05-01,CafeF,https://cafef.vn/pv-power-pow-bat-ngo-bao-lai-truoc-thue-tang-30-vuot-ke-hoach-ngay-sau-quy-dau-nam-20220430095141526.chn,"PV Power (POW) bất ngờ báo lãi trước thuế tăng 30%, vượt kế hoạch ngay sau quý đầu năm",BUSINESS_RESULT,PROFIT_GROWTH,POSITIVE,HIGH,STOCK_SPECIFIC,HIGH,WEAK_RULE_V3_ENTITY_TIERED,WEAK_RULE_V3; tier=HIGH_PRECISION; entity=TITLE_TICKER|TITLE_ALIAS|BODY_COMPANY|BODY_TICKER|TARGET_CONTEXT; score=24; event=PROFIT_GROWTH; symbol=POW,TITLE_TICKER|TITLE_ALIAS|BODY_COMPANY|BODY_TICKER|TARGET_CONTEXT,TITLE_TICKER_WITH_TARGET_CONTEXT,HIGH_PRECISION,INFORMATIVE_CANDIDATE,EXPERIMENTAL_INFORMATIVE_UNVALIDATED,100,HIGH,NOT_INDEPENDENTLY_VALIDATED,True
0b4764ff5756fa3f2553,6e11bca7c3a3d658b8fb931da96dcd61,MWG,Công ty Cổ phần Đầu tư Thế Giới Di Động,2022-05-01,CafeF,https://cafef.vn/the-gioi-di-dong-mwg-dat-ky-luc-doanh-thu-trong-mot-quy-20220430205926476.chn,Thế Giới Di Động (MWG) đạt kỷ lục doanh thu trong một quý,OTHER,OTHER,NEUTRAL,LOW,STOCK_SPECIFIC,MEDIUM,WEAK_RULE_V3_ENTITY_TIERED,WEAK_RULE_V3; tier=HIGH_PRECISION; entity=TITLE_TICKER|TITLE_ALIAS|BODY_ALIAS|BODY_TICKER|TARGET_CONTEXT; score=24; event=OTHER; symbol=MWG,TITLE_TICKER|TITLE_ALIAS|BODY_ALIAS|BODY_TICKER|TARGET_CONTEXT,TITLE_TICKER_WITH_TARGET_CONTEXT,HIGH_PRECISION,FALLBACK_QUARANTINE,FALLBACK_NO_EVENT_DETECTED,80,MEDIUM,NOT_INDEPENDENTLY_VALIDATED,False
f1e77a00ed9364c60478,a40ca95740e9804dd617feb57443ffa2,KDH,Công ty Cổ phần Đầu tư và Kinh doanh Nhà Khang Điền,2022-05-01,CafeF,https://cafef.vn/khang-dien-kdh-doanh-thu-chi-bang-1-6cung-ky-loi-nhuan-van-tang-gap-ruoi-len-300-ty-nho-thuong-vu-mua-re-20220429185519795.chn,"Khang Điền (KDH): Doanh thu chỉ bằng 1/6cùng kỳ, lợi nhuận vẫn tăng gấp rưỡi lên 300 tỷ nhờ thương vụ mua rẻ",OTHER,OTHER,NEUTRAL,LOW,STOCK_SPECIFIC,MEDIUM,WEAK_RULE_V3_ENTITY_TIERED,WEAK_RULE_V3; tier=HIGH_PRECISION; entity=TITLE_TICKER|TITLE_ALIAS|BODY_ALIAS|BODY_TICKER|TARGET_CONTEXT; score=24; event=OTHER; symbol=KDH,TITLE_TICKER|TITLE_ALIAS|BODY_ALIAS|BODY_TICKER|TARGET_CONTEXT,TITLE_TICKER_WITH_TARGET_CONTEXT,HIGH_PRECISION,FALLBACK_QUARANTINE,FALLBACK_NO_EVENT_DETECTED,80,MEDIUM,NOT_INDEPENDENTLY_VALIDATED,False
00c56ef77b9d1886b44f,4d836880bd9c0555029e51fe75e003dc,HAH,Công ty Cổ phần Vận tải và Xếp dỡ Hải An,2022-05-04,CafeF,https://cafef.vn/loi-nhuan-doanh-nghiep-logistics-van-tai-bien-but-pha-co-phieu-hai-an-viconship-nguoc-dong-lap-dinh-moi-20220504120432871.chn,"Lợi nhuận doanh nghiệp logistics - vận tải biển bứt phá, cổ phiếu Hải An, Viconship ngược dòng lập đỉnh mới",OTHER,OTHER,NEUTRAL,LOW,STOCK_SPECIFIC,MEDIUM,WEAK_RULE_V3_ENTITY_TIERED,WEAK_RULE_V3; tier=HIGH_PRECISION; entity=TITLE_ALIAS|BODY_TICKER|TARGET_CONTEXT; score=13; event=OTHER; symbol=HAH,TITLE_ALIAS|BODY_TICKER|TARGET_CONTEXT,TITLE_ENTITY_WITH_TARGET_CONTEXT,HIGH_PRECISION,FALLBACK_QUARANTINE,FALLBACK_NO_EVENT_DETECTED,80,MEDIUM,NOT_INDEPENDENTLY_VALIDATED,False
e8b1eb570874cf53802f,4d836880bd9c0555029e51fe75e003dc,VSC,Công ty Cổ phần Container Việt Nam,2022-05-04,CafeF,https://cafef.vn/loi-nhuan-doanh-nghiep-logistics-van-tai-bien-but-pha-co-phieu-hai-an-viconship-nguoc-dong-lap-dinh-moi-20220504120432871.chn,"Lợi nhuận doanh nghiệp logistics - vận tải biển bứt phá, cổ phiếu Hải An, Viconship ngược dòng lập đỉnh mới",OTHER,OTHER,NEUTRAL,LOW,STOCK_SPECIFIC,MEDIUM,WEAK_RULE_V3_ENTITY_TIERED,WEAK_RULE_V3; tier=HIGH_PRECISION; entity=TITLE_ALIAS|BODY_COMPANY|BODY_TICKER|TARGET_CONTEXT; score=17; event=OTHER; symbol=VSC,TITLE_ALIAS|BODY_COMPANY|BODY_TICKER|TARGET_CONTEXT,TITLE_ENTITY_WITH_TARGET_CONTEXT,HIGH_PRECISION,FALLBACK_QUARANTINE,FALLBACK_NO_EVENT_DETECTED,80,MEDIUM,NOT_INDEPENDENTLY_VALIDATED,False
07a7b96ecca69b65276a,0bb70c1944d6cee4f889c8d99a98362c,VSC,Công ty Cổ phần Container Việt Nam,2022-05-09,CafeF,https://cafef.vn/viconship-vsc-du-kien-phat-hanh-11-trieu-co-phieu-tra-co-tuc-nam-2021-20220509190821704.chn,Viconship (VSC) dự kiến phát hành 11 triệu cổ phiếu trả cổ tức năm 2021,BUSINESS_RESULT,PROFIT_GROWTH,POSITIVE,HIGH,STOCK_SPECIFIC,HIGH,WEAK_RULE_V3_ENTITY_TIERED,WEAK_RULE_V3; tier=HIGH_PRECISION; entity=TITLE_TICKER|TITLE_ALIAS|BODY_COMPANY|BODY_TICKER|TARGET_CONTEXT; score=24; event=PROFIT_GROWTH; symbol=VSC,TITLE_TICKER|TITLE_ALIAS|BODY_COMPANY|BODY_TICKER|TARGET_CONTEXT,TITLE_TICKER_WITH_TARGET_CONTEXT,HIGH_PRECISION,INFORMATIVE_CANDIDATE,EXPERIMENTAL_INFORMATIVE_UNVALIDATED,100,HIGH,NOT_INDEPENDENTLY_VALIDATED,True
de302e9a8b01ea26a249,253c3217501208fbb3269b30a225d44e,DGW,Công ty Cổ phần Thế Giới Số,2022-05-10,VietnamBiz,https://vietnambiz.vn/co-phieu-tam-diem-115-pdr-msh-dgw-202251019395663.htm,"Cổ phiếu tâm điểm 11/5: PDR, MSH, DGW",MACRO_POLICY,MACRO_POLICY,NEUTRAL,MODERATE,MARKET,HIGH,WEAK_RULE_V3_ENTITY_TIERED,WEAK_RULE_V3; tier=HIGH_PRECISION; entity=TITLE_TICKER|BODY_ALIAS|BODY_TICKER|TARGET_CONTEXT; score=17; event=MACRO_POLICY; symbol=DGW,TITLE_TICKER|BODY_ALIAS|BODY_TICKER|TARGET_CONTEXT,TITLE_TICKER_WITH_TARGET_CONTEXT,HIGH_PRECISION,INFORMATIVE_CANDIDATE,EXPERIMENTAL_INFORMATIVE_UNVALIDATED,100,CRITICAL,NOT_INDEPENDENTLY_VALIDATED,True
67bdd645604a7c5652d1,253c3217501208fbb3269b30a225d44e,PDR,Công ty Cổ phần Phát triển Bất động sản Phát Đạt,2022-05-10,VietnamBiz,https://vietnambiz.vn/co-phieu-tam-diem-115-pdr-msh-dgw-202251019395663.htm,"Cổ phiếu tâm điểm 11/5: PDR, MSH, DGW",MACRO_POLICY,MACRO_POLICY,NEUTRAL,MODERATE,MARKET,HIGH,WEAK_RULE_V3_ENTITY_TIERED,WEAK_RULE_V3; tier=HIGH_PRECISION; entity=TITLE_TICKER|BODY_ALIAS|BODY_TICKER|TARGET_CONTEXT; score=17; event=MACRO_POLICY; symbol=PDR,TITLE_TICKER|BODY_ALIAS|BODY_TICKER|TARGET_CONTEXT,TITLE_TICKER_WITH_TARGET_CONTEXT,HIGH_PRECISION,INFORMATIVE_CANDIDATE,EXPERIMENTAL_INFORMATIVE_UNVALIDATED,100,CRITICAL,NOT_INDEPENDENTLY_VALIDATED,True
3e70b2b9efafc45df492,769ce90b95792e855faa536744a91689,VNM,Công ty Cổ phần Sữa Việt Nam,2022-05-10,CafeF,https://cafef.vn/diem-tua-tang-truong-tiep-theo-cua-vinamilk-la-gi-20220509173358311.chn,Điểm tựa tăng trưởng tiếp theo của Vinamilk là gì?,BUSINESS_RESULT,PROJECT_EXPANSION,POSITIVE,MODERATE,STOCK_SPECIFIC,HIGH,WEAK_RULE_V3_ENTITY_TIERED,WEAK_RULE_V3; tier=HIGH_PRECISION; entity=TITLE_ALIAS|BODY_ALIAS; score=11; event=PROJECT_EXPANSION; symbol=VNM,TITLE_ALIAS|BODY_ALIAS,TITLE_ENTITY_MENTION,HIGH_PRECISION,INFORMATIVE_CANDIDATE,EXPERIMENTAL_INFORMATIVE_UNVALIDATED,100,HIGH,NOT_INDEPENDENTLY_VALIDATED,True
631cac3b5a48d4801014,95bb5553ffed2c3529ad70407e53f8a2,GEX,Công ty Cổ phần Tập đoàn GELEX,2022-05-10,CafeF,https://cafef.vn/gelex-gex-bat-ngo-sua-tai-lieu-co-dong-du-kien-chi-426-ty-dong-tra-co-tuc-nam-2021-20220509222225763.chn,"Gelex (GEX) bất ngờ sửa tài liệu cổ đông, dự kiến chi 426 tỷ đồng trả cổ tức năm 2021 và trả nợ trái phiếu trước hạn",BUSINESS_RESULT,PROFIT_GROWTH,POSITIVE,HIGH,STOCK_SPECIFIC,HIGH,WEAK_RULE_V3_ENTITY_TIERED,WEAK_RULE_V3; tier=HIGH_PRECISION; entity=TITLE_TICKER|TITLE_COMPANY|BODY_COMPANY|BODY_TICKER; score=20; event=PROFIT_GROWTH; symbol=GEX,TITLE_TICKER|TITLE_COMPANY|BODY_COMPANY|BODY_TICKER,TITLE_ENTITY_MENTION,HIGH_PRECISION,INFORMATIVE_CANDIDATE,EXPERIMENTAL_INFORMATIVE_UNVALIDATED,100,HIGH,NOT_INDEPENDENTLY_VALIDATED,True
10e80f48e3b75339924a,9673e71ddcd894a17de9a35c75b0e93c,VRE,Công ty Cổ phần Vincom Retail,2022-05-10,CafeF,https://cafef.vn/dhdcd-vincom-retail-vre-se-mo-rong-3-trieu-m-mat-san-ban-le-chua-co-ke-hoach-chia-co-tuc-vi-can-giu-lai-dong-tien-20220510103534987.chn,"ĐHĐCĐ Vincom Retail (VRE): sẽ mở rộng 3 triệu m2 mặt sàn bán lẻ, mục tiêu 2.400 tỷ lợi nhuận 2022",BUSINESS_RESULT,PROJECT_EXPANSION,POSITIVE,MODERATE,STOCK_SPECIFIC,HIGH,WEAK_RULE_V3_ENTITY_TIERED,WEAK_RULE_V3; tier=HIGH_PRECISION; entity=TITLE_TICKER|TITLE_COMPANY|BODY_COMPANY|BODY_TICKER|TARGET_CONTEXT; score=24; event=PROJECT_EXPANSION; symbol=VRE,TITLE_TICKER|TITLE_COMPANY|BODY_COMPANY|BODY_TICKER|TARGET_CONTEXT,TITLE_TICKER_WITH_TARGET_CONTEXT,HIGH_PRECISION,INFORMATIVE_CANDIDATE,EXPERIMENTAL_INFORMATIVE_UNVALIDATED,100,HIGH,NOT_INDEPENDENTLY_VALIDATED,True
30f790fc9041d716e486,8c1d8cf96489cf13e34d5ce69a2c88fb,GEX,Công ty Cổ phần Tập đoàn GELEX,2022-05-13,CafeF,https://cafef.vn/dhdcd-gelex-viec-mua-co-phan-doanh-nghiep-nha-nuoc-duoc-thuc-hien-dung-luat-ceo-nguyen-van-tuan-cam-ket-mua-10-trieu-co-phieu-de-dau-tu-lau-dai-20220513081801601.chn,"ĐHĐCĐ Gelex: Việc mua cổ phần doanh nghiệp nhà nước được thực hiện đúng luật, CEO Nguyễn Văn Tuấn cam kết mua 10 triệu cổ phiếu để đầu tư lâu dài",CORPORATE_ACTION,STOCK_ISSUANCE,NEUTRAL,MODERATE,STOCK_SPECIFIC,HIGH,WEAK_RULE_V3_ENTITY_TIERED,WEAK_RULE_V3; tier=HIGH_PRECISION; entity=TITLE_COMPANY|BODY_COMPANY|BODY_TICKER; score=13; event=STOCK_ISSUANCE; symbol=GEX,TITLE_COMPANY|BODY_COMPANY|BODY_TICKER,TITLE_ENTITY_MENTION,HIGH_PRECISION,INFORMATIVE_CANDIDATE,EXPERIMENTAL_INFORMATIVE_UNVALIDATED,100,HIGH,NOT_INDEPENDENTLY_VALIDATED,True
b4d814acd7a6da401cd7,cc12dea769d5269168a52aa3a7e7ff98,VCI,Công ty Cổ phần Chứng khoán Vietcap,2022-05-13,CafeF,https://cafef.vn/vcsc-co-them-khoan-vay-hop-von-100-trieu-usd-tu-cac-ngan-hang-nuoc-ngoai-20220513095014941.chn,VCSC có thêm khoản vay hợp vốn 100 triệu USD từ các ngân hàng nước ngoài,BUSINESS_RESULT,PROJECT_EXPANSION,POSITIVE,MODERATE,STOCK_SPECIFIC,HIGH,WEAK_RULE_V3_ENTITY_TIERED,WEAK_RULE_V3; tier=HIGH_PRECISION; entity=TITLE_ALIAS|BODY_ALIAS|BODY_TICKER; score=13; event=PROJECT_EXPANSION; symbol=VCI,TITLE_ALIAS|BODY_ALIAS|BODY_TICKER,TITLE_ENTITY_MENTION,HIGH_PRECISION,INFORMATIVE_CANDIDATE,EXPERIMENTAL_INFORMATIVE_UNVALIDATED,100,HIGH,NOT_INDEPENDENTLY_VALIDATED,True
94d66fcaa0084ca29d09,449f5d95c3254ab951706da17c564888,DPM,Tổng Công ty Phân bón và Hóa chất Dầu khí,2022-05-23,VietnamBiz,https://vietnambiz.vn/co-phieu-tam-diem-245-gvr-dpm-hut-20225231847480.htm,"Cổ phiếu tâm điểm 24/5: GVR, DPM, HUT",OTHER,OTHER,NEUTRAL,LOW,STOCK_SPECIFIC,MEDIUM,WEAK_RULE_V3_ENTITY_TIERED,WEAK_RULE_V3; tier=HIGH_PRECISION; entity=TITLE_TICKER|BODY_ALIAS|BODY_TICKER|TARGET_CONTEXT; score=17; event=OTHER; symbol=DPM,TITLE_TICKER|BODY_ALIAS|BODY_TICKER|TARGET_CONTEXT,TITLE_TICKER_WITH_TARGET_CONTEXT,HIGH_PRECISION,FALLBACK_QUARANTINE,FALLBACK_NO_EVENT_DETECTED,80,MEDIUM,NOT_INDEPENDENTLY_VALIDATED,False
bc91deb3f10de6c0b24a,54731053d78540f6365feec874bf9414,GAS,Tổng Công ty Khí Việt Nam,2022-05-23,CafeF,https://cafef.vn/kiem-toan-nha-nuoc-nhieu-cong-ty-con-thuoc-vinachem-vns-pv-gas-petrolimex-thua-lo-hang-tram-ty-dong-20220523173513875.chn,"Kiểm toán nhà nước: Nhiều công ty con thuộc Vinachem, VNS, PV Gas, Petrolimex thua lỗ hàng trăm tỷ đồng",MACRO_POLICY,MACRO_POLICY,NEUTRAL,MODERATE,MARKET,HIGH,WEAK_RULE_V3_ENTITY_TIERED,WEAK_RULE_V3; tier=HIGH_PRECISION; entity=TITLE_TICKER|TITLE_ALIAS|BODY_ALIAS|BODY_TICKER; score=20; event=MACRO_POLICY; symbol=GAS,TITLE_TICKER|TITLE_ALIAS|BODY_ALIAS|BODY_TICKER,TITLE_ENTITY_MENTION,HIGH_PRECISION,INFORMATIVE_CANDIDATE,EXPERIMENTAL_INFORMATIVE_UNVALIDATED,100,CRITICAL,NOT_INDEPENDENTLY_VALIDATED,True
5532b383042456a5c8de,54731053d78540f6365feec874bf9414,PLX,Tập đoàn Xăng dầu Việt Nam,2022-05-23,CafeF,https://cafef.vn/kiem-toan-nha-nuoc-nhieu-cong-ty-con-thuoc-vinachem-vns-pv-gas-petrolimex-thua-lo-hang-tram-ty-dong-20220523173513875.chn,"Kiểm toán nhà nước: Nhiều công ty con thuộc Vinachem, VNS, PV Gas, Petrolimex thua lỗ hàng trăm tỷ đồng",MACRO_POLICY,MACRO_POLICY,NEUTRAL,MODERATE,MARKET,HIGH,WEAK_RULE_V3_ENTITY_TIERED,WEAK_RULE_V3; tier=HIGH_PRECISION; entity=TITLE_ALIAS|BODY_COMPANY; score=11; event=MACRO_POLICY; symbol=PLX,TITLE_ALIAS|BODY_COMPANY,TITLE_ENTITY_MENTION,HIGH_PRECISION,INFORMATIVE_CANDIDATE,EXPERIMENTAL_INFORMATIVE_UNVALIDATED,100,CRITICAL,NOT_INDEPENDENTLY_VALIDATED,True
56d6103fa6add7da3071,b0ffcd60b149661ecdfea3d5fa67af3b,GEX,Công ty Cổ phần Tập đoàn GELEX,2022-05-24,VietnamBiz,https://vietnambiz.vn/ong-nguyen-van-tuan-da-mua-khop-lenh-10-trieu-co-phieu-gex-o-vung-day-7-thang-202252417572867.htm,Ông Nguyễn Văn Tuấn đã mua khớp lệnh 10 triệu cổ phiếu GEX ở vùng đáy 7 tháng,CORPORATE_ACTION,DIVIDEND,POSITIVE,MODERATE,STOCK_SPECIFIC,HIGH,WEAK_RULE_V3_ENTITY_TIERED,WEAK_RULE_V3; tier=HIGH_PRECISION; entity=TITLE_TICKER|BODY_COMPANY|BODY_TICKER|TARGET_CONTEXT; score=17; event=DIVIDEND; symbol=GEX,TITLE_TICKER|BODY_COMPANY|BODY_TICKER|TARGET_CONTEXT,TITLE_TICKER_WITH_TARGET_CONTEXT,HIGH_PRECISION,INFORMATIVE_CANDIDATE,EXPERIMENTAL_INFORMATIVE_UNVALIDATED,100,HIGH,NOT_INDEPENDENTLY_VALIDATED,True
2093cdc5f0c2015db953,f8f8dd021efd907346628063d4e31292,GEX,Công ty Cổ phần Tập đoàn GELEX,2022-05-24,CafeF,https://cafef.vn/gelex-gex-vua-mua-lai-300-ty-trai-phieu-ngan-han-20220523153010036.chn,Gelex (GEX) vừa mua lại 300 tỷ trái phiếu ngắn hạn,M_AND_A,M_AND_A,NEUTRAL,HIGH,STOCK_SPECIFIC,HIGH,WEAK_RULE_V3_ENTITY_TIERED,WEAK_RULE_V3; tier=HIGH_PRECISION; entity=TITLE_TICKER|TITLE_COMPANY|BODY_COMPANY|BODY_TICKER; score=20; event=M_AND_A; symbol=GEX,TITLE_TICKER|TITLE_COMPANY|BODY_COMPANY|BODY_TICKER,TITLE_ENTITY_MENTION,HIGH_PRECISION,INFORMATIVE_CANDIDATE,EXPERIMENTAL_INFORMATIVE_UNVALIDATED,100,CRITICAL,NOT_INDEPENDENTLY_VALIDATED,True
d05f02b6acd0adcc10d3,24697591326d3c7cf00046bed8299216,DGW,Công ty Cổ phần Thế Giới Số,2022-05-25,VietnamBiz,https://vietnambiz.vn/co-phieu-tam-diem-265-frt-dgw-vos-2022525194158610.htm,"Cổ phiếu tâm điểm 26/5: FRT, DGW, VOS",OTHER,OTHER,NEUTRAL,LOW,STOCK_SPECIFIC,MEDIUM,WEAK_RULE_V3_ENTITY_TIERED,WEAK_RULE_V3; tier=HIGH_PRECISION; entity=TITLE_TICKER|BODY_ALIAS|BODY_TICKER|TARGET_CONTEXT; score=17; event=OTHER; symbol=DGW,TITLE_TICKER|BODY_ALIAS|BODY_TICKER|TARGET_CONTEXT,TITLE_TICKER_WITH_TARGET_CONTEXT,HIGH_PRECISION,FALLBACK_QUARANTINE,FALLBACK_NO_EVENT_DETECTED,80,MEDIUM,NOT_INDEPENDENTLY_VALIDATED,False
28bf4d90d8c325aca499,24697591326d3c7cf00046bed8299216,FRT,Công ty Cổ phần Bán lẻ Kỹ thuật số FPT,2022-05-25,VietnamBiz,https://vietnambiz.vn/co-phieu-tam-diem-265-frt-dgw-vos-2022525194158610.htm,"Cổ phiếu tâm điểm 26/5: FRT, DGW, VOS",OTHER,OTHER,NEUTRAL,LOW,STOCK_SPECIFIC,MEDIUM,WEAK_RULE_V3_ENTITY_TIERED,WEAK_RULE_V3; tier=HIGH_PRECISION; entity=TITLE_TICKER|BODY_ALIAS|BODY_TICKER; score=13; event=OTHER; symbol=FRT,TITLE_TICKER|BODY_ALIAS|BODY_TICKER,TITLE_ENTITY_MENTION,HIGH_PRECISION,FALLBACK_QUARANTINE,FALLBACK_NO_EVENT_DETECTED,80,MEDIUM,NOT_INDEPENDENTLY_VALIDATED,False
e760c8f86c0cea2fe744,d238f3948e877d58d2ac175b4d10f539,HPG,Công ty Cổ phần Tập đoàn Hòa Phát,2022-05-26,VietnamBiz,https://vietnambiz.vn/dong-tien-thong-minh-265-ndt-ca-nhan-mua-rong-tro-lai-phien-bung-no-theo-da-tap-trung-gom-hpg-dxg-20225268198157.htm,"Dòng tiền thông minh 26/5: NĐT cá nhân mua ròng trở lại phiên bùng nổ theo đà, tập trung gom HPG, DXG",OTHER,OTHER,NEUTRAL,LOW,STOCK_SPECIFIC,MEDIUM,WEAK_RULE_V3_ENTITY_TIERED,WEAK_RULE_V3; tier=HIGH_PRECISION; entity=TITLE_TICKER|BODY_TICKER|TARGET_CONTEXT; score=13; event=OTHER; symbol=HPG,TITLE_TICKER|BODY_TICKER|TARGET_CONTEXT,TITLE_TICKER_WITH_TARGET_CONTEXT,HIGH_PRECISION,FALLBACK_QUARANTINE,FALLBACK_NO_EVENT_DETECTED,80,MEDIUM,NOT_INDEPENDENTLY_VALIDATED,False
f4560a86bfa2dac3a37e,09fed668bc9a7aca37da19fae0842146,HPG,Công ty Cổ phần Tập đoàn Hòa Phát,2022-05-27,CafeF,https://cafef.vn/hoa-phat-du-kien-chot-danh-sach-tra-co-tuc-35-tu-thang-6-den-thang-8-20220527172852771.chn,Hòa Phát dự kiến chốt danh sách trả cổ tức 35% từ tháng 6 đến tháng 8,CORPORATE_ACTION,DIVIDEND,POSITIVE,MODERATE,STOCK_SPECIFIC,HIGH,WEAK_RULE_V3_ENTITY_TIERED,WEAK_RULE_V3; tier=HIGH_PRECISION; entity=TITLE_COMPANY|BODY_COMPANY|BODY_TICKER|TARGET_CONTEXT; score=17; event=DIVIDEND; symbol=HPG,TITLE_COMPANY|BODY_COMPANY|BODY_TICKER|TARGET_CONTEXT,TITLE_ENTITY_WITH_TARGET_CONTEXT,HIGH_PRECISION,INFORMATIVE_CANDIDATE,EXPERIMENTAL_INFORMATIVE_UNVALIDATED,100,HIGH,NOT_INDEPENDENTLY_VALIDATED,True
d289c3d533934880e92d,6c00fb347d90cd3ef51be56227a00a5b,VJC,Công ty Cổ phần Hàng không Vietjet,2022-05-28,CafeF,https://cafef.vn/dhdcd-vietjet-vjc-dat-muc-tieu-doanh-thu-hop-nhat-32270-ty-chia-co-tuc-20-va-chao-ban-rieng-le-54-trieu-co-phieu-20220528174031013.chn,"ĐHĐCĐ Vietjet (VJC): Đặt mục tiêu doanh thu hợp nhất 32.270 tỷ, chia cổ tức 20% và chào bán riêng lẻ 54 triệu cổ phiếu",BUSINESS_RESULT,PROFIT_GROWTH,POSITIVE,HIGH,STOCK_SPECIFIC,HIGH,WEAK_RULE_V3_ENTITY_TIERED,WEAK_RULE_V3; tier=HIGH_PRECISION; entity=TITLE_TICKER|TITLE_ALIAS|BODY_COMPANY|BODY_TICKER; score=20; event=PROFIT_GROWTH; symbol=VJC,TITLE_TICKER|TITLE_ALIAS|BODY_COMPANY|BODY_TICKER,TITLE_ENTITY_MENTION,HIGH_PRECISION,INFORMATIVE_CANDIDATE,EXPERIMENTAL_INFORMATIVE_UNVALIDATED,100,HIGH,NOT_INDEPENDENTLY_VALIDATED,True
09650e80e29d05ee50c9,e02c21e1e138701bdfc62f7492ba7e27,HVN,Tổng Công ty Hàng không Việt Nam,2022-05-28,CafeF,https://cafef.vn/vietnam-airlines-lo-lon-do-covid-nhung-mot-mang-kinh-doanh-quan-trong-van-deu-dan-lai-ca-nghin-ty-dong-moi-nam-20220527170029112.chn,Vietnam Airlines lỗ lớn do covid nhưng một mảng kinh doanh quan trọng vẫn đều đặn lãi cả nghìn tỷ đồng mỗi năm,BUSINESS_RESULT,PROFIT_DECLINE,NEGATIVE,HIGH,STOCK_SPECIFIC,HIGH,WEAK_RULE_V3_ENTITY_TIERED,WEAK_RULE_V3; tier=HIGH_PRECISION; entity=TITLE_ALIAS|BODY_COMPANY|BODY_TICKER|TARGET_CONTEXT; score=17; event=PROFIT_DECLINE; symbol=HVN,TITLE_ALIAS|BODY_COMPANY|BODY_TICKER|TARGET_CONTEXT,TITLE_ENTITY_WITH_TARGET_CONTEXT,HIGH_PRECISION,INFORMATIVE_CANDIDATE,EXPERIMENTAL_INFORMATIVE_UNVALIDATED,100,HIGH,NOT_INDEPENDENTLY_VALIDATED,True
8e9d2e1a0d702f047357,7315b89b71ca3ccac9f48a222ee37120,REE,Công ty Cổ phần Cơ Điện Lạnh,2022-05-29,CafeF,https://cafef.vn/gia-co-phieu-ree-vuot-moi-thoi-dai-gia-dinh-nu-chu-tich-co-them-nghin-ty-2022052912290854.chn,"Giá cổ phiếu REE vượt mọi thời đại, gia đình nữ Chủ tịch có thêm nghìn tỷ",OTHER,OTHER,NEUTRAL,LOW,STOCK_SPECIFIC,MEDIUM,WEAK_RULE_V3_ENTITY_TIERED,WEAK_RULE_V3; tier=HIGH_PRECISION; entity=TITLE_TICKER|BODY_COMPANY|BODY_TICKER|TARGET_CONTEXT; score=17; event=OTHER; symbol=REE,TITLE_TICKER|BODY_COMPANY|BODY_TICKER|TARGET_CONTEXT,TITLE_TICKER_WITH_TARGET_CONTEXT,HIGH_PRECISION,FALLBACK_QUARANTINE,FALLBACK_NO_EVENT_DETECTED,80,MEDIUM,NOT_INDEPENDENTLY_VALIDATED,False
2e43c8087f720b461693,1b536c5dfd627a2fac6045ab132742ef,VSC,Công ty Cổ phần Container Việt Nam,2022-06-02,CafeF,https://cafef.vn/viconship-se-tra-co-tuc-co-phieu-2021-vao-quy-ii-hoac-iii-20220602114036673.chn,Viconship sẽ trả cổ tức cổ phiếu 2021 vào quý II hoặc III,CORPORATE_ACTION,DIVIDEND,POSITIVE,MODERATE,STOCK_SPECIFIC,HIGH,WEAK_RULE_V3_ENTITY_TIERED,WEAK_RULE_V3; tier=HIGH_PRECISION; entity=TITLE_ALIAS|BODY_COMPANY|BODY_TICKER|TARGET_CONTEXT; score=17; event=DIVIDEND; symbol=VSC,TITLE_ALIAS|BODY_COMPANY|BODY_TICKER|TARGET_CONTEXT,TITLE_ENTITY_WITH_TARGET_CONTEXT,HIGH_PRECISION,INFORMATIVE_CANDIDATE,EXPERIMENTAL_INFORMATIVE_UNVALIDATED,100,HIGH,NOT_INDEPENDENTLY_VALIDATED,True
36ff07b8437532fc8fbf,e38c52b480e13b1ec6dad672e027fb0d,GEX,Công ty Cổ phần Tập đoàn GELEX,2022-06-02,CafeF,https://cafef.vn/gelex-chuyen-thoi-gian-tra-co-tuc-tien-mat-2021-sang-thang-7-20220602171254614.chn,Gelex chuyển thời gian trả cổ tức tiền mặt 2021 sang tháng 7,CORPORATE_ACTION,DIVIDEND,POSITIVE,MODERATE,STOCK_SPECIFIC,HIGH,WEAK_RULE_V3_ENTITY_TIERED,WEAK_RULE_V3; tier=HIGH_PRECISION; entity=TITLE_COMPANY|BODY_COMPANY|BODY_TICKER|TARGET_CONTEXT; score=17; event=DIVIDEND; symbol=GEX,TITLE_COMPANY|BODY_COMPANY|BODY_TICKER|TARGET_CONTEXT,TITLE_ENTITY_WITH_TARGET_CONTEXT,HIGH_PRECISION,INFORMATIVE_CANDIDATE,EXPERIMENTAL_INFORMATIVE_UNVALIDATED,100,HIGH,NOT_INDEPENDENTLY_VALIDATED,True
50779259c85dac889586,8c547b7e4bf7ef82a74da9c88a8edb8b,PNJ,Công ty Cổ phần Vàng bạc Đá quý Phú Nhuận,2022-06-03,CafeF,https://cafef.vn/pnj-chot-quyen-chia-co-tuc-bang-tien-dot-2-2021-ty-le-6-20220602223919994.chn,PNJ chốt quyền chia cổ tức bằng tiền đợt 2/2021 tỷ lệ 6%,CORPORATE_ACTION,DIVIDEND,POSITIVE,MODERATE,STOCK_SPECIFIC,HIGH,WEAK_RULE_V3_ENTITY_TIERED,WEAK_RULE_V3; tier=HIGH_PRECISION; entity=TITLE_TICKER|BODY_TICKER|TARGET_CONTEXT; score=13; event=DIVIDEND; symbol=PNJ,TITLE_TICKER|BODY_TICKER|TARGET_CONTEXT,TITLE_TICKER_WITH_TARGET_CONTEXT,HIGH_PRECISION,INFORMATIVE_CANDIDATE,EXPERIMENTAL_INFORMATIVE_UNVALIDATED,100,HIGH,NOT_INDEPENDENTLY_VALIDATED,True
a61c975db2a1ea8cd805,21041e4b06643a9e2fa54773bdf7dfcb,VHM,Công ty Cổ phần Vinhomes,2022-06-07,VietnamBiz,https://vietnambiz.vn/quy-singapore-tro-thanh-co-dong-lon-cua-vinhomes-202267172116446.htm,Quỹ Singapore trở thành cổ đông lớn của Vinhomes,CORPORATE_ACTION,DIVIDEND,POSITIVE,MODERATE,STOCK_SPECIFIC,HIGH,WEAK_RULE_V3_ENTITY_TIERED,WEAK_RULE_V3; tier=HIGH_PRECISION; entity=TITLE_COMPANY|BODY_COMPANY|BODY_TICKER|TARGET_CONTEXT; score=17; event=DIVIDEND; symbol=VHM,TITLE_COMPANY|BODY_COMPANY|BODY_TICKER|TARGET_CONTEXT,TITLE_ENTITY_WITH_TARGET_CONTEXT,HIGH_PRECISION,INFORMATIVE_CANDIDATE,EXPERIMENTAL_INFORMATIVE_UNVALIDATED,100,HIGH,NOT_INDEPENDENTLY_VALIDATED,True
a5c9feff53ac252bb0e3,3acf5081a62a4aadc48c7db5f83d9d62,SHS,Công ty Cổ phần Chứng khoán Sài Gòn - Hà Nội,2022-06-07,CafeF,https://cafef.vn/chuyen-gia-shs-nhieu-nhom-co-phieu-tro-nen-hap-dan-sau-nhip-dieu-chinh-manh-nhung-can-chon-loc-ky-co-hoi-dau-tu-20220607151613781.chn,"Chuyên gia SHS: Nhiều nhóm cổ phiếu trở nên hấp dẫn sau nhịp điều chỉnh mạnh, nhưng cần chọn lọc kỹ cơ hội đầu tư",OTHER,OTHER,NEUTRAL,LOW,STOCK_SPECIFIC,MEDIUM,WEAK_RULE_V3_ENTITY_TIERED,WEAK_RULE_V3; tier=HIGH_PRECISION; entity=TITLE_TICKER|BODY_TICKER|TARGET_CONTEXT; score=13; event=OTHER; symbol=SHS,TITLE_TICKER|BODY_TICKER|TARGET_CONTEXT,TITLE_TICKER_WITH_TARGET_CONTEXT,HIGH_PRECISION,FALLBACK_QUARANTINE,FALLBACK_NO_EVENT_DETECTED,80,MEDIUM,NOT_INDEPENDENTLY_VALIDATED,False
97fd1f9df6e99d331161,953e6ef7c4b114aa14821a4a173c411b,MSN,Công ty Cổ phần Tập đoàn Masan,2022-06-07,CafeF,https://cafef.vn/cac-cong-ty-san-xuat-thit-lon-nhu-cp-vissan-dabaco-masan-meatlife-se-kinh-doanh-ra-sao-trong-nam-2022-20220607101951433.chn,"Các công ty sản xuất thịt lợn như CP, Vissan, Dabaco, Masan MeatLife sẽ kinh doanh ra sao trong năm 2022?",OTHER,OTHER,NEUTRAL,LOW,STOCK_SPECIFIC,MEDIUM,WEAK_RULE_V3_ENTITY_TIERED,WEAK_RULE_V3; tier=HIGH_PRECISION; entity=TITLE_COMPANY|BODY_COMPANY; score=11; event=OTHER; symbol=MSN,TITLE_COMPANY|BODY_COMPANY,TITLE_ENTITY_MENTION,HIGH_PRECISION,FALLBACK_QUARANTINE,FALLBACK_NO_EVENT_DETECTED,80,MEDIUM,NOT_INDEPENDENTLY_VALIDATED,False
6848d51b456a2e602eb6,a721c941026b78e401a42e058a104759,HPG,Công ty Cổ phần Tập đoàn Hòa Phát,2022-06-07,VietnamBiz,https://vietnambiz.vn/dong-tien-thong-minh-76-ndt-ca-nhan-mua-rong-gan-250-ty-dong-phien-dau-tuan-tam-diem-stb-hpg-20226781144965.htm,"Dòng tiền thông minh 7/6: NĐT cá nhân mua ròng gần 250 tỷ đồng phiên đầu tuần, tâm điểm STB, HPG",OTHER,OTHER,NEUTRAL,LOW,STOCK_SPECIFIC,MEDIUM,WEAK_RULE_V3_ENTITY_TIERED,WEAK_RULE_V3; tier=HIGH_PRECISION; entity=TITLE_TICKER|BODY_TICKER|TARGET_CONTEXT; score=13; event=OTHER; symbol=HPG,TITLE_TICKER|BODY_TICKER|TARGET_CONTEXT,TITLE_TICKER_WITH_TARGET_CONTEXT,HIGH_PRECISION,FALLBACK_QUARANTINE,FALLBACK_NO_EVENT_DETECTED,80,MEDIUM,NOT_INDEPENDENTLY_VALIDATED,False
99c143c1116063a52ed6,a721c941026b78e401a42e058a104759,STB,Ngân hàng TMCP Sài Gòn Thương Tín,2022-06-07,VietnamBiz,https://vietnambiz.vn/dong-tien-thong-minh-76-ndt-ca-nhan-mua-rong-gan-250-ty-dong-phien-dau-tuan-tam-diem-stb-hpg-20226781144965.htm,"Dòng tiền thông minh 7/6: NĐT cá nhân mua ròng gần 250 tỷ đồng phiên đầu tuần, tâm điểm STB, HPG",OTHER,OTHER,NEUTRAL,LOW,STOCK_SPECIFIC,MEDIUM,WEAK_RULE_V3_ENTITY_TIERED,WEAK_RULE_V3; tier=HIGH_PRECISION; entity=TITLE_TICKER|BODY_TICKER|TARGET_CONTEXT; score=13; event=OTHER; symbol=STB,TITLE_TICKER|BODY_TICKER|TARGET_CONTEXT,TITLE_TICKER_WITH_TARGET_CONTEXT,HIGH_PRECISION,FALLBACK_QUARANTINE,FALLBACK_NO_EVENT_DETECTED,80,MEDIUM,NOT_INDEPENDENTLY_VALIDATED,False
97e0646f6c9fb850c178,21e0c65b8e221c8f3fe74d4358d6dc11,POW,Tổng Công ty Điện lực Dầu khí Việt Nam,2022-06-08,VietnamBiz,https://vietnambiz.vn/co-phieu-tam-diem-96-gvr-pow-msh-202268171325392.htm,"Cổ phiếu tâm điểm 9/6: GVR, POW, MSH",OTHER,OTHER,NEUTRAL,LOW,STOCK_SPECIFIC,MEDIUM,WEAK_RULE_V3_ENTITY_TIERED,WEAK_RULE_V3; tier=HIGH_PRECISION; entity=TITLE_TICKER|BODY_ALIAS|BODY_TICKER|TARGET_CONTEXT; score=17; event=OTHER; symbol=POW,TITLE_TICKER|BODY_ALIAS|BODY_TICKER|TARGET_CONTEXT,TITLE_TICKER_WITH_TARGET_CONTEXT,HIGH_PRECISION,FALLBACK_QUARANTINE,FALLBACK_NO_EVENT_DETECTED,80,MEDIUM,NOT_INDEPENDENTLY_VALIDATED,False
0aeaa050ea733d1c50de,493a23eccf19921b03144c9ab6190e62,VHM,Công ty Cổ phần Vinhomes,2022-06-08,CafeF,https://cafef.vn/gic-tro-lai-lam-co-dong-lon-vinhomes-20220608092025377.chn,GIC trở lại làm cổ đông lớn Vinhomes,CORPORATE_ACTION,DIVIDEND,POSITIVE,MODERATE,STOCK_SPECIFIC,HIGH,WEAK_RULE_V3_ENTITY_TIERED,WEAK_RULE_V3; tier=HIGH_PRECISION; entity=TITLE_COMPANY|BODY_COMPANY|BODY_TICKER|TARGET_CONTEXT; score=17; event=DIVIDEND; symbol=VHM,TITLE_COMPANY|BODY_COMPANY|BODY_TICKER|TARGET_CONTEXT,TITLE_ENTITY_WITH_TARGET_CONTEXT,HIGH_PRECISION,INFORMATIVE_CANDIDATE,EXPERIMENTAL_INFORMATIVE_UNVALIDATED,100,HIGH,NOT_INDEPENDENTLY_VALIDATED,True
bebe3477b8712555577c,056285a877a80426691dca72453e1b01,GEX,Công ty Cổ phần Tập đoàn GELEX,2022-06-09,Tin Nhanh Chứng Khoán,https://www.tinnhanhchungkhoan.vn/chung-khoan-vix-tong-giam-doc-gelex-gex-va-nguoi-lien-quan-muon-nang-so-huu-len-2512-von-ma-khong-phai-chao-mua-cong-khai-post299372.html,"Chứng khoán VIX: Tổng giám đốc Gelex (GEX) và người liên quan muốn nâng sở hữu lên 25,12% vốn mà không phải chào mua công khai",CORPORATE_ACTION,DIVIDEND,POSITIVE,MODERATE,STOCK_SPECIFIC,HIGH,WEAK_RULE_V3_ENTITY_TIERED,WEAK_RULE_V3; tier=HIGH_PRECISION; entity=TITLE_TICKER|TITLE_COMPANY|BODY_COMPANY|BODY_TICKER|TARGET_CONTEXT; score=24; event=DIVIDEND; symbol=GEX,TITLE_TICKER|TITLE_COMPANY|BODY_COMPANY|BODY_TICKER|TARGET_CONTEXT,TITLE_TICKER_WITH_TARGET_CONTEXT,HIGH_PRECISION,INFORMATIVE_CANDIDATE,EXPERIMENTAL_INFORMATIVE_UNVALIDATED,100,HIGH,NOT_INDEPENDENTLY_VALIDATED,True
b174ef9c80812027a1b1,056285a877a80426691dca72453e1b01,VIX,Công ty Cổ phần Chứng khoán VIX,2022-06-09,Tin Nhanh Chứng Khoán,https://www.tinnhanhchungkhoan.vn/chung-khoan-vix-tong-giam-doc-gelex-gex-va-nguoi-lien-quan-muon-nang-so-huu-len-2512-von-ma-khong-phai-chao-mua-cong-khai-post299372.html,"Chứng khoán VIX: Tổng giám đốc Gelex (GEX) và người liên quan muốn nâng sở hữu lên 25,12% vốn mà không phải chào mua công khai",CORPORATE_ACTION,DIVIDEND,POSITIVE,MODERATE,STOCK_SPECIFIC,HIGH,WEAK_RULE_V3_ENTITY_TIERED,WEAK_RULE_V3; tier=HIGH_PRECISION; entity=TITLE_TICKER|TITLE_COMPANY|BODY_COMPANY|BODY_TICKER|TARGET_CONTEXT; score=24; event=DIVIDEND; symbol=VIX,TITLE_TICKER|TITLE_COMPANY|BODY_COMPANY|BODY_TICKER|TARGET_CONTEXT,TITLE_TICKER_WITH_TARGET_CONTEXT,HIGH_PRECISION,INFORMATIVE_CANDIDATE,EXPERIMENTAL_INFORMATIVE_UNVALIDATED,100,HIGH,NOT_INDEPENDENTLY_VALIDATED,True
8bc2ee9940d8ddd4627a,2214085f1d74a8ac0d69ff05b6e29f15,MSN,Công ty Cổ phần Tập đoàn Masan,2022-06-13,CafeF,https://cafef.vn/giup-bua-an-hang-trieu-gia-dinh-them-dam-da-masan-va-cholimex-food-thu-ve-ca-chuc-nghin-ty-moi-nam-tu-tuong-ot-nuoc-mam-20220613023311849.chn,"Giúp bữa ăn hàng triệu gia đình thêm đậm đà, Masan và Cholimex Food thu về cả chục nghìn tỷ mỗi năm từ tương ớt, nước mắm",M_AND_A,M_AND_A,NEUTRAL,HIGH,STOCK_SPECIFIC,HIGH,WEAK_RULE_V3_ENTITY_TIERED,WEAK_RULE_V3; tier=HIGH_PRECISION; entity=TITLE_COMPANY|BODY_COMPANY; score=11; event=M_AND_A; symbol=MSN,TITLE_COMPANY|BODY_COMPANY,TITLE_ENTITY_MENTION,HIGH_PRECISION,INFORMATIVE_CANDIDATE,EXPERIMENTAL_INFORMATIVE_UNVALIDATED,100,CRITICAL,NOT_INDEPENDENTLY_VALIDATED,True
f07d4f070fe9dab9c34d,ce68a109421ec38ee1ae7a87e25600e2,VNM,Công ty Cổ phần Sữa Việt Nam,2022-06-17,CafeF,https://cafef.vn/vinamilk-chot-quyen-co-tuc-bang-tien-tong-ty-le-245-20220617160354186.chn,"Vinamilk chốt quyền cổ tức bằng tiền, tổng tỷ lệ 24,5%",CORPORATE_ACTION,DIVIDEND,POSITIVE,MODERATE,STOCK_SPECIFIC,HIGH,WEAK_RULE_V3_ENTITY_TIERED,WEAK_RULE_V3; tier=HIGH_PRECISION; entity=TITLE_ALIAS|BODY_ALIAS|BODY_TICKER|TARGET_CONTEXT; score=17; event=DIVIDEND; symbol=VNM,TITLE_ALIAS|BODY_ALIAS|BODY_TICKER|TARGET_CONTEXT,TITLE_ENTITY_WITH_TARGET_CONTEXT,HIGH_PRECISION,INFORMATIVE_CANDIDATE,EXPERIMENTAL_INFORMATIVE_UNVALIDATED,100,HIGH,NOT_INDEPENDENTLY_VALIDATED,True
05cf3ad4d1fc2cb69a61,d7da27b2bae8a584b45875bca4250cf1,GAS,Tổng Công ty Khí Việt Nam,2022-06-17,CafeF,https://cafef.vn/pv-gas-chot-quyen-co-tuc-bang-tien-mat-ty-le-30-20220617221248992.chn,PV Gas chốt quyền cổ tức bằng tiền mặt tỷ lệ 30%,CORPORATE_ACTION,DIVIDEND,POSITIVE,MODERATE,STOCK_SPECIFIC,HIGH,WEAK_RULE_V3_ENTITY_TIERED,WEAK_RULE_V3; tier=HIGH_PRECISION; entity=TITLE_TICKER|TITLE_ALIAS|BODY_ALIAS|BODY_TICKER|TARGET_CONTEXT; score=24; event=DIVIDEND; symbol=GAS,TITLE_TICKER|TITLE_ALIAS|BODY_ALIAS|BODY_TICKER|TARGET_CONTEXT,TITLE_TICKER_WITH_TARGET_CONTEXT,HIGH_PRECISION,INFORMATIVE_CANDIDATE,EXPERIMENTAL_INFORMATIVE_UNVALIDATED,100,HIGH,NOT_INDEPENDENTLY_VALIDATED,True
617ed45dc65585c98049,010813b546849d3170e3ba38cfad8eae,DCM,Công ty Cổ phần Phân bón Dầu khí Cà Mau,2022-06-19,CafeF,https://cafef.vn/doanh-nghiep-tuan-qua-pv-gas-vinamilk-dam-ca-mau-chot-quyen-chia-co-tuc-tien-mat-20220619093441781.chn,"Doanh nghiệp tuần qua: PV Gas, Vinamilk, Đạm Cà Mau chốt quyền chia cổ tức tiền mặt",CORPORATE_ACTION,DIVIDEND,POSITIVE,MODERATE,STOCK_SPECIFIC,HIGH,WEAK_RULE_V3_ENTITY_TIERED,WEAK_RULE_V3; tier=HIGH_PRECISION; entity=TITLE_ALIAS|BODY_ALIAS; score=11; event=DIVIDEND; symbol=DCM,TITLE_ALIAS|BODY_ALIAS,TITLE_ENTITY_MENTION,HIGH_PRECISION,INFORMATIVE_CANDIDATE,EXPERIMENTAL_INFORMATIVE_UNVALIDATED,100,HIGH,NOT_INDEPENDENTLY_VALIDATED,True
6749cfed42f9c616b56f,010813b546849d3170e3ba38cfad8eae,GAS,Tổng Công ty Khí Việt Nam,2022-06-19,CafeF,https://cafef.vn/doanh-nghiep-tuan-qua-pv-gas-vinamilk-dam-ca-mau-chot-quyen-chia-co-tuc-tien-mat-20220619093441781.chn,"Doanh nghiệp tuần qua: PV Gas, Vinamilk, Đạm Cà Mau chốt quyền chia cổ tức tiền mặt",CORPORATE_ACTION,DIVIDEND,POSITIVE,MODERATE,STOCK_SPECIFIC,HIGH,WEAK_RULE_V3_ENTITY_TIERED,WEAK_RULE_V3; tier=HIGH_PRECISION; entity=TITLE_TICKER|TITLE_ALIAS|BODY_ALIAS|BODY_TICKER; score=20; event=DIVIDEND; symbol=GAS,TITLE_TICKER|TITLE_ALIAS|BODY_ALIAS|BODY_TICKER,TITLE_ENTITY_MENTION,HIGH_PRECISION,INFORMATIVE_CANDIDATE,EXPERIMENTAL_INFORMATIVE_UNVALIDATED,100,HIGH,NOT_INDEPENDENTLY_VALIDATED,True
edb1e8bb9f2c4a03b89d,010813b546849d3170e3ba38cfad8eae,VNM,Công ty Cổ phần Sữa Việt Nam,2022-06-19,CafeF,https://cafef.vn/doanh-nghiep-tuan-qua-pv-gas-vinamilk-dam-ca-mau-chot-quyen-chia-co-tuc-tien-mat-20220619093441781.chn,"Doanh nghiệp tuần qua: PV Gas, Vinamilk, Đạm Cà Mau chốt quyền chia cổ tức tiền mặt",CORPORATE_ACTION,DIVIDEND,POSITIVE,MODERATE,STOCK_SPECIFIC,HIGH,WEAK_RULE_V3_ENTITY_TIERED,WEAK_RULE_V3; tier=HIGH_PRECISION; entity=TITLE_ALIAS|BODY_ALIAS; score=11; event=DIVIDEND; symbol=VNM,TITLE_ALIAS|BODY_ALIAS,TITLE_ENTITY_MENTION,HIGH_PRECISION,INFORMATIVE_CANDIDATE,EXPERIMENTAL_INFORMATIVE_UNVALIDATED,100,HIGH,NOT_INDEPENDENTLY_VALIDATED,True
c177137d5f8b6f23d06d,06fef6b992271572838fd4a9ad49fdea,GAS,Tổng Công ty Khí Việt Nam,2022-06-21,VietnamBiz,https://vietnambiz.vn/phien-216-khoi-ngoai-dao-chieu-mua-rong-hon-410-ty-dong-tam-diem-vnm-ree-gas-2022621163933885.htm,"Phiên 21/6: Khối ngoại đảo chiều mua ròng hơn 410 tỷ đồng, tâm điểm VNM, REE, GAS",OTHER,OTHER,NEUTRAL,LOW,STOCK_SPECIFIC,MEDIUM,WEAK_RULE_V3_ENTITY_TIERED,WEAK_RULE_V3; tier=HIGH_PRECISION; entity=TITLE_TICKER|BODY_TICKER|TARGET_CONTEXT; score=13; event=OTHER; symbol=GAS,TITLE_TICKER|BODY_TICKER|TARGET_CONTEXT,TITLE_TICKER_WITH_TARGET_CONTEXT,HIGH_PRECISION,FALLBACK_QUARANTINE,FALLBACK_NO_EVENT_DETECTED,80,MEDIUM,NOT_INDEPENDENTLY_VALIDATED,False
c8ef6b950a20ba80a4bd,06fef6b992271572838fd4a9ad49fdea,REE,Công ty Cổ phần Cơ Điện Lạnh,2022-06-21,VietnamBiz,https://vietnambiz.vn/phien-216-khoi-ngoai-dao-chieu-mua-rong-hon-410-ty-dong-tam-diem-vnm-ree-gas-2022621163933885.htm,"Phiên 21/6: Khối ngoại đảo chiều mua ròng hơn 410 tỷ đồng, tâm điểm VNM, REE, GAS",OTHER,OTHER,NEUTRAL,LOW,STOCK_SPECIFIC,MEDIUM,WEAK_RULE_V3_ENTITY_TIERED,WEAK_RULE_V3; tier=HIGH_PRECISION; entity=TITLE_TICKER|BODY_COMPANY|BODY_TICKER|TARGET_CONTEXT; score=17; event=OTHER; symbol=REE,TITLE_TICKER|BODY_COMPANY|BODY_TICKER|TARGET_CONTEXT,TITLE_TICKER_WITH_TARGET_CONTEXT,HIGH_PRECISION,FALLBACK_QUARANTINE,FALLBACK_NO_EVENT_DETECTED,80,MEDIUM,NOT_INDEPENDENTLY_VALIDATED,False
aed776a5fbe6d26fe3e9,06fef6b992271572838fd4a9ad49fdea,VNM,Công ty Cổ phần Sữa Việt Nam,2022-06-21,VietnamBiz,https://vietnambiz.vn/phien-216-khoi-ngoai-dao-chieu-mua-rong-hon-410-ty-dong-tam-diem-vnm-ree-gas-2022621163933885.htm,"Phiên 21/6: Khối ngoại đảo chiều mua ròng hơn 410 tỷ đồng, tâm điểm VNM, REE, GAS",OTHER,OTHER,NEUTRAL,LOW,STOCK_SPECIFIC,MEDIUM,WEAK_RULE_V3_ENTITY_TIERED,WEAK_RULE_V3; tier=HIGH_PRECISION; entity=TITLE_TICKER|BODY_ALIAS|BODY_TICKER|TARGET_CONTEXT; score=17; event=OTHER; symbol=VNM,TITLE_TICKER|BODY_ALIAS|BODY_TICKER|TARGET_CONTEXT,TITLE_TICKER_WITH_TARGET_CONTEXT,HIGH_PRECISION,FALLBACK_QUARANTINE,FALLBACK_NO_EVENT_DETECTED,80,MEDIUM,NOT_INDEPENDENTLY_VALIDATED,False
f097618c8d64bd41ba59,ae633fe90aabd731b1313db85425e01e,FPT,Công ty Cổ phần FPT,2022-06-21,VietnamBiz,https://vietnambiz.vn/co-phieu-tam-diem-226-fpt-acv-vhc-2022621173033879.htm,"Cổ phiếu tâm điểm 22/6: FPT, ACV, VHC",CORPORATE_ACTION,LEADERSHIP_CHANGE,NEUTRAL,MODERATE,STOCK_SPECIFIC,HIGH,WEAK_RULE_V3_ENTITY_TIERED,WEAK_RULE_V3; tier=HIGH_PRECISION; entity=TITLE_TICKER|BODY_TICKER|TARGET_CONTEXT; score=13; event=LEADERSHIP_CHANGE; symbol=FPT,TITLE_TICKER|BODY_TICKER|TARGET_CONTEXT,TITLE_TICKER_WITH_TARGET_CONTEXT,HIGH_PRECISION,INFORMATIVE_CANDIDATE,EXPERIMENTAL_INFORMATIVE_UNVALIDATED,100,HIGH,NOT_INDEPENDENTLY_VALIDATED,True
aa6bc9387bbc1a0d6233,ae633fe90aabd731b1313db85425e01e,VHC,Công ty Cổ phần Vĩnh Hoàn,2022-06-21,VietnamBiz,https://vietnambiz.vn/co-phieu-tam-diem-226-fpt-acv-vhc-2022621173033879.htm,"Cổ phiếu tâm điểm 22/6: FPT, ACV, VHC",CORPORATE_ACTION,LEADERSHIP_CHANGE,NEUTRAL,MODERATE,STOCK_SPECIFIC,HIGH,WEAK_RULE_V3_ENTITY_TIERED,WEAK_RULE_V3; tier=HIGH_PRECISION; entity=TITLE_TICKER|BODY_COMPANY|BODY_TICKER|TARGET_CONTEXT; score=17; event=LEADERSHIP_CHANGE; symbol=VHC,TITLE_TICKER|BODY_COMPANY|BODY_TICKER|TARGET_CONTEXT,TITLE_TICKER_WITH_TARGET_CONTEXT,HIGH_PRECISION,INFORMATIVE_CANDIDATE,EXPERIMENTAL_INFORMATIVE_UNVALIDATED,100,HIGH,NOT_INDEPENDENTLY_VALIDATED,True
54f1221dbc5517e5667b,9c57da428f1178c4ae3e6eeddc8e4d0f,FPT,Công ty Cổ phần FPT,2022-06-22,VietnamBiz,https://vietnambiz.vn/phien-226-khoi-tu-doanh-tiep-tuc-mua-rong-329-ty-dong-co-phieu-san-hose-tap-trung-mwg-fpt-pnj-202262218297386.htm,"Phiên 22/6: Khối tự doanh tiếp tục mua ròng 329 tỷ đồng cổ phiếu sàn HOSE, tập trung MWG, FPT, PNJ",OTHER,OTHER,NEUTRAL,LOW,STOCK_SPECIFIC,MEDIUM,WEAK_RULE_V3_ENTITY_TIERED,WEAK_RULE_V3; tier=HIGH_PRECISION; entity=TITLE_TICKER|BODY_TICKER|TARGET_CONTEXT; score=13; event=OTHER; symbol=FPT,TITLE_TICKER|BODY_TICKER|TARGET_CONTEXT,TITLE_TICKER_WITH_TARGET_CONTEXT,HIGH_PRECISION,FALLBACK_QUARANTINE,FALLBACK_NO_EVENT_DETECTED,80,MEDIUM,NOT_INDEPENDENTLY_VALIDATED,False
a4a0f3b0fca268d20400,9c57da428f1178c4ae3e6eeddc8e4d0f,MWG,Công ty Cổ phần Đầu tư Thế Giới Di Động,2022-06-22,VietnamBiz,https://vietnambiz.vn/phien-226-khoi-tu-doanh-tiep-tuc-mua-rong-329-ty-dong-co-phieu-san-hose-tap-trung-mwg-fpt-pnj-202262218297386.htm,"Phiên 22/6: Khối tự doanh tiếp tục mua ròng 329 tỷ đồng cổ phiếu sàn HOSE, tập trung MWG, FPT, PNJ",OTHER,OTHER,NEUTRAL,LOW,STOCK_SPECIFIC,MEDIUM,WEAK_RULE_V3_ENTITY_TIERED,WEAK_RULE_V3; tier=HIGH_PRECISION; entity=TITLE_TICKER|BODY_TICKER|TARGET_CONTEXT; score=13; event=OTHER; symbol=MWG,TITLE_TICKER|BODY_TICKER|TARGET_CONTEXT,TITLE_TICKER_WITH_TARGET_CONTEXT,HIGH_PRECISION,FALLBACK_QUARANTINE,FALLBACK_NO_EVENT_DETECTED,80,MEDIUM,NOT_INDEPENDENTLY_VALIDATED,False
4df1a88ab9f84bcc3cd5,9c57da428f1178c4ae3e6eeddc8e4d0f,PNJ,Công ty Cổ phần Vàng bạc Đá quý Phú Nhuận,2022-06-22,VietnamBiz,https://vietnambiz.vn/phien-226-khoi-tu-doanh-tiep-tuc-mua-rong-329-ty-dong-co-phieu-san-hose-tap-trung-mwg-fpt-pnj-202262218297386.htm,"Phiên 22/6: Khối tự doanh tiếp tục mua ròng 329 tỷ đồng cổ phiếu sàn HOSE, tập trung MWG, FPT, PNJ",OTHER,OTHER,NEUTRAL,LOW,STOCK_SPECIFIC,MEDIUM,WEAK_RULE_V3_ENTITY_TIERED,WEAK_RULE_V3; tier=HIGH_PRECISION; entity=TITLE_TICKER|BODY_TICKER|TARGET_CONTEXT; score=13; event=OTHER; symbol=PNJ,TITLE_TICKER|BODY_TICKER|TARGET_CONTEXT,TITLE_TICKER_WITH_TARGET_CONTEXT,HIGH_PRECISION,FALLBACK_QUARANTINE,FALLBACK_NO_EVENT_DETECTED,80,MEDIUM,NOT_INDEPENDENTLY_VALIDATED,False
909084704adeb84f3f9d,d39ff3720548cb93f0c322b7a886817f,VSC,Công ty Cổ phần Container Việt Nam,2022-06-22,VietnamBiz,https://vietnambiz.vn/co-phieu-tam-diem-23-2-hdc-ctd-fcn-20220222191153383.htm,"Cổ phiếu tâm điểm (23/6): HDB, VSC, AST",CORPORATE_ACTION,DIVIDEND,POSITIVE,MODERATE,STOCK_SPECIFIC,HIGH,WEAK_RULE_V3_ENTITY_TIERED,WEAK_RULE_V3; tier=HIGH_PRECISION; entity=TITLE_TICKER|BODY_COMPANY|BODY_TICKER|TARGET_CONTEXT; score=17; event=DIVIDEND; symbol=VSC,TITLE_TICKER|BODY_COMPANY|BODY_TICKER|TARGET_CONTEXT,TITLE_TICKER_WITH_TARGET_CONTEXT,HIGH_PRECISION,INFORMATIVE_CANDIDATE,EXPERIMENTAL_INFORMATIVE_UNVALIDATED,100,HIGH,NOT_INDEPENDENTLY_VALIDATED,True
f7c7929f679b0f010181,3b91827b04600ec802279f8607d7b254,GAS,Tổng Công ty Khí Việt Nam,2022-06-23,CafeF,https://cafef.vn/pv-gas-uoc-lai-gan-7000-ty-dong-nua-dau-nam-tang-59-20220623101525776.chn,"PV Gas ước lãi gần 7.000 tỷ đồng nửa đầu năm, tăng 59%",BUSINESS_RESULT,PROFIT_GROWTH,POSITIVE,HIGH,STOCK_SPECIFIC,HIGH,WEAK_RULE_V3_ENTITY_TIERED,WEAK_RULE_V3; tier=HIGH_PRECISION; entity=TITLE_TICKER|TITLE_ALIAS|BODY_ALIAS|BODY_TICKER|TARGET_CONTEXT; score=24; event=PROFIT_GROWTH; symbol=GAS,TITLE_TICKER|TITLE_ALIAS|BODY_ALIAS|BODY_TICKER|TARGET_CONTEXT,TITLE_TICKER_WITH_TARGET_CONTEXT,HIGH_PRECISION,INFORMATIVE_CANDIDATE,EXPERIMENTAL_INFORMATIVE_UNVALIDATED,100,HIGH,NOT_INDEPENDENTLY_VALIDATED,True
87e11c11ecb77080977a,c7af6d12e42aabf3956865e0d083b803,GMD,Công ty Cổ phần Gemadept,2022-06-23,CafeF,https://cafef.vn/gemadept-se-phat-hanh-hon-100-trieu-co-phieu-cho-co-dong-hien-huu-voi-gia-20000-dong-cp-20220623101801151.chn,Gemadept sẽ phát hành hơn 100 triệu cổ phiếu cho cổ đông hiện hữu với giá 20.000 đồng/cp,BUSINESS_RESULT,PROJECT_EXPANSION,POSITIVE,MODERATE,STOCK_SPECIFIC,HIGH,WEAK_RULE_V3_ENTITY_TIERED,WEAK_RULE_V3; tier=HIGH_PRECISION; entity=TITLE_COMPANY|BODY_COMPANY|BODY_TICKER|TARGET_CONTEXT; score=17; event=PROJECT_EXPANSION; symbol=GMD,TITLE_COMPANY|BODY_COMPANY|BODY_TICKER|TARGET_CONTEXT,TITLE_ENTITY_WITH_TARGET_CONTEXT,HIGH_PRECISION,INFORMATIVE_CANDIDATE,EXPERIMENTAL_INFORMATIVE_UNVALIDATED,100,HIGH,NOT_INDEPENDENTLY_VALIDATED,True
b58305ef56aac2e22567,e9398a5cd073f97c61a2328ba59d5e38,HAH,Công ty Cổ phần Vận tải và Xếp dỡ Hải An,2022-06-29,CafeF,https://cafef.vn/hai-an-uoc-tinh-lai-sau-thue-quy-ii-tang-79-voi-cung-ky-2021-20220629140336827.chn,Hải An ước tính lãi sau thuế quý II tăng 79% với cùng kỳ 2021,CORPORATE_ACTION,DIVIDEND,POSITIVE,MODERATE,STOCK_SPECIFIC,HIGH,WEAK_RULE_V3_ENTITY_TIERED,WEAK_RULE_V3; tier=HIGH_PRECISION; entity=TITLE_ALIAS|BODY_ALIAS|BODY_TICKER|TARGET_CONTEXT; score=17; event=DIVIDEND; symbol=HAH,TITLE_ALIAS|BODY_ALIAS|BODY_TICKER|TARGET_CONTEXT,TITLE_ENTITY_WITH_TARGET_CONTEXT,HIGH_PRECISION,INFORMATIVE_CANDIDATE,EXPERIMENTAL_INFORMATIVE_UNVALIDATED,100,HIGH,NOT_INDEPENDENTLY_VALIDATED,True
a9bf607ba97111c12bd8,105c1ad66fb0319e7f696b9dd31c04e2,REE,Công ty Cổ phần Cơ Điện Lạnh,2022-07-04,VietnamBiz,https://vietnambiz.vn/co-bao-nhieu-tien-duoc-xem-la-nguoi-giau-o-trung-quoc-20200607075743478.htm,"Cổ phiếu tâm điểm 5/7: VNM, REE, PVT",OTHER,OTHER,NEUTRAL,LOW,STOCK_SPECIFIC,MEDIUM,WEAK_RULE_V3_ENTITY_TIERED,WEAK_RULE_V3; tier=HIGH_PRECISION; entity=TITLE_TICKER|BODY_COMPANY|BODY_TICKER|TARGET_CONTEXT; score=17; event=OTHER; symbol=REE,TITLE_TICKER|BODY_COMPANY|BODY_TICKER|TARGET_CONTEXT,TITLE_TICKER_WITH_TARGET_CONTEXT,HIGH_PRECISION,FALLBACK_QUARANTINE,FALLBACK_NO_EVENT_DETECTED,80,MEDIUM,NOT_INDEPENDENTLY_VALIDATED,False
3a08e3f9cbc3c121c484,105c1ad66fb0319e7f696b9dd31c04e2,VNM,Công ty Cổ phần Sữa Việt Nam,2022-07-04,VietnamBiz,https://vietnambiz.vn/co-bao-nhieu-tien-duoc-xem-la-nguoi-giau-o-trung-quoc-20200607075743478.htm,"Cổ phiếu tâm điểm 5/7: VNM, REE, PVT",OTHER,OTHER,NEUTRAL,LOW,STOCK_SPECIFIC,MEDIUM,WEAK_RULE_V3_ENTITY_TIERED,WEAK_RULE_V3; tier=HIGH_PRECISION; entity=TITLE_TICKER|BODY_ALIAS|BODY_TICKER|TARGET_CONTEXT; score=17; event=OTHER; symbol=VNM,TITLE_TICKER|BODY_ALIAS|BODY_TICKER|TARGET_CONTEXT,TITLE_TICKER_WITH_TARGET_CONTEXT,HIGH_PRECISION,FALLBACK_QUARANTINE,FALLBACK_NO_EVENT_DETECTED,80,MEDIUM,NOT_INDEPENDENTLY_VALIDATED,False
25b8c182180f2d5ed030,396817941c4c45a7b6e58e5a3c3830e9,GEX,Công ty Cổ phần Tập đoàn GELEX,2022-07-04,CafeF,https://cafef.vn/tap-doan-gelex-muon-mua-gan-205-ty-dong-trai-phieu-truoc-han-20220704133024663.chn,Tập đoàn Gelex muốn mua gần 205 tỷ đồng trái phiếu trước hạn,MACRO_POLICY,MACRO_POLICY,NEUTRAL,MODERATE,MARKET,HIGH,WEAK_RULE_V3_ENTITY_TIERED,WEAK_RULE_V3; tier=HIGH_PRECISION; entity=TITLE_COMPANY|BODY_COMPANY|BODY_TICKER; score=13; event=MACRO_POLICY; symbol=GEX,TITLE_COMPANY|BODY_COMPANY|BODY_TICKER,TITLE_ENTITY_MENTION,HIGH_PRECISION,INFORMATIVE_CANDIDATE,EXPERIMENTAL_INFORMATIVE_UNVALIDATED,100,CRITICAL,NOT_INDEPENDENTLY_VALIDATED,True
4a63be4058ab059c6276,4a11a8ea485419fda6ca59e94f32dcd0,VCI,Công ty Cổ phần Chứng khoán Vietcap,2022-07-04,CafeF,https://cafef.vn/vcsc-chuan-bi-phat-hanh-100-trieu-co-phieu-tra-co-tuc-2021-ty-le-30-20220704104456011.chn,VCSC chuẩn bị phát hành 100 triệu cổ phiếu trả cổ tức 2021 tỷ lệ 30%,CORPORATE_ACTION,DIVIDEND,POSITIVE,MODERATE,STOCK_SPECIFIC,HIGH,WEAK_RULE_V3_ENTITY_TIERED,WEAK_RULE_V3; tier=HIGH_PRECISION; entity=TITLE_ALIAS|BODY_ALIAS|BODY_TICKER|TARGET_CONTEXT; score=17; event=DIVIDEND; symbol=VCI,TITLE_ALIAS|BODY_ALIAS|BODY_TICKER|TARGET_CONTEXT,TITLE_ENTITY_WITH_TARGET_CONTEXT,HIGH_PRECISION,INFORMATIVE_CANDIDATE,EXPERIMENTAL_INFORMATIVE_UNVALIDATED,100,HIGH,NOT_INDEPENDENTLY_VALIDATED,True
69347a72e0a7fb730a3c,7a88c0f604df1b01e5c2638c7acad5e1,PVD,Tổng Công ty Cổ phần Khoan và Dịch vụ Khoan Dầu khí,2022-07-04,CafeF,https://cafef.vn/pv-drilling-se-tra-co-tuc-nam-2021-truoc-30-9-20220704133246431.chn,PV Drilling sẽ trả cổ tức năm 2021 trước 30/9,BUSINESS_RESULT,PROFIT_GROWTH,POSITIVE,HIGH,STOCK_SPECIFIC,HIGH,WEAK_RULE_V3_ENTITY_TIERED,WEAK_RULE_V3; tier=HIGH_PRECISION; entity=TITLE_ALIAS|BODY_ALIAS|BODY_TICKER; score=13; event=PROFIT_GROWTH; symbol=PVD,TITLE_ALIAS|BODY_ALIAS|BODY_TICKER,TITLE_ENTITY_MENTION,HIGH_PRECISION,INFORMATIVE_CANDIDATE,EXPERIMENTAL_INFORMATIVE_UNVALIDATED,100,HIGH,NOT_INDEPENDENTLY_VALIDATED,True
8e5ee8954e9c3b450241,8cf94e29057560fab9e9ce8afc2d4419,BID,Ngân hàng TMCP Đầu tư và Phát triển Việt Nam,2022-07-04,VietnamBiz,https://vietnambiz.vn/phien-47-khoi-tu-doanh-mua-rong-29-ty-dong-co-phieu-san-hose-uu-tien-long-phai-sinh-khi-vn-index-giam-diem-2022742096802.htm,"Phiên 4/7: Khối tự doanh giao dịch dè dặt, tập trung mua STB, DGC và BID",OTHER,OTHER,NEUTRAL,LOW,STOCK_SPECIFIC,MEDIUM,WEAK_RULE_V3_ENTITY_TIERED,WEAK_RULE_V3; tier=HIGH_PRECISION; entity=TITLE_TICKER|BODY_TICKER|TARGET_CONTEXT; score=13; event=OTHER; symbol=BID,TITLE_TICKER|BODY_TICKER|TARGET_CONTEXT,TITLE_TICKER_WITH_TARGET_CONTEXT,HIGH_PRECISION,FALLBACK_QUARANTINE,FALLBACK_NO_EVENT_DETECTED,80,MEDIUM,NOT_INDEPENDENTLY_VALIDATED,False
1fda9d452d8b68b61a28,8cf94e29057560fab9e9ce8afc2d4419,DGC,Công ty Cổ phần Tập đoàn Hóa chất Đức Giang,2022-07-04,VietnamBiz,https://vietnambiz.vn/phien-47-khoi-tu-doanh-mua-rong-29-ty-dong-co-phieu-san-hose-uu-tien-long-phai-sinh-khi-vn-index-giam-diem-2022742096802.htm,"Phiên 4/7: Khối tự doanh giao dịch dè dặt, tập trung mua STB, DGC và BID",OTHER,OTHER,NEUTRAL,LOW,STOCK_SPECIFIC,MEDIUM,WEAK_RULE_V3_ENTITY_TIERED,WEAK_RULE_V3; tier=HIGH_PRECISION; entity=TITLE_TICKER|BODY_TICKER|TARGET_CONTEXT; score=13; event=OTHER; symbol=DGC,TITLE_TICKER|BODY_TICKER|TARGET_CONTEXT,TITLE_TICKER_WITH_TARGET_CONTEXT,HIGH_PRECISION,FALLBACK_QUARANTINE,FALLBACK_NO_EVENT_DETECTED,80,MEDIUM,NOT_INDEPENDENTLY_VALIDATED,False
1b6e2f972c362f36977d,8cf94e29057560fab9e9ce8afc2d4419,STB,Ngân hàng TMCP Sài Gòn Thương Tín,2022-07-04,VietnamBiz,https://vietnambiz.vn/phien-47-khoi-tu-doanh-mua-rong-29-ty-dong-co-phieu-san-hose-uu-tien-long-phai-sinh-khi-vn-index-giam-diem-2022742096802.htm,"Phiên 4/7: Khối tự doanh giao dịch dè dặt, tập trung mua STB, DGC và BID",OTHER,OTHER,NEUTRAL,LOW,STOCK_SPECIFIC,MEDIUM,WEAK_RULE_V3_ENTITY_TIERED,WEAK_RULE_V3; tier=HIGH_PRECISION; entity=TITLE_TICKER|BODY_TICKER|TARGET_CONTEXT; score=13; event=OTHER; symbol=STB,TITLE_TICKER|BODY_TICKER|TARGET_CONTEXT,TITLE_TICKER_WITH_TARGET_CONTEXT,HIGH_PRECISION,FALLBACK_QUARANTINE,FALLBACK_NO_EVENT_DETECTED,80,MEDIUM,NOT_INDEPENDENTLY_VALIDATED,False
5d3f54585ba0d1f96a07,d0215435cf5373ba8e1947d349a4bcf2,CTG,Ngân hàng TMCP Công Thương Việt Nam,2022-07-04,VietnamBiz,https://vietnambiz.vn/vietinbank-securities-sap-tang-von-len-gan-1500-ty-dong-bau-bo-sung-thanh-vien-hoi-dong-quan-tri-doc-lap-202274103151764.htm,"VietinBank Securities sắp tăng vốn lên gần 1.500 tỷ đồng, bầu bổ sung thành viên hội đồng quản trị độc lập",CORPORATE_ACTION,DIVIDEND,POSITIVE,MODERATE,STOCK_SPECIFIC,HIGH,WEAK_RULE_V3_ENTITY_TIERED,WEAK_RULE_V3; tier=HIGH_PRECISION; entity=TITLE_ALIAS|BODY_COMPANY; score=11; event=DIVIDEND; symbol=CTG,TITLE_ALIAS|BODY_COMPANY,TITLE_ENTITY_MENTION,HIGH_PRECISION,INFORMATIVE_CANDIDATE,EXPERIMENTAL_INFORMATIVE_UNVALIDATED,100,HIGH,NOT_INDEPENDENTLY_VALIDATED,True
3c2289a2309a84618922,3729c7659979bda52d08891a91c62853,FRT,Công ty Cổ phần Bán lẻ Kỹ thuật số FPT,2022-07-05,VietnamBiz,https://vietnambiz.vn/gan-44-trieu-co-phieu-nkg-va-395-trieu-co-phieu-frt-sap-do-bo-san-hose-20227585216356.htm,"Gần 44 triệu cổ phiếu NKG và 39,5 triệu cổ phiếu FRT sắp đổ bộ sàn HOSE",CORPORATE_ACTION,DIVIDEND,POSITIVE,MODERATE,STOCK_SPECIFIC,HIGH,WEAK_RULE_V3_ENTITY_TIERED,WEAK_RULE_V3; tier=HIGH_PRECISION; entity=TITLE_TICKER|BODY_ALIAS|BODY_TICKER|TARGET_CONTEXT; score=17; event=DIVIDEND; symbol=FRT,TITLE_TICKER|BODY_ALIAS|BODY_TICKER|TARGET_CONTEXT,TITLE_TICKER_WITH_TARGET_CONTEXT,HIGH_PRECISION,INFORMATIVE_CANDIDATE,EXPERIMENTAL_INFORMATIVE_UNVALIDATED,100,HIGH,NOT_INDEPENDENTLY_VALIDATED,True
719471b688fc69a7cac2,3729c7659979bda52d08891a91c62853,NKG,Công ty Cổ phần Thép Nam Kim,2022-07-05,VietnamBiz,https://vietnambiz.vn/gan-44-trieu-co-phieu-nkg-va-395-trieu-co-phieu-frt-sap-do-bo-san-hose-20227585216356.htm,"Gần 44 triệu cổ phiếu NKG và 39,5 triệu cổ phiếu FRT sắp đổ bộ sàn HOSE",CORPORATE_ACTION,DIVIDEND,POSITIVE,MODERATE,STOCK_SPECIFIC,HIGH,WEAK_RULE_V3_ENTITY_TIERED,WEAK_RULE_V3; tier=HIGH_PRECISION; entity=TITLE_TICKER|BODY_COMPANY|BODY_TICKER|TARGET_CONTEXT; score=17; event=DIVIDEND; symbol=NKG,TITLE_TICKER|BODY_COMPANY|BODY_TICKER|TARGET_CONTEXT,TITLE_TICKER_WITH_TARGET_CONTEXT,HIGH_PRECISION,INFORMATIVE_CANDIDATE,EXPERIMENTAL_INFORMATIVE_UNVALIDATED,100,HIGH,NOT_INDEPENDENTLY_VALIDATED,True
fe62448eb035d1ca0fb8,cde2a920bb3351132a6903b486f2a378,FRT,Công ty Cổ phần Bán lẻ Kỹ thuật số FPT,2022-07-09,CafeF,https://cafef.vn/bo-doi-quy-ngoai-ty-do-khong-the-thieu-cua-nhung-dot-ipo-hot-nhat-5-nam-qua-tu-novaland-vietjet-frt-den-hung-thinh-20220630015635866.chn,"Bộ đôi quỹ ngoại tỷ đô không thể thiếu của những đợt IPO hot nhất 5 năm qua: Từ Novaland, Vietjet, FRT đến Hưng Thịnh...",CORPORATE_ACTION,STOCK_ISSUANCE,NEUTRAL,MODERATE,STOCK_SPECIFIC,HIGH,WEAK_RULE_V3_ENTITY_TIERED,WEAK_RULE_V3; tier=HIGH_PRECISION; entity=TITLE_TICKER|BODY_ALIAS|BODY_TICKER|TARGET_CONTEXT; score=17; event=STOCK_ISSUANCE; symbol=FRT,TITLE_TICKER|BODY_ALIAS|BODY_TICKER|TARGET_CONTEXT,TITLE_TICKER_WITH_TARGET_CONTEXT,HIGH_PRECISION,INFORMATIVE_CANDIDATE,EXPERIMENTAL_INFORMATIVE_UNVALIDATED,100,HIGH,NOT_INDEPENDENTLY_VALIDATED,True
d05fd855be6af8a4dde0,cde2a920bb3351132a6903b486f2a378,NVL,Công ty Cổ phần Tập đoàn Đầu tư Địa ốc No Va,2022-07-09,CafeF,https://cafef.vn/bo-doi-quy-ngoai-ty-do-khong-the-thieu-cua-nhung-dot-ipo-hot-nhat-5-nam-qua-tu-novaland-vietjet-frt-den-hung-thinh-20220630015635866.chn,"Bộ đôi quỹ ngoại tỷ đô không thể thiếu của những đợt IPO hot nhất 5 năm qua: Từ Novaland, Vietjet, FRT đến Hưng Thịnh...",CORPORATE_ACTION,STOCK_ISSUANCE,NEUTRAL,MODERATE,STOCK_SPECIFIC,HIGH,WEAK_RULE_V3_ENTITY_TIERED,WEAK_RULE_V3; tier=HIGH_PRECISION; entity=TITLE_ALIAS|BODY_ALIAS|BODY_TICKER|TARGET_CONTEXT; score=17; event=STOCK_ISSUANCE; symbol=NVL,TITLE_ALIAS|BODY_ALIAS|BODY_TICKER|TARGET_CONTEXT,TITLE_ENTITY_WITH_TARGET_CONTEXT,HIGH_PRECISION,INFORMATIVE_CANDIDATE,EXPERIMENTAL_INFORMATIVE_UNVALIDATED,100,HIGH,NOT_INDEPENDENTLY_VALIDATED,True
fb0aa0061f5a04fc36cc,cde2a920bb3351132a6903b486f2a378,VJC,Công ty Cổ phần Hàng không Vietjet,2022-07-09,CafeF,https://cafef.vn/bo-doi-quy-ngoai-ty-do-khong-the-thieu-cua-nhung-dot-ipo-hot-nhat-5-nam-qua-tu-novaland-vietjet-frt-den-hung-thinh-20220630015635866.chn,"Bộ đôi quỹ ngoại tỷ đô không thể thiếu của những đợt IPO hot nhất 5 năm qua: Từ Novaland, Vietjet, FRT đến Hưng Thịnh...",CORPORATE_ACTION,STOCK_ISSUANCE,NEUTRAL,MODERATE,STOCK_SPECIFIC,HIGH,WEAK_RULE_V3_ENTITY_TIERED,WEAK_RULE_V3; tier=HIGH_PRECISION; entity=TITLE_ALIAS|BODY_ALIAS; score=11; event=STOCK_ISSUANCE; symbol=VJC,TITLE_ALIAS|BODY_ALIAS,TITLE_ENTITY_MENTION,HIGH_PRECISION,INFORMATIVE_CANDIDATE,EXPERIMENTAL_INFORMATIVE_UNVALIDATED,100,HIGH,NOT_INDEPENDENTLY_VALIDATED,True
2ed96a3e5617487fa233,29b974797d00d418929ba2ccc389827b,SSI,Công ty Cổ phần Chứng khoán SSI,2022-07-10,CafeF,https://cafef.vn/co-phieu-cong-nghe-viet-nam-da-it-nhung-lai-hay-mang-ve-trai-dang-ssi-vietnam-holding-cung-nhieu-quy-lon-deu-tung-phai-cat-lo-20220628112056125.chn,"Cổ phiếu công nghệ Việt Nam đã ít nhưng lại hay mang về trái đắng: SSI, Vietnam Holding cùng nhiều quỹ lớn đều từng phải cắt lỗ",CORPORATE_ACTION,DIVIDEND,POSITIVE,MODERATE,STOCK_SPECIFIC,HIGH,WEAK_RULE_V3_ENTITY_TIERED,WEAK_RULE_V3; tier=HIGH_PRECISION; entity=TITLE_TICKER|BODY_COMPANY|BODY_TICKER|TARGET_CONTEXT; score=17; event=DIVIDEND; symbol=SSI,TITLE_TICKER|BODY_COMPANY|BODY_TICKER|TARGET_CONTEXT,TITLE_TICKER_WITH_TARGET_CONTEXT,HIGH_PRECISION,INFORMATIVE_CANDIDATE,EXPERIMENTAL_INFORMATIVE_UNVALIDATED,100,HIGH,NOT_INDEPENDENTLY_VALIDATED,True
0fecf2e476034ad39df9,9fb6105e638d4cdfb62e60045adf30bd,DPM,Tổng Công ty Phân bón và Hóa chất Dầu khí,2022-07-10,CafeF,https://cafef.vn/doanh-nghiep-tuan-qua-pv-power-se-dua-them-cong-ty-con-len-san-dam-phu-my-chot-quyen-chia-co-tuc-20220710093342585.chn,"Doanh nghiệp tuần qua: PV Power sẽ đưa thêm công ty con lên sàn, Đạm Phú Mỹ chốt quyền chia cổ tức",CORPORATE_ACTION,DIVIDEND,POSITIVE,MODERATE,STOCK_SPECIFIC,HIGH,WEAK_RULE_V3_ENTITY_TIERED,WEAK_RULE_V3; tier=HIGH_PRECISION; entity=TITLE_ALIAS|BODY_ALIAS; score=11; event=DIVIDEND; symbol=DPM,TITLE_ALIAS|BODY_ALIAS,TITLE_ENTITY_MENTION,HIGH_PRECISION,INFORMATIVE_CANDIDATE,EXPERIMENTAL_INFORMATIVE_UNVALIDATED,100,HIGH,NOT_INDEPENDENTLY_VALIDATED,True
05679db62d3b142320fe,9fb6105e638d4cdfb62e60045adf30bd,POW,Tổng Công ty Điện lực Dầu khí Việt Nam,2022-07-10,CafeF,https://cafef.vn/doanh-nghiep-tuan-qua-pv-power-se-dua-them-cong-ty-con-len-san-dam-phu-my-chot-quyen-chia-co-tuc-20220710093342585.chn,"Doanh nghiệp tuần qua: PV Power sẽ đưa thêm công ty con lên sàn, Đạm Phú Mỹ chốt quyền chia cổ tức",CORPORATE_ACTION,DIVIDEND,POSITIVE,MODERATE,STOCK_SPECIFIC,HIGH,WEAK_RULE_V3_ENTITY_TIERED,WEAK_RULE_V3; tier=HIGH_PRECISION; entity=TITLE_ALIAS|BODY_ALIAS; score=11; event=DIVIDEND; symbol=POW,TITLE_ALIAS|BODY_ALIAS,TITLE_ENTITY_MENTION,HIGH_PRECISION,INFORMATIVE_CANDIDATE,EXPERIMENTAL_INFORMATIVE_UNVALIDATED,100,HIGH,NOT_INDEPENDENTLY_VALIDATED,True
be6ed592581f84f3bd88,d7570cb4b6cc4fd1a905b5978fc684f2,FPT,Công ty Cổ phần FPT,2022-07-10,CafeF,https://cafef.vn/hon-182-trieu-co-phieu-fpt-giao-dich-tu-ngay-19-7-20220710122207666.chn,Hơn 182 triệu cổ phiếu FPT giao dịch từ ngày 19/7,CORPORATE_ACTION,DIVIDEND,POSITIVE,MODERATE,STOCK_SPECIFIC,HIGH,WEAK_RULE_V3_ENTITY_TIERED,WEAK_RULE_V3; tier=HIGH_PRECISION; entity=TITLE_TICKER|BODY_TICKER|TARGET_CONTEXT; score=13; event=DIVIDEND; symbol=FPT,TITLE_TICKER|BODY_TICKER|TARGET_CONTEXT,TITLE_TICKER_WITH_TARGET_CONTEXT,HIGH_PRECISION,INFORMATIVE_CANDIDATE,EXPERIMENTAL_INFORMATIVE_UNVALIDATED,100,HIGH,NOT_INDEPENDENTLY_VALIDATED,True
ee5543434ffa20cfc720,8d5651dd1e42e2f04dd404d2b4f7f155,VIC,Tập đoàn Vingroup,2022-07-11,CafeF,https://cafef.vn/vic-hoi-phuc-ngoan-muc-cuoi-phien-vn-index-thu-hep-da-giam-xuong-con-hon-16-diem-20220711153018979.chn,"VIC hồi phục ngoạn mục cuối phiên, VN-Index thu hẹp đà giảm xuống còn hơn 16 điểm",OTHER,OTHER,NEUTRAL,LOW,STOCK_SPECIFIC,MEDIUM,WEAK_RULE_V3_ENTITY_TIERED,WEAK_RULE_V3; tier=HIGH_PRECISION; entity=TITLE_TICKER|BODY_COMPANY|BODY_TICKER|TARGET_CONTEXT; score=17; event=OTHER; symbol=VIC,TITLE_TICKER|BODY_COMPANY|BODY_TICKER|TARGET_CONTEXT,TITLE_TICKER_WITH_TARGET_CONTEXT,HIGH_PRECISION,FALLBACK_QUARANTINE,FALLBACK_NO_EVENT_DETECTED,80,MEDIUM,NOT_INDEPENDENTLY_VALIDATED,False
287dd5412af307393c53,e6cfa67a79f535a1a938e737899f459b,MWG,Công ty Cổ phần Đầu tư Thế Giới Di Động,2022-07-13,CafeF,https://cafef.vn/room-ngoai-e-hang-trieu-co-phieu-phai-chang-mwg-da-het-hot-trong-mat-nha-dau-tu-nuoc-ngoai-20220713112658514.chn,"Room ngoại “ế” hàng triệu cổ phiếu, phải chăng MWG đã hết “hot” trong mắt nhà đầu tư nước ngoài?",OTHER,OTHER,NEUTRAL,LOW,STOCK_SPECIFIC,MEDIUM,WEAK_RULE_V3_ENTITY_TIERED,WEAK_RULE_V3; tier=HIGH_PRECISION; entity=TITLE_TICKER|BODY_ALIAS|BODY_TICKER|TARGET_CONTEXT; score=17; event=OTHER; symbol=MWG,TITLE_TICKER|BODY_ALIAS|BODY_TICKER|TARGET_CONTEXT,TITLE_TICKER_WITH_TARGET_CONTEXT,HIGH_PRECISION,FALLBACK_QUARANTINE,FALLBACK_NO_EVENT_DETECTED,80,MEDIUM,NOT_INDEPENDENTLY_VALIDATED,False
43a61efca86ac65de01d,06697b1d06f5491189c118fcc2e16054,CTG,Ngân hàng TMCP Công Thương Việt Nam,2022-07-15,VietnamBiz,https://vietnambiz.vn/co-phieu-ngan-hang-ha-nhiet-dong-tien-ngoai-van-tim-den-ctg-202271516922612.htm,"Cổ phiếu ngân hàng hạ nhiệt, dòng tiền ngoại vẫn tìm đến CTG",SECTOR_NEWS,SECTOR_NEWS,NEUTRAL,MODERATE,SECTOR,HIGH,WEAK_RULE_V3_ENTITY_TIERED,WEAK_RULE_V3; tier=HIGH_PRECISION; entity=TITLE_TICKER|BODY_TICKER|TARGET_CONTEXT; score=13; event=SECTOR_NEWS; symbol=CTG,TITLE_TICKER|BODY_TICKER|TARGET_CONTEXT,TITLE_TICKER_WITH_TARGET_CONTEXT,HIGH_PRECISION,INFORMATIVE_CANDIDATE,EXPERIMENTAL_INFORMATIVE_UNVALIDATED,100,CRITICAL,NOT_INDEPENDENTLY_VALIDATED,True
a090db341b392111f34d,8c865576aab6d819c39007d16667a1e3,VIX,Công ty Cổ phần Chứng khoán VIX,2022-07-15,VietnamBiz,https://vietnambiz.vn/chung-khoan-vix-bao-lai-quy-ii-giam-gan-46-giam-gan-1700-ty-dong-cho-vay-margin-202271581947716.htm,"Chứng khoán VIX báo lãi quý II giảm gần 46%, giảm gần 1.700 tỷ đồng cho vay margin",BUSINESS_RESULT,PROFIT_GROWTH,POSITIVE,HIGH,STOCK_SPECIFIC,HIGH,WEAK_RULE_V3_ENTITY_TIERED,WEAK_RULE_V3; tier=HIGH_PRECISION; entity=TITLE_TICKER|TITLE_COMPANY|BODY_COMPANY|BODY_TICKER|TARGET_CONTEXT; score=24; event=PROFIT_GROWTH; symbol=VIX,TITLE_TICKER|TITLE_COMPANY|BODY_COMPANY|BODY_TICKER|TARGET_CONTEXT,TITLE_TICKER_WITH_TARGET_CONTEXT,HIGH_PRECISION,INFORMATIVE_CANDIDATE,EXPERIMENTAL_INFORMATIVE_UNVALIDATED,100,HIGH,NOT_INDEPENDENTLY_VALIDATED,True
8d3be164ca57607e9a72,4d5c262ad87cdc84ed01361b182d82e6,GAS,Tổng Công ty Khí Việt Nam,2022-07-18,CafeF,https://cafef.vn/cong-ty-ban-gas-lai-quy-ii-gap-17-lan-cung-ky-2022071816442086.chn,Công ty bán gas lãi quý II gấp 17 lần cùng kỳ,BUSINESS_RESULT,PROJECT_EXPANSION,POSITIVE,MODERATE,STOCK_SPECIFIC,HIGH,WEAK_RULE_V3_ENTITY_TIERED,WEAK_RULE_V3; tier=HIGH_PRECISION; entity=TITLE_TICKER|BODY_TICKER|TARGET_CONTEXT; score=13; event=PROJECT_EXPANSION; symbol=GAS,TITLE_TICKER|BODY_TICKER|TARGET_CONTEXT,TITLE_TICKER_WITH_TARGET_CONTEXT,HIGH_PRECISION,INFORMATIVE_CANDIDATE,EXPERIMENTAL_INFORMATIVE_UNVALIDATED,100,HIGH,NOT_INDEPENDENTLY_VALIDATED,True
861f88c7b854ad1dad33,6c30f101946368bf16d195175e86ee45,MWG,Công ty Cổ phần Đầu tư Thế Giới Di Động,2022-07-18,VietnamBiz,https://vietnambiz.vn/dong-tien-thong-minh-187-ndt-ca-nhan-mua-rong-hon-610-ty-dong-tap-trung-gom-mwg-shb-202271882149607.htm,"Dòng tiền thông minh 18/7: NĐT cá nhân mua ròng hơn 610 tỷ đồng, tập trung gom MWG, SHB",OTHER,OTHER,NEUTRAL,LOW,STOCK_SPECIFIC,MEDIUM,WEAK_RULE_V3_ENTITY_TIERED,WEAK_RULE_V3; tier=HIGH_PRECISION; entity=TITLE_TICKER|BODY_TICKER|TARGET_CONTEXT; score=13; event=OTHER; symbol=MWG,TITLE_TICKER|BODY_TICKER|TARGET_CONTEXT,TITLE_TICKER_WITH_TARGET_CONTEXT,HIGH_PRECISION,FALLBACK_QUARANTINE,FALLBACK_NO_EVENT_DETECTED,80,MEDIUM,NOT_INDEPENDENTLY_VALIDATED,False
d77a29b779c03e42f0a9,eea883d705d1b5e6c6543297bf6a407d,DGW,Công ty Cổ phần Thế Giới Số,2022-07-18,CafeF,https://cafef.vn/digiworld-len-ke-hoach-lai-200-ty-dong-quy-iii-tang-87-20220718110416469.chn,"Digiworld lên kế hoạch lãi 200 tỷ đồng quý III, tăng 87%",BUSINESS_RESULT,PROFIT_GROWTH,POSITIVE,HIGH,STOCK_SPECIFIC,HIGH,WEAK_RULE_V3_ENTITY_TIERED,WEAK_RULE_V3; tier=HIGH_PRECISION; entity=TITLE_ALIAS|BODY_ALIAS|BODY_TICKER|TARGET_CONTEXT; score=17; event=PROFIT_GROWTH; symbol=DGW,TITLE_ALIAS|BODY_ALIAS|BODY_TICKER|TARGET_CONTEXT,TITLE_ENTITY_WITH_TARGET_CONTEXT,HIGH_PRECISION,INFORMATIVE_CANDIDATE,EXPERIMENTAL_INFORMATIVE_UNVALIDATED,100,HIGH,NOT_INDEPENDENTLY_VALIDATED,True
fb4b8bcafb1e03213864,3b94c23d940ffd3c30ad159145e6348a,VCI,Công ty Cổ phần Chứng khoán Vietcap,2022-07-22,CafeF,https://cafef.vn/chung-khoan-ban-viet-vci-mang-cho-vay-margin-va-ib-tang-truong-dang-ke-lai-nua-dau-nam-van-tang-nhe-len-874-ty-dong-20220721210348928.chn,"Chứng khoán Bản Việt (VCI): Mảng cho vay margin và IB tăng trưởng đáng kể, lãi nửa đầu năm vẫn tăng nhẹ lên 874 tỷ đồng",LEGAL_REGULATORY,LEGAL_RISK,NEGATIVE,HIGH,STOCK_SPECIFIC,HIGH,WEAK_RULE_V3_ENTITY_TIERED,WEAK_RULE_V3; tier=HIGH_PRECISION; entity=TITLE_TICKER|TITLE_ALIAS|BODY_ALIAS|BODY_TICKER|TARGET_CONTEXT; score=24; event=LEGAL_RISK; symbol=VCI,TITLE_TICKER|TITLE_ALIAS|BODY_ALIAS|BODY_TICKER|TARGET_CONTEXT,TITLE_TICKER_WITH_TARGET_CONTEXT,HIGH_PRECISION,INFORMATIVE_CANDIDATE,EXPERIMENTAL_INFORMATIVE_UNVALIDATED,100,CRITICAL,NOT_INDEPENDENTLY_VALIDATED,True
5f061330d7249dee7dcf,3ad09da6a4635aff9b6425b109cc2259,IMP,Công ty Cổ phần Dược phẩm Imexpharm,2022-07-27,VietnamBiz,https://vietnambiz.vn/giao-dich-lon-co-phieu-imp-gkm-sje-tkc-tig-qnu-sip-vds-pnj-dhc-hcd-20227271895567.htm,"Giao dịch lớn cổ phiếu IMP, GKM, SJE, TKC, TIG, QNU, SIP, VDS, PNJ, DHC, HCD",OTHER,OTHER,NEUTRAL,LOW,STOCK_SPECIFIC,MEDIUM,WEAK_RULE_V3_ENTITY_TIERED,WEAK_RULE_V3; tier=HIGH_PRECISION; entity=TITLE_TICKER|BODY_COMPANY|BODY_TICKER|TARGET_CONTEXT; score=17; event=OTHER; symbol=IMP,TITLE_TICKER|BODY_COMPANY|BODY_TICKER|TARGET_CONTEXT,TITLE_TICKER_WITH_TARGET_CONTEXT,HIGH_PRECISION,FALLBACK_QUARANTINE,FALLBACK_NO_EVENT_DETECTED,80,MEDIUM,NOT_INDEPENDENTLY_VALIDATED,False
1d7653e6663f5dfd2595,3ad09da6a4635aff9b6425b109cc2259,PNJ,Công ty Cổ phần Vàng bạc Đá quý Phú Nhuận,2022-07-27,VietnamBiz,https://vietnambiz.vn/giao-dich-lon-co-phieu-imp-gkm-sje-tkc-tig-qnu-sip-vds-pnj-dhc-hcd-20227271895567.htm,"Giao dịch lớn cổ phiếu IMP, GKM, SJE, TKC, TIG, QNU, SIP, VDS, PNJ, DHC, HCD",OTHER,OTHER,NEUTRAL,LOW,STOCK_SPECIFIC,MEDIUM,WEAK_RULE_V3_ENTITY_TIERED,WEAK_RULE_V3; tier=HIGH_PRECISION; entity=TITLE_TICKER|BODY_TICKER|TARGET_CONTEXT; score=13; event=OTHER; symbol=PNJ,TITLE_TICKER|BODY_TICKER|TARGET_CONTEXT,TITLE_TICKER_WITH_TARGET_CONTEXT,HIGH_PRECISION,FALLBACK_QUARANTINE,FALLBACK_NO_EVENT_DETECTED,80,MEDIUM,NOT_INDEPENDENTLY_VALIDATED,False
28d1f4e2a0b103320f5d,68c6283825aae9ce9eef2b7e939e8fcc,ACB,Ngân hàng TMCP Á Châu,2022-07-27,VietnamBiz,https://vietnambiz.vn/quy-veil-ban-rong-ba-tuan-lien-tiep-acb-tro-thanh-khoan-dau-tu-lon-nhat-2022727211715350.htm,"Quỹ VEIL bán ròng ba tuần liên tiếp, ACB trở thành khoản đầu tư lớn nhất",OTHER,OTHER,NEUTRAL,LOW,STOCK_SPECIFIC,MEDIUM,WEAK_RULE_V3_ENTITY_TIERED,WEAK_RULE_V3; tier=HIGH_PRECISION; entity=TITLE_TICKER|BODY_TICKER; score=9; event=OTHER; symbol=ACB,TITLE_TICKER|BODY_TICKER,TITLE_ENTITY_MENTION,HIGH_PRECISION,FALLBACK_QUARANTINE,FALLBACK_NO_EVENT_DETECTED,80,MEDIUM,NOT_INDEPENDENTLY_VALIDATED,False
e865263c19a52c294824,850ed09425ad03fc4905252192aab845,NKG,Công ty Cổ phần Thép Nam Kim,2022-07-27,VietnamBiz,https://vietnambiz.vn/co-phieu-tam-diem-287-drc-2022727193328530.htm,"Cổ phiếu tâm điểm 28/7: STB, DRC, NKG, VOS",BUSINESS_RESULT,PROFIT_DECLINE,NEGATIVE,HIGH,STOCK_SPECIFIC,HIGH,WEAK_RULE_V3_ENTITY_TIERED,WEAK_RULE_V3; tier=HIGH_PRECISION; entity=TITLE_TICKER|BODY_COMPANY|BODY_TICKER|TARGET_CONTEXT; score=17; event=PROFIT_DECLINE; symbol=NKG,TITLE_TICKER|BODY_COMPANY|BODY_TICKER|TARGET_CONTEXT,TITLE_TICKER_WITH_TARGET_CONTEXT,HIGH_PRECISION,INFORMATIVE_CANDIDATE,EXPERIMENTAL_INFORMATIVE_UNVALIDATED,100,HIGH,NOT_INDEPENDENTLY_VALIDATED,True
c5d7fbe0858163b0b074,850ed09425ad03fc4905252192aab845,STB,Ngân hàng TMCP Sài Gòn Thương Tín,2022-07-27,VietnamBiz,https://vietnambiz.vn/co-phieu-tam-diem-287-drc-2022727193328530.htm,"Cổ phiếu tâm điểm 28/7: STB, DRC, NKG, VOS",BUSINESS_RESULT,PROFIT_DECLINE,NEGATIVE,HIGH,STOCK_SPECIFIC,HIGH,WEAK_RULE_V3_ENTITY_TIERED,WEAK_RULE_V3; tier=HIGH_PRECISION; entity=TITLE_TICKER|BODY_ALIAS|BODY_TICKER|TARGET_CONTEXT; score=17; event=PROFIT_DECLINE; symbol=STB,TITLE_TICKER|BODY_ALIAS|BODY_TICKER|TARGET_CONTEXT,TITLE_TICKER_WITH_TARGET_CONTEXT,HIGH_PRECISION,INFORMATIVE_CANDIDATE,EXPERIMENTAL_INFORMATIVE_UNVALIDATED,100,HIGH,NOT_INDEPENDENTLY_VALIDATED,True
0b0cabdccb87d156df54,641f317c3322e18d4925e7f675922673,STB,Ngân hàng TMCP Sài Gòn Thương Tín,2022-07-28,VietnamBiz,https://vietnambiz.vn/sac-xanh-phu-nhom-ngan-hang-stb-gan-tang-kich-tran-2022728155612632.htm,"Sắc xanh phủ nhóm ngân hàng, STB gần tăng kịch trần",MACRO_POLICY,MACRO_POLICY,NEUTRAL,MODERATE,MARKET,HIGH,WEAK_RULE_V3_ENTITY_TIERED,WEAK_RULE_V3; tier=HIGH_PRECISION; entity=TITLE_TICKER|BODY_TICKER|TARGET_CONTEXT; score=13; event=MACRO_POLICY; symbol=STB,TITLE_TICKER|BODY_TICKER|TARGET_CONTEXT,TITLE_TICKER_WITH_TARGET_CONTEXT,HIGH_PRECISION,INFORMATIVE_CANDIDATE,EXPERIMENTAL_INFORMATIVE_UNVALIDATED,100,CRITICAL,NOT_INDEPENDENTLY_VALIDATED,True
15d7b2eec7835c537819,77dd091c6a5c36dae8a4dcb31982e965,TCB,Ngân hàng TMCP Kỹ Thương Việt Nam,2022-07-28,Tin Nhanh Chứng Khoán,https://www.tinnhanhchungkhoan.vn/techcombank-duoc-the-asian-banker-vinh-danh-giai-thuong-ngan-hang-cung-cap-giai-phap-tai-tro-chuoi-cung-ung-tot-nhat-viet-nam-post302587.html,"Techcombank được The Asian Banker vinh danh giải thưởng ""Ngân hàng cung cấp giải pháp tài trợ chuỗi cung ứng tốt nhất Việt Nam""",OTHER,OTHER,NEUTRAL,LOW,STOCK_SPECIFIC,MEDIUM,WEAK_RULE_V3_ENTITY_TIERED,WEAK_RULE_V3; tier=HIGH_PRECISION; entity=TITLE_COMPANY|BODY_COMPANY; score=11; event=OTHER; symbol=TCB,TITLE_COMPANY|BODY_COMPANY,TITLE_ENTITY_MENTION,HIGH_PRECISION,FALLBACK_QUARANTINE,FALLBACK_NO_EVENT_DETECTED,80,MEDIUM,NOT_INDEPENDENTLY_VALIDATED,False
4732b17bd6c5dba5cb8e,9dde85b68496d36bea7abfdcdfdc961f,FPT,Công ty Cổ phần FPT,2022-07-28,CafeF,https://cafef.vn/fpt-chot-quyen-tam-ung-co-tuc-dot-1-2022-bang-tien-ty-le-10-20220728111313742.chn,FPT chốt quyền tạm ứng cổ tức đợt 1/2022 bằng tiền tỷ lệ 10%,CORPORATE_ACTION,DIVIDEND,POSITIVE,MODERATE,STOCK_SPECIFIC,HIGH,WEAK_RULE_V3_ENTITY_TIERED,WEAK_RULE_V3; tier=HIGH_PRECISION; entity=TITLE_TICKER|BODY_TICKER|TARGET_CONTEXT; score=13; event=DIVIDEND; symbol=FPT,TITLE_TICKER|BODY_TICKER|TARGET_CONTEXT,TITLE_TICKER_WITH_TARGET_CONTEXT,HIGH_PRECISION,INFORMATIVE_CANDIDATE,EXPERIMENTAL_INFORMATIVE_UNVALIDATED,100,HIGH,NOT_INDEPENDENTLY_VALIDATED,True
065e4e6b6d2bc99f0de3,0d3dd1ccb74e4f14b02228ab7adf1c5c,GEX,Công ty Cổ phần Tập đoàn GELEX,2022-07-31,CafeF,https://cafef.vn/gelex-giam-nam-giu-4100-ty-dong-trai-phieu-lo-rong-kinh-doanh-chung-khoan-114-ty-dong-20220731120712366.chn,"Gelex giảm nắm giữ 4.100 tỷ đồng trái phiếu, lỗ ròng kinh doanh chứng khoán 114 tỷ đồng",BUSINESS_RESULT,PROFIT_DECLINE,NEGATIVE,HIGH,STOCK_SPECIFIC,HIGH,WEAK_RULE_V3_ENTITY_TIERED,WEAK_RULE_V3; tier=HIGH_PRECISION; entity=TITLE_COMPANY|BODY_COMPANY|BODY_TICKER|TARGET_CONTEXT; score=17; event=PROFIT_DECLINE; symbol=GEX,TITLE_COMPANY|BODY_COMPANY|BODY_TICKER|TARGET_CONTEXT,TITLE_ENTITY_WITH_TARGET_CONTEXT,HIGH_PRECISION,INFORMATIVE_CANDIDATE,EXPERIMENTAL_INFORMATIVE_UNVALIDATED,100,HIGH,NOT_INDEPENDENTLY_VALIDATED,True
6f02b1e4a8f78e6bf6f4,c8d06d6f0bd7c984b8b322367c3c79ee,HPG,Công ty Cổ phần Tập đoàn Hòa Phát,2022-07-31,CafeF,https://cafef.vn/lien-tuc-ban-ra-khoan-dau-tu-vao-hpg-cua-veil-dragon-capital-giam-200-trieu-usd-tu-dau-nam-20220729074907475.chn,"Liên tục bán ra, khoản đầu tư vào HPG của VEIL Dragon Capital giảm 200 triệu USD từ đầu năm",CORPORATE_ACTION,DIVIDEND,POSITIVE,MODERATE,STOCK_SPECIFIC,HIGH,WEAK_RULE_V3_ENTITY_TIERED,WEAK_RULE_V3; tier=HIGH_PRECISION; entity=TITLE_TICKER|BODY_COMPANY|BODY_TICKER|TARGET_CONTEXT; score=17; event=DIVIDEND; symbol=HPG,TITLE_TICKER|BODY_COMPANY|BODY_TICKER|TARGET_CONTEXT,TITLE_TICKER_WITH_TARGET_CONTEXT,HIGH_PRECISION,INFORMATIVE_CANDIDATE,EXPERIMENTAL_INFORMATIVE_UNVALIDATED,100,HIGH,NOT_INDEPENDENTLY_VALIDATED,True
f48a3e41d2dcf0082b6b,4e791922006632a4366b65ee2eaf4d9a,GMD,Công ty Cổ phần Gemadept,2022-08-01,CafeF,https://cafef.vn/hoat-dong-khai-thac-cang-va-logistics-tang-truong-gemadept-lai-quy-ii-cao-nhat-4-nam-20220731233154184.chn,"Hoạt động khai thác cảng và logistics tăng trưởng, Gemadept lãi quý II cao nhất 4 năm",OTHER,OTHER,NEUTRAL,LOW,STOCK_SPECIFIC,MEDIUM,WEAK_RULE_V3_ENTITY_TIERED,WEAK_RULE_V3; tier=HIGH_PRECISION; entity=TITLE_COMPANY|BODY_COMPANY|BODY_TICKER|TARGET_CONTEXT; score=17; event=OTHER; symbol=GMD,TITLE_COMPANY|BODY_COMPANY|BODY_TICKER|TARGET_CONTEXT,TITLE_ENTITY_WITH_TARGET_CONTEXT,HIGH_PRECISION,FALLBACK_QUARANTINE,FALLBACK_NO_EVENT_DETECTED,80,MEDIUM,NOT_INDEPENDENTLY_VALIDATED,False
26195d5619f6cc419b69,1e82ca7e37ec8a61cb481d5bc0e2d500,HSG,Công ty Cổ phần Tập đoàn Hoa Sen,2022-08-04,CafeF,https://cafef.vn/hoa-sen-chuan-bi-phat-hanh-gan-100-trieu-co-phieu-tra-co-tuc-20220804143854875.chn,Hoa Sen chuẩn bị phát hành gần 100 triệu cổ phiếu trả cổ tức,BUSINESS_RESULT,PROFIT_DECLINE,NEGATIVE,HIGH,STOCK_SPECIFIC,HIGH,WEAK_RULE_V3_ENTITY_TIERED,WEAK_RULE_V3; tier=HIGH_PRECISION; entity=TITLE_COMPANY|BODY_COMPANY|BODY_TICKER|TARGET_CONTEXT; score=17; event=PROFIT_DECLINE; symbol=HSG,TITLE_COMPANY|BODY_COMPANY|BODY_TICKER|TARGET_CONTEXT,TITLE_ENTITY_WITH_TARGET_CONTEXT,HIGH_PRECISION,INFORMATIVE_CANDIDATE,EXPERIMENTAL_INFORMATIVE_UNVALIDATED,100,HIGH,NOT_INDEPENDENTLY_VALIDATED,True
9fc9978977cef702d6a1,8b2cddc77dc6628669353dd1fd7bdabd,VND,Công ty Cổ phần Chứng khoán VNDIRECT,2022-08-04,CafeF,https://cafef.vn/pti-da-giup-vndirect-phat-len-nhu-the-20220804162624215.chn,PTI đã giúp VNDirect phất lên như thế...,CORPORATE_ACTION,STOCK_ISSUANCE,NEUTRAL,MODERATE,STOCK_SPECIFIC,HIGH,WEAK_RULE_V3_ENTITY_TIERED,WEAK_RULE_V3; tier=HIGH_PRECISION; entity=TITLE_ALIAS|BODY_COMPANY|BODY_TICKER|TARGET_CONTEXT; score=17; event=STOCK_ISSUANCE; symbol=VND,TITLE_ALIAS|BODY_COMPANY|BODY_TICKER|TARGET_CONTEXT,TITLE_ENTITY_WITH_TARGET_CONTEXT,HIGH_PRECISION,INFORMATIVE_CANDIDATE,EXPERIMENTAL_INFORMATIVE_UNVALIDATED,100,HIGH,NOT_INDEPENDENTLY_VALIDATED,True
0a0a3d6e7c088432d4fb,efcf633ff9f61128432573403b7e4c39,VCB,Ngân hàng TMCP Ngoại thương Việt Nam,2022-08-04,CafeF,https://cafef.vn/thi-truong-chung-khoan-viet-nam-tang-diem-phien-thu-4-lien-tiep-vuot-moc-1250-vcb-tro-thanh-dau-tau-nang-do-chi-so-chinh-20220804152919485.chn,"Thị trường chứng khoán Việt Nam tăng điểm phiên thứ 4 liên tiếp, vượt mốc 1.250, VCB trở thành ""đầu tàu"" nâng đỡ chỉ số chính",OTHER,OTHER,NEUTRAL,LOW,STOCK_SPECIFIC,MEDIUM,WEAK_RULE_V3_ENTITY_TIERED,WEAK_RULE_V3; tier=HIGH_PRECISION; entity=TITLE_TICKER|BODY_TICKER|TARGET_CONTEXT; score=13; event=OTHER; symbol=VCB,TITLE_TICKER|BODY_TICKER|TARGET_CONTEXT,TITLE_TICKER_WITH_TARGET_CONTEXT,HIGH_PRECISION,FALLBACK_QUARANTINE,FALLBACK_NO_EVENT_DETECTED,80,MEDIUM,NOT_INDEPENDENTLY_VALIDATED,False
989ba345175200e43f50,879dadc9276b9f6bc706c9b04ce57ba3,KDH,Công ty Cổ phần Đầu tư và Kinh doanh Nhà Khang Điền,2022-08-09,Tin Nhanh Chứng Khoán,https://www.tinnhanhchungkhoan.vn/tap-doan-khang-dien-kdh-lien-tiep-dat-2-giai-thuong-uy-tin-post303314.html,Tập đoàn Khang Điền (KDH) liên tiếp đạt 2 giải thưởng uy tín,SECTOR_NEWS,SECTOR_NEWS,NEUTRAL,MODERATE,SECTOR,HIGH,WEAK_RULE_V3_ENTITY_TIERED,WEAK_RULE_V3; tier=HIGH_PRECISION; entity=TITLE_TICKER|TITLE_ALIAS|BODY_ALIAS|BODY_TICKER|TARGET_CONTEXT; score=24; event=SECTOR_NEWS; symbol=KDH,TITLE_TICKER|TITLE_ALIAS|BODY_ALIAS|BODY_TICKER|TARGET_CONTEXT,TITLE_TICKER_WITH_TARGET_CONTEXT,HIGH_PRECISION,INFORMATIVE_CANDIDATE,EXPERIMENTAL_INFORMATIVE_UNVALIDATED,100,CRITICAL,NOT_INDEPENDENTLY_VALIDATED,True
79835ab8433d5b62a186,d453322b0d0185ddb966743e62d2b7e4,POW,Tổng Công ty Điện lực Dầu khí Việt Nam,2022-08-09,CafeF,https://cafef.vn/doanh-thu-thang-7-cua-pv-power-giam-4-so-voi-cung-ky-20220809212912998.chn,Doanh thu tháng 7 của PV Power giảm 4% so với cùng kỳ,OTHER,OTHER,NEUTRAL,LOW,STOCK_SPECIFIC,MEDIUM,WEAK_RULE_V3_ENTITY_TIERED,WEAK_RULE_V3; tier=HIGH_PRECISION; entity=TITLE_ALIAS|BODY_COMPANY|BODY_TICKER|TARGET_CONTEXT; score=17; event=OTHER; symbol=POW,TITLE_ALIAS|BODY_COMPANY|BODY_TICKER|TARGET_CONTEXT,TITLE_ENTITY_WITH_TARGET_CONTEXT,HIGH_PRECISION,FALLBACK_QUARANTINE,FALLBACK_NO_EVENT_DETECTED,80,MEDIUM,NOT_INDEPENDENTLY_VALIDATED,False
d70a7b5a503fc36dd50f,e9c7ebf68d4baaa25250fc7d65fac21c,REE,Công ty Cổ phần Cơ Điện Lạnh,2022-08-09,VietnamBiz,https://vietnambiz.vn/co-phieu-tam-diem-108-ree-tng-hbc-20228918493611.htm,"Cổ phiếu tâm điểm 10/8: REE, TNG, HBC",BUSINESS_RESULT,PROJECT_EXPANSION,POSITIVE,MODERATE,STOCK_SPECIFIC,HIGH,WEAK_RULE_V3_ENTITY_TIERED,WEAK_RULE_V3; tier=HIGH_PRECISION; entity=TITLE_TICKER|BODY_COMPANY|BODY_TICKER|TARGET_CONTEXT; score=17; event=PROJECT_EXPANSION; symbol=REE,TITLE_TICKER|BODY_COMPANY|BODY_TICKER|TARGET_CONTEXT,TITLE_TICKER_WITH_TARGET_CONTEXT,HIGH_PRECISION,INFORMATIVE_CANDIDATE,EXPERIMENTAL_INFORMATIVE_UNVALIDATED,100,HIGH,NOT_INDEPENDENTLY_VALIDATED,True
5eb6e3a357b83cad3ba0,8707a693a2f2691b3a2bd8df1e005fe0,HPG,Công ty Cổ phần Tập đoàn Hòa Phát,2022-08-15,CafeF,https://cafef.vn/khoi-ngoai-mua-rong-phien-thu-4-lien-tiep-tren-hose-tap-trung-gom-hpg-20220815181317131.chn,"Khối ngoại mua ròng phiên thứ 4 liên tiếp trên HoSE, tập trung gom HPG",OTHER,OTHER,NEUTRAL,LOW,STOCK_SPECIFIC,MEDIUM,WEAK_RULE_V3_ENTITY_TIERED,WEAK_RULE_V3; tier=HIGH_PRECISION; entity=TITLE_TICKER|BODY_TICKER|TARGET_CONTEXT; score=13; event=OTHER; symbol=HPG,TITLE_TICKER|BODY_TICKER|TARGET_CONTEXT,TITLE_TICKER_WITH_TARGET_CONTEXT,HIGH_PRECISION,FALLBACK_QUARANTINE,FALLBACK_NO_EVENT_DETECTED,80,MEDIUM,NOT_INDEPENDENTLY_VALIDATED,False
cb61c54c117ec4ac4749,dae4292285883e7245defdba30ecf680,VSC,Công ty Cổ phần Container Việt Nam,2022-08-16,CafeF,https://cafef.vn/viconship-chao-ban-40-rieng-le-co-phieu-gia-20000-dong-cp-thap-hon-45-thi-gia-20220816101203948.chn,"Viconship chào bán 40 riêng lẻ cổ phiếu giá 20.000 đồng/cp, thấp hơn 45% thị giá",CORPORATE_ACTION,STOCK_ISSUANCE,NEUTRAL,MODERATE,STOCK_SPECIFIC,HIGH,WEAK_RULE_V3_ENTITY_TIERED,WEAK_RULE_V3; tier=HIGH_PRECISION; entity=TITLE_ALIAS|BODY_COMPANY|BODY_TICKER|TARGET_CONTEXT; score=17; event=STOCK_ISSUANCE; symbol=VSC,TITLE_ALIAS|BODY_COMPANY|BODY_TICKER|TARGET_CONTEXT,TITLE_ENTITY_WITH_TARGET_CONTEXT,HIGH_PRECISION,INFORMATIVE_CANDIDATE,EXPERIMENTAL_INFORMATIVE_UNVALIDATED,100,HIGH,NOT_INDEPENDENTLY_VALIDATED,True
40f41b55f3f15a9ca073,fe35a316299a96ebbdeb0457df1d0a84,ANV,Công ty Cổ phần Nam Việt,2022-08-16,CafeF,https://cafef.vn/ssi-research-anv-xuat-khau-ca-tra-sang-my-ket-qua-kinh-doanh-du-kien-tiep-tuc-lap-dinh-20220816170326015.chn,"SSI Research: ANV xuất khẩu cá tra sang Mỹ, kết quả kinh doanh dự kiến tiếp tục lập đỉnh",MACRO_POLICY,MACRO_POLICY,NEUTRAL,MODERATE,MARKET,HIGH,WEAK_RULE_V3_ENTITY_TIERED,WEAK_RULE_V3; tier=HIGH_PRECISION; entity=TITLE_TICKER|BODY_COMPANY|BODY_TICKER|TARGET_CONTEXT; score=17; event=MACRO_POLICY; symbol=ANV,TITLE_TICKER|BODY_COMPANY|BODY_TICKER|TARGET_CONTEXT,TITLE_TICKER_WITH_TARGET_CONTEXT,HIGH_PRECISION,INFORMATIVE_CANDIDATE,EXPERIMENTAL_INFORMATIVE_UNVALIDATED,100,CRITICAL,NOT_INDEPENDENTLY_VALIDATED,True
e6f59e8356f7cad42105,14a6bdd17b8f0d53aab8484fd94adc29,VNM,Công ty Cổ phần Sữa Việt Nam,2022-08-22,VietnamBiz,https://vietnambiz.vn/dong-tien-thong-minh-228-ndt-ca-nhan-chi-con-ban-rong-nhe-phien-vn-index-quay-dau-dieu-chinh-tam-diem-vpb-vnm-2022821221717433.htm,"Dòng tiền thông minh 22/8: NĐT cá nhân chỉ còn bán ròng nhẹ phiên VN-Index quay đầu điều chỉnh, tâm điểm VPB, VNM",OTHER,OTHER,NEUTRAL,LOW,STOCK_SPECIFIC,MEDIUM,WEAK_RULE_V3_ENTITY_TIERED,WEAK_RULE_V3; tier=HIGH_PRECISION; entity=TITLE_TICKER|BODY_TICKER|TARGET_CONTEXT; score=13; event=OTHER; symbol=VNM,TITLE_TICKER|BODY_TICKER|TARGET_CONTEXT,TITLE_TICKER_WITH_TARGET_CONTEXT,HIGH_PRECISION,FALLBACK_QUARANTINE,FALLBACK_NO_EVENT_DETECTED,80,MEDIUM,NOT_INDEPENDENTLY_VALIDATED,False
e1f6de855592e1a1aeee,14a6bdd17b8f0d53aab8484fd94adc29,VPB,Ngân hàng TMCP Việt Nam Thịnh Vượng,2022-08-22,VietnamBiz,https://vietnambiz.vn/dong-tien-thong-minh-228-ndt-ca-nhan-chi-con-ban-rong-nhe-phien-vn-index-quay-dau-dieu-chinh-tam-diem-vpb-vnm-2022821221717433.htm,"Dòng tiền thông minh 22/8: NĐT cá nhân chỉ còn bán ròng nhẹ phiên VN-Index quay đầu điều chỉnh, tâm điểm VPB, VNM",OTHER,OTHER,NEUTRAL,LOW,STOCK_SPECIFIC,MEDIUM,WEAK_RULE_V3_ENTITY_TIERED,WEAK_RULE_V3; tier=HIGH_PRECISION; entity=TITLE_TICKER|BODY_TICKER|TARGET_CONTEXT; score=13; event=OTHER; symbol=VPB,TITLE_TICKER|BODY_TICKER|TARGET_CONTEXT,TITLE_TICKER_WITH_TARGET_CONTEXT,HIGH_PRECISION,FALLBACK_QUARANTINE,FALLBACK_NO_EVENT_DETECTED,80,MEDIUM,NOT_INDEPENDENTLY_VALIDATED,False
fa10a11fb0dbf04db848,943452048037d2815f2b440ffe2b9cdc,CTG,Ngân hàng TMCP Công Thương Việt Nam,2022-08-22,VietnamBiz,https://vietnambiz.vn/co-phieu-tam-diem-238-ctg-gex-smc-2022822192044384.htm,"Cổ phiếu tâm điểm 23/8: CTG, GEX, SMC",MACRO_POLICY,MACRO_POLICY,NEUTRAL,MODERATE,MARKET,HIGH,WEAK_RULE_V3_ENTITY_TIERED,WEAK_RULE_V3; tier=HIGH_PRECISION; entity=TITLE_TICKER|BODY_ALIAS|BODY_TICKER|TARGET_CONTEXT; score=17; event=MACRO_POLICY; symbol=CTG,TITLE_TICKER|BODY_ALIAS|BODY_TICKER|TARGET_CONTEXT,TITLE_TICKER_WITH_TARGET_CONTEXT,HIGH_PRECISION,INFORMATIVE_CANDIDATE,EXPERIMENTAL_INFORMATIVE_UNVALIDATED,100,CRITICAL,NOT_INDEPENDENTLY_VALIDATED,True
6cff9b903b6912b250c7,943452048037d2815f2b440ffe2b9cdc,GEX,Công ty Cổ phần Tập đoàn GELEX,2022-08-22,VietnamBiz,https://vietnambiz.vn/co-phieu-tam-diem-238-ctg-gex-smc-2022822192044384.htm,"Cổ phiếu tâm điểm 23/8: CTG, GEX, SMC",MACRO_POLICY,MACRO_POLICY,NEUTRAL,MODERATE,MARKET,HIGH,WEAK_RULE_V3_ENTITY_TIERED,WEAK_RULE_V3; tier=HIGH_PRECISION; entity=TITLE_TICKER|BODY_COMPANY|BODY_TICKER|TARGET_CONTEXT; score=17; event=MACRO_POLICY; symbol=GEX,TITLE_TICKER|BODY_COMPANY|BODY_TICKER|TARGET_CONTEXT,TITLE_TICKER_WITH_TARGET_CONTEXT,HIGH_PRECISION,INFORMATIVE_CANDIDATE,EXPERIMENTAL_INFORMATIVE_UNVALIDATED,100,CRITICAL,NOT_INDEPENDENTLY_VALIDATED,True
e0a1355379231d9f53d8,74e57d483ae8753b3036e41b379c76ba,ACB,Ngân hàng TMCP Á Châu,2022-08-23,VietnamBiz,https://vietnambiz.vn/giao-dich-lon-co-phieu-htp-gdt-vsc-acl-acb-ht1-ntf-fir-2022823183630526.htm,"Giao dịch lớn cổ phiếu (23/8): HTP, GDT, VSC, ACL, ACB, HT1, NTF, FIR",OTHER,OTHER,NEUTRAL,LOW,STOCK_SPECIFIC,MEDIUM,WEAK_RULE_V3_ENTITY_TIERED,WEAK_RULE_V3; tier=HIGH_PRECISION; entity=TITLE_TICKER|BODY_COMPANY|BODY_TICKER|TARGET_CONTEXT; score=17; event=OTHER; symbol=ACB,TITLE_TICKER|BODY_COMPANY|BODY_TICKER|TARGET_CONTEXT,TITLE_TICKER_WITH_TARGET_CONTEXT,HIGH_PRECISION,FALLBACK_QUARANTINE,FALLBACK_NO_EVENT_DETECTED,80,MEDIUM,NOT_INDEPENDENTLY_VALIDATED,False
9ff9450b380a89d9bec5,74e57d483ae8753b3036e41b379c76ba,VSC,Công ty Cổ phần Container Việt Nam,2022-08-23,VietnamBiz,https://vietnambiz.vn/giao-dich-lon-co-phieu-htp-gdt-vsc-acl-acb-ht1-ntf-fir-2022823183630526.htm,"Giao dịch lớn cổ phiếu (23/8): HTP, GDT, VSC, ACL, ACB, HT1, NTF, FIR",OTHER,OTHER,NEUTRAL,LOW,STOCK_SPECIFIC,MEDIUM,WEAK_RULE_V3_ENTITY_TIERED,WEAK_RULE_V3; tier=HIGH_PRECISION; entity=TITLE_TICKER|BODY_COMPANY|BODY_TICKER|TARGET_CONTEXT; score=17; event=OTHER; symbol=VSC,TITLE_TICKER|BODY_COMPANY|BODY_TICKER|TARGET_CONTEXT,TITLE_TICKER_WITH_TARGET_CONTEXT,HIGH_PRECISION,FALLBACK_QUARANTINE,FALLBACK_NO_EVENT_DETECTED,80,MEDIUM,NOT_INDEPENDENTLY_VALIDATED,False
482dd7d79488db5e2891,9fc5a7176858f0f911368fca52f8a6a8,PNJ,Công ty Cổ phần Vàng bạc Đá quý Phú Nhuận,2022-08-23,Tin Nhanh Chứng Khoán,https://www.tinnhanhchungkhoan.vn/7-thang-2022-pnj-dat-doanh-thu-gan-21000-ty-dong-tang-71-post304278.html,"7 tháng 2022, PNJ đạt doanh thu gần 21.000 tỷ đồng, tăng 71%",CORPORATE_ACTION,STOCK_ISSUANCE,NEUTRAL,MODERATE,STOCK_SPECIFIC,HIGH,WEAK_RULE_V3_ENTITY_TIERED,WEAK_RULE_V3; tier=HIGH_PRECISION; entity=TITLE_TICKER|BODY_ALIAS|BODY_TICKER|TARGET_CONTEXT; score=17; event=STOCK_ISSUANCE; symbol=PNJ,TITLE_TICKER|BODY_ALIAS|BODY_TICKER|TARGET_CONTEXT,TITLE_TICKER_WITH_TARGET_CONTEXT,HIGH_PRECISION,INFORMATIVE_CANDIDATE,EXPERIMENTAL_INFORMATIVE_UNVALIDATED,100,HIGH,NOT_INDEPENDENTLY_VALIDATED,True
8ef80af73178b9a34656,1b7972fa7ab868cf7022e8770e29222f,VSC,Công ty Cổ phần Container Việt Nam,2022-08-26,CafeF,https://cafef.vn/4-co-dong-lon-ban-hon-24-trieu-co-phieu-viconship-sau-tin-chao-ban-rieng-le-gia-thap-20220826112008656.chn,4 cổ đông lớn bán hơn 24 triệu cổ phiếu Viconship sau tin chào bán riêng lẻ giá thấp,CORPORATE_ACTION,STOCK_ISSUANCE,NEUTRAL,MODERATE,STOCK_SPECIFIC,HIGH,WEAK_RULE_V3_ENTITY_TIERED,WEAK_RULE_V3; tier=HIGH_PRECISION; entity=TITLE_ALIAS|BODY_COMPANY|BODY_TICKER|TARGET_CONTEXT; score=17; event=STOCK_ISSUANCE; symbol=VSC,TITLE_ALIAS|BODY_COMPANY|BODY_TICKER|TARGET_CONTEXT,TITLE_ENTITY_WITH_TARGET_CONTEXT,HIGH_PRECISION,INFORMATIVE_CANDIDATE,EXPERIMENTAL_INFORMATIVE_UNVALIDATED,100,HIGH,NOT_INDEPENDENTLY_VALIDATED,True
4263119cd1dfd7084cf7,d7e63808c525d6f6bd9095700328c794,BID,Ngân hàng TMCP Đầu tư và Phát triển Việt Nam,2022-08-26,CafeF,https://cafef.vn/bao-hiem-bidv-chot-quyen-tra-co-tuc-bang-tien-ty-le-15-20220826093256904.chn,Bảo Hiểm BIDV chốt quyền trả cổ tức bằng tiền tỷ lệ 15%,CORPORATE_ACTION,DIVIDEND,POSITIVE,MODERATE,STOCK_SPECIFIC,HIGH,WEAK_RULE_V3_ENTITY_TIERED,WEAK_RULE_V3; tier=HIGH_PRECISION; entity=TITLE_ALIAS|BODY_ALIAS; score=11; event=DIVIDEND; symbol=BID,TITLE_ALIAS|BODY_ALIAS,TITLE_ENTITY_MENTION,HIGH_PRECISION,INFORMATIVE_CANDIDATE,EXPERIMENTAL_INFORMATIVE_UNVALIDATED,100,HIGH,NOT_INDEPENDENTLY_VALIDATED,True
cd1f6dd6df130ad1ef4d,f5d28b99bfb7bdeac95bf6ae63d9003a,VNM,Công ty Cổ phần Sữa Việt Nam,2022-08-26,CafeF,https://cafef.vn/khoi-ngoai-lien-tuc-mua-rong-manh-co-phieu-vinamilk-vnm-co-gi-hap-dan-20220826092914187.chn,"Khối ngoại liên tục mua ròng mạnh, cổ phiếu Vinamilk (VNM) có gì hấp dẫn?",OTHER,OTHER,NEUTRAL,LOW,STOCK_SPECIFIC,MEDIUM,WEAK_RULE_V3_ENTITY_TIERED,WEAK_RULE_V3; tier=HIGH_PRECISION; entity=TITLE_TICKER|TITLE_ALIAS|BODY_ALIAS|BODY_TICKER|TARGET_CONTEXT; score=24; event=OTHER; symbol=VNM,TITLE_TICKER|TITLE_ALIAS|BODY_ALIAS|BODY_TICKER|TARGET_CONTEXT,TITLE_TICKER_WITH_TARGET_CONTEXT,HIGH_PRECISION,FALLBACK_QUARANTINE,FALLBACK_NO_EVENT_DETECTED,80,MEDIUM,NOT_INDEPENDENTLY_VALIDATED,False
597f934b2741b3ba417f,72fd6f5b948e4803304bd0a431f1af30,VND,Công ty Cổ phần Chứng khoán VNDIRECT,2022-08-31,CafeF,https://cafef.vn/vndirect-nhieu-dong-luc-ho-tro-tich-cuc-cho-thi-truong-chung-khoan-viet-nam-trong-thang-9-20220831104721323.chn,VNDirect: Nhiều động lực hỗ trợ tích cực cho thị trường chứng khoán Việt Nam trong tháng 9,BUSINESS_RESULT,PROFIT_GROWTH,POSITIVE,HIGH,STOCK_SPECIFIC,HIGH,WEAK_RULE_V3_ENTITY_TIERED,WEAK_RULE_V3; tier=HIGH_PRECISION; entity=TITLE_ALIAS|BODY_COMPANY; score=11; event=PROFIT_GROWTH; symbol=VND,TITLE_ALIAS|BODY_COMPANY,TITLE_ENTITY_MENTION,HIGH_PRECISION,INFORMATIVE_CANDIDATE,EXPERIMENTAL_INFORMATIVE_UNVALIDATED,100,HIGH,NOT_INDEPENDENTLY_VALIDATED,True
58caf53b9d12b101ccaf,85272bdb3f5ee67b27d9a32389f6c3bc,VND,Công ty Cổ phần Chứng khoán VNDIRECT,2022-08-31,CafeF,https://cafef.vn/vndirect-khong-thay-rui-ro-vo-no-cua-cac-cong-ty-bds-niem-yet-trong-it-nhat-mot-nam-toi-20220831110250317.chn,VNDirect: Không thấy rủi ro vỡ nợ của các công ty BĐS niêm yết trong ít nhất một năm tới,MACRO_POLICY,MACRO_POLICY,NEUTRAL,MODERATE,MARKET,HIGH,WEAK_RULE_V3_ENTITY_TIERED,WEAK_RULE_V3; tier=HIGH_PRECISION; entity=TITLE_ALIAS|BODY_ALIAS|BODY_TICKER; score=13; event=MACRO_POLICY; symbol=VND,TITLE_ALIAS|BODY_ALIAS|BODY_TICKER,TITLE_ENTITY_MENTION,HIGH_PRECISION,INFORMATIVE_CANDIDATE,EXPERIMENTAL_INFORMATIVE_UNVALIDATED,100,CRITICAL,NOT_INDEPENDENTLY_VALIDATED,True
80b904ece049f31a8a1f,6ae3648de52b7d1c4d4c72c5408d2d8a,BID,Ngân hàng TMCP Đầu tư và Phát triển Việt Nam,2022-09-05,VietnamBiz,https://vietnambiz.vn/co-phieu-tam-diem-69-bid-frt-dgc-20229517149128.htm,"Cổ phiếu tâm điểm 6/9: BID, FRT, DGC",OTHER,OTHER,NEUTRAL,LOW,STOCK_SPECIFIC,MEDIUM,WEAK_RULE_V3_ENTITY_TIERED,WEAK_RULE_V3; tier=HIGH_PRECISION; entity=TITLE_TICKER|BODY_ALIAS|BODY_TICKER; score=13; event=OTHER; symbol=BID,TITLE_TICKER|BODY_ALIAS|BODY_TICKER,TITLE_ENTITY_MENTION,HIGH_PRECISION,FALLBACK_QUARANTINE,FALLBACK_NO_EVENT_DETECTED,80,MEDIUM,NOT_INDEPENDENTLY_VALIDATED,False
8bd8f1e8b0fd174b9f42,6ae3648de52b7d1c4d4c72c5408d2d8a,DGC,Công ty Cổ phần Tập đoàn Hóa chất Đức Giang,2022-09-05,VietnamBiz,https://vietnambiz.vn/co-phieu-tam-diem-69-bid-frt-dgc-20229517149128.htm,"Cổ phiếu tâm điểm 6/9: BID, FRT, DGC",OTHER,OTHER,NEUTRAL,LOW,STOCK_SPECIFIC,MEDIUM,WEAK_RULE_V3_ENTITY_TIERED,WEAK_RULE_V3; tier=HIGH_PRECISION; entity=TITLE_TICKER|BODY_COMPANY|BODY_TICKER|TARGET_CONTEXT; score=17; event=OTHER; symbol=DGC,TITLE_TICKER|BODY_COMPANY|BODY_TICKER|TARGET_CONTEXT,TITLE_TICKER_WITH_TARGET_CONTEXT,HIGH_PRECISION,FALLBACK_QUARANTINE,FALLBACK_NO_EVENT_DETECTED,80,MEDIUM,NOT_INDEPENDENTLY_VALIDATED,False
ef9c381468b22f10b016,6ae3648de52b7d1c4d4c72c5408d2d8a,FRT,Công ty Cổ phần Bán lẻ Kỹ thuật số FPT,2022-09-05,VietnamBiz,https://vietnambiz.vn/co-phieu-tam-diem-69-bid-frt-dgc-20229517149128.htm,"Cổ phiếu tâm điểm 6/9: BID, FRT, DGC",OTHER,OTHER,NEUTRAL,LOW,STOCK_SPECIFIC,MEDIUM,WEAK_RULE_V3_ENTITY_TIERED,WEAK_RULE_V3; tier=HIGH_PRECISION; entity=TITLE_TICKER|BODY_ALIAS|BODY_TICKER|TARGET_CONTEXT; score=17; event=OTHER; symbol=FRT,TITLE_TICKER|BODY_ALIAS|BODY_TICKER|TARGET_CONTEXT,TITLE_TICKER_WITH_TARGET_CONTEXT,HIGH_PRECISION,FALLBACK_QUARANTINE,FALLBACK_NO_EVENT_DETECTED,80,MEDIUM,NOT_INDEPENDENTLY_VALIDATED,False
42fb87e6211352e7e233,4d616962905d3c0c3e2dd5f5ca8233d7,VSC,Công ty Cổ phần Container Việt Nam,2022-09-06,CafeF,https://cafef.vn/sau-nhieu-bien-dong-co-dong-nguoi-co-lien-quan-toi-td-ung-cu-vao-hdqt-viconship-20220906132700949.chn,"Sau nhiều biến động cổ đông, người có liên quan tới T&D ứng cử vào HĐQT Viconship",CORPORATE_ACTION,STOCK_ISSUANCE,NEUTRAL,MODERATE,STOCK_SPECIFIC,HIGH,WEAK_RULE_V3_ENTITY_TIERED,WEAK_RULE_V3; tier=HIGH_PRECISION; entity=TITLE_ALIAS|BODY_COMPANY|BODY_TICKER|TARGET_CONTEXT; score=17; event=STOCK_ISSUANCE; symbol=VSC,TITLE_ALIAS|BODY_COMPANY|BODY_TICKER|TARGET_CONTEXT,TITLE_ENTITY_WITH_TARGET_CONTEXT,HIGH_PRECISION,INFORMATIVE_CANDIDATE,EXPERIMENTAL_INFORMATIVE_UNVALIDATED,100,HIGH,NOT_INDEPENDENTLY_VALIDATED,True
c3b75a21100e49718c04,546c9ff815a38ea85d5b24075c5bfff7,MSN,Công ty Cổ phần Tập đoàn Masan,2022-09-06,VietnamBiz,https://vietnambiz.vn/co-phieu-tam-diem-79-msn-ppc-idi-20229619187655.htm,"Cổ phiếu tâm điểm 7/9: MSN, PPC, IDI",OTHER,OTHER,NEUTRAL,LOW,STOCK_SPECIFIC,MEDIUM,WEAK_RULE_V3_ENTITY_TIERED,WEAK_RULE_V3; tier=HIGH_PRECISION; entity=TITLE_TICKER|BODY_COMPANY|BODY_TICKER|TARGET_CONTEXT; score=17; event=OTHER; symbol=MSN,TITLE_TICKER|BODY_COMPANY|BODY_TICKER|TARGET_CONTEXT,TITLE_TICKER_WITH_TARGET_CONTEXT,HIGH_PRECISION,FALLBACK_QUARANTINE,FALLBACK_NO_EVENT_DETECTED,80,MEDIUM,NOT_INDEPENDENTLY_VALIDATED,False
49ebd776d723f07a1b03,a6d7f04040eb19d5ea6684a29e78c718,SSI,Công ty Cổ phần Chứng khoán SSI,2022-09-06,VietnamBiz,https://vietnambiz.vn/ndt-ca-nhan-ban-rong-hon-770-ty-dong-tren-hose-trong-thang-8-tam-diem-ssi-vnm-202295214255525.htm,"NĐT cá nhân bán ròng hơn 770 tỷ đồng trên HOSE trong tháng VN-Index hồi phục mạnh mẽ, tâm điểm SSI, VNM",OTHER,OTHER,NEUTRAL,LOW,STOCK_SPECIFIC,MEDIUM,WEAK_RULE_V3_ENTITY_TIERED,WEAK_RULE_V3; tier=HIGH_PRECISION; entity=TITLE_TICKER|BODY_COMPANY|BODY_TICKER|TARGET_CONTEXT; score=17; event=OTHER; symbol=SSI,TITLE_TICKER|BODY_COMPANY|BODY_TICKER|TARGET_CONTEXT,TITLE_TICKER_WITH_TARGET_CONTEXT,HIGH_PRECISION,FALLBACK_QUARANTINE,FALLBACK_NO_EVENT_DETECTED,80,MEDIUM,NOT_INDEPENDENTLY_VALIDATED,False
53ccc20cebeaeeb8e5c0,a6d7f04040eb19d5ea6684a29e78c718,VNM,Công ty Cổ phần Sữa Việt Nam,2022-09-06,VietnamBiz,https://vietnambiz.vn/ndt-ca-nhan-ban-rong-hon-770-ty-dong-tren-hose-trong-thang-8-tam-diem-ssi-vnm-202295214255525.htm,"NĐT cá nhân bán ròng hơn 770 tỷ đồng trên HOSE trong tháng VN-Index hồi phục mạnh mẽ, tâm điểm SSI, VNM",OTHER,OTHER,NEUTRAL,LOW,STOCK_SPECIFIC,MEDIUM,WEAK_RULE_V3_ENTITY_TIERED,WEAK_RULE_V3; tier=HIGH_PRECISION; entity=TITLE_TICKER|BODY_ALIAS|BODY_TICKER|TARGET_CONTEXT; score=17; event=OTHER; symbol=VNM,TITLE_TICKER|BODY_ALIAS|BODY_TICKER|TARGET_CONTEXT,TITLE_TICKER_WITH_TARGET_CONTEXT,HIGH_PRECISION,FALLBACK_QUARANTINE,FALLBACK_NO_EVENT_DETECTED,80,MEDIUM,NOT_INDEPENDENTLY_VALIDATED,False
c8c147141c39e357cf33,c14c6d1393fe691674f9a1c703acf51b,HPG,Công ty Cổ phần Tập đoàn Hòa Phát,2022-09-07,VietnamBiz,https://vietnambiz.vn/thang-8-to-chuc-trong-nuoc-tiep-tuc-ban-rong-hon-1360-ty-dong-tap-trung-xa-plx-hpg-20229613295384.htm,"Tháng 8: Tổ chức trong nước tiếp tục bán ròng hơn 1.360 tỷ đồng, tập trung xả PLX, HPG",MACRO_POLICY,MACRO_POLICY,NEUTRAL,MODERATE,MARKET,HIGH,WEAK_RULE_V3_ENTITY_TIERED,WEAK_RULE_V3; tier=HIGH_PRECISION; entity=TITLE_TICKER|BODY_COMPANY|TARGET_CONTEXT; score=15; event=MACRO_POLICY; symbol=HPG,TITLE_TICKER|BODY_COMPANY|TARGET_CONTEXT,TITLE_TICKER_WITH_TARGET_CONTEXT,HIGH_PRECISION,INFORMATIVE_CANDIDATE,EXPERIMENTAL_INFORMATIVE_UNVALIDATED,100,CRITICAL,NOT_INDEPENDENTLY_VALIDATED,True
42f994fd335b0805aff2,c14c6d1393fe691674f9a1c703acf51b,PLX,Tập đoàn Xăng dầu Việt Nam,2022-09-07,VietnamBiz,https://vietnambiz.vn/thang-8-to-chuc-trong-nuoc-tiep-tuc-ban-rong-hon-1360-ty-dong-tap-trung-xa-plx-hpg-20229613295384.htm,"Tháng 8: Tổ chức trong nước tiếp tục bán ròng hơn 1.360 tỷ đồng, tập trung xả PLX, HPG",MACRO_POLICY,MACRO_POLICY,NEUTRAL,MODERATE,MARKET,HIGH,WEAK_RULE_V3_ENTITY_TIERED,WEAK_RULE_V3; tier=HIGH_PRECISION; entity=TITLE_TICKER|BODY_COMPANY|BODY_TICKER|TARGET_CONTEXT; score=17; event=MACRO_POLICY; symbol=PLX,TITLE_TICKER|BODY_COMPANY|BODY_TICKER|TARGET_CONTEXT,TITLE_TICKER_WITH_TARGET_CONTEXT,HIGH_PRECISION,INFORMATIVE_CANDIDATE,EXPERIMENTAL_INFORMATIVE_UNVALIDATED,100,CRITICAL,NOT_INDEPENDENTLY_VALIDATED,True
24ecc3cbe02746cec634,43b8f9ce1570a8abae0eb7aa1ee5fb55,SSI,Công ty Cổ phần Chứng khoán SSI,2022-09-11,CafeF,https://cafef.vn/ssi-nganh-cang-bien-va-van-tai-doi-theo-tinh-trang-tac-nghen-chuoi-cung-ung-toan-cau-20220911074119565.chn,SSI: Ngành cảng biển và vận tải dõi theo tình trạng tắc nghẽn chuỗi cung ứng toàn cầu,MACRO_POLICY,MACRO_POLICY,NEUTRAL,MODERATE,MARKET,HIGH,WEAK_RULE_V3_ENTITY_TIERED,WEAK_RULE_V3; tier=HIGH_PRECISION; entity=TITLE_TICKER|BODY_TICKER|TARGET_CONTEXT; score=13; event=MACRO_POLICY; symbol=SSI,TITLE_TICKER|BODY_TICKER|TARGET_CONTEXT,TITLE_TICKER_WITH_TARGET_CONTEXT,HIGH_PRECISION,INFORMATIVE_CANDIDATE,EXPERIMENTAL_INFORMATIVE_UNVALIDATED,100,CRITICAL,NOT_INDEPENDENTLY_VALIDATED,True
8b4f8e366b522eed0acb,0bcc9d7a7b46f6cc6897d348c67c3d25,DGC,Công ty Cổ phần Tập đoàn Hóa chất Đức Giang,2022-09-14,CafeF,https://cafef.vn/lap-ky-luc-doanh-thu-va-lai-vao-quy-2-trien-vong-kinh-doanh-cua-hoa-chat-duc-giang-se-ra-sao-khi-gia-phot-pho-da-giam-15-20220914131343962.chn,"Lập kỷ lục doanh thu và lãi vào quý 2, triển vọng kinh doanh của Hoá chất Đức Giang sẽ ra sao khi giá phốt pho đã giảm 15%?",OTHER,OTHER,NEUTRAL,LOW,STOCK_SPECIFIC,MEDIUM,WEAK_RULE_V3_ENTITY_TIERED,WEAK_RULE_V3; tier=HIGH_PRECISION; entity=TITLE_COMPANY|BODY_COMPANY|BODY_TICKER|TARGET_CONTEXT; score=17; event=OTHER; symbol=DGC,TITLE_COMPANY|BODY_COMPANY|BODY_TICKER|TARGET_CONTEXT,TITLE_ENTITY_WITH_TARGET_CONTEXT,HIGH_PRECISION,FALLBACK_QUARANTINE,FALLBACK_NO_EVENT_DETECTED,80,MEDIUM,NOT_INDEPENDENTLY_VALIDATED,False
531660756d0f2c563233,0ff02dba813afe46abada4244bec3f81,POW,Tổng Công ty Điện lực Dầu khí Việt Nam,2022-09-14,CafeF,https://cafef.vn/doanh-thu-thang-8-cua-pv-power-tang-3-so-voi-cung-ky-20220914141352421.chn,Doanh thu tháng 8 của PV Power tăng 3% so với cùng kỳ,OTHER,OTHER,NEUTRAL,LOW,STOCK_SPECIFIC,MEDIUM,WEAK_RULE_V3_ENTITY_TIERED,WEAK_RULE_V3; tier=HIGH_PRECISION; entity=TITLE_ALIAS|BODY_COMPANY|BODY_TICKER|TARGET_CONTEXT; score=17; event=OTHER; symbol=POW,TITLE_ALIAS|BODY_COMPANY|BODY_TICKER|TARGET_CONTEXT,TITLE_ENTITY_WITH_TARGET_CONTEXT,HIGH_PRECISION,FALLBACK_QUARANTINE,FALLBACK_NO_EVENT_DETECTED,80,MEDIUM,NOT_INDEPENDENTLY_VALIDATED,False
47931fe903214aed7c93,7424652acde8f70baf109a5d5a9b77cc,HVN,Tổng Công ty Hàng không Việt Nam,2022-09-14,CafeF,https://cafef.vn/vietnam-airlines-bang-moi-giai-phap-se-duy-tri-niem-yet-co-phieu-hvn-tren-san-hose-20220914144556427.chn,Vietnam Airlines: “Bằng mọi giải pháp sẽ duy trì niêm yết cổ phiếu HVN trên sàn HOSE”,CORPORATE_ACTION,STOCK_ISSUANCE,NEUTRAL,MODERATE,STOCK_SPECIFIC,HIGH,WEAK_RULE_V3_ENTITY_TIERED,WEAK_RULE_V3; tier=HIGH_PRECISION; entity=TITLE_TICKER|TITLE_ALIAS|BODY_COMPANY|BODY_TICKER|TARGET_CONTEXT; score=24; event=STOCK_ISSUANCE; symbol=HVN,TITLE_TICKER|TITLE_ALIAS|BODY_COMPANY|BODY_TICKER|TARGET_CONTEXT,TITLE_TICKER_WITH_TARGET_CONTEXT,HIGH_PRECISION,INFORMATIVE_CANDIDATE,EXPERIMENTAL_INFORMATIVE_UNVALIDATED,100,HIGH,NOT_INDEPENDENTLY_VALIDATED,True
9a9342eda6db46f68044,bcefb6bf7d92827ef258dccd2c81610c,VSC,Công ty Cổ phần Container Việt Nam,2022-09-14,CafeF,https://cafef.vn/lanh-dao-viconship-noi-gi-ve-phuong-an-phat-hanh-rieng-le-gia-thap-hon-44-so-thi-gia-202209141416023.chn,Lãnh đạo Viconship nói gì về phương án phát hành riêng lẻ giá thấp hơn 44% so thị giá?,CORPORATE_ACTION,STOCK_ISSUANCE,NEUTRAL,MODERATE,STOCK_SPECIFIC,HIGH,WEAK_RULE_V3_ENTITY_TIERED,WEAK_RULE_V3; tier=HIGH_PRECISION; entity=TITLE_ALIAS|BODY_COMPANY|BODY_TICKER|TARGET_CONTEXT; score=17; event=STOCK_ISSUANCE; symbol=VSC,TITLE_ALIAS|BODY_COMPANY|BODY_TICKER|TARGET_CONTEXT,TITLE_ENTITY_WITH_TARGET_CONTEXT,HIGH_PRECISION,INFORMATIVE_CANDIDATE,EXPERIMENTAL_INFORMATIVE_UNVALIDATED,100,HIGH,NOT_INDEPENDENTLY_VALIDATED,True
a8202cef6bd481c363fc,c3b02638bbcd106016fbfc03aad2a9ac,STB,Ngân hàng TMCP Sài Gòn Thương Tín,2022-09-17,VietnamBiz,https://vietnambiz.vn/khoi-ngoai-ban-rong-hon-1000-ty-dong-tuan-quy-etf-co-cau-danh-muc-xa-manh-nhat-cp-stb-2022917134913239.htm,"Khối ngoại bán ròng hơn 1.000 tỷ đồng tuần quỹ ETF cơ cấu danh mục, xả mạnh nhất cp STB",MACRO_POLICY,MACRO_POLICY,NEUTRAL,MODERATE,MARKET,HIGH,WEAK_RULE_V3_ENTITY_TIERED,WEAK_RULE_V3; tier=HIGH_PRECISION; entity=TITLE_TICKER|BODY_TICKER|TARGET_CONTEXT; score=13; event=MACRO_POLICY; symbol=STB,TITLE_TICKER|BODY_TICKER|TARGET_CONTEXT,TITLE_TICKER_WITH_TARGET_CONTEXT,HIGH_PRECISION,INFORMATIVE_CANDIDATE,EXPERIMENTAL_INFORMATIVE_UNVALIDATED,100,CRITICAL,NOT_INDEPENDENTLY_VALIDATED,True
c5725136a8d6b2f17324,2b7d7c891a090d009ad82038fe63e035,VPB,Ngân hàng TMCP Việt Nam Thịnh Vượng,2022-09-18,VietnamBiz,https://vietnambiz.vn/co-phieu-tam-diem-199-vpb-vsh-bwe-2022918113623378.htm,"Cổ phiếu tâm điểm 19/9: VPB, VSH, BWE",OTHER,OTHER,NEUTRAL,LOW,STOCK_SPECIFIC,MEDIUM,WEAK_RULE_V3_ENTITY_TIERED,WEAK_RULE_V3; tier=HIGH_PRECISION; entity=TITLE_TICKER|BODY_ALIAS|BODY_TICKER|TARGET_CONTEXT; score=17; event=OTHER; symbol=VPB,TITLE_TICKER|BODY_ALIAS|BODY_TICKER|TARGET_CONTEXT,TITLE_TICKER_WITH_TARGET_CONTEXT,HIGH_PRECISION,FALLBACK_QUARANTINE,FALLBACK_NO_EVENT_DETECTED,80,MEDIUM,NOT_INDEPENDENTLY_VALIDATED,False
fb1c42269d417493c9ed,cfb1e8df250aba16bf2eb7150d29423f,VNM,Công ty Cổ phần Sữa Việt Nam,2022-09-22,CafeF,https://cafef.vn/vinamilk-la-thuong-hieu-thuc-pham-gia-tri-nhat-viet-nam-voi-dinh-gia-hon-28-ty-usd-20220922173412086.chn,"Vinamilk là Thương hiệu thực phẩm giá trị nhất Việt Nam với định giá hơn 2,8 tỷ USD",OTHER,OTHER,NEUTRAL,LOW,STOCK_SPECIFIC,MEDIUM,WEAK_RULE_V3_ENTITY_TIERED,WEAK_RULE_V3; tier=HIGH_PRECISION; entity=TITLE_ALIAS|BODY_ALIAS; score=11; event=OTHER; symbol=VNM,TITLE_ALIAS|BODY_ALIAS,TITLE_ENTITY_MENTION,HIGH_PRECISION,FALLBACK_QUARANTINE,FALLBACK_NO_EVENT_DETECTED,80,MEDIUM,NOT_INDEPENDENTLY_VALIDATED,False
7b7b535b3a0bd14a176a,2422fe3ab748ad2f94c4a9a2a8f8fdc8,VND,Công ty Cổ phần Chứng khoán VNDIRECT,2022-09-23,CafeF,https://cafef.vn/vndirect-it-co-kha-nang-co-dot-tang-lai-suat-dieu-hanh-tiep-theo-trong-nam2022-20220922193632419.chn,VNDirect: Ít có khả năng có đợt tăng lãi suất điều hành tiếp theo trong năm 2022,BUSINESS_RESULT,PROFIT_GROWTH,POSITIVE,HIGH,STOCK_SPECIFIC,HIGH,WEAK_RULE_V3_ENTITY_TIERED,WEAK_RULE_V3; tier=HIGH_PRECISION; entity=TITLE_ALIAS|BODY_COMPANY|BODY_TICKER|TARGET_CONTEXT; score=17; event=PROFIT_GROWTH; symbol=VND,TITLE_ALIAS|BODY_COMPANY|BODY_TICKER|TARGET_CONTEXT,TITLE_ENTITY_WITH_TARGET_CONTEXT,HIGH_PRECISION,INFORMATIVE_CANDIDATE,EXPERIMENTAL_INFORMATIVE_UNVALIDATED,100,HIGH,NOT_INDEPENDENTLY_VALIDATED,True
9ea40d6eee15035efbc9,64b5e7ecb908fbf2aa1062e9ad559cec,KDH,Công ty Cổ phần Đầu tư và Kinh doanh Nhà Khang Điền,2022-09-26,CafeF,https://cafef.vn/khoi-ngoai-ban-rong-phien-thu-4-lien-tiep-xa-manh-nlg-va-kdh-20220926204659662.chn,"Khối ngoại bán ròng phiên thứ 4 liên tiếp, 'xả' mạnh NLG và KDH",OTHER,OTHER,NEUTRAL,LOW,STOCK_SPECIFIC,MEDIUM,WEAK_RULE_V3_ENTITY_TIERED,WEAK_RULE_V3; tier=HIGH_PRECISION; entity=TITLE_TICKER|BODY_TICKER|TARGET_CONTEXT; score=13; event=OTHER; symbol=KDH,TITLE_TICKER|BODY_TICKER|TARGET_CONTEXT,TITLE_TICKER_WITH_TARGET_CONTEXT,HIGH_PRECISION,FALLBACK_QUARANTINE,FALLBACK_NO_EVENT_DETECTED,80,MEDIUM,NOT_INDEPENDENTLY_VALIDATED,False
8bd761652834096c1738,40ee2c4a42efd231e8ba19f1ad5c62ad,BID,Ngân hàng TMCP Đầu tư và Phát triển Việt Nam,2022-09-27,CafeF,https://cafef.vn/hana-securities-chinh-thuc-tro-thanh-co-dong-chien-luoc-cua-cong-ty-chung-khoan-bidv-20220927081952254.chn,HANA Securities chính thức trở thành cổ đông chiến lược của Công ty Chứng khoán BIDV,CORPORATE_ACTION,STOCK_ISSUANCE,NEUTRAL,MODERATE,STOCK_SPECIFIC,HIGH,WEAK_RULE_V3_ENTITY_TIERED,WEAK_RULE_V3; tier=HIGH_PRECISION; entity=TITLE_ALIAS|BODY_ALIAS; score=11; event=STOCK_ISSUANCE; symbol=BID,TITLE_ALIAS|BODY_ALIAS,TITLE_ENTITY_MENTION,HIGH_PRECISION,INFORMATIVE_CANDIDATE,EXPERIMENTAL_INFORMATIVE_UNVALIDATED,100,HIGH,NOT_INDEPENDENTLY_VALIDATED,True
6ef54024002bb21741a9,6fe96546f62e7a037bf4cd3844d2ef50,GAS,Tổng Công ty Khí Việt Nam,2022-09-27,CafeF,https://cafef.vn/pv-gas-uoc-tinh-loi-nhuan-truoc-thue-9-thang-khoang-14000-ty-dong-tang-62-20220927072403435.chn,"PV Gas ước tính lợi nhuận trước thuế 9 tháng khoảng 14.000 tỷ đồng, tăng 62%",CORPORATE_ACTION,LEADERSHIP_CHANGE,NEUTRAL,MODERATE,STOCK_SPECIFIC,HIGH,WEAK_RULE_V3_ENTITY_TIERED,WEAK_RULE_V3; tier=HIGH_PRECISION; entity=TITLE_TICKER|TITLE_ALIAS|BODY_ALIAS|BODY_TICKER|TARGET_CONTEXT; score=24; event=LEADERSHIP_CHANGE; symbol=GAS,TITLE_TICKER|TITLE_ALIAS|BODY_ALIAS|BODY_TICKER|TARGET_CONTEXT,TITLE_TICKER_WITH_TARGET_CONTEXT,HIGH_PRECISION,INFORMATIVE_CANDIDATE,EXPERIMENTAL_INFORMATIVE_UNVALIDATED,100,HIGH,NOT_INDEPENDENTLY_VALIDATED,True
06a476038bf3b30fc291,f5b34f03966971bed3937470d9f973d7,VIC,Tập đoàn Vingroup,2022-10-01,VietnamBiz,https://vietnambiz.vn/gia-co-phieu-vic-dang-lui-dan-ve-thoi-diem-vingroup-lan-san-mang-o-to-von-hoa-4-cong-ty-tren-san-khoang-214-ty-usd-2022101165123404.htm,"Giá cổ phiếu VIC đang lùi dần về thời điểm Vingroup lấn sân mảng ô tô, vốn hóa 4 công ty trên sàn khoảng 21,4 tỷ USD",OTHER,OTHER,NEUTRAL,LOW,STOCK_SPECIFIC,MEDIUM,WEAK_RULE_V3_ENTITY_TIERED,WEAK_RULE_V3; tier=HIGH_PRECISION; entity=TITLE_TICKER|TITLE_COMPANY|BODY_COMPANY|BODY_TICKER|TARGET_CONTEXT; score=24; event=OTHER; symbol=VIC,TITLE_TICKER|TITLE_COMPANY|BODY_COMPANY|BODY_TICKER|TARGET_CONTEXT,TITLE_TICKER_WITH_TARGET_CONTEXT,HIGH_PRECISION,FALLBACK_QUARANTINE,FALLBACK_NO_EVENT_DETECTED,80,MEDIUM,NOT_INDEPENDENTLY_VALIDATED,False
cdf074cecd159d4f8175,171a459d3796bf1ab515b0bcc759d9c1,HPG,Công ty Cổ phần Tập đoàn Hòa Phát,2022-10-05,CafeF,https://cafef.vn/thi-gia-ve-1x-da-nen-bat-day-co-phieu-hoa-phat-va-nganh-thep-chua-20221005091643697.chn,"Thị giá về 1x, đã nên bắt đáy cổ phiếu Hoà Phát và ngành thép chưa?",CORPORATE_ACTION,DIVIDEND,POSITIVE,MODERATE,STOCK_SPECIFIC,HIGH,WEAK_RULE_V3_ENTITY_TIERED,WEAK_RULE_V3; tier=HIGH_PRECISION; entity=TITLE_COMPANY|BODY_COMPANY|BODY_TICKER|TARGET_CONTEXT; score=17; event=DIVIDEND; symbol=HPG,TITLE_COMPANY|BODY_COMPANY|BODY_TICKER|TARGET_CONTEXT,TITLE_ENTITY_WITH_TARGET_CONTEXT,HIGH_PRECISION,INFORMATIVE_CANDIDATE,EXPERIMENTAL_INFORMATIVE_UNVALIDATED,100,HIGH,NOT_INDEPENDENTLY_VALIDATED,True
c7e2b24e592b6895fb7e,5e004ebd3ff30a9bdf281d456c6fccd4,HPG,Công ty Cổ phần Tập đoàn Hòa Phát,2022-10-05,CafeF,https://cafef.vn/co-phieu-troi-ve-day-23-thang-hoa-phat-hpg-roi-khoi-top-10-doanh-nghiep-von-hoa-lon-nhat-san-chung-khoan-20221005155851256.chn,"Cổ phiếu “trôi” về đáy 23 tháng, Hòa Phát (HPG) rời khỏi top 10 doanh nghiệp vốn hóa lớn nhất sàn chứng khoán",LEGAL_REGULATORY,LEGAL_RISK,NEGATIVE,HIGH,STOCK_SPECIFIC,HIGH,WEAK_RULE_V3_ENTITY_TIERED,WEAK_RULE_V3; tier=HIGH_PRECISION; entity=TITLE_TICKER|TITLE_COMPANY|BODY_COMPANY|BODY_TICKER|TARGET_CONTEXT; score=24; event=LEGAL_RISK; symbol=HPG,TITLE_TICKER|TITLE_COMPANY|BODY_COMPANY|BODY_TICKER|TARGET_CONTEXT,TITLE_TICKER_WITH_TARGET_CONTEXT,HIGH_PRECISION,INFORMATIVE_CANDIDATE,EXPERIMENTAL_INFORMATIVE_UNVALIDATED,100,CRITICAL,NOT_INDEPENDENTLY_VALIDATED,True
484017c11440f5c5d39f,9051e31a6c4110bb4e117b8ec715a8ef,SHS,Công ty Cổ phần Chứng khoán Sài Gòn - Hà Nội,2022-10-05,CafeF,https://cafef.vn/thi-phan-moi-gioi-hnx-quy-3-vps-cung-co-vi-tri-so-1-hsc-va-shs-bat-ngo-bi-loai-khoi-top-10-20221005152910454.chn,"Thị phần môi giới HNX quý 3: VPS củng cố vị trí số 1, HSC và SHS bất ngờ bị loại khỏi top 10",LEGAL_REGULATORY,LEGAL_RISK,NEGATIVE,HIGH,STOCK_SPECIFIC,HIGH,WEAK_RULE_V3_ENTITY_TIERED,WEAK_RULE_V3; tier=HIGH_PRECISION; entity=TITLE_TICKER|BODY_TICKER; score=9; event=LEGAL_RISK; symbol=SHS,TITLE_TICKER|BODY_TICKER,TITLE_ENTITY_MENTION,HIGH_PRECISION,INFORMATIVE_CANDIDATE,EXPERIMENTAL_INFORMATIVE_UNVALIDATED,100,CRITICAL,NOT_INDEPENDENTLY_VALIDATED,True
abc32e22f782af92676a,00c3be1e41b193368a40ef61e7476ee6,VIC,Tập đoàn Vingroup,2022-10-10,VietnamBiz,https://vietnambiz.vn/giao-dich-lon-co-phieu-htp-xhc-vnm-hd2-vic-phr-fir-ssb-vid-lss-2022101192831550.htm,"Giao dịch lớn cổ phiếu HTP, XHC, VNM, HD2, VIC, PHR, FIR, SSB, VID, LSS",OTHER,OTHER,NEUTRAL,LOW,STOCK_SPECIFIC,MEDIUM,WEAK_RULE_V3_ENTITY_TIERED,WEAK_RULE_V3; tier=HIGH_PRECISION; entity=TITLE_TICKER|BODY_COMPANY|BODY_TICKER|TARGET_CONTEXT; score=17; event=OTHER; symbol=VIC,TITLE_TICKER|BODY_COMPANY|BODY_TICKER|TARGET_CONTEXT,TITLE_TICKER_WITH_TARGET_CONTEXT,HIGH_PRECISION,FALLBACK_QUARANTINE,FALLBACK_NO_EVENT_DETECTED,80,MEDIUM,NOT_INDEPENDENTLY_VALIDATED,False
e2cf9547364f0c7394d2,00c3be1e41b193368a40ef61e7476ee6,VNM,Công ty Cổ phần Sữa Việt Nam,2022-10-10,VietnamBiz,https://vietnambiz.vn/giao-dich-lon-co-phieu-htp-xhc-vnm-hd2-vic-phr-fir-ssb-vid-lss-2022101192831550.htm,"Giao dịch lớn cổ phiếu HTP, XHC, VNM, HD2, VIC, PHR, FIR, SSB, VID, LSS",OTHER,OTHER,NEUTRAL,LOW,STOCK_SPECIFIC,MEDIUM,WEAK_RULE_V3_ENTITY_TIERED,WEAK_RULE_V3; tier=HIGH_PRECISION; entity=TITLE_TICKER|BODY_ALIAS|BODY_TICKER|TARGET_CONTEXT; score=17; event=OTHER; symbol=VNM,TITLE_TICKER|BODY_ALIAS|BODY_TICKER|TARGET_CONTEXT,TITLE_TICKER_WITH_TARGET_CONTEXT,HIGH_PRECISION,FALLBACK_QUARANTINE,FALLBACK_NO_EVENT_DETECTED,80,MEDIUM,NOT_INDEPENDENTLY_VALIDATED,False
9c7ac1dd34117ca13659,56b79e10ea6fb9908b4a04ab4cd43ba8,CMG,Công ty Cổ phần Tập đoàn Công nghệ CMC,2022-10-10,VietnamBiz,https://vietnambiz.vn/co-phieu-tam-diem-1110-dgw-ltg-cmg-2022101019564454.htm,"Cổ phiếu tâm điểm 11/10: DGW, LTG, CMG",OTHER,OTHER,NEUTRAL,LOW,STOCK_SPECIFIC,MEDIUM,WEAK_RULE_V3_ENTITY_TIERED,WEAK_RULE_V3; tier=HIGH_PRECISION; entity=TITLE_TICKER|BODY_COMPANY|BODY_TICKER|TARGET_CONTEXT; score=17; event=OTHER; symbol=CMG,TITLE_TICKER|BODY_COMPANY|BODY_TICKER|TARGET_CONTEXT,TITLE_TICKER_WITH_TARGET_CONTEXT,HIGH_PRECISION,FALLBACK_QUARANTINE,FALLBACK_NO_EVENT_DETECTED,80,MEDIUM,NOT_INDEPENDENTLY_VALIDATED,False
79e8f8a0e9fcf9bcf023,56b79e10ea6fb9908b4a04ab4cd43ba8,DGW,Công ty Cổ phần Thế Giới Số,2022-10-10,VietnamBiz,https://vietnambiz.vn/co-phieu-tam-diem-1110-dgw-ltg-cmg-2022101019564454.htm,"Cổ phiếu tâm điểm 11/10: DGW, LTG, CMG",OTHER,OTHER,NEUTRAL,LOW,STOCK_SPECIFIC,MEDIUM,WEAK_RULE_V3_ENTITY_TIERED,WEAK_RULE_V3; tier=HIGH_PRECISION; entity=TITLE_TICKER|BODY_ALIAS|BODY_TICKER|TARGET_CONTEXT; score=17; event=OTHER; symbol=DGW,TITLE_TICKER|BODY_ALIAS|BODY_TICKER|TARGET_CONTEXT,TITLE_TICKER_WITH_TARGET_CONTEXT,HIGH_PRECISION,FALLBACK_QUARANTINE,FALLBACK_NO_EVENT_DETECTED,80,MEDIUM,NOT_INDEPENDENTLY_VALIDATED,False
4fd632ef2da488464549,6e5c269519b59d4564a2967a79b6de37,POW,Tổng Công ty Điện lực Dầu khí Việt Nam,2022-10-10,CafeF,https://cafef.vn/pv-power-pow-uoc-dat-tong-doanh-thu-gan-21-nghin-ty-dong-trong-9-thang-dau-nam-20221010150808129.chn,PV Power (POW) ước đạt tổng doanh thu gần 21 nghìn tỷ đồng trong 9 tháng đầu năm,OTHER,OTHER,NEUTRAL,LOW,STOCK_SPECIFIC,MEDIUM,WEAK_RULE_V3_ENTITY_TIERED,WEAK_RULE_V3; tier=HIGH_PRECISION; entity=TITLE_TICKER|TITLE_ALIAS|BODY_COMPANY|BODY_TICKER|TARGET_CONTEXT; score=24; event=OTHER; symbol=POW,TITLE_TICKER|TITLE_ALIAS|BODY_COMPANY|BODY_TICKER|TARGET_CONTEXT,TITLE_TICKER_WITH_TARGET_CONTEXT,HIGH_PRECISION,FALLBACK_QUARANTINE,FALLBACK_NO_EVENT_DETECTED,80,MEDIUM,NOT_INDEPENDENTLY_VALIDATED,False
67ad63a6e2a725f0cf55,40475031508a57e1b83f0ea9f6fa9318,NVL,Công ty Cổ phần Tập đoàn Đầu tư Địa ốc No Va,2022-10-11,VietnamBiz,https://vietnambiz.vn/novagroup-va-ong-bui-cao-nhat-quan-dang-ky-mua-10-trieu-co-phieu-nvl-20221011154350989.htm,NovaGroup và ông Bùi Cao Nhật Quân đăng ký mua 10 triệu cổ phiếu NVL,CORPORATE_ACTION,STOCK_ISSUANCE,NEUTRAL,MODERATE,STOCK_SPECIFIC,HIGH,WEAK_RULE_V3_ENTITY_TIERED,WEAK_RULE_V3; tier=HIGH_PRECISION; entity=TITLE_TICKER|BODY_ALIAS|BODY_TICKER|TARGET_CONTEXT; score=17; event=STOCK_ISSUANCE; symbol=NVL,TITLE_TICKER|BODY_ALIAS|BODY_TICKER|TARGET_CONTEXT,TITLE_TICKER_WITH_TARGET_CONTEXT,HIGH_PRECISION,INFORMATIVE_CANDIDATE,EXPERIMENTAL_INFORMATIVE_UNVALIDATED,100,HIGH,NOT_INDEPENDENTLY_VALIDATED,True
43f94c392e8997309ba3,52c27497ccdeabb277323e790756c048,DGC,Công ty Cổ phần Tập đoàn Hóa chất Đức Giang,2022-10-11,VietnamBiz,https://vietnambiz.vn/khoi-ngoai-duy-tri-mua-rong-khi-vn-index-co-nhip-roi-hon-36-diem-tam-diem-vic-dgc-vnm-20221011161755750.htm,"Khối ngoại duy trì mua ròng khi VN-Index có nhịp rơi hơn 36 điểm, tâm điểm VIC, DGC, VNM",OTHER,OTHER,NEUTRAL,LOW,STOCK_SPECIFIC,MEDIUM,WEAK_RULE_V3_ENTITY_TIERED,WEAK_RULE_V3; tier=HIGH_PRECISION; entity=TITLE_TICKER|BODY_TICKER|TARGET_CONTEXT; score=13; event=OTHER; symbol=DGC,TITLE_TICKER|BODY_TICKER|TARGET_CONTEXT,TITLE_TICKER_WITH_TARGET_CONTEXT,HIGH_PRECISION,FALLBACK_QUARANTINE,FALLBACK_NO_EVENT_DETECTED,80,MEDIUM,NOT_INDEPENDENTLY_VALIDATED,False
7c8571d7619138394ba2,52c27497ccdeabb277323e790756c048,VIC,Tập đoàn Vingroup,2022-10-11,VietnamBiz,https://vietnambiz.vn/khoi-ngoai-duy-tri-mua-rong-khi-vn-index-co-nhip-roi-hon-36-diem-tam-diem-vic-dgc-vnm-20221011161755750.htm,"Khối ngoại duy trì mua ròng khi VN-Index có nhịp rơi hơn 36 điểm, tâm điểm VIC, DGC, VNM",OTHER,OTHER,NEUTRAL,LOW,STOCK_SPECIFIC,MEDIUM,WEAK_RULE_V3_ENTITY_TIERED,WEAK_RULE_V3; tier=HIGH_PRECISION; entity=TITLE_TICKER|BODY_COMPANY|BODY_TICKER|TARGET_CONTEXT; score=17; event=OTHER; symbol=VIC,TITLE_TICKER|BODY_COMPANY|BODY_TICKER|TARGET_CONTEXT,TITLE_TICKER_WITH_TARGET_CONTEXT,HIGH_PRECISION,FALLBACK_QUARANTINE,FALLBACK_NO_EVENT_DETECTED,80,MEDIUM,NOT_INDEPENDENTLY_VALIDATED,False
2be0b861e7da68c08302,52c27497ccdeabb277323e790756c048,VNM,Công ty Cổ phần Sữa Việt Nam,2022-10-11,VietnamBiz,https://vietnambiz.vn/khoi-ngoai-duy-tri-mua-rong-khi-vn-index-co-nhip-roi-hon-36-diem-tam-diem-vic-dgc-vnm-20221011161755750.htm,"Khối ngoại duy trì mua ròng khi VN-Index có nhịp rơi hơn 36 điểm, tâm điểm VIC, DGC, VNM",OTHER,OTHER,NEUTRAL,LOW,STOCK_SPECIFIC,MEDIUM,WEAK_RULE_V3_ENTITY_TIERED,WEAK_RULE_V3; tier=HIGH_PRECISION; entity=TITLE_TICKER|BODY_TICKER|TARGET_CONTEXT; score=13; event=OTHER; symbol=VNM,TITLE_TICKER|BODY_TICKER|TARGET_CONTEXT,TITLE_TICKER_WITH_TARGET_CONTEXT,HIGH_PRECISION,FALLBACK_QUARANTINE,FALLBACK_NO_EVENT_DETECTED,80,MEDIUM,NOT_INDEPENDENTLY_VALIDATED,False
c6a6f0bba5993f5fbe6c,714ccdfd69fb5ec40c16d4dad1d81e59,TCB,Ngân hàng TMCP Kỹ Thương Việt Nam,2022-10-11,VietnamBiz,https://vietnambiz.vn/dong-tien-thong-minh-1110-ndt-ca-nhan-day-manh-mua-rong-phien-thi-truong-hoi-phuc-tam-diem-nlg-tcb-2022101183438130.htm,"Dòng tiền thông minh 11/10: NĐT cá nhân đẩy mạnh mua ròng phiên thị trường hồi phục, tâm điểm NLG, TCB",SECTOR_NEWS,SECTOR_NEWS,NEUTRAL,MODERATE,SECTOR,HIGH,WEAK_RULE_V3_ENTITY_TIERED,WEAK_RULE_V3; tier=HIGH_PRECISION; entity=TITLE_TICKER|BODY_TICKER|TARGET_CONTEXT; score=13; event=SECTOR_NEWS; symbol=TCB,TITLE_TICKER|BODY_TICKER|TARGET_CONTEXT,TITLE_TICKER_WITH_TARGET_CONTEXT,HIGH_PRECISION,INFORMATIVE_CANDIDATE,EXPERIMENTAL_INFORMATIVE_UNVALIDATED,100,CRITICAL,NOT_INDEPENDENTLY_VALIDATED,True
afd6a60346464118e5af,acab07e568f21a2138a4f22806a93e33,HSG,Công ty Cổ phần Tập đoàn Hoa Sen,2022-10-19,VietnamBiz,https://vietnambiz.vn/giao-dich-lon-co-phieu-svn-hsg-baf-vab-htt-caa-20221019183558128.htm,"Giao dịch lớn cổ phiếu SVN, HSG, BAF, VAB, HTT, CAA",OTHER,OTHER,NEUTRAL,LOW,STOCK_SPECIFIC,MEDIUM,WEAK_RULE_V3_ENTITY_TIERED,WEAK_RULE_V3; tier=HIGH_PRECISION; entity=TITLE_TICKER|BODY_COMPANY|BODY_TICKER|TARGET_CONTEXT; score=17; event=OTHER; symbol=HSG,TITLE_TICKER|BODY_COMPANY|BODY_TICKER|TARGET_CONTEXT,TITLE_TICKER_WITH_TARGET_CONTEXT,HIGH_PRECISION,FALLBACK_QUARANTINE,FALLBACK_NO_EVENT_DETECTED,80,MEDIUM,NOT_INDEPENDENTLY_VALIDATED,False
3081de3ee44613e197e1,5d99478c57daaf5aeeb2bb68e2adf86c,VCI,Công ty Cổ phần Chứng khoán Vietcap,2022-10-20,CafeF,https://cafef.vn/vcsc-ky-hop-dong-vay-von-105-trieu-usd-tu-cac-dinh-che-tai-chinh-ngoai-20221020210951057.chn,VCSC ký hợp đồng vay vốn 105 triệu USD từ các định chế tài chính ngoại,BUSINESS_RESULT,NEW_CONTRACT,POSITIVE,MODERATE,STOCK_SPECIFIC,HIGH,WEAK_RULE_V3_ENTITY_TIERED,WEAK_RULE_V3; tier=HIGH_PRECISION; entity=TITLE_ALIAS|BODY_ALIAS|BODY_TICKER|TARGET_CONTEXT; score=17; event=NEW_CONTRACT; symbol=VCI,TITLE_ALIAS|BODY_ALIAS|BODY_TICKER|TARGET_CONTEXT,TITLE_ENTITY_WITH_TARGET_CONTEXT,HIGH_PRECISION,INFORMATIVE_CANDIDATE,EXPERIMENTAL_INFORMATIVE_UNVALIDATED,100,HIGH,NOT_INDEPENDENTLY_VALIDATED,True
da0c18cc0eaf0b0d9302,9b6e0374ffafa765812380074ab04383,VHC,Công ty Cổ phần Vĩnh Hoàn,2022-10-20,CafeF,https://cafef.vn/vinh-hoan-vhc-bao-lai-tang-79-trong-quy-3-danh-190-ty-dong-de-dau-tu-nlg-dxs-kbc-lo-mat-41-von-20221020174021874.chn,"Vĩnh Hoàn (VHC) báo lãi tăng 79% trong quý 3, dành 190 tỷ đồng để đầu tư NLG, DXS, KBC... lỗ mất 41% vốn",BUSINESS_RESULT,PROFIT_GROWTH,POSITIVE,HIGH,STOCK_SPECIFIC,HIGH,WEAK_RULE_V3_ENTITY_TIERED,WEAK_RULE_V3; tier=HIGH_PRECISION; entity=TITLE_TICKER|TITLE_COMPANY|BODY_COMPANY|BODY_TICKER|TARGET_CONTEXT; score=24; event=PROFIT_GROWTH; symbol=VHC,TITLE_TICKER|TITLE_COMPANY|BODY_COMPANY|BODY_TICKER|TARGET_CONTEXT,TITLE_TICKER_WITH_TARGET_CONTEXT,HIGH_PRECISION,INFORMATIVE_CANDIDATE,EXPERIMENTAL_INFORMATIVE_UNVALIDATED,100,HIGH,NOT_INDEPENDENTLY_VALIDATED,True
9e1be9aba159e21a21ae,c5ede845f2b3b75e2e1eae36ab513d35,SHS,Công ty Cổ phần Chứng khoán Sài Gòn - Hà Nội,2022-10-20,CafeF,https://cafef.vn/chung-khoan-shs-bao-lai-quy-3-2022-sut-giam-64-so-voi-cung-ky-20221020194953398.chn,Chứng khoán SHS báo lãi quý 3/2022 sụt giảm 64% so với cùng kỳ,BUSINESS_RESULT,PROFIT_GROWTH,POSITIVE,HIGH,STOCK_SPECIFIC,HIGH,WEAK_RULE_V3_ENTITY_TIERED,WEAK_RULE_V3; tier=HIGH_PRECISION; entity=TITLE_TICKER|BODY_TICKER|TARGET_CONTEXT; score=13; event=PROFIT_GROWTH; symbol=SHS,TITLE_TICKER|BODY_TICKER|TARGET_CONTEXT,TITLE_TICKER_WITH_TARGET_CONTEXT,HIGH_PRECISION,INFORMATIVE_CANDIDATE,EXPERIMENTAL_INFORMATIVE_UNVALIDATED,100,HIGH,NOT_INDEPENDENTLY_VALIDATED,True
6c3597f5aa32c075a2d8,f747cabe2c7e67953027578312f55536,PDR,Công ty Cổ phần Phát triển Bất động sản Phát Đạt,2022-10-20,CafeF,https://cafef.vn/doanh-thu-von-ven-11-ty-vi-sao-phat-dat-pdr-van-lai-rong-hang-tram-ty-dong-quy-3-20221020201636385.chn,"Doanh thu vỏn vẹn 11 tỷ, vì sao Phát Đạt (PDR) vẫn lãi ròng hàng trăm tỷ đồng quý 3?",BUSINESS_RESULT,PROFIT_GROWTH,POSITIVE,HIGH,STOCK_SPECIFIC,HIGH,WEAK_RULE_V3_ENTITY_TIERED,WEAK_RULE_V3; tier=HIGH_PRECISION; entity=TITLE_TICKER|TITLE_ALIAS|BODY_COMPANY|BODY_TICKER|TARGET_CONTEXT; score=24; event=PROFIT_GROWTH; symbol=PDR,TITLE_TICKER|TITLE_ALIAS|BODY_COMPANY|BODY_TICKER|TARGET_CONTEXT,TITLE_TICKER_WITH_TARGET_CONTEXT,HIGH_PRECISION,INFORMATIVE_CANDIDATE,EXPERIMENTAL_INFORMATIVE_UNVALIDATED,100,HIGH,NOT_INDEPENDENTLY_VALIDATED,True
d526bb3b1a572af50a74,11e66a9f092e005431101af4c132419c,DGC,Công ty Cổ phần Tập đoàn Hóa chất Đức Giang,2022-10-25,CafeF,https://cafef.vn/hoa-chat-duc-giang-dgc-du-kien-loi-nhuan-quy-4-dat-1100-ty-dong-giam-21-so-voi-cung-ky-20221025101332103.chn,"Hóa chất Đức Giang (DGC) đặt kế hoạch lợi nhuận quý 4 đạt 1.100 tỷ đồng, giảm 21% so với cùng kỳ",BUSINESS_RESULT,PROJECT_EXPANSION,POSITIVE,MODERATE,STOCK_SPECIFIC,HIGH,WEAK_RULE_V3_ENTITY_TIERED,WEAK_RULE_V3; tier=HIGH_PRECISION; entity=TITLE_TICKER|TITLE_COMPANY|BODY_COMPANY|BODY_TICKER|TARGET_CONTEXT; score=24; event=PROJECT_EXPANSION; symbol=DGC,TITLE_TICKER|TITLE_COMPANY|BODY_COMPANY|BODY_TICKER|TARGET_CONTEXT,TITLE_TICKER_WITH_TARGET_CONTEXT,HIGH_PRECISION,INFORMATIVE_CANDIDATE,EXPERIMENTAL_INFORMATIVE_UNVALIDATED,100,HIGH,NOT_INDEPENDENTLY_VALIDATED,True
f10e67e8ba6cda8aab8f,20790664766b21cbdc7a5bfed7aaaa02,HPG,Công ty Cổ phần Tập đoàn Hòa Phát,2022-10-25,CafeF,https://cafef.vn/co-phieu-quoc-dan-hpg-xuong-day-2-nam-ca-nhan-ngam-ngui-om-lo-ca-map-cung-danh-mac-can-20221024214734759.chn,"“Cổ phiếu quốc dân” HPG xuống đáy 2 năm, cá nhân ngậm ngùi ôm lỗ, cá mập cũng đành mắc cạn",BUSINESS_RESULT,PROFIT_DECLINE,NEGATIVE,HIGH,STOCK_SPECIFIC,HIGH,WEAK_RULE_V3_ENTITY_TIERED,WEAK_RULE_V3; tier=HIGH_PRECISION; entity=TITLE_TICKER|BODY_COMPANY|BODY_TICKER|TARGET_CONTEXT; score=17; event=PROFIT_DECLINE; symbol=HPG,TITLE_TICKER|BODY_COMPANY|BODY_TICKER|TARGET_CONTEXT,TITLE_TICKER_WITH_TARGET_CONTEXT,HIGH_PRECISION,INFORMATIVE_CANDIDATE,EXPERIMENTAL_INFORMATIVE_UNVALIDATED,100,HIGH,NOT_INDEPENDENTLY_VALIDATED,True
d83045d0ad93ee85f5cd,aa4e6171a7b0f5c4cc4e08309a6e054a,VNM,Công ty Cổ phần Sữa Việt Nam,2022-10-28,CafeF,https://cafef.vn/vinamilk-doanh-thu-quy-iii-2022-on-dinh-o-muc-cao-chi-nhanh-nuoc-ngoai-tang-truong-an-tuong-2022102819414978.chn,"Vinamilk: Doanh thu quý III/2022 ổn định ở mức cao, chi nhánh nước ngoài tăng trưởng ấn tượng",OTHER,OTHER,NEUTRAL,LOW,STOCK_SPECIFIC,MEDIUM,WEAK_RULE_V3_ENTITY_TIERED,WEAK_RULE_V3; tier=HIGH_PRECISION; entity=TITLE_ALIAS|BODY_ALIAS|BODY_TICKER|TARGET_CONTEXT; score=17; event=OTHER; symbol=VNM,TITLE_ALIAS|BODY_ALIAS|BODY_TICKER|TARGET_CONTEXT,TITLE_ENTITY_WITH_TARGET_CONTEXT,HIGH_PRECISION,FALLBACK_QUARANTINE,FALLBACK_NO_EVENT_DETECTED,80,MEDIUM,NOT_INDEPENDENTLY_VALIDATED,False
3e411033cb20502c1b6b,cd64a98945d389474f4be0130b78fb38,HPG,Công ty Cổ phần Tập đoàn Hòa Phát,2022-10-28,CafeF,https://cafef.vn/sau-thoi-ky-thang-hoa-hoa-phat-hpg-bat-ngo-lo-hon-1700-ty-dong-trong-quy-3-2022-20221028153455849.chn,"Sau thời kỳ thăng hoa, Hoà Phát (HPG) bất ngờ lỗ hơn 1.700 tỷ đồng trong quý 3/2022",BUSINESS_RESULT,PROFIT_GROWTH,POSITIVE,HIGH,STOCK_SPECIFIC,HIGH,WEAK_RULE_V3_ENTITY_TIERED,WEAK_RULE_V3; tier=HIGH_PRECISION; entity=TITLE_TICKER|TITLE_COMPANY|BODY_COMPANY|BODY_TICKER|TARGET_CONTEXT; score=24; event=PROFIT_GROWTH; symbol=HPG,TITLE_TICKER|TITLE_COMPANY|BODY_COMPANY|BODY_TICKER|TARGET_CONTEXT,TITLE_TICKER_WITH_TARGET_CONTEXT,HIGH_PRECISION,INFORMATIVE_CANDIDATE,EXPERIMENTAL_INFORMATIVE_UNVALIDATED,100,HIGH,NOT_INDEPENDENTLY_VALIDATED,True
6e628f6b653746fbf544,df18bf0a42d50ff75b74e3ae4854524b,REE,Công ty Cổ phần Cơ Điện Lạnh,2022-10-28,CafeF,https://cafef.vn/mang-thuy-dien-va-bat-dong-san-tang-truong-cao-co-dien-lanh-ree-bao-lai-tang-gap-3-lan-trong-quy-3-2022-2022102816391725.chn,"Mảng thuỷ điện và bất động sản tăng trưởng cao, Cơ điện lạnh (REE) báo lãi tăng gấp 3 lần trong quý 3/2022",BUSINESS_RESULT,PROFIT_GROWTH,POSITIVE,HIGH,STOCK_SPECIFIC,HIGH,WEAK_RULE_V3_ENTITY_TIERED,WEAK_RULE_V3; tier=HIGH_PRECISION; entity=TITLE_TICKER|TITLE_COMPANY|BODY_COMPANY|BODY_TICKER|TARGET_CONTEXT; score=24; event=PROFIT_GROWTH; symbol=REE,TITLE_TICKER|TITLE_COMPANY|BODY_COMPANY|BODY_TICKER|TARGET_CONTEXT,TITLE_TICKER_WITH_TARGET_CONTEXT,HIGH_PRECISION,INFORMATIVE_CANDIDATE,EXPERIMENTAL_INFORMATIVE_UNVALIDATED,100,HIGH,NOT_INDEPENDENTLY_VALIDATED,True
7d7e39a73f42dc20fed4,fc7ba371c34e2992a1dc271c9f11e682,NKG,Công ty Cổ phần Thép Nam Kim,2022-10-28,CafeF,https://cafef.vn/thep-nam-kim-nkg-lo-ky-luc-hon-400-ty-dong-quy-3-2022-co-phieu-giam-san-20221028150414262.chn,"Thép Nam Kim (NKG) lỗ kỷ lục hơn 400 tỷ đồng quý 3/2022, cổ phiếu giảm sàn",BUSINESS_RESULT,PROFIT_DECLINE,NEGATIVE,HIGH,STOCK_SPECIFIC,HIGH,WEAK_RULE_V3_ENTITY_TIERED,WEAK_RULE_V3; tier=HIGH_PRECISION; entity=TITLE_TICKER|TITLE_COMPANY|BODY_COMPANY|BODY_TICKER|TARGET_CONTEXT; score=24; event=PROFIT_DECLINE; symbol=NKG,TITLE_TICKER|TITLE_COMPANY|BODY_COMPANY|BODY_TICKER|TARGET_CONTEXT,TITLE_TICKER_WITH_TARGET_CONTEXT,HIGH_PRECISION,INFORMATIVE_CANDIDATE,EXPERIMENTAL_INFORMATIVE_UNVALIDATED,100,HIGH,NOT_INDEPENDENTLY_VALIDATED,True
44c548741f0647752821,8d0a6b501b9567c61dee073877fd8ea8,HPG,Công ty Cổ phần Tập đoàn Hòa Phát,2022-10-29,CafeF,https://cafef.vn/them-mot-doanh-nghiep-thep-lo-ky-luc-trong-quy-3-con-so-chi-kem-2-ong-lon-hoa-phat-va-hoa-sen-group-20221029113931702.chn,"Thêm một doanh nghiệp thép lỗ kỷ lục trong quý 3, con số chỉ kém 2 “ông lớn” Hòa Phát và Hoa Sen Group",BUSINESS_RESULT,PROFIT_DECLINE,NEGATIVE,HIGH,STOCK_SPECIFIC,HIGH,WEAK_RULE_V3_ENTITY_TIERED,WEAK_RULE_V3; tier=HIGH_PRECISION; entity=TITLE_COMPANY|BODY_COMPANY; score=11; event=PROFIT_DECLINE; symbol=HPG,TITLE_COMPANY|BODY_COMPANY,TITLE_ENTITY_MENTION,HIGH_PRECISION,INFORMATIVE_CANDIDATE,EXPERIMENTAL_INFORMATIVE_UNVALIDATED,100,HIGH,NOT_INDEPENDENTLY_VALIDATED,True
5ac66194b47fc44913cd,8d0a6b501b9567c61dee073877fd8ea8,HSG,Công ty Cổ phần Tập đoàn Hoa Sen,2022-10-29,CafeF,https://cafef.vn/them-mot-doanh-nghiep-thep-lo-ky-luc-trong-quy-3-con-so-chi-kem-2-ong-lon-hoa-phat-va-hoa-sen-group-20221029113931702.chn,"Thêm một doanh nghiệp thép lỗ kỷ lục trong quý 3, con số chỉ kém 2 “ông lớn” Hòa Phát và Hoa Sen Group",BUSINESS_RESULT,PROFIT_DECLINE,NEGATIVE,HIGH,STOCK_SPECIFIC,HIGH,WEAK_RULE_V3_ENTITY_TIERED,WEAK_RULE_V3; tier=HIGH_PRECISION; entity=TITLE_COMPANY|BODY_COMPANY; score=11; event=PROFIT_DECLINE; symbol=HSG,TITLE_COMPANY|BODY_COMPANY,TITLE_ENTITY_MENTION,HIGH_PRECISION,INFORMATIVE_CANDIDATE,EXPERIMENTAL_INFORMATIVE_UNVALIDATED,100,HIGH,NOT_INDEPENDENTLY_VALIDATED,True
131af7e44cef0855b38f,96c27a256c1c95202454819bf8efdc25,HSG,Công ty Cổ phần Tập đoàn Hoa Sen,2022-10-29,CafeF,https://cafef.vn/hsg-loi-nhuan-sau-thue-hop-nhat-ndtc-2021-2022-dat-251-ty-dong-20221029091807759.chn,HSG: Lợi nhuận sau thuế hợp nhất NĐTC 2021-2022 đạt 251 tỷ đồng,MACRO_POLICY,MACRO_POLICY,NEUTRAL,MODERATE,MARKET,HIGH,WEAK_RULE_V3_ENTITY_TIERED,WEAK_RULE_V3; tier=HIGH_PRECISION; entity=TITLE_TICKER|BODY_COMPANY|BODY_TICKER|TARGET_CONTEXT; score=17; event=MACRO_POLICY; symbol=HSG,TITLE_TICKER|BODY_COMPANY|BODY_TICKER|TARGET_CONTEXT,TITLE_TICKER_WITH_TARGET_CONTEXT,HIGH_PRECISION,INFORMATIVE_CANDIDATE,EXPERIMENTAL_INFORMATIVE_UNVALIDATED,100,CRITICAL,NOT_INDEPENDENTLY_VALIDATED,True
4a2820b5dd615c985629,afdaa89b695acfeef75d6cf0d98bbdba,VNM,Công ty Cổ phần Sữa Việt Nam,2022-10-29,CafeF,https://cafef.vn/vinamilk-thuong-hieu-ty-usd-duy-nhat-trong-top-25-thuong-hieu-fb-dan-dau-cua-forbes-viet-nam-202210290930375.chn,"Vinamilk - Thương hiệu ""tỷ USD"" duy nhất trong Top 25 thương hiệu F&B dẫn đầu của Forbes Việt Nam",BUSINESS_RESULT,PROJECT_EXPANSION,POSITIVE,MODERATE,STOCK_SPECIFIC,HIGH,WEAK_RULE_V3_ENTITY_TIERED,WEAK_RULE_V3; tier=HIGH_PRECISION; entity=TITLE_ALIAS|BODY_ALIAS; score=11; event=PROJECT_EXPANSION; symbol=VNM,TITLE_ALIAS|BODY_ALIAS,TITLE_ENTITY_MENTION,HIGH_PRECISION,INFORMATIVE_CANDIDATE,EXPERIMENTAL_INFORMATIVE_UNVALIDATED,100,HIGH,NOT_INDEPENDENTLY_VALIDATED,True
90f423c9cd2fa842f752,0e56e3b1e87a76711adb4762fdcece1e,VND,Công ty Cổ phần Chứng khoán VNDIRECT,2022-11-02,CafeF,https://cafef.vn/cong-ty-rieng-cua-chu-tich-vndirect-bao-lai-9-thang-giam-77-so-voi-cung-ky-du-no-trai-phieu-gan-4500-ty-dong-20221102140337078.chn,"Công ty riêng của Chủ tịch VNDIRECT báo lãi 9 tháng giảm 77% so với cùng kỳ, dư nợ trái phiếu gần 4.500 tỷ đồng",BUSINESS_RESULT,PROFIT_GROWTH,POSITIVE,HIGH,STOCK_SPECIFIC,HIGH,WEAK_RULE_V3_ENTITY_TIERED,WEAK_RULE_V3; tier=HIGH_PRECISION; entity=TITLE_ALIAS|BODY_COMPANY; score=11; event=PROFIT_GROWTH; symbol=VND,TITLE_ALIAS|BODY_COMPANY,TITLE_ENTITY_MENTION,HIGH_PRECISION,INFORMATIVE_CANDIDATE,EXPERIMENTAL_INFORMATIVE_UNVALIDATED,100,HIGH,NOT_INDEPENDENTLY_VALIDATED,True
ccf78b6547615794cbda,61a12ef7e68546c1d21831e0fcdbcf08,FPT,Công ty Cổ phần FPT,2022-11-02,VietnamBiz,https://vietnambiz.vn/fpt-capital-muon-ban-ra-1-trieu-co-phieu-tpb-2022112204045754.htm,FPT Capital muốn bán ra 1 triệu cổ phiếu TPB,OTHER,OTHER,NEUTRAL,LOW,STOCK_SPECIFIC,MEDIUM,WEAK_RULE_V3_ENTITY_TIERED,WEAK_RULE_V3; tier=HIGH_PRECISION; entity=TITLE_TICKER|BODY_TICKER|TARGET_CONTEXT; score=13; event=OTHER; symbol=FPT,TITLE_TICKER|BODY_TICKER|TARGET_CONTEXT,TITLE_TICKER_WITH_TARGET_CONTEXT,HIGH_PRECISION,FALLBACK_QUARANTINE,FALLBACK_NO_EVENT_DETECTED,80,MEDIUM,NOT_INDEPENDENTLY_VALIDATED,False
3cffa69d61bd63209082,f536c546401120882211ff1db19d476b,MWG,Công ty Cổ phần Đầu tư Thế Giới Di Động,2022-11-02,CafeF,https://cafef.vn/the-gioi-di-dong-len-tieng-ve-cac-tin-don-lien-quan-den-khoan-dau-tu-trai-phieu-doanh-nghiep-20221102191541274.chn,Thế giới di động lên tiếng về các tin đồn liên quan đến khoản đầu tư trái phiếu doanh nghiệp,LEGAL_REGULATORY,LEGAL_RISK,NEGATIVE,HIGH,STOCK_SPECIFIC,HIGH,WEAK_RULE_V3_ENTITY_TIERED,WEAK_RULE_V3; tier=HIGH_PRECISION; entity=TITLE_ALIAS|BODY_ALIAS|BODY_TICKER|TARGET_CONTEXT; score=17; event=LEGAL_RISK; symbol=MWG,TITLE_ALIAS|BODY_ALIAS|BODY_TICKER|TARGET_CONTEXT,TITLE_ENTITY_WITH_TARGET_CONTEXT,HIGH_PRECISION,INFORMATIVE_CANDIDATE,EXPERIMENTAL_INFORMATIVE_UNVALIDATED,100,CRITICAL,NOT_INDEPENDENTLY_VALIDATED,True
f6222e45c5a51236e16e,1876493557768e76a8fa272675ed4f13,PLX,Tập đoàn Xăng dầu Việt Nam,2022-11-03,Tin Nhanh Chứng Khoán,https://www.tinnhanhchungkhoan.vn/bo-truong-cong-thuong-thua-nhan-chi-chu-dong-duoc-30-nguon-cung-xang-dau-post309171.html,Bộ trưởng Công thương thừa nhận chỉ chủ động được 30% nguồn cung xăng dầu,OTHER,OTHER,NEUTRAL,LOW,STOCK_SPECIFIC,MEDIUM,WEAK_RULE_V3_ENTITY_TIERED,WEAK_RULE_V3; tier=HIGH_PRECISION; entity=TITLE_COMPANY|BODY_COMPANY; score=11; event=OTHER; symbol=PLX,TITLE_COMPANY|BODY_COMPANY,TITLE_ENTITY_MENTION,HIGH_PRECISION,FALLBACK_QUARANTINE,FALLBACK_NO_EVENT_DETECTED,80,MEDIUM,NOT_INDEPENDENTLY_VALIDATED,False
3fd87d29faa754ecb185,2bca1423f633b40694969caab0d12332,HSG,Công ty Cổ phần Tập đoàn Hoa Sen,2022-11-03,VietnamBiz,https://vietnambiz.vn/giao-dich-lon-co-phieu-hdg-hsg-cbs-vib-ckg-ndn-mim-tvc-msh-20221132353262.htm,"Giao dịch lớn cổ phiếu HDG, HSG, CBS, VIB, CKG, NDN, MIM, TVC, MSH",OTHER,OTHER,NEUTRAL,LOW,STOCK_SPECIFIC,MEDIUM,WEAK_RULE_V3_ENTITY_TIERED,WEAK_RULE_V3; tier=HIGH_PRECISION; entity=TITLE_TICKER|BODY_COMPANY|BODY_TICKER|TARGET_CONTEXT; score=17; event=OTHER; symbol=HSG,TITLE_TICKER|BODY_COMPANY|BODY_TICKER|TARGET_CONTEXT,TITLE_TICKER_WITH_TARGET_CONTEXT,HIGH_PRECISION,FALLBACK_QUARANTINE,FALLBACK_NO_EVENT_DETECTED,80,MEDIUM,NOT_INDEPENDENTLY_VALIDATED,False
5e06fad131e3806e0675,476ab437b47bfd6a737ef0050cc6234f,BID,Ngân hàng TMCP Đầu tư và Phát triển Việt Nam,2022-11-03,CafeF,https://cafef.vn/top-lai-quy-3-vinhomes-gan-bang-ca-vietcombank-techcombank-bidv-cong-lai-duy-nhat-vinamilk-di-lui-so-voi-cung-ky-20221102215704529.chn,"Top lãi quý 3: VinHomes gần bằng cả Vietcombank, Techcombank, BIDV cộng lại, duy nhất Vinamilk đi lùi so với cùng kỳ",OTHER,OTHER,NEUTRAL,LOW,STOCK_SPECIFIC,MEDIUM,WEAK_RULE_V3_ENTITY_TIERED,WEAK_RULE_V3; tier=HIGH_PRECISION; entity=TITLE_ALIAS|BODY_ALIAS; score=11; event=OTHER; symbol=BID,TITLE_ALIAS|BODY_ALIAS,TITLE_ENTITY_MENTION,HIGH_PRECISION,FALLBACK_QUARANTINE,FALLBACK_NO_EVENT_DETECTED,80,MEDIUM,NOT_INDEPENDENTLY_VALIDATED,False
04738418afdf3152edb6,476ab437b47bfd6a737ef0050cc6234f,TCB,Ngân hàng TMCP Kỹ Thương Việt Nam,2022-11-03,CafeF,https://cafef.vn/top-lai-quy-3-vinhomes-gan-bang-ca-vietcombank-techcombank-bidv-cong-lai-duy-nhat-vinamilk-di-lui-so-voi-cung-ky-20221102215704529.chn,"Top lãi quý 3: VinHomes gần bằng cả Vietcombank, Techcombank, BIDV cộng lại, duy nhất Vinamilk đi lùi so với cùng kỳ",OTHER,OTHER,NEUTRAL,LOW,STOCK_SPECIFIC,MEDIUM,WEAK_RULE_V3_ENTITY_TIERED,WEAK_RULE_V3; tier=HIGH_PRECISION; entity=TITLE_ALIAS|BODY_ALIAS; score=11; event=OTHER; symbol=TCB,TITLE_ALIAS|BODY_ALIAS,TITLE_ENTITY_MENTION,HIGH_PRECISION,FALLBACK_QUARANTINE,FALLBACK_NO_EVENT_DETECTED,80,MEDIUM,NOT_INDEPENDENTLY_VALIDATED,False
83c0b14ebf47cdc2c3d8,476ab437b47bfd6a737ef0050cc6234f,VCB,Ngân hàng TMCP Ngoại thương Việt Nam,2022-11-03,CafeF,https://cafef.vn/top-lai-quy-3-vinhomes-gan-bang-ca-vietcombank-techcombank-bidv-cong-lai-duy-nhat-vinamilk-di-lui-so-voi-cung-ky-20221102215704529.chn,"Top lãi quý 3: VinHomes gần bằng cả Vietcombank, Techcombank, BIDV cộng lại, duy nhất Vinamilk đi lùi so với cùng kỳ",OTHER,OTHER,NEUTRAL,LOW,STOCK_SPECIFIC,MEDIUM,WEAK_RULE_V3_ENTITY_TIERED,WEAK_RULE_V3; tier=HIGH_PRECISION; entity=TITLE_ALIAS|BODY_ALIAS; score=11; event=OTHER; symbol=VCB,TITLE_ALIAS|BODY_ALIAS,TITLE_ENTITY_MENTION,HIGH_PRECISION,FALLBACK_QUARANTINE,FALLBACK_NO_EVENT_DETECTED,80,MEDIUM,NOT_INDEPENDENTLY_VALIDATED,False
e83cc4a01888d77f03fe,476ab437b47bfd6a737ef0050cc6234f,VHM,Công ty Cổ phần Vinhomes,2022-11-03,CafeF,https://cafef.vn/top-lai-quy-3-vinhomes-gan-bang-ca-vietcombank-techcombank-bidv-cong-lai-duy-nhat-vinamilk-di-lui-so-voi-cung-ky-20221102215704529.chn,"Top lãi quý 3: VinHomes gần bằng cả Vietcombank, Techcombank, BIDV cộng lại, duy nhất Vinamilk đi lùi so với cùng kỳ",OTHER,OTHER,NEUTRAL,LOW,STOCK_SPECIFIC,MEDIUM,WEAK_RULE_V3_ENTITY_TIERED,WEAK_RULE_V3; tier=HIGH_PRECISION; entity=TITLE_COMPANY|BODY_COMPANY|BODY_TICKER|TARGET_CONTEXT; score=17; event=OTHER; symbol=VHM,TITLE_COMPANY|BODY_COMPANY|BODY_TICKER|TARGET_CONTEXT,TITLE_ENTITY_WITH_TARGET_CONTEXT,HIGH_PRECISION,FALLBACK_QUARANTINE,FALLBACK_NO_EVENT_DETECTED,80,MEDIUM,NOT_INDEPENDENTLY_VALIDATED,False
6c71cf6d96eec6329d41,476ab437b47bfd6a737ef0050cc6234f,VNM,Công ty Cổ phần Sữa Việt Nam,2022-11-03,CafeF,https://cafef.vn/top-lai-quy-3-vinhomes-gan-bang-ca-vietcombank-techcombank-bidv-cong-lai-duy-nhat-vinamilk-di-lui-so-voi-cung-ky-20221102215704529.chn,"Top lãi quý 3: VinHomes gần bằng cả Vietcombank, Techcombank, BIDV cộng lại, duy nhất Vinamilk đi lùi so với cùng kỳ",OTHER,OTHER,NEUTRAL,LOW,STOCK_SPECIFIC,MEDIUM,WEAK_RULE_V3_ENTITY_TIERED,WEAK_RULE_V3; tier=HIGH_PRECISION; entity=TITLE_ALIAS|BODY_ALIAS; score=11; event=OTHER; symbol=VNM,TITLE_ALIAS|BODY_ALIAS,TITLE_ENTITY_MENTION,HIGH_PRECISION,FALLBACK_QUARANTINE,FALLBACK_NO_EVENT_DETECTED,80,MEDIUM,NOT_INDEPENDENTLY_VALIDATED,False
2624bd5bcb19a78b928d,4e5a68f0a17dba5b7f0c8f58a51c2e27,HPG,Công ty Cổ phần Tập đoàn Hòa Phát,2022-11-07,CafeF,https://cafef.vn/hoa-phat-hpg-san-luong-ban-hang-thang-10-xuong-thap-nhat-ke-tu-dau-nam-2021-20221107143754378.chn,Hoà Phát (HPG): Sản lượng bán hàng tháng 10 xuống thấp nhất kể từ đầu năm 2021,OTHER,OTHER,NEUTRAL,LOW,STOCK_SPECIFIC,MEDIUM,WEAK_RULE_V3_ENTITY_TIERED,WEAK_RULE_V3; tier=HIGH_PRECISION; entity=TITLE_TICKER|TITLE_COMPANY|BODY_COMPANY|TARGET_CONTEXT; score=22; event=OTHER; symbol=HPG,TITLE_TICKER|TITLE_COMPANY|BODY_COMPANY|TARGET_CONTEXT,TITLE_TICKER_WITH_TARGET_CONTEXT,HIGH_PRECISION,FALLBACK_QUARANTINE,FALLBACK_NO_EVENT_DETECTED,80,MEDIUM,NOT_INDEPENDENTLY_VALIDATED,False
4db453215311a6aa3db8,e34f6a557f9c0d4f21bc75952aeac23e,DGW,Công ty Cổ phần Thế Giới Số,2022-11-07,CafeF,https://cafef.vn/dong-luc-tang-truong-trong-quy-4-cua-digiworld-goi-ten-iphone-14-world-cup-nova-service-va-achison-20221107155631221.chn,"Động lực tăng trưởng trong quý 4 của Digiworld gọi tên Iphone 14, World Cup, Nova Service và Achison",BUSINESS_RESULT,NEW_CONTRACT,POSITIVE,MODERATE,STOCK_SPECIFIC,HIGH,WEAK_RULE_V3_ENTITY_TIERED,WEAK_RULE_V3; tier=HIGH_PRECISION; entity=TITLE_ALIAS|BODY_COMPANY|BODY_TICKER|TARGET_CONTEXT; score=17; event=NEW_CONTRACT; symbol=DGW,TITLE_ALIAS|BODY_COMPANY|BODY_TICKER|TARGET_CONTEXT,TITLE_ENTITY_WITH_TARGET_CONTEXT,HIGH_PRECISION,INFORMATIVE_CANDIDATE,EXPERIMENTAL_INFORMATIVE_UNVALIDATED,100,HIGH,NOT_INDEPENDENTLY_VALIDATED,True
b2b98be6a6bbf2c1fd08,969c56bb41d1b4bd056931f294132250,CTR,Tổng Công ty Cổ phần Công trình Viettel,2022-11-10,CafeF,https://cafef.vn/viettel-construction-ctr-uoc-lai-truoc-thue-10-thang-dau-nam-tang-truong-hon-25-20221110162235508.chn,Viettel Construction (CTR) ước lãi trước thuế 10 tháng đầu năm tăng trưởng hơn 25%,BUSINESS_RESULT,PROFIT_DECLINE,NEGATIVE,HIGH,STOCK_SPECIFIC,HIGH,WEAK_RULE_V3_ENTITY_TIERED,WEAK_RULE_V3; tier=HIGH_PRECISION; entity=TITLE_TICKER|TITLE_ALIAS|BODY_ALIAS|BODY_TICKER|TARGET_CONTEXT; score=24; event=PROFIT_DECLINE; symbol=CTR,TITLE_TICKER|TITLE_ALIAS|BODY_ALIAS|BODY_TICKER|TARGET_CONTEXT,TITLE_TICKER_WITH_TARGET_CONTEXT,HIGH_PRECISION,INFORMATIVE_CANDIDATE,EXPERIMENTAL_INFORMATIVE_UNVALIDATED,100,HIGH,NOT_INDEPENDENTLY_VALIDATED,True
5d0091cf71b2e25ab01c,199089dab5db6f09305c794eb9a5565b,PDR,Công ty Cổ phần Phát triển Bất động sản Phát Đạt,2022-11-11,VietnamBiz,https://vietnambiz.vn/dic-group-becamex-tdc-phat-dat-yeah1-noi-gi-khi-co-phieu-giam-san-5-phien-lien-tiep-20221111174952830.htm,"DIC Group, Becamex TDC, Phát Đạt, Yeah1 nói gì khi cổ phiếu giảm sàn 5 phiên liên tiếp?",MACRO_POLICY,MACRO_POLICY,NEUTRAL,MODERATE,MARKET,HIGH,WEAK_RULE_V3_ENTITY_TIERED,WEAK_RULE_V3; tier=HIGH_PRECISION; entity=TITLE_ALIAS|BODY_COMPANY|BODY_TICKER|TARGET_CONTEXT; score=17; event=MACRO_POLICY; symbol=PDR,TITLE_ALIAS|BODY_COMPANY|BODY_TICKER|TARGET_CONTEXT,TITLE_ENTITY_WITH_TARGET_CONTEXT,HIGH_PRECISION,INFORMATIVE_CANDIDATE,EXPERIMENTAL_INFORMATIVE_UNVALIDATED,100,CRITICAL,NOT_INDEPENDENTLY_VALIDATED,True
2751d7e7973c97208859,f094a7f58a382597e21145e5f69818c8,VNM,Công ty Cổ phần Sữa Việt Nam,2022-11-11,VietnamBiz,https://vietnambiz.vn/giao-dich-lon-co-phieu-idj-xmc-big-dhc-vnm-cbs-bcg-dig-ldg-pac-20221111184723406.htm,"Giao dịch lớn cổ phiếu IDJ, XMC, BIG, DHC, VNM, CBS, BCG, DIG, LDG, PAC",OTHER,OTHER,NEUTRAL,LOW,STOCK_SPECIFIC,MEDIUM,WEAK_RULE_V3_ENTITY_TIERED,WEAK_RULE_V3; tier=HIGH_PRECISION; entity=TITLE_TICKER|BODY_ALIAS|BODY_TICKER|TARGET_CONTEXT; score=17; event=OTHER; symbol=VNM,TITLE_TICKER|BODY_ALIAS|BODY_TICKER|TARGET_CONTEXT,TITLE_TICKER_WITH_TARGET_CONTEXT,HIGH_PRECISION,FALLBACK_QUARANTINE,FALLBACK_NO_EVENT_DETECTED,80,MEDIUM,NOT_INDEPENDENTLY_VALIDATED,False
c73291f3a10a804e1886,0220782b00f4368d36c5c23d27906151,KDH,Công ty Cổ phần Đầu tư và Kinh doanh Nhà Khang Điền,2022-11-12,VietnamBiz,https://vietnambiz.vn/tuan-7-1111-khoi-tu-doanh-giam-quy-mo-mua-rong-co-phieu-tam-diem-giao-dich-kdh-eib-va-kbc-2022111275926243.htm,"Tuần 7 – 11/11: Khối tự doanh giảm quy mô mua ròng cổ phiếu, tâm điểm giao dịch KDH, EIB và KBC",OTHER,OTHER,NEUTRAL,LOW,STOCK_SPECIFIC,MEDIUM,WEAK_RULE_V3_ENTITY_TIERED,WEAK_RULE_V3; tier=HIGH_PRECISION; entity=TITLE_TICKER|BODY_TICKER|TARGET_CONTEXT; score=13; event=OTHER; symbol=KDH,TITLE_TICKER|BODY_TICKER|TARGET_CONTEXT,TITLE_TICKER_WITH_TARGET_CONTEXT,HIGH_PRECISION,FALLBACK_QUARANTINE,FALLBACK_NO_EVENT_DETECTED,80,MEDIUM,NOT_INDEPENDENTLY_VALIDATED,False
eecf58e5482f3803017b,446a730bca508955eb9e6a54154627ce,KDH,Công ty Cổ phần Đầu tư và Kinh doanh Nhà Khang Điền,2022-11-12,VietnamBiz,https://vietnambiz.vn/khoi-ngoai-tro-lai-mua-rong-hon-4100-ty-dong-tuan-vn-index-co-day-moi-trong-nam-tam-diem-kdh-vhm-202211120321537.htm,"Khối ngoại trở lại mua ròng hơn 4.100 tỷ đồng tuần VN-Index có đáy mới trong năm, tâm điểm KDH, VHM",BUSINESS_RESULT,PROJECT_EXPANSION,POSITIVE,MODERATE,STOCK_SPECIFIC,HIGH,WEAK_RULE_V3_ENTITY_TIERED,WEAK_RULE_V3; tier=HIGH_PRECISION; entity=TITLE_TICKER|BODY_ALIAS|BODY_TICKER|TARGET_CONTEXT; score=17; event=PROJECT_EXPANSION; symbol=KDH,TITLE_TICKER|BODY_ALIAS|BODY_TICKER|TARGET_CONTEXT,TITLE_TICKER_WITH_TARGET_CONTEXT,HIGH_PRECISION,INFORMATIVE_CANDIDATE,EXPERIMENTAL_INFORMATIVE_UNVALIDATED,100,HIGH,NOT_INDEPENDENTLY_VALIDATED,True
5c0f325e8cdf3757e2b2,446a730bca508955eb9e6a54154627ce,VHM,Công ty Cổ phần Vinhomes,2022-11-12,VietnamBiz,https://vietnambiz.vn/khoi-ngoai-tro-lai-mua-rong-hon-4100-ty-dong-tuan-vn-index-co-day-moi-trong-nam-tam-diem-kdh-vhm-202211120321537.htm,"Khối ngoại trở lại mua ròng hơn 4.100 tỷ đồng tuần VN-Index có đáy mới trong năm, tâm điểm KDH, VHM",BUSINESS_RESULT,PROJECT_EXPANSION,POSITIVE,MODERATE,STOCK_SPECIFIC,HIGH,WEAK_RULE_V3_ENTITY_TIERED,WEAK_RULE_V3; tier=HIGH_PRECISION; entity=TITLE_TICKER|BODY_COMPANY|BODY_TICKER|TARGET_CONTEXT; score=17; event=PROJECT_EXPANSION; symbol=VHM,TITLE_TICKER|BODY_COMPANY|BODY_TICKER|TARGET_CONTEXT,TITLE_TICKER_WITH_TARGET_CONTEXT,HIGH_PRECISION,INFORMATIVE_CANDIDATE,EXPERIMENTAL_INFORMATIVE_UNVALIDATED,100,HIGH,NOT_INDEPENDENTLY_VALIDATED,True
31879aae89d3a55379e5,4b51bdb270d467f5eb16c7139d3be606,STB,Ngân hàng TMCP Sài Gòn Thương Tín,2022-11-14,VietnamBiz,https://vietnambiz.vn/co-phieu-ngan-hang-giam-sau-khoi-ngoai-tiep-tuc-gom-stb-20221114155923627.htm,"Cổ phiếu ngân hàng giảm sâu, khối ngoại tiếp tục gom STB",SECTOR_NEWS,SECTOR_NEWS,NEUTRAL,MODERATE,SECTOR,HIGH,WEAK_RULE_V3_ENTITY_TIERED,WEAK_RULE_V3; tier=HIGH_PRECISION; entity=TITLE_TICKER|BODY_TICKER|TARGET_CONTEXT; score=13; event=SECTOR_NEWS; symbol=STB,TITLE_TICKER|BODY_TICKER|TARGET_CONTEXT,TITLE_TICKER_WITH_TARGET_CONTEXT,HIGH_PRECISION,INFORMATIVE_CANDIDATE,EXPERIMENTAL_INFORMATIVE_UNVALIDATED,100,CRITICAL,NOT_INDEPENDENTLY_VALIDATED,True
02f459cde5de78075fe0,12f7f381c11b7148af2c4afbb9bcd367,KDH,Công ty Cổ phần Đầu tư và Kinh doanh Nhà Khang Điền,2022-11-15,CafeF,https://cafef.vn/dragon-capital-gom-19-trieu-co-phieu-nha-khang-dien-kdh-tro-lai-lam-co-dong-lon-20221115142324895.chn,"Dragon Capital gom 19 triệu cổ phiếu Nhà Khang Điền (KDH), trở lại làm cổ đông lớn",OTHER,OTHER,NEUTRAL,LOW,STOCK_SPECIFIC,MEDIUM,WEAK_RULE_V3_ENTITY_TIERED,WEAK_RULE_V3; tier=HIGH_PRECISION; entity=TITLE_TICKER|TITLE_ALIAS|BODY_ALIAS|BODY_TICKER|TARGET_CONTEXT; score=24; event=OTHER; symbol=KDH,TITLE_TICKER|TITLE_ALIAS|BODY_ALIAS|BODY_TICKER|TARGET_CONTEXT,TITLE_TICKER_WITH_TARGET_CONTEXT,HIGH_PRECISION,FALLBACK_QUARANTINE,FALLBACK_NO_EVENT_DETECTED,80,MEDIUM,NOT_INDEPENDENTLY_VALIDATED,False
164ec278f223dae94407,999b93c7b0423fc3a4d2807985106891,VND,Công ty Cổ phần Chứng khoán VNDIRECT,2022-11-15,CafeF,https://cafef.vn/chu-tich-vndirect-noi-ve-su-mau-nhiem-nhat-cua-cuoc-doi-trong-con-khung-hoang-tren-thi-truong-chung-khoan-20221115161413698.chn,"Chủ tịch VNDirect nói về ""sự màu nhiệm nhất của cuộc đời"" trong cơn khủng hoảng trên thị trường chứng khoán",MACRO_POLICY,MACRO_POLICY,NEUTRAL,MODERATE,MARKET,HIGH,WEAK_RULE_V3_ENTITY_TIERED,WEAK_RULE_V3; tier=HIGH_PRECISION; entity=TITLE_ALIAS|BODY_COMPANY|BODY_TICKER|TARGET_CONTEXT; score=17; event=MACRO_POLICY; symbol=VND,TITLE_ALIAS|BODY_COMPANY|BODY_TICKER|TARGET_CONTEXT,TITLE_ENTITY_WITH_TARGET_CONTEXT,HIGH_PRECISION,INFORMATIVE_CANDIDATE,EXPERIMENTAL_INFORMATIVE_UNVALIDATED,100,CRITICAL,NOT_INDEPENDENTLY_VALIDATED,True
2d92680752af59f70786,02d0265f1e6b1b4d0e907b8de0126574,VND,Công ty Cổ phần Chứng khoán VNDIRECT,2022-11-16,CafeF,https://cafef.vn/chu-tich-vndirect-khong-co-noi-dau-thi-khong-co-bai-hoc-khong-co-bai-hoc-thi-khong-the-don-nhan-co-hoi-lon-hon-tren-thi-truong-20221116073326426.chn,"Chủ tịch VNDirect: ""Không có nỗi đau thì không có bài học, không có bài học thì không thể đón nhận cơ hội lớn hơn trên thị trường""",MACRO_POLICY,MACRO_POLICY,NEUTRAL,MODERATE,MARKET,HIGH,WEAK_RULE_V3_ENTITY_TIERED,WEAK_RULE_V3; tier=HIGH_PRECISION; entity=TITLE_ALIAS|BODY_ALIAS|BODY_TICKER; score=13; event=MACRO_POLICY; symbol=VND,TITLE_ALIAS|BODY_ALIAS|BODY_TICKER,TITLE_ENTITY_MENTION,HIGH_PRECISION,INFORMATIVE_CANDIDATE,EXPERIMENTAL_INFORMATIVE_UNVALIDATED,100,CRITICAL,NOT_INDEPENDENTLY_VALIDATED,True
e10152960d9890f90782,1c8505cb542aa25f1f507d5f837afe55,PLX,Tập đoàn Xăng dầu Việt Nam,2022-11-16,Tin Nhanh Chứng Khoán,https://www.tinnhanhchungkhoan.vn/viet-nam-nhap-80-dau-tho-va-xang-dau-thanh-pham-post310107.html,Việt Nam nhập 80% dầu thô và xăng dầu thành phẩm,MACRO_POLICY,MACRO_POLICY,NEUTRAL,MODERATE,MARKET,HIGH,WEAK_RULE_V3_ENTITY_TIERED,WEAK_RULE_V3; tier=HIGH_PRECISION; entity=TITLE_COMPANY|BODY_COMPANY; score=11; event=MACRO_POLICY; symbol=PLX,TITLE_COMPANY|BODY_COMPANY,TITLE_ENTITY_MENTION,HIGH_PRECISION,INFORMATIVE_CANDIDATE,EXPERIMENTAL_INFORMATIVE_UNVALIDATED,100,CRITICAL,NOT_INDEPENDENTLY_VALIDATED,True
a1b7c206416c83f1ac94,ce5228d3031961c675d7535635339728,NVL,Công ty Cổ phần Tập đoàn Đầu tư Địa ốc No Va,2022-11-23,CafeF,https://cafef.vn/co-phieu-nvl-xuong-day-lich-su-novaland-lap-hat-trick-giai-trinh-20221123150829064.chn,"Cổ phiếu NVL xuống đáy lịch sử, Novaland lập “hat trick” giải trình",OTHER,OTHER,NEUTRAL,LOW,STOCK_SPECIFIC,MEDIUM,WEAK_RULE_V3_ENTITY_TIERED,WEAK_RULE_V3; tier=HIGH_PRECISION; entity=TITLE_TICKER|TITLE_ALIAS|BODY_ALIAS|BODY_TICKER|TARGET_CONTEXT; score=24; event=OTHER; symbol=NVL,TITLE_TICKER|TITLE_ALIAS|BODY_ALIAS|BODY_TICKER|TARGET_CONTEXT,TITLE_TICKER_WITH_TARGET_CONTEXT,HIGH_PRECISION,FALLBACK_QUARANTINE,FALLBACK_NO_EVENT_DETECTED,80,MEDIUM,NOT_INDEPENDENTLY_VALIDATED,False
9e076a47ea166433f604,ad162dccc5e6bfe47f2c2977e590c018,HCM,Công ty Cổ phần Chứng khoán Thành phố Hồ Chí Minh,2022-11-28,CafeF,https://cafef.vn/so-giao-dich-chung-khoan-viet-nam-vnx-tro-lai-lam-thanh-vien-chinh-thuc-cua-lien-doan-cac-so-gdck-the-gioi-wfe-2022112811111059.chn,Sở Giao dịch Chứng khoán Tp.HCM vẫn là thành viên chính thức của Liên đoàn các Sở GDCK thế giới (WFE),OTHER,OTHER,NEUTRAL,LOW,STOCK_SPECIFIC,MEDIUM,WEAK_RULE_V3_ENTITY_TIERED,WEAK_RULE_V3; tier=HIGH_PRECISION; entity=TITLE_TICKER|TARGET_CONTEXT; score=11; event=OTHER; symbol=HCM,TITLE_TICKER|TARGET_CONTEXT,TITLE_TICKER_WITH_TARGET_CONTEXT,HIGH_PRECISION,FALLBACK_QUARANTINE,FALLBACK_NO_EVENT_DETECTED,80,MEDIUM,NOT_INDEPENDENTLY_VALIDATED,False
ca1d77b0f5fa7d6090fb,96bbc2299055b846fb1f26df7854edcd,HPG,Công ty Cổ phần Tập đoàn Hòa Phát,2022-12-02,CafeF,https://cafef.vn/phien-2-12-khoi-ngoai-giai-ngan-them-2200-ty-dong-mua-co-phieu-tap-trung-gom-hpg-va-vhm-20221202154655718.chn,"Phiên 2/12: Khối ngoại ""giải ngân"" thêm 2.200 tỷ đồng mua cổ phiếu, tập trung ""gom"" HPG và VHM",OTHER,OTHER,NEUTRAL,LOW,STOCK_SPECIFIC,MEDIUM,WEAK_RULE_V3_ENTITY_TIERED,WEAK_RULE_V3; tier=HIGH_PRECISION; entity=TITLE_TICKER|BODY_TICKER|TARGET_CONTEXT; score=13; event=OTHER; symbol=HPG,TITLE_TICKER|BODY_TICKER|TARGET_CONTEXT,TITLE_TICKER_WITH_TARGET_CONTEXT,HIGH_PRECISION,FALLBACK_QUARANTINE,FALLBACK_NO_EVENT_DETECTED,80,MEDIUM,NOT_INDEPENDENTLY_VALIDATED,False
822f530ace3ca4ce9145,96bbc2299055b846fb1f26df7854edcd,VHM,Công ty Cổ phần Vinhomes,2022-12-02,CafeF,https://cafef.vn/phien-2-12-khoi-ngoai-giai-ngan-them-2200-ty-dong-mua-co-phieu-tap-trung-gom-hpg-va-vhm-20221202154655718.chn,"Phiên 2/12: Khối ngoại ""giải ngân"" thêm 2.200 tỷ đồng mua cổ phiếu, tập trung ""gom"" HPG và VHM",OTHER,OTHER,NEUTRAL,LOW,STOCK_SPECIFIC,MEDIUM,WEAK_RULE_V3_ENTITY_TIERED,WEAK_RULE_V3; tier=HIGH_PRECISION; entity=TITLE_TICKER|BODY_TICKER|TARGET_CONTEXT; score=13; event=OTHER; symbol=VHM,TITLE_TICKER|BODY_TICKER|TARGET_CONTEXT,TITLE_TICKER_WITH_TARGET_CONTEXT,HIGH_PRECISION,FALLBACK_QUARANTINE,FALLBACK_NO_EVENT_DETECTED,80,MEDIUM,NOT_INDEPENDENTLY_VALIDATED,False
c16602a4baa5a6d680f1,184cbb2d0625661220e98776b0f005f2,DCM,Công ty Cổ phần Phân bón Dầu khí Cà Mau,2022-12-03,CafeF,https://cafef.vn/thi-truong-hoi-phuc-dragon-capital-tiep-tuc-nang-so-huu-fpt-retail-frt-va-dam-ca-mau-dcm-2022120308165039.chn,"Thị trường hồi phục, Dragon Capital tiếp tục nâng sở hữu FPT Retail (FRT) và Đạm Cà Mau (DCM)",OTHER,OTHER,NEUTRAL,LOW,STOCK_SPECIFIC,MEDIUM,WEAK_RULE_V3_ENTITY_TIERED,WEAK_RULE_V3; tier=HIGH_PRECISION; entity=TITLE_TICKER|TITLE_ALIAS|BODY_ALIAS|BODY_TICKER|TARGET_CONTEXT; score=24; event=OTHER; symbol=DCM,TITLE_TICKER|TITLE_ALIAS|BODY_ALIAS|BODY_TICKER|TARGET_CONTEXT,TITLE_TICKER_WITH_TARGET_CONTEXT,HIGH_PRECISION,FALLBACK_QUARANTINE,FALLBACK_NO_EVENT_DETECTED,80,MEDIUM,NOT_INDEPENDENTLY_VALIDATED,False
d0d943d6a50245ce2e60,184cbb2d0625661220e98776b0f005f2,FPT,Công ty Cổ phần FPT,2022-12-03,CafeF,https://cafef.vn/thi-truong-hoi-phuc-dragon-capital-tiep-tuc-nang-so-huu-fpt-retail-frt-va-dam-ca-mau-dcm-2022120308165039.chn,"Thị trường hồi phục, Dragon Capital tiếp tục nâng sở hữu FPT Retail (FRT) và Đạm Cà Mau (DCM)",OTHER,OTHER,NEUTRAL,LOW,STOCK_SPECIFIC,MEDIUM,WEAK_RULE_V3_ENTITY_TIERED,WEAK_RULE_V3; tier=HIGH_PRECISION; entity=TITLE_TICKER|BODY_TICKER|TARGET_CONTEXT; score=13; event=OTHER; symbol=FPT,TITLE_TICKER|BODY_TICKER|TARGET_CONTEXT,TITLE_TICKER_WITH_TARGET_CONTEXT,HIGH_PRECISION,FALLBACK_QUARANTINE,FALLBACK_NO_EVENT_DETECTED,80,MEDIUM,NOT_INDEPENDENTLY_VALIDATED,False
b4898bb970126719df2f,184cbb2d0625661220e98776b0f005f2,FRT,Công ty Cổ phần Bán lẻ Kỹ thuật số FPT,2022-12-03,CafeF,https://cafef.vn/thi-truong-hoi-phuc-dragon-capital-tiep-tuc-nang-so-huu-fpt-retail-frt-va-dam-ca-mau-dcm-2022120308165039.chn,"Thị trường hồi phục, Dragon Capital tiếp tục nâng sở hữu FPT Retail (FRT) và Đạm Cà Mau (DCM)",OTHER,OTHER,NEUTRAL,LOW,STOCK_SPECIFIC,MEDIUM,WEAK_RULE_V3_ENTITY_TIERED,WEAK_RULE_V3; tier=HIGH_PRECISION; entity=TITLE_TICKER|TITLE_ALIAS|BODY_TICKER|TARGET_CONTEXT; score=20; event=OTHER; symbol=FRT,TITLE_TICKER|TITLE_ALIAS|BODY_TICKER|TARGET_CONTEXT,TITLE_TICKER_WITH_TARGET_CONTEXT,HIGH_PRECISION,FALLBACK_QUARANTINE,FALLBACK_NO_EVENT_DETECTED,80,MEDIUM,NOT_INDEPENDENTLY_VALIDATED,False
4645e351b47bc2f4cf1b,00990bfb0df936114b9deff45bfa55cd,DPM,Tổng Công ty Phân bón và Hóa chất Dầu khí,2022-12-07,CafeF,https://cafef.vn/loi-nhuan-cao-ky-luc-dam-phu-my-dpm-muon-nang-ty-le-co-tuc-len-70-20221207142745472.chn,"Lợi nhuận cao kỷ lục, Đạm Phú Mỹ (DPM) muốn nâng tỷ lệ cổ tức lên 70%",BUSINESS_RESULT,PROFIT_GROWTH,POSITIVE,HIGH,STOCK_SPECIFIC,HIGH,WEAK_RULE_V3_ENTITY_TIERED,WEAK_RULE_V3; tier=HIGH_PRECISION; entity=TITLE_TICKER|TITLE_ALIAS|BODY_ALIAS|BODY_TICKER|TARGET_CONTEXT; score=24; event=PROFIT_GROWTH; symbol=DPM,TITLE_TICKER|TITLE_ALIAS|BODY_ALIAS|BODY_TICKER|TARGET_CONTEXT,TITLE_TICKER_WITH_TARGET_CONTEXT,HIGH_PRECISION,INFORMATIVE_CANDIDATE,EXPERIMENTAL_INFORMATIVE_UNVALIDATED,100,HIGH,NOT_INDEPENDENTLY_VALIDATED,True
ba1e9eb6621b7cc45a48,babfa37830fcc932e9ee7645200100b7,HVN,Tổng Công ty Hàng không Việt Nam,2022-12-16,CafeF,https://cafef.vn/mo-lai-duong-bay-trung-quoc-co-phieu-hvn-cua-vietnam-airlines-cung-cat-canh-tang-gan-80-chi-sau-1-thang-20221216160015577.chn,"Mở lại đường bay Trung Quốc, cổ phiếu HVN của Vietnam Airlines cũng “cất cánh” tăng gần 80% chỉ sau 1 tháng",OTHER,OTHER,NEUTRAL,LOW,STOCK_SPECIFIC,MEDIUM,WEAK_RULE_V3_ENTITY_TIERED,WEAK_RULE_V3; tier=HIGH_PRECISION; entity=TITLE_TICKER|TITLE_ALIAS|BODY_COMPANY|BODY_TICKER|TARGET_CONTEXT; score=24; event=OTHER; symbol=HVN,TITLE_TICKER|TITLE_ALIAS|BODY_COMPANY|BODY_TICKER|TARGET_CONTEXT,TITLE_TICKER_WITH_TARGET_CONTEXT,HIGH_PRECISION,FALLBACK_QUARANTINE,FALLBACK_NO_EVENT_DETECTED,80,MEDIUM,NOT_INDEPENDENTLY_VALIDATED,False
d242196b82210a4e474d,117e961329832e2e97d932da175117a8,HPG,Công ty Cổ phần Tập đoàn Hòa Phát,2022-12-22,CafeF,https://cafef.vn/nhieu-yeu-to-bat-loi-cong-ty-chung-khoan-ha-du-bao-loi-nhuan-hoa-phat-20221222113159166.chn,"Nhiều yếu tố bất lợi, Công ty chứng khoán hạ dự báo lợi nhuận Hòa Phát",BUSINESS_RESULT,PROFIT_DECLINE,NEGATIVE,HIGH,STOCK_SPECIFIC,HIGH,WEAK_RULE_V3_ENTITY_TIERED,WEAK_RULE_V3; tier=HIGH_PRECISION; entity=TITLE_COMPANY|BODY_COMPANY|BODY_TICKER|TARGET_CONTEXT; score=17; event=PROFIT_DECLINE; symbol=HPG,TITLE_COMPANY|BODY_COMPANY|BODY_TICKER|TARGET_CONTEXT,TITLE_ENTITY_WITH_TARGET_CONTEXT,HIGH_PRECISION,INFORMATIVE_CANDIDATE,EXPERIMENTAL_INFORMATIVE_UNVALIDATED,100,HIGH,NOT_INDEPENDENTLY_VALIDATED,True
a082a0661a4d24ea139c,43db0dbe8be08935132dfc44dd9d1271,PDR,Công ty Cổ phần Phát triển Bất động sản Phát Đạt,2022-12-22,CafeF,https://cafef.vn/pdr-troi-ve-day-sau-nhip-hoi-ngan-ngui-chu-tich-phat-dat-lai-bi-ban-giai-chap-them-hang-trieu-co-phieu-20221222103943326.chn,"PDR trôi về đáy sau nhịp hồi ngắn ngủi, Chủ tịch Phát Đạt lại bị bán giải chấp thêm hàng triệu cổ phiếu",OTHER,OTHER,NEUTRAL,LOW,STOCK_SPECIFIC,MEDIUM,WEAK_RULE_V3_ENTITY_TIERED,WEAK_RULE_V3; tier=HIGH_PRECISION; entity=TITLE_TICKER|TITLE_ALIAS|BODY_COMPANY|BODY_TICKER|TARGET_CONTEXT; score=24; event=OTHER; symbol=PDR,TITLE_TICKER|TITLE_ALIAS|BODY_COMPANY|BODY_TICKER|TARGET_CONTEXT,TITLE_TICKER_WITH_TARGET_CONTEXT,HIGH_PRECISION,FALLBACK_QUARANTINE,FALLBACK_NO_EVENT_DETECTED,80,MEDIUM,NOT_INDEPENDENTLY_VALIDATED,False
